﻿序號,縣市別代碼,機關代碼,市話,傳真,年,月,日,時,分,縣市,區,死亡數量,受傷數量,2-30,天候,道路照明設備,道路類別,道路速限,道路型態,事故位置,路面鋪裝,路面狀態,路面缺陷,障礙物,視距,號誌種類,號誌動作,分向設施,快車道或一般車道間,快慢車道間,路面邊線,事故類型及型態,受傷程度,主要傷處,保護裝備,行動電話或功能裝置,當事者區分_類別,車輛用途,當事者行動狀態,駕照狀態,駕照種類,飲酒情形,車輛撞擊部位最初,車輛撞擊部位其他,肇事因素個別,肇事因素主要,肇事逃逸,職業,共享經濟或外送平台,GPS座標X,GPS座標Y,事故類別
449,66000,387130000C,(04)23274275,(04)23288582,2025,06,2,15,35,臺中市,沙鹿區,0,0,0,7,,,50,,,,,,,,,,,,,,,,,,,B03,,,1,,1,,,87,87,1,13,4,120.561129,24.24506,3
450,66000,387130000C,(04)23274275,(04)23288582,2025,06,2,15,35,臺中市,豐原區,0,0,0,7,,,50,,,,,,,,,,,,,,21,,,,,A32,,,1,,2,,,93,93,1,6,4,120.751162,24.270536,3
451,66000,387130000C,(04)23274275,(04)23288582,2025,06,2,15,39,臺中市,西屯區,0,1,0,7,2,6,50,4,1,1,5,4,6,6,1,1,10,5,5,2,15,3,10,5,4,B03,7,9,1,8,2,5,,21,21,1,12,4,120.652407,24.159681,2
452,66000,387130000C,(04)23274275,(04)23288582,2025,06,2,15,39,臺中市,西屯區,0,2,0,6,2,6,50,13,9,1,4,4,6,6,4,4,5,5,5,2,17,2,9,2,4,C03,7,1,5,19,2,14,,51,51,1,13,4,120.63604,24.176266,2
453,66000,387130000C,(04)23274275,(04)23288582,2025,06,2,15,50,臺中市,北屯區,0,1,0,7,3,6,50,4,1,1,5,4,6,6,1,1,10,5,5,2,16,3,10,2,1,C03,7,6,3,19,2,12,,11,11,1,6,4,120.713696,24.16148,2
454,66000,387130000C,(04)23274275,(04)23288582,2025,06,2,15,55,臺中市,南屯區,0,0,0,5,3,6,50,13,7,1,4,4,6,6,4,4,5,5,4,2,14,,,,,B03,,,1,,1,,,49,49,1,12,4,120.654212,24.143899,3
455,66000,387130000C,(04)23274275,(04)23288582,2025,06,2,15,57,臺中市,霧峰區,0,1,0,7,2,6,50,3,2,1,5,4,6,6,4,4,10,5,5,2,13,2,8,2,1,C03,7,9,1,10,2,11,,7,7,1,6,4,120.714879,24.074643,2
456,66000,387130000C,(04)23274275,(04)23288582,2025,06,2,16,7,臺中市,北區,0,0,0,7,3,9,50,18,24,1,5,4,6,6,4,4,10,5,5,2,24,,,,,B03,,,1,,2,,,49,49,1,13,4,120.67556,24.145731,3
457,66000,387130000C,(04)23274275,(04)23288582,2025,06,2,16,9,臺中市,東區,0,0,0,7,,,50,,,,,,,,,,,,,,,,,,,B03,,,1,,2,,,49,49,1,6,4,120.711143,24.144517,3
458,66000,387130000C,(04)23274275,(04)23288582,2025,06,2,16,12,臺中市,東區,0,1,0,7,2,6,50,3,1,1,5,4,6,6,1,1,10,5,5,2,16,3,10,3,1,B03,7,5,1,8,2,5,,11,11,1,12,4,120.690009,24.137917,2
459,66000,387130000C,(04)23274275,(04)23288582,2025,06,2,16,15,臺中市,北區,0,0,0,7,,,50,,,,,,,,,,,,,,17,,,,,B02,,,1,,1,,,8,8,1,13,4,120.684081,24.158947,3
460,66000,387130000C,(04)23274275,(04)23288582,2025,06,2,16,20,臺中市,西屯區,0,1,0,5,3,6,30,5,9,1,4,4,6,6,1,1,1,4,4,2,18,2,9,2,4,C03,7,1,1,10,2,12,,51,51,1,12,4,120.616492,24.190943,2
461,66000,387130000C,(04)23274275,(04)23288582,2025,06,2,16,21,臺中市,西屯區,0,0,0,7,,,60,,,,,,,,,,,,,,,,,,,B03,,,1,,1,,,49,49,1,12,4,120.64418,24.166661,3
462,66000,387130000C,(04)23274275,(04)23288582,2025,06,2,16,22,臺中市,北區,0,2,0,7,2,6,50,13,9,1,5,4,6,6,4,4,9,5,5,2,17,2,9,5,4,C03,7,9,1,10,2,12,,84,84,1,13,4,120.676315,24.162133,2
463,66000,387130000C,(04)23274275,(04)23288582,2025,06,2,16,24,臺中市,太平區,0,2,0,7,3,6,50,3,1,1,5,4,6,6,2,1,10,5,5,2,16,2,7,1,1,C03,7,6,1,10,2,12,,11,11,1,12,4,120.728997,24.104719,2
464,66000,387130000C,(04)23274275,(04)23288582,2025,06,2,16,25,臺中市,西屯區,0,2,0,5,2,6,30,13,9,1,4,4,6,6,4,4,1,4,1,2,18,2,9,2,1,C03,7,9,1,10,2,16,,84,84,1,13,4,120.640113,24.202447,2
465,66000,387130000C,(04)23274275,(04)23288582,2025,06,2,16,28,臺中市,梧棲區,0,0,0,7,,,60,,,,,,,,,,,,,,12,,,,,B12,,,1,,1,,,40,40,1,12,4,120.5372,24.251755,3
466,66000,387130000C,(04)23274275,(04)23288582,2025,06,2,16,30,臺中市,南屯區,0,0,0,7,,,50,,,,,,,,,,,,,,12,,,,,B03,,,1,,1,,,8,8,1,6,4,120.632125,24.126548,3
467,66000,387130000C,(04)23274275,(04)23288582,2025,06,2,16,32,臺中市,沙鹿區,0,1,0,5,3,6,50,3,1,1,4,4,3,6,4,4,5,5,5,2,16,3,10,3,1,B03,7,5,1,8,2,5,,14,14,1,12,4,120.571601,24.229677,2
468,66000,387130000C,(04)23274275,(04)23288582,2025,06,2,16,37,臺中市,西區,0,2,0,7,3,6,50,4,1,1,5,4,6,6,1,1,10,5,5,2,17,2,9,1,1,C03,7,6,1,10,2,14,,85,85,1,13,4,120.660082,24.143076,2
469,66000,387130000C,(04)23274275,(04)23288582,2025,06,2,16,47,臺中市,南屯區,0,1,0,6,2,6,50,4,2,1,5,4,6,6,3,1,1,4,1,2,16,3,10,3,1,B03,7,5,1,8,2,5,,11,11,1,13,4,120.622888,24.140467,2
470,66000,387130000C,(04)23274275,(04)23288582,2025,06,2,16,49,臺中市,豐原區,0,1,0,7,2,6,50,13,9,1,5,4,6,6,4,4,5,5,5,2,16,3,10,1,1,C03,7,11,1,10,2,14,,45,45,1,13,4,120.723768,24.253713,2
471,66000,387130000C,(04)23274275,(04)23288582,2025,06,2,16,55,臺中市,沙鹿區,0,0,0,7,2,6,60,13,7,1,5,4,6,6,1,1,1,3,1,2,13,,,,,B03,,,1,,2,,,7,7,1,12,4,120.590172,24.249968,3
472,66000,387130000C,(04)23274275,(04)23288582,2025,06,2,16,56,臺中市,西屯區,0,0,0,7,,,40,,,,,,,,,,,,,,13,,,,,B03,,,1,,1,,,84,84,1,12,4,120.612848,24.184091,3
473,66000,387130000C,(04)23274275,(04)23288582,2025,06,2,16,56,臺中市,龍井區,0,0,0,7,,,40,,,,,,,,,,,,,,13,,,,,A32,,,1,,2,,,7,7,1,6,4,120.501871,24.211245,3
474,66000,387130000C,(04)23274275,(04)23288582,2025,06,2,16,58,臺中市,北區,0,2,0,7,2,6,30,4,1,1,5,4,6,6,4,4,10,5,5,2,15,2,9,5,4,C03,7,9,1,10,2,11,,15,15,1,12,4,120.675109,24.170743,2
475,66000,387130000C,(04)23274275,(04)23288582,2025,06,2,17,0,臺中市,龍井區,0,0,0,5,,,30,,,,,,,,,,,,,,17,,,,,B03,,,1,,1,,,84,84,1,6,4,120.546583,24.191288,3
476,66000,387130000C,(04)23274275,(04)23288582,2025,06,2,17,1,臺中市,大肚區,0,2,0,6,2,6,50,3,1,1,4,4,6,6,4,4,5,5,5,2,16,2,9,2,1,C03,7,6,1,10,2,11,,14,14,1,6,4,120.579573,24.16868,2
477,66000,387130000C,(04)23274275,(04)23288582,2025,06,2,17,1,臺中市,神岡區,0,0,0,7,1,6,50,3,1,1,5,4,6,6,4,4,10,5,4,1,12,,,,,B03,,,1,,2,,,8,8,1,12,4,120.673866,24.252976,3
478,66000,387130000C,(04)23274275,(04)23288582,2025,06,2,17,3,臺中市,豐原區,0,0,0,7,,,50,,,,,,,,,,,,,,17,,,,,B12,,,1,,2,,,8,8,1,12,4,120.714731,24.257506,3
479,66000,387130000C,(04)23274275,(04)23288582,2025,06,2,17,6,臺中市,后里區,0,1,0,7,2,6,50,4,1,1,5,4,6,6,3,1,10,5,5,2,13,2,9,1,1,C03,7,9,1,10,2,11,,7,7,1,12,4,120.719819,24.313581,2
480,66000,387130000C,(04)23274275,(04)23288582,2025,06,2,17,7,臺中市,大雅區,0,2,0,7,3,6,30,11,9,1,5,4,6,6,4,4,10,5,5,2,17,2,8,2,1,C03,7,1,1,10,2,11,,51,51,1,12,4,120.666201,24.219929,2
481,66000,387130000C,(04)23274275,(04)23288582,2025,06,2,17,7,臺中市,西屯區,0,0,0,7,,,80,,,,,,,,,,,,,,13,,,,,B02,,,1,,1,,,7,7,1,12,4,120.63925,24.188775,3
482,66000,387130000C,(04)23274275,(04)23288582,2025,06,2,17,11,臺中市,太平區,0,0,0,7,,,50,,,,,,,,,,,,,,13,,,,,C03,,,1,,2,,,7,7,1,12,4,120.726756,24.14555,3
483,66000,387130000C,(04)23274275,(04)23288582,2025,06,2,17,12,臺中市,西區,0,0,0,7,,,50,,,,,,,,,,,,,,13,,,,,C03,,,1,,9,,,84,84,1,12,4,120.665656,24.140232,3
484,66000,387130000C,(04)23274275,(04)23288582,2025,06,2,17,12,臺中市,北屯區,0,0,0,7,,,50,,,,,,,,,,,,,,12,,,,,B03,,,1,8,9,,,84,84,1,6,4,120.702915,24.17741,3
485,66000,387130000C,(04)23274275,(04)23288582,2025,06,2,17,12,臺中市,大里區,0,1,0,7,2,6,50,13,8,1,5,4,6,6,4,4,1,4,4,1,9,2,9,1,1,C03,7,9,1,10,2,12,14,84,84,1,12,4,120.672465,24.104281,2
486,66000,387130000C,(04)23274275,(04)23288582,2025,06,2,17,13,臺中市,潭子區,0,0,0,7,,,50,,,,,,,,,,,,,,,,,,,F01,,,,,,,,86,86,1,,1,120.701212,24.194335,3
487,66000,387130000C,(04)23274275,(04)23288582,2025,06,2,17,15,臺中市,大雅區,0,0,0,7,,,40,,,,,,,,,,,,,,,,,,,B03,,,1,,2,,,51,51,1,13,4,120.631839,24.239287,3
488,66000,387130000C,(04)23274275,(04)23288582,2025,06,2,17,16,臺中市,霧峰區,0,1,0,6,2,6,30,13,9,1,5,4,6,6,4,4,10,5,5,2,17,2,9,1,1,C03,7,9,1,10,2,11,,84,84,1,13,4,120.696304,24.073385,2
489,66000,387130000C,(04)23274275,(04)23288582,2025,06,2,17,17,臺中市,神岡區,0,0,0,7,,,60,,,,,,,,,,,,,,12,,,,,B03,,,1,,2,,,7,7,1,13,4,120.698426,24.234709,3
490,66000,387130000C,(04)23274275,(04)23288582,2025,06,2,17,18,臺中市,清水區,0,0,0,7,,,50,,,,,,,,,,,,,,,,,,,B03,,,1,,11,,,49,49,1,12,4,120.560321,24.268188,3
491,66000,387130000C,(04)23274275,(04)23288582,2025,06,2,17,19,臺中市,霧峰區,0,2,0,6,2,6,50,13,9,1,5,4,6,6,4,4,5,5,5,2,17,2,9,4,1,F06,7,15,7,21,2,14,,84,84,1,13,4,120.698028,24.070565,2
492,66000,387130000C,(04)23274275,(04)23288582,2025,06,2,17,24,臺中市,烏日區,0,0,0,7,,,30,,,,,,,,,,,,,,,,,,,C03,,,1,,1,,,48,48,1,6,4,120.64065,24.097259,3
493,66000,387130000C,(04)23274275,(04)23288582,2025,06,2,17,27,臺中市,潭子區,0,0,0,7,,,60,,,,,,,,,,,,,,13,,,,,B03,,,1,,2,,,84,84,1,12,4,120.702286,24.188163,3
494,66000,387130000C,(04)23274275,(04)23288582,2025,06,2,17,27,臺中市,南屯區,0,0,0,7,,,50,,,,,,,,,,,,,,13,,,,,B03,,,1,,1,,,84,84,1,6,4,120.622815,24.145195,3
495,66000,387130000C,(04)23274275,(04)23288582,2025,06,2,17,27,臺中市,烏日區,0,2,0,7,2,6,30,3,1,1,5,4,6,6,4,4,10,5,5,2,16,2,8,1,1,C03,7,6,1,10,2,11,,14,14,1,6,4,120.59243,24.110229,2
496,66000,387130000C,(04)23274275,(04)23288582,2025,06,2,17,28,臺中市,龍井區,0,0,0,7,,,40,,,,,,,,,,,,,,13,,,,,B03,,,1,,3,,,7,7,1,6,4,120.544539,24.21802,3
497,66000,387130000C,(04)23274275,(04)23288582,2025,06,2,17,31,臺中市,南屯區,0,0,0,7,,,60,,,,,,,,,,,,,,13,,,,,B03,,,1,,2,,,7,7,1,12,4,120.598422,24.155204,3
498,66000,387130000C,(04)23274275,(04)23288582,2025,06,2,17,32,臺中市,北屯區,0,3,0,7,2,6,50,4,1,1,5,4,6,6,1,1,10,5,5,2,16,3,10,3,1,B03,7,6,1,8,2,2,,11,11,1,6,4,120.727522,24.169206,2
499,66000,387130000C,(04)23274275,(04)23288582,2025,06,2,17,33,臺中市,西屯區,0,0,0,7,,,50,,,,,,,,,,,,,,13,,,,,B03,,,1,,1,,,59,59,1,12,4,120.666976,24.172994,3
500,66000,387130000C,(04)23274275,(04)23288582,2025,06,2,17,36,臺中市,霧峰區,0,0,0,7,,,50,,,,,,,,,,,,,,,,,,,B03,,,1,,1,,,7,7,1,12,4,120.665334,24.060132,3
501,66000,387130000C,(04)23274275,(04)23288582,2025,06,2,17,37,臺中市,大肚區,0,0,0,5,2,6,50,3,1,1,5,4,6,6,4,4,5,2,5,1,16,3,10,2,1,C03,7,6,1,10,1,14,,8,8,1,6,4,120.579715,24.16862,3
502,66000,387130000C,(04)23274275,(04)23288582,2025,06,2,17,39,臺中市,太平區,0,0,0,7,,,50,,,,,,,,,,,,,,,,,,,A05,,,1,,2,,,58,58,1,12,4,120.720061,24.158041,3
503,66000,387130000C,(04)23274275,(04)23288582,2025,06,2,17,39,臺中市,清水區,0,0,0,6,,,50,,,,,,,,,,,,,,14,,,,,B03,,,1,,2,,,49,49,1,13,4,120.574755,24.267474,3
504,66000,387130000C,(04)23274275,(04)23288582,2025,06,2,17,40,臺中市,大雅區,0,0,0,7,,,0,,,,,,,,,,,,,,,,,,,B12,,,1,,1,,,49,49,1,13,4,120.653738,24.223461,3
505,66000,387130000C,(04)23274275,(04)23288582,2025,06,2,17,40,臺中市,西區,0,0,0,7,,,30,,,,,,,,,,,,,,17,,,,,B03,,,1,,11,,,84,84,1,12,4,120.660953,24.146338,3
506,66000,387130000C,(04)23274275,(04)23288582,2025,06,2,17,42,臺中市,潭子區,0,0,0,7,,,60,,,,,,,,,,,,,,13,,,,,C03,,,1,,2,,,58,58,1,12,4,120.702286,24.188163,3
507,66000,387130000C,(04)23274275,(04)23288582,2025,06,2,17,44,臺中市,北屯區,0,2,0,7,1,6,50,4,2,1,5,4,6,6,1,1,5,4,4,2,12,2,9,1,1,C03,7,1,5,19,2,14,,84,84,1,13,4,120.694649,24.174519,2
508,66000,387130000C,(04)23274275,(04)23288582,2025,06,2,17,45,臺中市,龍井區,0,1,0,5,1,6,50,12,9,1,4,4,6,6,4,4,4,3,5,1,18,2,9,6,4,F02,7,9,7,21,2,14,,59,59,1,4,4,120.569184,24.188687,2
509,66000,387130000C,(04)23274275,(04)23288582,2025,06,2,17,45,臺中市,大甲區,0,0,0,7,,,50,,,,,,,,,,,,,,,,,,,B03,,,1,,2,,,59,59,1,6,4,120.626845,24.340395,3
510,66000,387130000C,(04)23274275,(04)23288582,2025,06,2,17,48,臺中市,北屯區,0,1,0,6,3,6,50,18,9,1,5,4,6,6,4,4,1,4,5,2,13,2,7,2,1,C03,7,9,1,10,2,11,,84,84,1,6,4,120.682056,24.182739,2
511,66000,387130000C,(04)23274275,(04)23288582,2025,06,2,17,50,臺中市,南屯區,0,0,0,5,1,6,50,13,9,1,5,4,6,6,1,1,5,4,5,2,13,,,,,B03,,,1,,1,,,59,59,1,12,4,120.652982,24.141008,3
512,66000,387130000C,(04)23274275,(04)23288582,2025,06,2,17,50,臺中市,北屯區,0,0,0,7,,,50,,,,,,,,,,,,,,14,,,,,B12,,,1,,2,,,49,49,1,6,4,120.668902,24.173892,3
513,66000,387130000C,(04)23274275,(04)23288582,2025,06,2,17,50,臺中市,西屯區,0,0,0,7,,,50,,,,,,,,,,,,,,13,,,,,C03,,,1,,1,,,43,43,1,13,4,120.61634,24.185782,3
514,66000,387130000C,(04)23274275,(04)23288582,2025,06,2,17,54,臺中市,北區,0,3,0,7,2,6,50,3,2,1,5,4,6,6,4,4,10,5,5,2,17,2,9,1,1,C03,7,1,1,10,2,13,,51,51,1,13,4,120.676938,24.164016,2
515,66000,387130000C,(04)23274275,(04)23288582,2025,06,2,17,55,臺中市,東區,0,0,0,7,,,50,,,,,,,,,,,,,,12,,,,,B03,,,1,,2,,,84,84,1,13,4,120.695554,24.129511,3
516,66000,387130000C,(04)23274275,(04)23288582,2025,06,2,17,55,臺中市,太平區,0,1,0,7,2,6,50,13,9,1,5,4,6,6,4,4,5,5,5,2,13,2,9,2,1,C03,7,9,1,10,2,11,,7,7,1,12,4,120.727371,24.154502,2
517,66000,387130000C,(04)23274275,(04)23288582,2025,06,2,17,59,臺中市,大里區,0,0,0,7,,,50,,,,,,,,,,,,,,17,,,,,B12,,,1,,9,,,78,78,1,6,4,120.693777,24.084593,3
518,66000,387130000C,(04)23274275,(04)23288582,2025,06,2,18,0,臺中市,外埔區,0,1,0,5,2,6,50,3,1,1,4,4,6,6,4,4,10,5,5,2,18,2,9,1,1,C03,7,5,3,19,2,12,,56,56,1,12,4,120.654042,24.332384,2
519,66000,387130000C,(04)23274275,(04)23288582,2025,06,2,18,1,臺中市,龍井區,0,0,0,5,,,50,,,,,,,,,,,,,,12,,,,,B03,,,1,,2,,,50,50,1,6,4,120.551789,24.212686,3
520,66000,387130000C,(04)23274275,(04)23288582,2025,06,2,18,5,臺中市,沙鹿區,0,0,0,7,,,40,,,,,,,,,,,,,,,,,,,B03,,,1,,2,,,40,40,1,13,4,120.570444,24.236159,3
521,66000,387130000C,(04)23274275,(04)23288582,2025,06,2,18,9,臺中市,潭子區,0,1,0,6,3,6,50,13,7,1,5,4,6,6,4,4,5,5,4,2,16,3,10,3,1,B03,7,11,1,8,2,8,,39,39,1,13,4,120.688464,24.210632,2
522,66000,387130000C,(04)23274275,(04)23288582,2025,06,2,18,10,臺中市,西區,0,2,0,7,2,6,50,4,4,1,5,4,6,6,2,1,3,2,4,2,13,2,9,1,1,C03,7,9,1,10,2,11,,7,7,1,5,4,120.673528,24.147753,2
523,66000,387130000C,(04)23274275,(04)23288582,2025,06,2,18,10,臺中市,后里區,0,0,0,7,3,6,50,13,9,1,5,4,6,6,4,4,8,3,5,1,14,3,10,3,1,A41,7,2,1,1,2,4,,49,49,1,6,4,120.720583,24.315571,3
524,66000,387130000C,(04)23274275,(04)23288582,2025,06,2,18,10,臺中市,大甲區,0,2,0,6,1,6,50,3,1,1,4,4,6,6,1,1,5,5,5,1,16,2,9,1,1,F01,7,9,7,21,2,12,,21,21,1,12,4,120.611455,24.348357,2
525,66000,387130000C,(04)23274275,(04)23288582,2025,06,2,18,12,臺中市,東區,0,0,0,7,,,50,,,,,,,,,,,,,,,,,,,C03,,,1,,1,,,39,39,1,6,4,120.686141,24.132834,3
526,66000,387130000C,(04)23274275,(04)23288582,2025,06,2,18,13,臺中市,西區,0,0,0,7,,,50,,,,,,,,,,,,,,15,,,,,C03,,,1,,1,,,15,15,1,12,2,120.663621,24.131183,4
527,66000,387130000C,(04)23274275,(04)23288582,2025,06,2,18,16,臺中市,西屯區,0,0,0,7,,,60,,,,,,,,,,,,,,,,,,,B03,,,1,,1,,,7,7,1,12,4,120.645016,24.165075,3
528,66000,387130000C,(04)23274275,(04)23288582,2025,06,2,18,17,臺中市,南屯區,0,0,0,7,,,50,,,,,,,,,,,,,,,,,,,B03,,,1,,1,,,84,84,1,12,4,120.645059,24.152403,3
529,66000,387130000C,(04)23274275,(04)23288582,2025,06,2,18,20,臺中市,太平區,0,1,0,6,1,6,40,13,8,1,5,4,6,6,4,4,1,5,1,2,17,2,8,2,1,C03,7,9,2,19,2,11,,84,84,1,12,4,120.716218,24.154177,2
530,66000,387130000C,(04)23274275,(04)23288582,2025,06,2,18,20,臺中市,龍井區,0,0,0,7,,,30,,,,,,,,,,,,,,15,,,,,B03,,,1,,2,,,20,20,1,6,4,120.548049,24.213842,3
531,66000,387130000C,(04)23274275,(04)23288582,2025,06,2,18,21,臺中市,南屯區,0,0,0,7,,,50,,,,,,,,,,,,,,13,,,,,B03,,,1,,1,,,7,7,1,6,4,120.646103,24.137529,3
532,66000,387130000C,(04)23274275,(04)23288582,2025,06,2,18,21,臺中市,北屯區,0,0,0,7,,,50,,,,,,,,,,,,,,13,,,,,B03,,,1,,2,,,7,7,1,6,4,120.696122,24.167847,3
533,66000,387130000C,(04)23274275,(04)23288582,2025,06,2,18,29,臺中市,北區,0,1,0,7,2,9,50,4,1,1,5,4,6,6,2,1,10,5,5,2,17,3,10,5,4,B03,7,6,1,8,2,4,,48,48,1,13,4,120.675581,24.165203,2
534,66000,387130000C,(04)23274275,(04)23288582,2025,06,2,18,30,臺中市,北區,0,1,0,7,2,6,50,4,1,1,5,4,6,6,1,1,10,5,5,2,17,2,9,5,4,C03,7,9,1,10,2,11,,84,84,1,13,4,120.67566,24.165037,2
535,66000,387130000C,(04)23274275,(04)23288582,2025,06,2,18,35,臺中市,南屯區,0,1,0,7,2,6,50,5,1,1,5,4,6,6,2,1,5,4,5,2,13,3,10,2,1,C03,7,9,1,10,2,11,,84,84,1,12,4,120.628399,24.140188,2
536,66000,387130000C,(04)23274275,(04)23288582,2025,06,2,18,42,臺中市,北屯區,0,0,0,7,,,50,,,,,,,,,,,,,,12,,,,,B12,,,1,,1,,,85,85,1,6,4,120.729799,24.1776,3
537,66000,387130000C,(04)23274275,(04)23288582,2025,06,2,18,44,臺中市,西區,0,0,0,7,,,50,,,,,,,,,,,,,,13,,,,,B03,,,1,,1,,,59,59,1,12,4,120.666129,24.152414,3
538,66000,387130000C,(04)23274275,(04)23288582,2025,06,2,18,44,臺中市,大里區,0,0,0,7,,,50,,,,,,,,,,,,,,12,,,,,C03,,,1,,2,,,7,7,1,13,4,120.682753,24.106372,3
539,66000,387130000C,(04)23274275,(04)23288582,2025,06,2,18,47,臺中市,神岡區,0,1,0,7,3,6,50,5,1,1,5,4,6,6,1,1,5,4,5,1,16,2,8,1,1,C03,7,9,1,10,2,14,,7,7,1,13,4,120.663669,24.258353,2
540,66000,387130000C,(04)23274275,(04)23288582,2025,06,2,18,49,臺中市,大肚區,0,2,0,6,1,6,50,3,2,1,5,4,6,6,4,4,9,4,5,1,16,2,9,2,1,C03,7,6,1,10,2,14,,14,14,1,6,4,120.576007,24.169548,2
541,66000,387130000C,(04)23274275,(04)23288582,2025,06,2,18,53,臺中市,神岡區,0,0,0,7,1,6,50,13,9,1,5,4,6,6,1,1,5,4,5,1,16,,,,,B03,,,1,,2,,,48,48,1,12,4,120.658686,24.273475,3
542,66000,387130000C,(04)23274275,(04)23288582,2025,06,2,19,4,臺中市,西屯區,0,0,0,7,,,40,,,,,,,,,,,,,,17,,,,,C03,,,1,,9,,,87,87,1,12,4,120.648868,24.171555,3
543,66000,387130000C,(04)23274275,(04)23288582,2025,06,2,19,7,臺中市,南屯區,0,1,0,7,2,6,50,3,1,1,5,4,6,6,1,1,9,4,5,2,12,3,10,3,1,B03,7,5,1,8,2,2,,84,84,1,12,4,120.634382,24.13638,2
544,66000,387130000C,(04)23274275,(04)23288582,2025,06,2,19,8,臺中市,大里區,0,0,0,7,,,30,,,,,,,,,,,,,,17,,,,,F01,,,7,,1,,,84,84,1,2,4,120.683241,24.1147,3
545,66000,387130000C,(04)23274275,(04)23288582,2025,06,2,19,17,臺中市,霧峰區,0,0,0,7,,,50,,,,,,,,,,,,,,13,,,,,B03,,,1,,1,,,59,59,1,13,4,120.695871,24.012197,3
546,66000,387130000C,(04)23274275,(04)23288582,2025,06,2,19,19,臺中市,東區,0,2,0,7,1,6,50,13,7,1,5,4,6,6,4,4,7,5,4,2,16,2,9,1,1,C03,7,6,1,10,2,12,,20,20,1,12,4,120.708356,24.144555,2
547,66000,387130000C,(04)23274275,(04)23288582,2025,06,2,19,19,臺中市,南區,0,0,0,7,,,50,,,,,,,,,,,,,,17,,,,,B03,,,1,,2,,,45,45,1,12,4,120.659518,24.11709,3
548,66000,387130000C,(04)23274275,(04)23288582,2025,06,2,19,20,臺中市,西屯區,0,0,0,7,,,50,,,,,,,,,,,,,,17,,,,,,,,,,,,,119,119,1,,,120.645132,24.176442,3
549,66000,387130000C,(04)23274275,(04)23288582,2025,06,2,19,25,臺中市,太平區,0,2,0,7,1,6,50,3,1,1,5,4,6,6,1,1,10,5,5,2,13,2,9,2,1,C03,7,9,1,10,2,11,,84,84,1,12,4,120.722462,24.149284,2
550,66000,387130000C,(04)23274275,(04)23288582,2025,06,2,19,28,臺中市,南區,0,0,0,7,,,50,,,,,,,,,,,,,,,,,,,B03,,,1,,1,,,82,82,1,13,4,120.659327,24.130072,3
551,66000,387130000C,(04)23274275,(04)23288582,2025,06,2,19,30,臺中市,西區,0,0,0,7,,,50,,,,,,,,,,,,,,13,,,,,B03,,,1,,2,,,84,84,1,12,4,120.672766,24.140112,3
552,66000,387130000C,(04)23274275,(04)23288582,2025,06,2,19,31,臺中市,西屯區,0,1,0,7,1,6,40,11,9,1,5,4,6,6,4,4,10,5,5,2,30,2,9,2,4,C03,7,5,1,10,2,12,,8,8,1,13,4,120.590375,24.174924,2
553,66000,387130000C,(04)23274275,(04)23288582,2025,06,2,19,37,臺中市,大里區,0,3,0,7,1,6,50,4,1,1,5,4,6,6,4,4,10,5,5,2,16,2,9,1,1,C03,7,6,1,10,1,12,,14,14,1,12,4,120.704176,24.095067,2
554,66000,387130000C,(04)23274275,(04)23288582,2025,06,2,19,43,臺中市,西屯區,0,1,0,7,1,6,40,13,8,1,5,4,6,6,4,4,1,4,3,2,13,2,8,5,4,C03,7,9,1,10,2,12,,88,88,1,12,4,120.597986,24.181868,2
555,66000,387130000C,(04)23274275,(04)23288582,2025,06,2,19,44,臺中市,西屯區,0,2,0,7,1,6,40,13,8,1,5,4,6,6,4,4,1,4,3,2,13,2,6,5,4,C03,7,9,1,10,2,11,,7,7,1,12,4,120.597797,24.181887,2
556,66000,387130000C,(04)23274275,(04)23288582,2025,06,2,19,55,臺中市,西區,0,1,0,7,1,6,50,13,8,1,5,4,6,6,4,4,1,4,4,2,17,3,10,5,1,B03,7,7,1,8,2,6,,40,40,1,6,4,120.657245,24.136592,2
557,66000,387130000C,(04)23274275,(04)23288582,2025,06,2,19,57,臺中市,龍井區,0,1,0,6,1,6,50,4,3,1,4,4,6,6,2,1,3,5,5,2,16,3,10,3,1,B03,7,6,1,8,2,1,,48,48,1,6,4,120.585748,24.18628,2
558,66000,387130000C,(04)23274275,(04)23288582,2025,06,2,20,0,臺中市,太平區,0,1,0,7,1,6,50,5,1,1,5,4,6,6,2,1,10,5,5,2,3,2,9,6,5,H01,8,16,7,21,10,17,,95,95,1,12,5,120.729972,24.109941,2
559,66000,387130000C,(04)23274275,(04)23288582,2025,06,2,20,15,臺中市,西屯區,0,1,0,7,1,6,50,4,1,1,5,4,6,6,2,1,10,5,5,2,16,3,10,3,1,B03,7,5,1,8,2,5,,47,47,1,13,4,120.637238,24.166041,2
560,66000,387130000C,(04)23274275,(04)23288582,2025,06,2,20,15,臺中市,后里區,0,1,0,7,2,6,50,3,1,1,5,4,6,6,4,4,1,4,4,1,16,3,10,3,1,B03,7,5,1,8,2,6,,20,20,1,6,4,120.72186,24.305041,2