﻿序號,縣市別代碼,機關代碼,市話,傳真,年,月,日,時,分,縣市,區,死亡數量,受傷數量,2-30,天候,道路照明設備,道路類別,道路速限,道路型態,事故位置,路面鋪裝,路面狀態,路面缺陷,障礙物,視距,號誌種類,號誌動作,分向設施,快車道或一般車道間,快慢車道間,路面邊線,事故類型及型態,受傷程度,主要傷處,保護裝備,行動電話或功能裝置,當事者區分_類別,車輛用途,當事者行動狀態,駕照狀態,駕照種類,飲酒情形,車輛撞擊部位最初,車輛撞擊部位其他,肇事因素個別,肇事因素主要,肇事逃逸,職業,共享經濟或外送平台,GPS座標X,GPS座標Y,事故類別
561,66000,387130000C,(04)23274275,(04)23288582,2025,06,2,20,16,臺中市,西屯區,0,0,0,6,1,6,30,13,9,1,5,4,6,6,4,4,10,5,5,2,20,,,,,B03,,,1,,2,,,8,8,1,12,4,120.647195,24.199698,3
562,66000,387130000C,(04)23274275,(04)23288582,2025,06,2,20,20,臺中市,西屯區,0,0,0,7,,,60,,,,,,,,,,,,,,,,,,,B02,,,1,,1,,,7,7,1,12,4,120.656304,24.19952,3
563,66000,387130000C,(04)23274275,(04)23288582,2025,06,2,20,20,臺中市,梧棲區,0,1,0,7,1,6,60,4,1,1,5,4,6,6,1,1,10,5,5,2,16,3,10,3,1,A42,7,6,1,1,2,5,,11,11,1,12,4,120.535677,24.247954,2
564,66000,387130000C,(04)23274275,(04)23288582,2025,06,2,20,28,臺中市,烏日區,0,0,0,7,,,50,,,,,,,,,,,,,,,,,,,B03,,,1,,2,,,50,50,1,6,4,120.591659,24.111397,3
565,66000,387130000C,(04)23274275,(04)23288582,2025,06,2,20,35,臺中市,大甲區,0,0,0,7,,,50,,,,,,,,,,,,,,13,,,,,B03,,,1,,1,,,7,7,1,6,4,120.640447,24.363968,3
566,66000,387130000C,(04)23274275,(04)23288582,2025,06,2,20,36,臺中市,南區,0,0,0,7,,,40,,,,,,,,,,,,,,13,,,,,C03,,,1,,1,,,7,7,1,12,4,120.664456,24.125342,3
567,66000,387130000C,(04)23274275,(04)23288582,2025,06,2,20,40,臺中市,太平區,0,2,0,7,1,6,50,4,1,1,5,4,6,6,4,4,10,5,5,2,17,2,9,1,1,F03,7,6,7,21,2,11,,14,14,1,12,4,120.717112,24.130956,2
568,66000,387130000C,(04)23274275,(04)23288582,2025,06,2,20,41,臺中市,豐原區,0,1,0,7,1,6,50,13,7,1,5,4,6,6,2,1,1,4,4,1,17,3,10,5,4,B12,7,4,1,8,2,6,,84,84,1,12,4,120.71117,24.239191,2
569,66000,387130000C,(04)23274275,(04)23288582,2025,06,2,20,50,臺中市,南屯區,0,0,0,7,,,50,,,,,,,,,,,,,,14,,,,,B03,,,1,,2,,,49,49,1,6,4,120.648711,24.147736,4
570,66000,387130000C,(04)23274275,(04)23288582,2025,06,2,20,50,臺中市,神岡區,0,0,0,7,,,50,,,,,,,,,,,,,,12,,,,,B03,,,1,,1,,,7,7,1,13,4,120.665107,24.273892,3
571,66000,387130000C,(04)23274275,(04)23288582,2025,06,2,20,56,臺中市,豐原區,0,0,0,7,,,60,,,,,,,,,,,,,,13,,,,,B03,,,1,,2,,,82,82,1,13,4,120.726778,24.238236,3
572,66000,387130000C,(04)23274275,(04)23288582,2025,06,2,21,0,臺中市,大里區,0,1,0,7,3,6,50,4,2,1,5,4,6,6,1,1,1,4,5,2,12,2,7,1,1,C03,7,6,1,10,2,12,,7,7,1,13,4,120.685952,24.115428,2
573,66000,387130000C,(04)23274275,(04)23288582,2025,06,2,21,2,臺中市,南區,0,1,0,7,1,6,50,4,1,1,5,4,6,6,1,1,10,5,5,2,16,3,10,5,4,B03,7,6,1,8,2,4,,84,84,1,12,4,120.676073,24.127149,2
574,66000,387130000C,(04)23274275,(04)23288582,2025,06,2,21,7,臺中市,西區,0,1,0,7,1,6,50,13,9,1,5,4,6,6,4,4,9,5,5,2,17,2,9,2,1,C03,7,4,1,10,2,11,14,84,84,1,12,4,120.666624,24.13547,2
575,66000,387130000C,(04)23274275,(04)23288582,2025,06,2,21,10,臺中市,西屯區,0,0,0,7,,,40,,,,,,,,,,,,,,12,,,,,C03,,,1,,1,,,84,84,1,12,4,120.643003,24.176992,3
576,66000,387130000C,(04)23274275,(04)23288582,2025,06,2,21,24,臺中市,西屯區,0,0,0,7,,,50,,,,,,,,,,,,,,12,,,,,B03,,,1,,1,,,8,8,1,12,4,120.633827,24.161043,3
577,66000,387130000C,(04)23274275,(04)23288582,2025,06,2,21,35,臺中市,北屯區,0,0,0,7,,,50,,,,,,,,,,,,,,,,,,,B03,,,1,,9,,,84,84,1,12,4,120.724682,24.17406,3
578,66000,387130000C,(04)23274275,(04)23288582,2025,06,2,21,36,臺中市,北屯區,0,0,0,7,,,50,,,,,,,,,,,,,,14,,,,,A12,,,1,,2,,,82,82,1,6,4,120.676309,24.193341,3
579,66000,387130000C,(04)23274275,(04)23288582,2025,06,2,21,37,臺中市,北屯區,0,1,0,6,1,6,50,3,1,1,5,4,6,6,1,1,10,5,5,2,18,2,9,2,1,C03,7,9,1,10,2,12,,84,84,1,6,4,120.697047,24.169516,2
580,66000,387130000C,(04)23274275,(04)23288582,2025,06,2,21,38,臺中市,霧峰區,0,0,0,7,,,50,,,,,,,,,,,,,,,,,,,B12,,,1,,2,,,84,84,1,12,4,120.700009,24.073665,3
581,66000,387130000C,(04)23274275,(04)23288582,2025,06,2,21,38,臺中市,烏日區,0,1,0,7,1,6,60,13,7,1,5,4,6,6,4,4,1,4,5,1,12,3,10,3,1,B03,7,1,1,8,2,4,,51,51,1,6,4,120.631992,24.105332,2
582,66000,387130000C,(04)23274275,(04)23288582,2025,06,2,21,40,臺中市,西區,0,0,0,7,,,50,,,,,,,,,,,,,,13,,,,,C03,,,1,,2,,,7,7,1,12,4,120.66347,24.150862,3
583,66000,387130000C,(04)23274275,(04)23288582,2025,06,2,21,44,臺中市,北屯區,0,0,0,7,,,50,,,,,,,,,,,,,,,,,,,B03,,,1,,1,,,20,20,1,13,4,120.707483,24.17406,3
584,66000,387130000C,(04)23274275,(04)23288582,2025,06,2,21,51,臺中市,太平區,0,0,0,7,,,50,,,,,,,,,,,,,,,,,,,B12,,,1,,2,,,34,34,1,6,4,120.733301,24.152246,3
585,66000,387130000C,(04)23274275,(04)23288582,2025,06,2,22,8,臺中市,東區,0,1,0,7,1,6,50,3,1,1,5,4,6,6,4,4,10,5,5,2,17,2,8,1,1,C03,7,9,1,10,2,11,,7,7,1,12,4,120.6899,24.134414,2
586,66000,387130000C,(04)23274275,(04)23288582,2025,06,2,22,11,臺中市,新社區,0,0,0,7,,,50,,,,,,,,,,,,,,,,,,,B03,,,1,,2,,,12,12,1,12,4,120.7976,24.203109,3
587,66000,387130000C,(04)23274275,(04)23288582,2025,06,2,22,17,臺中市,大里區,0,1,0,6,1,6,50,4,1,1,5,4,6,6,4,4,10,5,5,1,17,2,8,2,1,C03,7,9,1,10,2,11,,59,59,1,13,4,120.702451,24.098115,2
588,66000,387130000C,(04)23274275,(04)23288582,2025,06,2,22,25,臺中市,西屯區,0,0,0,7,,,30,,,,,,,,,,,,,,17,,,,,B03,,,1,,1,,,49,49,1,13,4,120.627669,24.165958,3
589,66000,387130000C,(04)23274275,(04)23288582,2025,06,2,22,29,臺中市,豐原區,0,0,0,7,1,6,30,3,2,1,5,4,6,6,1,1,10,5,5,2,13,3,10,3,1,B03,7,1,1,8,8,1,,53,53,1,13,4,120.724221,24.221799,3
590,66000,387130000C,(04)23274275,(04)23288582,2025,06,2,22,30,臺中市,沙鹿區,0,0,0,6,,,30,,,,,,,,,,,,,,14,,,,,B03,,,1,,2,,,49,49,1,12,4,120.570901,24.235767,3
591,66000,387130000C,(04)23274275,(04)23288582,2025,06,2,22,33,臺中市,潭子區,0,0,0,7,,,30,,,,,,,,,,,,,,,,,,,B03,,,1,,2,,,49,49,1,13,4,120.704341,24.207626,3
592,66000,387130000C,(04)23274275,(04)23288582,2025,06,2,22,48,臺中市,北區,0,0,0,7,,,50,,,,,,,,,,,,,,13,,,,,B03,,,1,,2,,,84,84,1,12,4,120.685258,24.165403,3
593,66000,387130000C,(04)23274275,(04)23288582,2025,06,2,23,3,臺中市,神岡區,0,0,0,7,1,6,30,13,9,1,5,4,6,6,4,4,10,5,5,2,12,,,,,B03,,,1,,2,,,8,8,1,12,4,120.658263,24.263934,3
594,66000,387130000C,(04)23274275,(04)23288582,2025,06,2,23,25,臺中市,太平區,0,1,0,7,1,6,50,4,4,1,5,4,6,6,1,1,10,5,5,2,13,3,10,1,1,C03,7,9,1,9,2,11,,84,84,1,6,2,120.719859,24.156645,2
595,66000,387130000C,(04)23274275,(04)23288582,2025,06,2,23,26,臺中市,龍井區,0,0,0,7,,,50,,,,,,,,,,,,,,,,,,,C02,,,1,,2,,,11,11,1,12,4,120.573422,24.185409,3
596,66000,387130000C,(04)23274275,(04)23288582,2025,06,2,23,43,臺中市,西屯區,0,0,0,7,,,30,,,,,,,,,,,,,,17,,,,,B03,,,1,,1,,,8,8,1,12,4,120.646024,24.180431,3
597,66000,387130000C,(04)23274275,(04)23288582,2025,06,3,0,44,臺中市,南屯區,0,0,0,7,,,50,,,,,,,,,,,,,,15,,,,,B01,,,1,,2,,,24,24,1,12,4,120.648305,24.132052,3
598,66000,387130000C,(04)23274275,(04)23288582,2025,06,3,0,47,臺中市,太平區,0,1,0,7,1,6,50,11,9,1,5,4,6,6,4,4,5,5,5,2,30,2,9,5,4,C03,7,9,1,10,2,11,,54,54,1,6,4,120.707856,24.111677,2
599,66000,387130000C,(04)23274275,(04)23288582,2025,06,3,1,30,臺中市,神岡區,0,1,0,7,1,6,30,13,9,1,5,4,3,6,4,4,10,5,5,2,20,2,9,2,1,C03,7,9,3,19,8,11,,53,53,1,12,4,120.652096,24.263237,2
600,66000,387130000C,(04)23274275,(04)23288582,2025,06,3,2,21,臺中市,太平區,0,0,0,7,,,50,,,,,,,,,,,,,,14,,,,,B12,,,1,,9,,,49,49,1,12,4,120.703745,24.11177,3
601,66000,387130000C,(04)23274275,(04)23288582,2025,06,3,3,35,臺中市,西屯區,0,0,0,7,,,30,,,,,,,,,,,,,,24,,,,,B12,,,1,,1,,,8,8,1,12,4,120.646434,24.180492,3
602,66000,387130000C,(04)23274275,(04)23288582,2025,06,3,3,37,臺中市,西屯區,0,1,0,7,1,6,50,13,9,1,5,4,6,6,4,4,1,4,5,2,17,2,9,5,4,C03,7,9,3,19,8,11,,53,53,1,12,4,120.665448,24.172524,2
603,66000,387130000C,(04)23274275,(04)23288582,2025,06,3,4,0,臺中市,太平區,0,1,0,7,1,6,30,13,9,1,5,4,6,6,4,4,10,5,5,2,17,2,9,1,1,C03,7,9,1,10,2,11,,84,84,1,6,4,120.718147,24.125371,2
604,66000,387130000C,(04)23274275,(04)23288582,2025,06,3,6,13,臺中市,南屯區,0,1,0,5,2,6,60,13,8,1,4,4,6,6,4,4,1,3,5,2,16,3,10,3,1,B03,7,5,1,8,2,2,,84,84,1,12,4,120.622769,24.146117,2
605,66000,387130000C,(04)23274275,(04)23288582,2025,06,3,6,14,臺中市,潭子區,0,1,0,6,2,6,50,4,2,1,5,4,6,6,3,1,1,4,4,1,12,3,10,3,1,B03,7,9,1,8,2,2,,8,8,1,13,4,120.705212,24.215674,2
606,66000,387130000C,(04)23274275,(04)23288582,2025,06,3,6,19,臺中市,太平區,0,2,0,6,2,6,50,13,9,1,5,4,6,6,4,4,5,5,5,1,2,2,9,5,4,C03,7,9,1,10,2,11,,56,56,1,6,4,120.732733,24.134988,2
607,66000,387130000C,(04)23274275,(04)23288582,2025,06,3,6,34,臺中市,北區,0,1,0,5,2,6,50,13,9,1,4,4,6,6,4,4,1,4,5,2,13,2,9,1,1,C03,7,9,1,10,2,11,,7,7,1,13,4,120.675493,24.163351,2
608,66000,387130000C,(04)23274275,(04)23288582,2025,06,3,6,47,臺中市,南區,1,1,0,6,3,6,50,4,1,1,4,4,6,6,1,1,10,5,5,2,17,2,9,1,1,C03,7,9,1,10,2,11,,37,37,1,6,4,120.672025,24.126493,1
609,66000,387130000C,(04)23274275,(04)23288582,2025,06,3,6,54,臺中市,潭子區,0,1,0,5,3,6,50,4,1,1,4,4,6,6,1,1,5,4,5,1,17,3,10,2,1,C03,7,6,1,10,2,11,,85,85,1,13,4,120.706284,24.211548,2
610,66000,387130000C,(04)23274275,(04)23288582,2025,06,3,6,54,臺中市,北區,0,1,0,5,2,6,50,4,1,1,4,4,6,6,1,1,5,4,5,2,12,2,9,1,1,C04,7,6,1,8,2,14,,84,84,1,12,4,120.665881,24.159373,2
611,66000,387130000C,(04)23274275,(04)23288582,2025,06,3,6,59,臺中市,北屯區,0,1,0,5,3,6,50,4,1,1,4,4,6,6,1,1,10,5,5,2,16,3,10,3,1,B03,7,6,3,19,2,5,,11,11,1,12,4,120.678792,24.176692,2
612,66000,387130000C,(04)23274275,(04)23288582,2025,06,3,6,59,臺中市,豐原區,0,0,0,5,,,50,,,,,,,,,,,,,,13,,,,,B03,,,1,,2,,,59,59,1,12,4,120.733437,24.255925,3
613,66000,387130000C,(04)23274275,(04)23288582,2025,06,3,7,10,臺中市,烏日區,0,0,0,7,,,50,,,,,,,,,,,,,,13,,,,,B03,,,1,,1,,,7,7,1,6,4,120.65016,24.108234,3
614,66000,387130000C,(04)23274275,(04)23288582,2025,06,3,7,12,臺中市,南屯區,0,0,0,5,,,50,,,,,,,,,,,,,,16,,,,,B03,,,1,,1,,,11,11,1,12,4,120.640872,24.141456,3
615,66000,387130000C,(04)23274275,(04)23288582,2025,06,3,7,15,臺中市,大雅區,0,1,0,5,3,6,30,4,1,1,4,4,6,6,4,4,4,5,5,1,17,2,9,1,1,C03,7,9,1,10,2,12,,20,20,1,13,4,120.648021,24.227215,2
616,66000,387130000C,(04)23274275,(04)23288582,2025,06,3,7,18,臺中市,霧峰區,0,1,0,7,3,6,50,13,9,1,4,4,6,6,4,4,9,4,5,1,12,2,9,1,1,C03,7,9,1,10,2,11,,84,84,1,13,4,120.69657,24.05482,2
617,66000,387130000C,(04)23274275,(04)23288582,2025,06,3,7,20,臺中市,龍井區,0,0,0,5,,,70,,,,,,,,,,,,,,,,,,,A11,,,1,,1,,,8,8,1,12,4,120.513408,24.198723,3
618,66000,387130000C,(04)23274275,(04)23288582,2025,06,3,7,22,臺中市,南屯區,0,0,0,5,,,40,,,,,,,,,,,,,,15,,,,,B12,,,1,,2,,,12,12,1,13,4,120.613615,24.151987,3
619,66000,387130000C,(04)23274275,(04)23288582,2025,06,3,7,27,臺中市,西區,0,1,0,5,2,6,50,4,2,1,4,4,6,6,4,4,1,2,4,2,13,2,9,2,1,C03,7,9,1,10,2,11,,7,7,1,12,4,120.669105,24.14375,2
620,66000,387130000C,(04)23274275,(04)23288582,2025,06,3,7,28,臺中市,大雅區,0,0,0,5,,,50,,,,,,,,,,,,,,,,,,,B03,,,1,,1,,,84,84,1,13,4,120.651434,24.21674,3
621,66000,387130000C,(04)23274275,(04)23288582,2025,06,3,7,29,臺中市,烏日區,0,0,0,5,,,40,,,,,,,,,,,,,,13,,,,,B03,,,1,,2,,,84,84,1,6,4,120.646497,24.110341,3
622,66000,387130000C,(04)23274275,(04)23288582,2025,06,3,7,29,臺中市,梧棲區,0,0,0,5,,,50,,,,,,,,,,,,,,13,,,,,B03,,,1,,1,,,7,7,1,12,4,120.555957,24.250803,3
623,66000,387130000C,(04)23274275,(04)23288582,2025,06,3,7,30,臺中市,大雅區,0,0,0,5,,,50,,,,,,,,,,,,,,,,,,,B03,,,1,,9,,,8,8,1,13,4,120.645627,24.221768,3
624,66000,387130000C,(04)23274275,(04)23288582,2025,06,3,7,30,臺中市,石岡區,0,0,0,5,,,70,,,,,,,,,,,,,,,,,,,B03,,,1,,2,,,45,45,1,12,4,120.77229,24.27526,3
625,66000,387130000C,(04)23274275,(04)23288582,2025,06,3,7,31,臺中市,西屯區,0,1,0,5,2,6,50,13,9,1,4,4,6,6,2,1,4,3,4,2,12,2,9,5,4,C03,7,9,1,10,2,12,,8,8,1,13,4,120.610814,24.170564,2
626,66000,387130000C,(04)23274275,(04)23288582,2025,06,3,7,31,臺中市,太平區,0,0,0,5,,,50,,,,,,,,,,,,,,,,,,,B03,,,1,,1,,,84,84,1,12,4,120.705717,24.159891,3
627,66000,387130000C,(04)23274275,(04)23288582,2025,06,3,7,32,臺中市,南區,0,1,0,5,2,6,50,4,2,1,4,4,6,6,2,1,1,4,5,2,17,3,10,2,1,C03,7,15,1,10,1,12,,85,85,1,12,4,120.669952,24.122067,2
628,66000,387130000C,(04)23274275,(04)23288582,2025,06,3,7,33,臺中市,北屯區,0,2,0,5,2,6,50,13,7,1,4,4,6,6,4,4,10,5,4,2,3,2,9,6,5,H01,8,16,7,21,10,17,,95,95,1,13,5,120.692563,24.173607,2
629,66000,387130000C,(04)23274275,(04)23288582,2025,06,3,7,33,臺中市,西屯區,0,0,0,5,,,40,,,,,,,,,,,,,,35,,,,,,,,,,,,,119,119,1,,,120.619506,24.181424,3
630,66000,387130000C,(04)23274275,(04)23288582,2025,06,3,7,35,臺中市,中區,0,0,0,5,,,50,,,,,,,,,,,,,,,,,,,C03,,,1,10,1,,,85,85,1,13,4,120.682666,24.143587,3
631,66000,387130000C,(04)23274275,(04)23288582,2025,06,3,7,35,臺中市,大甲區,0,0,0,7,,,50,,,,,,,,,,,,,,,,,,,B03,,,1,,2,,,51,51,1,6,4,120.613352,24.348611,3
632,66000,387130000C,(04)23274275,(04)23288582,2025,06,3,7,36,臺中市,南區,0,0,0,5,,,50,,,,,,,,,,,,,,17,,,,,,,,,,,,,119,119,1,,,120.64937,24.122553,4
633,66000,387130000C,(04)23274275,(04)23288582,2025,06,3,7,37,臺中市,南區,0,0,0,7,,,50,,,,,,,,,,,,,,17,,,,,B03,,,1,,2,,,84,84,1,12,4,120.668352,24.122519,3
634,66000,387130000C,(04)23274275,(04)23288582,2025,06,3,7,37,臺中市,后里區,0,0,0,5,,,50,,,,,,,,,,,,,,13,,,,,B03,,,1,,2,,,7,7,1,12,4,120.707447,24.306422,3
635,66000,387130000C,(04)23274275,(04)23288582,2025,06,3,7,37,臺中市,大甲區,0,0,0,7,,,50,,,,,,,,,,,,,,15,,,,,B03,,,1,,2,,,15,15,1,12,4,120.621816,24.338604,3
636,66000,387130000C,(04)23274275,(04)23288582,2025,06,3,7,38,臺中市,西屯區,0,1,0,5,1,6,50,4,2,1,4,4,6,6,1,1,5,4,5,1,18,2,9,2,1,C03,7,12,3,19,2,14,,59,59,1,12,4,120.614022,24.174996,2
637,66000,387130000C,(04)23274275,(04)23288582,2025,06,3,7,41,臺中市,神岡區,0,2,0,5,1,6,60,4,2,1,4,4,6,6,1,1,1,4,5,2,16,2,7,1,4,C03,7,9,1,10,2,14,,21,21,1,12,4,120.686229,24.247008,2
638,66000,387130000C,(04)23274275,(04)23288582,2025,06,3,7,42,臺中市,北區,0,1,0,5,2,6,40,13,8,1,4,4,6,6,4,4,5,4,4,2,13,2,9,1,1,C03,7,9,1,10,2,14,,84,84,1,12,4,120.674132,24.164616,2
639,66000,387130000C,(04)23274275,(04)23288582,2025,06,3,7,42,臺中市,西屯區,0,1,0,5,2,6,30,4,1,1,4,4,6,6,4,4,10,5,5,2,16,2,7,1,4,C03,7,9,1,10,2,12,,12,12,1,12,4,120.61262,24.160158,2
640,66000,387130000C,(04)23274275,(04)23288582,2025,06,3,7,44,臺中市,潭子區,0,1,0,5,2,6,50,3,1,1,4,4,6,5,4,4,9,5,5,2,17,3,10,3,1,B03,7,1,5,8,2,1,,51,51,1,13,4,120.692919,24.223876,2
641,66000,387130000C,(04)23274275,(04)23288582,2025,06,3,7,44,臺中市,北區,0,0,0,5,,,50,,,,,,,,,,,,,,,,,,,B03,,,1,,2,,,11,11,1,13,4,120.679306,24.16708,3
642,66000,387130000C,(04)23274275,(04)23288582,2025,06,3,7,44,臺中市,東勢區,0,1,0,5,2,6,50,4,9,1,4,4,6,6,1,1,8,4,5,1,16,3,10,3,1,B03,7,6,1,8,2,1,,48,48,1,12,4,120.826771,24.262095,2
643,66000,387130000C,(04)23274275,(04)23288582,2025,06,3,7,45,臺中市,潭子區,0,0,0,6,,,50,,,,,,,,,,,,,,13,,,,,C03,,,1,,2,,,84,84,1,13,4,120.690319,24.215971,3
644,66000,387130000C,(04)23274275,(04)23288582,2025,06,3,7,45,臺中市,豐原區,0,0,0,6,,,50,,,,,,,,,,,,,,13,,,,,C03,,,1,,2,,,59,59,1,13,4,120.733501,24.274644,3
645,66000,387130000C,(04)23274275,(04)23288582,2025,06,3,7,46,臺中市,北屯區,0,1,0,7,2,6,50,4,2,1,5,4,6,6,1,1,1,4,4,2,17,3,10,1,1,C03,7,1,1,10,2,14,,51,51,1,12,4,120.677155,24.185366,2
646,66000,387130000C,(04)23274275,(04)23288582,2025,06,3,7,49,臺中市,西區,0,0,0,5,,,50,,,,,,,,,,,,,,,,,,,B03,,,1,8,1,,,40,40,1,13,4,120.678637,24.136936,3
647,66000,387130000C,(04)23274275,(04)23288582,2025,06,3,7,49,臺中市,西屯區,0,0,0,7,,,50,,,,,,,,,,,,,,13,,,,,B03,,,1,,1,,,59,59,1,12,4,120.616891,24.188607,3
648,66000,387130000C,(04)23274275,(04)23288582,2025,06,3,7,50,臺中市,西屯區,0,1,0,5,2,6,50,13,9,1,4,4,6,6,4,4,5,4,5,2,18,2,9,2,1,C03,7,9,1,9,2,16,,59,59,1,12,4,120.651041,24.15784,2
649,66000,387130000C,(04)23274275,(04)23288582,2025,06,3,7,50,臺中市,豐原區,0,0,0,5,,,50,,,,,,,,,,,,,,12,,,,,B03,,,1,,2,,,84,84,1,13,4,120.735196,24.255713,3
650,66000,387130000C,(04)23274275,(04)23288582,2025,06,3,7,51,臺中市,北屯區,0,1,0,5,2,6,50,13,9,1,4,4,6,6,4,4,1,4,5,2,18,2,9,2,1,C04,7,9,1,10,2,16,,82,82,1,12,4,120.670556,24.173782,2
651,66000,387130000C,(04)23274275,(04)23288582,2025,06,3,7,51,臺中市,北屯區,0,1,0,5,2,6,50,4,1,1,4,4,6,6,1,1,5,5,5,1,18,2,9,2,1,C02,7,9,1,9,2,16,,82,82,1,12,4,120.67455,24.202774,2
652,66000,387130000C,(04)23274275,(04)23288582,2025,06,3,7,51,臺中市,梧棲區,0,1,0,5,3,6,50,3,12,1,4,4,6,6,4,4,1,4,1,1,13,2,9,1,1,C03,7,9,1,10,2,11,,7,7,1,6,4,120.534659,24.263536,2
653,66000,387130000C,(04)23274275,(04)23288582,2025,06,3,7,52,臺中市,北區,0,0,0,5,,,50,,,,,,,,,,,,,,,,,,,B03,,,1,,1,,,49,49,1,12,4,120.687898,24.160242,3
654,66000,387130000C,(04)23274275,(04)23288582,2025,06,3,7,52,臺中市,南區,0,1,0,5,2,6,50,4,1,1,4,4,6,6,1,1,9,4,4,2,17,3,10,3,1,B03,7,6,1,8,1,6,,48,48,1,12,4,120.670917,24.114882,2
655,66000,387130000C,(04)23274275,(04)23288582,2025,06,3,7,52,臺中市,西屯區,0,2,0,5,2,6,50,13,9,1,4,4,6,6,4,4,8,3,5,2,17,3,10,5,4,C03,7,1,1,10,2,16,,51,51,1,13,4,120.639575,24.184339,2
656,66000,387130000C,(04)23274275,(04)23288582,2025,06,3,7,52,臺中市,龍井區,0,1,0,5,3,6,50,13,9,1,4,4,6,6,4,4,5,5,5,1,27,2,9,2,1,C03,7,9,1,10,2,12,,59,59,1,13,4,120.525715,24.202548,2
657,66000,387130000C,(04)23274275,(04)23288582,2025,06,3,7,52,臺中市,神岡區,0,1,0,5,1,6,50,13,9,1,4,4,6,6,1,1,5,4,4,2,13,2,7,1,4,C03,7,12,1,10,2,12,,84,84,1,12,4,120.68229,24.247088,2
658,66000,387130000C,(04)23274275,(04)23288582,2025,06,3,7,55,臺中市,大雅區,0,0,0,5,,,30,,,,,,,,,,,,,,,,,,,B03,,,1,,1,,,48,48,1,13,4,120.660524,24.221332,3
659,66000,387130000C,(04)23274275,(04)23288582,2025,06,3,7,55,臺中市,南屯區,0,1,0,5,1,6,50,4,1,1,4,4,6,6,2,1,10,5,5,2,18,2,9,1,1,C03,7,5,1,10,2,12,,59,59,1,6,4,120.625929,24.145026,2
660,66000,387130000C,(04)23274275,(04)23288582,2025,06,3,7,55,臺中市,西屯區,0,1,0,5,2,6,30,11,9,1,4,4,6,6,4,4,10,5,5,2,11,3,10,5,1,B03,7,9,1,8,2,8,,8,8,1,12,4,120.621498,24.194719,2
661,66000,387130000C,(04)23274275,(04)23288582,2025,06,3,7,56,臺中市,西屯區,0,0,0,5,,,,,,,,,,,,,,,,,13,,,,,,,,,,,,,119,119,1,13,4,120.605452,24.193152,3
662,66000,387130000C,(04)23274275,(04)23288582,2025,06,3,7,58,臺中市,霧峰區,0,1,0,5,3,6,40,3,1,1,4,4,6,6,3,1,10,5,5,2,18,2,9,1,1,C03,7,6,1,10,2,16,,84,84,1,13,4,120.662944,24.063028,2
663,66000,387130000C,(04)23274275,(04)23288582,2025,06,3,8,1,臺中市,北屯區,0,0,0,5,,,50,,,,,,,,,,,,,,12,,,,,B03,,,1,,1,,,40,40,1,12,4,120.686628,24.197778,3
664,66000,387130000C,(04)23274275,(04)23288582,2025,06,3,8,3,臺中市,霧峰區,0,0,0,7,,,30,,,,,,,,,,,,,,,,,,,B03,,,1,,2,,,84,84,1,6,4,120.688697,24.043074,3
665,66000,387130000C,(04)23274275,(04)23288582,2025,06,3,8,3,臺中市,神岡區,0,0,0,5,,,50,,,,,,,,,,,,,,13,,,,,C03,,,1,,1,,,7,7,1,13,4,120.692608,24.248189,3
666,66000,387130000C,(04)23274275,(04)23288582,2025,06,3,8,5,臺中市,大雅區,0,1,0,5,3,6,50,4,2,1,4,4,6,6,1,1,4,5,5,1,17,2,9,1,4,C03,7,6,1,10,2,16,,84,84,1,13,4,120.643526,24.232978,2
667,66000,387130000C,(04)23274275,(04)23288582,2025,06,3,8,5,臺中市,北屯區,0,1,0,6,2,6,50,3,1,1,4,4,6,6,4,4,4,3,5,2,16,3,10,3,1,B03,7,1,1,8,2,8,,51,51,1,13,4,120.689308,24.176993,2
668,66000,387130000C,(04)23274275,(04)23288582,2025,06,3,8,6,臺中市,南屯區,0,2,0,5,2,6,40,3,8,1,4,4,6,6,4,4,1,5,5,2,13,2,7,2,4,C03,7,9,1,10,2,11,,7,7,1,13,4,120.613278,24.149222,2
669,66000,387130000C,(04)23274275,(04)23288582,2025,06,3,8,10,臺中市,烏日區,0,0,0,5,,,50,,,,,,,,,,,,,,14,,,,,B03,,,1,,1,,,49,49,1,6,4,120.626313,24.110364,3
670,66000,387130000C,(04)23274275,(04)23288582,2025,06,3,8,11,臺中市,潭子區,0,1,0,5,3,6,50,4,1,1,4,4,6,6,1,1,5,4,4,2,15,3,10,2,1,C03,7,9,1,10,2,12,,21,21,1,13,4,120.702916,24.214008,2
671,66000,387130000C,(04)23274275,(04)23288582,2025,06,3,8,12,臺中市,太平區,0,1,0,5,3,6,50,4,1,1,4,4,6,6,1,1,1,4,5,2,18,2,9,2,1,C03,7,9,1,10,2,14,,84,84,1,12,4,120.714731,24.149158,2
672,66000,387130000C,(04)23274275,(04)23288582,2025,06,3,8,13,臺中市,北屯區,0,0,0,5,,,50,,,,,,,,,,,,,,12,,,,,B03,,,1,,1,,,40,40,1,6,4,120.685886,24.177485,3
673,66000,387130000C,(04)23274275,(04)23288582,2025,06,3,8,16,臺中市,大里區,0,1,0,6,3,6,0,3,1,1,5,4,6,6,4,4,10,5,5,2,16,3,10,5,4,C03,7,6,1,10,2,11,,14,14,1,13,4,120.71083,24.109623,2