﻿序號,縣市別代碼,機關代碼,市話,傳真,年,月,日,時,分,縣市,區,死亡數量,受傷數量,2-30,天候,道路照明設備,道路類別,道路速限,道路型態,事故位置,路面鋪裝,路面狀態,路面缺陷,障礙物,視距,號誌種類,號誌動作,分向設施,快車道或一般車道間,快慢車道間,路面邊線,事故類型及型態,受傷程度,主要傷處,保護裝備,行動電話或功能裝置,當事者區分_類別,車輛用途,當事者行動狀態,駕照狀態,駕照種類,飲酒情形,車輛撞擊部位最初,車輛撞擊部位其他,肇事因素個別,肇事因素主要,肇事逃逸,職業,共享經濟或外送平台,GPS座標X,GPS座標Y,事故類別
785,66000,387130000C,(04)23274275,(04)23288582,2025,06,3,11,26,臺中市,大里區,0,0,0,6,3,6,50,4,9,1,4,4,6,6,4,4,9,5,5,2,30,,,,,A12,,,1,,2,,,84,84,1,12,4,120.701993,24.110073,3
786,66000,387130000C,(04)23274275,(04)23288582,2025,06,3,11,29,臺中市,中區,0,0,0,5,,,50,,,,,,,,,,,,,,,,,,,B03,,,1,,2,,,51,51,1,12,4,120.685898,24.138923,3
787,66000,387130000C,(04)23274275,(04)23288582,2025,06,3,11,36,臺中市,北區,0,0,0,6,,,50,,,,,,,,,,,,,,,,,,,B03,,,1,,1,,,84,84,1,13,4,120.677073,24.144571,3
788,66000,387130000C,(04)23274275,(04)23288582,2025,06,3,11,38,臺中市,霧峰區,0,1,0,5,2,6,50,4,2,1,4,4,6,6,4,4,5,5,5,2,18,2,9,2,1,C03,7,9,1,10,2,12,,84,84,1,6,4,120.698482,24.061755,2
789,66000,387130000C,(04)23274275,(04)23288582,2025,06,3,11,39,臺中市,南屯區,0,0,0,7,,,50,,,,,,,,,,,,,,12,,,,,B02,,,1,,2,,,58,58,1,13,4,120.646724,24.138455,3
790,66000,387130000C,(04)23274275,(04)23288582,2025,06,3,11,47,臺中市,西區,0,1,0,6,2,6,50,13,8,1,5,4,6,6,4,4,5,5,4,2,13,2,8,1,1,C03,7,9,1,10,1,11,,7,7,1,13,4,120.669678,24.150839,2
791,66000,387130000C,(04)23274275,(04)23288582,2025,06,3,12,0,臺中市,烏日區,0,0,0,7,,,30,,,,,,,,,,,,,,14,,,,,B12,,,1,,2,,,49,49,1,6,4,120.626915,24.082537,3
792,66000,387130000C,(04)23274275,(04)23288582,2025,06,3,12,1,臺中市,龍井區,0,0,0,6,,,40,,,,,,,,,,,,,,,,,,,B12,,,1,,1,,,50,50,1,13,4,120.551163,24.212555,3
793,66000,387130000C,(04)23274275,(04)23288582,2025,06,3,12,3,臺中市,大甲區,0,0,0,6,,,50,,,,,,,,,,,,,,,,,,,B03,,,1,,2,,,84,84,1,6,4,120.629251,24.344349,3
794,66000,387130000C,(04)23274275,(04)23288582,2025,06,3,12,4,臺中市,龍井區,0,0,0,7,,,60,,,,,,,,,,,,,,13,,,,,B03,,,1,,1,,,7,7,1,6,4,120.579293,24.192887,3
795,66000,387130000C,(04)23274275,(04)23288582,2025,06,3,12,10,臺中市,豐原區,0,0,0,6,,,30,,,,,,,,,,,,,,17,,,,,B11,,,1,,2,,,76,76,1,13,4,120.716395,24.259554,3
796,66000,387130000C,(04)23274275,(04)23288582,2025,06,3,12,19,臺中市,豐原區,0,1,0,6,2,6,50,3,9,1,5,4,6,6,3,1,5,5,4,2,2,3,10,5,4,B03,7,9,1,8,11,2,,84,84,1,12,4,120.718711,24.24979,2
797,66000,387130000C,(04)23274275,(04)23288582,2025,06,3,12,25,臺中市,大里區,0,0,0,7,,,40,,,,,,,,,,,,,,,,,,,A12,,,1,,1,,,49,49,1,6,4,120.688645,24.08016,3
798,66000,387130000C,(04)23274275,(04)23288582,2025,06,3,12,33,臺中市,南屯區,0,1,0,5,3,6,50,13,7,1,4,4,6,6,4,4,9,5,4,2,16,3,10,3,1,B03,7,1,1,8,2,4,,51,51,1,12,4,120.610491,24.132935,2
799,66000,387130000C,(04)23274275,(04)23288582,2025,06,3,12,34,臺中市,南屯區,0,0,0,5,,,50,,,,,,,,,,,,,,,,,,,B03,,,1,,1,,,7,7,1,13,4,120.646629,24.140096,3
800,66000,387130000C,(04)23274275,(04)23288582,2025,06,3,12,39,臺中市,烏日區,0,0,0,7,,,50,,,,,,,,,,,,,,9,,,,,B03,,,1,,1,,,85,85,1,6,4,120.621817,24.106005,3
801,66000,387130000C,(04)23274275,(04)23288582,2025,06,3,12,40,臺中市,南屯區,0,1,0,5,1,6,30,3,1,1,4,4,6,6,4,4,10,5,5,2,17,3,10,3,1,B03,7,6,1,8,2,8,,12,12,1,6,4,120.614876,24.153539,2
802,66000,387130000C,(04)23274275,(04)23288582,2025,06,3,12,45,臺中市,豐原區,0,0,0,7,,,50,,,,,,,,,,,,,,14,,,,,B03,,,1,,2,,,49,49,1,13,4,120.719046,24.249973,3
803,66000,387130000C,(04)23274275,(04)23288582,2025,06,3,12,50,臺中市,北區,0,0,0,5,,,50,,,,,,,,,,,,,,,,,,,B03,,,1,,11,,,87,87,1,13,4,120.678477,24.149493,3
804,66000,387130000C,(04)23274275,(04)23288582,2025,06,3,12,54,臺中市,霧峰區,0,0,0,6,,,50,,,,,,,,,,,,,,13,,,,,C03,,,1,,2,,,7,7,1,6,4,120.70107,24.067124,3
805,66000,387130000C,(04)23274275,(04)23288582,2025,06,3,12,55,臺中市,清水區,0,0,0,5,,,50,,,,,,,,,,,,,,14,,,,,A41,,,1,,2,,,49,49,1,6,4,120.540073,24.285875,3
806,66000,387130000C,(04)23274275,(04)23288582,2025,06,3,13,3,臺中市,南屯區,0,1,0,5,2,6,50,4,1,1,4,4,6,6,1,1,10,5,5,2,16,3,10,3,1,B03,7,6,1,8,2,1,,11,11,1,12,4,120.652977,24.141847,2
807,66000,387130000C,(04)23274275,(04)23288582,2025,06,3,13,5,臺中市,大雅區,0,1,0,5,3,6,70,3,1,1,4,4,6,6,1,1,10,5,5,2,17,3,10,3,1,A11,7,5,1,3,2,5,,11,11,1,12,4,120.641417,24.229975,2
808,66000,387130000C,(04)23274275,(04)23288582,2025,06,3,13,5,臺中市,南屯區,0,0,0,5,,,,,,,,,,,,,,,,,,,,,,,,,,,,,,119,119,1,,,120.645604,24.151308,3
809,66000,387130000C,(04)23274275,(04)23288582,2025,06,3,13,6,臺中市,西區,0,1,0,5,1,6,50,4,1,1,4,4,6,6,1,1,10,5,5,2,18,2,9,5,4,C03,7,9,1,10,2,16,,84,84,1,12,4,120.6602,24.144317,2
810,66000,387130000C,(04)23274275,(04)23288582,2025,06,3,13,12,臺中市,南屯區,0,1,0,5,2,6,50,3,1,1,4,4,6,6,4,4,9,4,5,2,17,2,9,1,1,C03,7,9,1,10,2,14,,84,84,1,12,4,120.611474,24.14745,2
811,66000,387130000C,(04)23274275,(04)23288582,2025,06,3,13,12,臺中市,大甲區,0,0,0,5,,,50,,,,,,,,,,,,,,17,,,,,B03,,,1,,2,,,84,84,1,12,4,120.61917,24.353684,3
812,66000,387130000C,(04)23274275,(04)23288582,2025,06,3,13,14,臺中市,北區,0,2,0,5,2,6,40,13,8,1,4,4,6,6,4,4,1,4,4,2,13,2,9,1,1,C04,7,9,1,10,2,11,,84,84,1,12,2,120.673346,24.166092,2
813,66000,387130000C,(04)23274275,(04)23288582,2025,06,3,13,20,臺中市,西屯區,0,1,0,5,2,6,50,3,1,1,4,4,6,6,4,4,10,5,5,2,13,2,9,5,1,C03,7,9,1,10,2,11,,7,7,1,12,4,120.646543,24.171315,2
814,66000,387130000C,(04)23274275,(04)23288582,2025,06,3,13,21,臺中市,大雅區,0,1,0,5,3,6,30,13,9,1,4,4,6,6,4,4,10,5,5,2,11,2,9,2,1,C03,7,9,1,10,2,11,,84,84,1,13,4,120.619022,24.222697,2
815,66000,387130000C,(04)23274275,(04)23288582,2025,06,3,13,21,臺中市,沙鹿區,0,0,0,5,,,50,,,,,,,,,,,,,,14,,,,,B12,,,1,,9,,,49,49,1,12,4,120.563081,24.237165,3
816,66000,387130000C,(04)23274275,(04)23288582,2025,06,3,13,21,臺中市,豐原區,0,1,0,6,2,6,50,4,24,2,5,4,6,6,1,1,1,4,5,1,18,2,9,5,4,C03,7,9,1,10,2,11,,84,84,1,13,4,120.760437,24.276956,2
817,66000,387130000C,(04)23274275,(04)23288582,2025,06,3,13,24,臺中市,烏日區,0,1,0,5,2,6,50,3,1,1,4,4,6,6,4,4,4,4,5,1,16,3,10,3,1,B03,7,5,1,8,2,2,6,14,14,1,13,4,120.643071,24.092897,2
818,66000,387130000C,(04)23274275,(04)23288582,2025,06,3,13,26,臺中市,北屯區,0,0,0,5,,,50,,,,,,,,,,,,,,12,,,,,B03,,,1,,1,,,8,8,1,6,4,120.686216,24.181487,3
819,66000,387130000C,(04)23274275,(04)23288582,2025,06,3,13,27,臺中市,龍井區,0,0,0,5,,,30,,,,,,,,,,,,,,16,,,,,B03,,,1,,1,,,14,14,1,6,4,120.589018,24.180713,3
820,66000,387130000C,(04)23274275,(04)23288582,2025,06,3,13,28,臺中市,西屯區,0,0,0,5,,,50,,,,,,,,,,,,,,,,,,,B03,,,1,,1,,,84,84,1,12,4,120.643344,24.170436,3
821,66000,387130000C,(04)23274275,(04)23288582,2025,06,3,13,29,臺中市,北屯區,0,1,0,5,2,6,50,4,1,1,4,4,6,6,2,1,5,4,5,2,16,3,10,3,1,B12,7,6,1,8,2,8,,11,11,1,12,4,120.686306,24.186899,2
822,66000,387130000C,(04)23274275,(04)23288582,2025,06,3,13,32,臺中市,霧峰區,0,1,0,5,3,6,25,13,9,1,4,4,6,6,4,4,9,4,5,1,18,2,9,1,1,C03,7,9,1,10,2,16,,84,84,1,13,4,120.714825,24.069717,2
823,66000,387130000C,(04)23274275,(04)23288582,2025,06,3,13,34,臺中市,南區,0,1,0,7,3,6,50,4,1,1,4,4,6,6,1,1,10,5,5,2,13,2,9,2,1,C03,7,9,1,10,2,11,,84,84,1,12,4,120.670095,24.119043,2
824,66000,387130000C,(04)23274275,(04)23288582,2025,06,3,13,35,臺中市,大里區,0,0,0,5,,,50,,,,,,,,,,,,,,,,,,,B12,,,1,,2,,,49,49,1,6,4,120.728596,24.090744,3
825,66000,387130000C,(04)23274275,(04)23288582,2025,06,3,13,40,臺中市,西區,0,1,0,5,2,6,50,3,1,1,4,4,6,6,4,4,10,5,5,2,16,2,9,2,1,C03,7,9,1,10,2,11,,13,13,1,12,2,120.66597,24.150859,2
826,66000,387130000C,(04)23274275,(04)23288582,2025,06,3,13,40,臺中市,西屯區,0,0,0,7,,,30,,,,,,,,,,,,,,17,,,,,G03,,,7,,1,,,49,49,1,12,4,120.660489,24.175926,3
827,66000,387130000C,(04)23274275,(04)23288582,2025,06,3,13,41,臺中市,新社區,0,0,0,5,,,30,,,,,,,,,,,,,,,,,,,B03,,,1,,1,,,8,8,1,12,4,120.798603,24.259608,3
828,66000,387130000C,(04)23274275,(04)23288582,2025,06,3,13,42,臺中市,西屯區,0,1,0,5,2,6,50,4,1,1,4,4,6,6,1,3,10,5,5,2,17,3,10,5,4,B03,7,9,1,10,1,16,,13,13,1,12,4,120.637449,24.177602,2
829,66000,387130000C,(04)23274275,(04)23288582,2025,06,3,13,45,臺中市,西屯區,0,1,0,5,2,6,50,4,1,1,4,4,6,6,2,1,10,5,5,2,12,3,10,3,1,B12,7,5,1,8,2,5,,11,11,1,12,4,120.664726,24.178119,2
830,66000,387130000C,(04)23274275,(04)23288582,2025,06,3,13,45,臺中市,清水區,0,1,0,5,3,6,50,4,1,1,4,4,6,6,1,1,1,4,5,1,17,3,10,2,1,C03,7,5,1,10,9,16,,47,47,2,12,4,120.573023,24.262897,2
831,66000,387130000C,(04)23274275,(04)23288582,2025,06,3,13,46,臺中市,梧棲區,0,0,0,5,,,70,,,,,,,,,,,,,,17,,,,,C03,,,1,,9,,,59,59,1,6,4,120.548236,24.235,3
832,66000,387130000C,(04)23274275,(04)23288582,2025,06,3,13,48,臺中市,西區,0,0,0,5,,,50,,,,,,,,,,,,,,,,,,,B12,,,1,,1,,,7,7,1,6,4,120.661523,24.154863,3
833,66000,387130000C,(04)23274275,(04)23288582,2025,06,3,13,49,臺中市,大里區,0,0,0,5,,,50,,,,,,,,,,,,,,16,,,,,C03,,,1,,2,,,84,84,1,13,4,120.687485,24.094385,3
834,66000,387130000C,(04)23274275,(04)23288582,2025,06,3,13,50,臺中市,南屯區,0,0,0,5,3,6,50,13,9,1,4,4,6,6,4,4,9,5,5,2,12,,,,,A02,,,1,,1,,,8,8,1,12,4,120.639428,24.139116,3
835,66000,387130000C,(04)23274275,(04)23288582,2025,06,3,13,52,臺中市,大里區,0,0,0,5,,,50,,,,,,,,,,,,,,,,,,,B03,,,1,,1,,,84,84,1,13,4,120.686316,24.092995,3
836,66000,387130000C,(04)23274275,(04)23288582,2025,06,3,13,53,臺中市,沙鹿區,0,0,0,5,,,40,,,,,,,,,,,,,,,,,,,B03,,,1,,2,,,1,1,1,13,4,120.569297,24.23687,3
837,66000,387130000C,(04)23274275,(04)23288582,2025,06,3,13,55,臺中市,太平區,0,1,0,6,2,6,50,13,8,1,4,4,6,6,1,1,1,4,4,1,23,2,9,2,1,C03,7,9,1,10,2,14,,84,84,1,13,4,120.717411,24.156568,2
838,66000,387130000C,(04)23274275,(04)23288582,2025,06,3,13,56,臺中市,中區,0,1,0,5,2,6,50,4,1,1,4,4,6,6,2,1,5,4,5,2,16,2,9,2,1,C03,7,9,1,10,2,11,,21,21,1,12,4,120.677572,24.144109,2
839,66000,387130000C,(04)23274275,(04)23288582,2025,06,3,13,57,臺中市,西屯區,0,0,0,5,,,50,,,,,,,,,,,,,,17,,,,,B13,,,1,,1,,,45,45,1,13,4,120.64447,24.203643,3
840,66000,387130000C,(04)23274275,(04)23288582,2025,06,3,13,58,臺中市,西屯區,0,0,0,5,,,50,,,,,,,,,,,,,,14,,,,,A11,,,1,,1,,,49,49,1,12,4,120.644906,24.159883,3
841,66000,387130000C,(04)23274275,(04)23288582,2025,06,3,14,0,臺中市,北屯區,0,0,0,5,,,50,,,,,,,,,,,,,,13,,,,,B03,,,1,,1,,,59,59,1,13,4,120.693841,24.164173,3
842,66000,387130000C,(04)23274275,(04)23288582,2025,06,3,14,2,臺中市,西屯區,0,1,0,7,2,6,40,4,1,1,4,4,6,6,1,1,5,5,4,2,18,2,9,2,1,C03,7,5,1,10,2,12,,84,84,1,12,4,120.662138,24.165401,2
843,66000,387130000C,(04)23274275,(04)23288582,2025,06,3,14,6,臺中市,北屯區,0,0,0,5,,,80,,,,,,,,,,,,,,13,,,,,B03,,,1,8,1,,,7,7,1,6,4,120.677813,24.200976,3
844,66000,387130000C,(04)23274275,(04)23288582,2025,06,3,14,8,臺中市,龍井區,0,0,0,5,,,70,,,,,,,,,,,,,,,,,,,B03,,,1,,2,,,7,7,1,12,4,120.542335,24.218753,3
845,66000,387130000C,(04)23274275,(04)23288582,2025,06,3,14,10,臺中市,中區,0,3,0,5,2,6,50,4,1,1,4,4,6,6,1,1,10,5,5,2,3,2,9,1,1,C03,7,9,1,10,2,11,14,10,10,1,13,4,120.682065,24.142897,2
846,66000,387130000C,(04)23274275,(04)23288582,2025,06,3,14,11,臺中市,太平區,0,0,0,5,,,40,,,,,,,,,,,,,,,,,,,B02,,,1,,2,,,49,49,1,5,4,120.716788,24.151082,3
847,66000,387130000C,(04)23274275,(04)23288582,2025,06,3,14,15,臺中市,南屯區,0,1,0,5,2,6,50,13,9,1,4,4,6,6,4,4,1,4,5,2,18,2,9,1,1,C03,7,9,1,10,2,16,,59,59,1,13,4,120.651815,24.140272,2
848,66000,387130000C,(04)23274275,(04)23288582,2025,06,3,14,16,臺中市,北區,0,0,0,5,,,50,,,,,,,,,,,,,,12,,,,,C03,,,1,,1,,,84,84,1,13,4,120.679954,24.157503,3
849,66000,387130000C,(04)23274275,(04)23288582,2025,06,3,14,17,臺中市,北區,0,2,0,5,2,6,50,13,9,1,4,4,6,6,4,4,9,4,5,2,17,2,9,2,1,C03,7,11,1,10,2,11,,20,20,1,6,4,120.685519,24.150657,2
850,66000,387130000C,(04)23274275,(04)23288582,2025,06,3,14,20,臺中市,西屯區,0,0,0,5,,,30,,,,,,,,,,,,,,14,,,,,B12,,,1,,2,,,49,49,1,12,4,120.620035,24.171494,3
851,66000,387130000C,(04)23274275,(04)23288582,2025,06,3,14,25,臺中市,西區,0,0,0,5,,,50,,,,,,,,,,,,,,,,,,,B01,,,1,,1,,,84,84,1,12,4,120.676389,24.140523,3
852,66000,387130000C,(04)23274275,(04)23288582,2025,06,3,14,29,臺中市,豐原區,0,1,0,5,2,6,50,13,7,1,4,4,6,6,4,4,5,5,4,1,16,3,10,5,4,B03,7,11,1,8,2,1,,34,34,1,13,4,120.729836,24.250402,2
853,66000,387130000C,(04)23274275,(04)23288582,2025,06,3,14,30,臺中市,烏日區,0,0,0,7,,,30,,,,,,,,,,,,,,15,,,,,B03,,,1,,1,,,15,15,1,6,4,120.608682,24.118011,3
854,66000,387130000C,(04)23274275,(04)23288582,2025,06,3,14,30,臺中市,沙鹿區,0,1,0,5,2,6,50,13,9,1,4,4,6,6,4,4,5,5,5,2,18,2,9,1,1,C03,7,9,1,10,2,12,,87,87,1,13,4,120.615076,24.240758,2
855,66000,387130000C,(04)23274275,(04)23288582,2025,06,3,14,31,臺中市,西區,0,0,0,5,,,50,,,,,,,,,,,,,,14,,,,,B03,,,1,,1,,,49,49,1,12,4,120.673597,24.149171,3
856,66000,387130000C,(04)23274275,(04)23288582,2025,06,3,14,31,臺中市,北區,0,0,0,5,2,6,50,13,7,1,4,4,6,6,4,4,5,4,5,2,13,3,10,3,1,B01,7,9,1,4,1,1,,59,59,1,12,4,120.681504,24.155739,3
857,66000,387130000C,(04)23274275,(04)23288582,2025,06,3,14,39,臺中市,南區,0,1,0,5,2,6,50,3,1,1,4,4,6,6,1,1,9,5,4,2,17,3,10,3,1,B03,7,1,1,8,1,16,,51,51,1,12,4,120.66589,24.113829,2
858,66000,387130000C,(04)23274275,(04)23288582,2025,06,3,14,48,臺中市,大里區,0,0,0,5,3,6,10,13,9,1,5,4,6,6,4,4,10,5,5,2,17,,,,,G03,,,6,,2,,,68,68,1,12,4,120.698882,24.106945,3
859,66000,387130000C,(04)23274275,(04)23288582,2025,06,3,14,49,臺中市,西屯區,0,0,0,5,,,50,,,,,,,,,,,,,,17,,,,,A41,,,1,,1,,,40,40,1,12,4,120.603248,24.175286,3
860,66000,387130000C,(04)23274275,(04)23288582,2025,06,3,14,50,臺中市,東區,0,0,0,5,,,40,,,,,,,,,,,,,,14,,,,,B03,,,1,,1,,,49,49,1,13,4,120.694679,24.147483,3
861,66000,387130000C,(04)23274275,(04)23288582,2025,06,3,14,55,臺中市,西區,0,1,0,5,2,6,50,4,1,1,4,4,6,6,2,1,10,5,5,2,16,3,10,5,1,B03,7,5,1,8,2,2,,84,84,1,6,4,120.657375,24.146713,2
862,66000,387130000C,(04)23274275,(04)23288582,2025,06,3,15,7,臺中市,霧峰區,0,0,0,5,,,50,,,,,,,,,,,,,,13,,,,,B03,,,1,,1,,,59,59,1,13,4,120.696288,24.065445,3
863,66000,387130000C,(04)23274275,(04)23288582,2025,06,3,15,8,臺中市,霧峰區,0,1,0,5,2,6,50,3,1,1,4,4,6,6,4,4,10,5,5,2,17,3,10,3,1,B03,7,6,1,8,2,1,,14,14,1,13,4,120.696283,24.058429,2
864,66000,387130000C,(04)23274275,(04)23288582,2025,06,3,15,10,臺中市,北區,0,1,0,5,2,6,50,5,9,1,4,4,6,6,1,1,5,4,5,2,3,3,10,5,4,B03,7,6,1,8,2,8,,10,10,1,13,4,120.667178,24.153957,2
865,66000,387130000C,(04)23274275,(04)23288582,2025,06,3,15,12,臺中市,西屯區,0,0,0,5,,,50,,,,,,,,,,,,,,17,,,,,C03,,,1,,9,,,49,49,1,12,4,120.644403,24.187404,3
866,66000,387130000C,(04)23274275,(04)23288582,2025,06,3,15,12,臺中市,霧峰區,0,1,0,5,2,6,50,3,1,1,4,4,6,6,4,4,10,5,5,2,17,2,9,2,1,C03,7,6,1,10,2,12,,14,14,1,6,4,120.700475,24.063948,2
867,66000,387130000C,(04)23274275,(04)23288582,2025,06,3,15,13,臺中市,霧峰區,0,0,0,5,,,30,,,,,,,,,,,,,,13,,,,,C03,,,1,,2,,,84,84,1,13,4,120.664156,24.077656,3
868,66000,387130000C,(04)23274275,(04)23288582,2025,06,3,15,15,臺中市,中區,0,0,0,5,,,50,,,,,,,,,,,,,,,,,,,A04,,,1,1,1,,,49,49,1,13,4,120.680097,24.13782,3
869,66000,387130000C,(04)23274275,(04)23288582,2025,06,3,15,16,臺中市,東區,0,0,0,5,,,50,,,,,,,,,,,,,,13,,,,,B03,,,1,,1,,,84,84,1,12,4,120.688428,24.136738,3
870,66000,387130000C,(04)23274275,(04)23288582,2025,06,3,15,20,臺中市,后里區,0,1,0,7,2,6,50,13,8,1,5,4,6,6,4,4,9,4,4,1,12,,,,,,,21,,,,,,86,86,2,,,120.721435,24.308987,2
871,66000,387130000C,(04)23274275,(04)23288582,2025,06,3,15,30,臺中市,西區,0,1,0,5,1,6,50,4,1,1,4,4,1,5,4,4,10,5,5,2,18,2,9,5,4,C03,7,9,1,10,2,15,,84,84,1,12,4,120.679562,24.140994,2
872,66000,387130000C,(04)23274275,(04)23288582,2025,06,3,15,30,臺中市,北區,0,0,0,7,3,6,50,18,24,1,5,4,6,6,4,4,10,5,5,2,17,,,,,B01,,,1,,2,,,49,49,1,13,4,120.687356,24.157135,3
873,66000,387130000C,(04)23274275,(04)23288582,2025,06,3,15,35,臺中市,大里區,0,0,0,5,,,50,,,,,,,,,,,,,,17,,,,,B12,,,1,,2,,,84,84,1,13,4,120.708574,24.083241,3
874,66000,387130000C,(04)23274275,(04)23288582,2025,06,3,15,38,臺中市,西屯區,0,2,0,5,2,6,50,3,1,1,4,4,6,6,4,4,10,5,5,2,13,2,7,1,4,C03,7,9,1,10,2,11,,7,7,1,12,4,120.623157,24.185913,2
875,66000,387130000C,(04)23274275,(04)23288582,2025,06,3,15,42,臺中市,太平區,0,0,0,5,,,40,,,,,,,,,,,,,,16,,,,,C03,,,1,,2,,,45,45,1,12,4,120.725623,24.149878,3
876,66000,387130000C,(04)23274275,(04)23288582,2025,06,3,15,43,臺中市,沙鹿區,0,1,0,5,2,6,40,13,8,1,4,4,6,6,4,4,1,4,1,2,17,2,9,1,1,C03,7,8,1,10,2,14,,40,40,1,12,4,120.57057,24.235807,2
877,66000,387130000C,(04)23274275,(04)23288582,2025,06,3,15,45,臺中市,大雅區,0,1,0,5,3,6,50,4,1,1,4,4,6,6,3,1,9,5,5,1,16,3,10,3,1,B03,7,6,1,8,2,1,,24,24,1,13,4,120.656002,24.226878,2
878,66000,387130000C,(04)23274275,(04)23288582,2025,06,3,15,45,臺中市,龍井區,0,0,0,7,2,6,50,3,1,1,4,4,6,6,4,4,10,5,5,2,16,3,10,2,1,C03,7,9,1,10,1,11,,7,7,1,6,4,120.577997,24.180368,3
879,66000,387130000C,(04)23274275,(04)23288582,2025,06,3,15,48,臺中市,南屯區,0,0,0,5,,,50,,,,,,,,,,,,,,,,,,,B03,,,1,,2,,,43,43,1,6,4,120.643658,24.140238,3
880,66000,387130000C,(04)23274275,(04)23288582,2025,06,3,15,54,臺中市,南屯區,0,0,0,7,,,50,,,,,,,,,,,,,,12,,,,,B12,,,1,,1,,,59,59,1,12,4,120.648585,24.147402,3
881,66000,387130000C,(04)23274275,(04)23288582,2025,06,3,15,57,臺中市,西屯區,0,0,0,5,,,50,,,,,,,,,,,,,,14,,,,,B03,,,1,,9,,,49,49,1,13,4,120.640607,24.159988,3
882,66000,387130000C,(04)23274275,(04)23288582,2025,06,3,15,57,臺中市,清水區,0,0,0,7,,,70,,,,,,,,,,,,,,12,,,,,B02,,,1,,2,,,8,8,1,13,4,120.540664,24.289632,3
883,66000,387130000C,(04)23274275,(04)23288582,2025,06,3,15,57,臺中市,神岡區,0,0,0,5,,,30,,,,,,,,,,,,,,13,,,,,B02,,,1,,1,,,59,59,1,13,4,120.696191,24.247842,3
884,66000,387130000C,(04)23274275,(04)23288582,2025,06,3,15,59,臺中市,北屯區,0,0,0,5,,,50,,,,,,,,,,,,,,13,,,,,B12,,,1,,2,,,7,7,1,6,4,120.659876,24.192706,3
885,66000,387130000C,(04)23274275,(04)23288582,2025,06,3,16,3,臺中市,太平區,0,0,0,5,,,50,,,,,,,,,,,,,,14,,,,,B03,,,1,,2,,,49,49,1,13,4,120.720209,24.129985,3
886,66000,387130000C,(04)23274275,(04)23288582,2025,06,3,16,4,臺中市,梧棲區,0,1,0,5,1,6,40,4,1,1,4,4,6,6,4,4,10,5,5,1,16,3,10,2,1,C03,7,6,3,19,2,13,,14,14,1,12,4,120.558052,24.242137,2
887,66000,387130000C,(04)23274275,(04)23288582,2025,06,3,16,5,臺中市,西區,0,1,0,5,2,6,50,4,1,1,4,4,6,6,4,4,10,5,5,2,15,2,9,2,1,C03,7,9,1,10,2,12,,15,15,1,12,4,120.667419,24.138836,2
888,66000,387130000C,(04)23274275,(04)23288582,2025,06,3,16,5,臺中市,南屯區,0,0,0,5,3,6,50,13,9,1,4,4,6,6,4,4,1,4,5,2,12,,,,,B01,,,1,,1,,,51,51,1,12,4,120.646789,24.146405,3
889,66000,387130000C,(04)23274275,(04)23288582,2025,06,3,16,6,臺中市,北區,0,0,0,5,,,50,,,,,,,,,,,,,,17,,,,,B01,,,1,,1,,,35,35,1,13,4,120.683323,24.148809,3
890,66000,387130000C,(04)23274275,(04)23288582,2025,06,3,16,7,臺中市,大雅區,0,0,0,7,,,50,,,,,,,,,,,,,,,,,,,B03,,,1,,1,,,20,20,1,12,4,120.647447,24.21475,3
891,66000,387130000C,(04)23274275,(04)23288582,2025,06,3,16,11,臺中市,西屯區,0,0,0,5,,,50,,,,,,,,,,,,,,16,,,,,B03,,,1,,2,,,11,11,1,12,4,120.637979,24.180788,3
892,66000,387130000C,(04)23274275,(04)23288582,2025,06,3,16,18,臺中市,北屯區,0,1,0,5,1,6,50,3,2,1,4,4,6,6,4,4,5,4,5,2,15,3,10,3,1,B03,7,1,1,8,2,1,,51,51,1,13,4,120.688023,24.182611,2
893,66000,387130000C,(04)23274275,(04)23288582,2025,06,3,16,19,臺中市,大雅區,0,2,0,5,3,6,60,4,2,1,4,4,6,6,2,1,5,2,5,1,17,2,9,1,1,C03,7,9,1,10,2,12,,21,21,1,12,4,120.670542,24.237884,2
894,66000,387130000C,(04)23274275,(04)23288582,2025,06,3,16,19,臺中市,北區,0,0,0,5,,,50,,,,,,,,,,,,,,17,,,,,B03,,,1,,2,,,20,20,1,12,4,120.682609,24.167185,4
895,66000,387130000C,(04)23274275,(04)23288582,2025,06,3,16,20,臺中市,西區,0,1,0,7,2,6,50,4,1,1,4,4,6,6,2,1,10,5,5,2,16,3,10,5,1,B02,7,6,1,8,2,4,,23,23,1,6,4,120.672721,24.1359,2
896,66000,387130000C,(04)23274275,(04)23288582,2025,06,3,16,20,臺中市,西屯區,0,1,0,6,2,6,50,13,9,1,4,4,6,6,1,1,5,5,5,2,14,3,10,3,1,B03,7,2,1,8,2,3,,49,49,1,12,4,120.637716,24.168635,2
897,66000,387130000C,(04)23274275,(04)23288582,2025,06,3,16,24,臺中市,豐原區,0,0,0,6,,,30,,,,,,,,,,,,,,,,,,,B12,,,1,,2,,,49,49,1,13,4,120.713882,24.272271,3
898,66000,387130000C,(04)23274275,(04)23288582,2025,06,3,16,26,臺中市,大里區,0,1,0,6,2,6,50,4,1,1,4,4,6,3,4,4,10,5,5,2,16,3,10,3,1,B03,7,6,1,8,2,1,,14,14,1,13,4,120.699608,24.096429,2