﻿序號,縣市別代碼,機關代碼,市話,傳真,年,月,日,時,分,縣市,區,死亡數量,受傷數量,2-30,天候,道路照明設備,道路類別,道路速限,道路型態,事故位置,路面鋪裝,路面狀態,路面缺陷,障礙物,視距,號誌種類,號誌動作,分向設施,快車道或一般車道間,快慢車道間,路面邊線,事故類型及型態,受傷程度,主要傷處,保護裝備,行動電話或功能裝置,當事者區分_類別,車輛用途,當事者行動狀態,駕照狀態,駕照種類,飲酒情形,車輛撞擊部位最初,車輛撞擊部位其他,肇事因素個別,肇事因素主要,肇事逃逸,職業,共享經濟或外送平台,GPS座標X,GPS座標Y,事故類別
1009,66000,387130000C,(04)23274275,(04)23288582,2025,06,3,19,45,臺中市,潭子區,0,0,0,6,,,40,,,,,,,,,,,,,,,,,,,B03,,,1,,2,,,8,8,1,13,4,120.710573,24.20851,3
1010,66000,387130000C,(04)23274275,(04)23288582,2025,06,3,19,45,臺中市,后里區,0,0,0,6,1,5,50,13,2,1,5,4,6,6,1,1,9,5,5,1,13,3,10,5,1,B03,7,3,1,8,1,1,,7,7,1,12,4,120.702713,24.308157,3
1011,66000,387130000C,(04)23274275,(04)23288582,2025,06,3,19,46,臺中市,神岡區,0,2,0,6,1,6,50,3,1,1,4,4,6,6,1,1,10,5,5,1,12,2,9,1,1,C03,7,5,1,10,2,12,,47,47,1,12,4,120.671102,24.25632,2
1012,66000,387130000C,(04)23274275,(04)23288582,2025,06,3,19,54,臺中市,西屯區,0,1,0,6,1,6,40,4,1,1,5,2,6,6,2,1,10,5,5,2,18,2,9,1,1,C03,7,9,1,10,2,12,,84,84,1,12,4,120.639382,24.171676,2
1013,66000,387130000C,(04)23274275,(04)23288582,2025,06,3,19,58,臺中市,沙鹿區,0,0,0,7,,,50,,,,,,,,,,,,,,,,,,,B03,,,1,,1,,,14,14,1,13,4,120.560567,24.237752,3
1014,66000,387130000C,(04)23274275,(04)23288582,2025,06,3,20,2,臺中市,沙鹿區,0,0,0,7,,,40,,,,,,,,,,,,,,14,,,,,B03,,,1,,1,,,49,49,1,6,4,120.566981,24.252739,3
1015,66000,387130000C,(04)23274275,(04)23288582,2025,06,3,20,12,臺中市,北區,0,0,0,6,,,50,,,,,,,,,,,,,,17,,,,,B02,,,1,,1,,,84,84,1,13,4,120.685598,24.152797,3
1016,66000,387130000C,(04)23274275,(04)23288582,2025,06,3,20,19,臺中市,西屯區,0,0,0,7,,,50,,,,,,,,,,,,,,13,,,,,B03,,,1,,2,,,55,55,1,12,4,120.636325,24.159094,3
1017,66000,387130000C,(04)23274275,(04)23288582,2025,06,3,20,19,臺中市,西屯區,0,0,0,7,,,60,,,,,,,,,,,,,,13,,,,,B03,,,1,,1,,,7,7,1,12,4,120.659001,24.171068,3
1018,66000,387130000C,(04)23274275,(04)23288582,2025,06,3,20,20,臺中市,東區,0,0,0,7,,,50,,,,,,,,,,,,,,14,,,,,B03,,,1,,1,,,49,49,1,12,4,120.693562,24.149186,3
1019,66000,387130000C,(04)23274275,(04)23288582,2025,06,3,20,20,臺中市,南區,0,1,0,7,1,6,50,13,9,1,5,4,6,6,4,4,3,5,5,2,13,3,10,3,1,B01,7,7,1,4,2,5,,7,7,1,6,4,120.669811,24.119046,2
1020,66000,387130000C,(04)23274275,(04)23288582,2025,06,3,20,24,臺中市,北區,0,2,0,7,3,6,50,18,24,1,5,4,6,6,4,4,10,5,5,2,17,3,10,5,4,B03,7,6,1,8,2,8,,85,85,1,12,4,120.671956,24.167323,2
1021,66000,387130000C,(04)23274275,(04)23288582,2025,06,3,20,24,臺中市,西屯區,0,1,0,6,1,6,50,4,1,1,5,4,6,6,2,1,10,5,5,2,16,2,9,2,1,C03,7,6,1,10,2,11,,11,11,1,12,4,120.608813,24.155729,2
1022,66000,387130000C,(04)23274275,(04)23288582,2025,06,3,20,25,臺中市,西屯區,0,0,0,6,,,40,,,,,,,,,,,,,,13,,,,,C03,,,1,,1,,,7,7,1,12,4,120.609608,24.184261,3
1023,66000,387130000C,(04)23274275,(04)23288582,2025,06,3,20,26,臺中市,西屯區,0,0,0,7,,,40,,,,,,,,,,,,,,12,,,,,B03,,,1,,1,,,8,8,1,13,4,120.636499,24.160616,3
1024,66000,387130000C,(04)23274275,(04)23288582,2025,06,3,20,29,臺中市,神岡區,0,0,0,7,1,6,30,3,1,1,4,4,3,6,4,4,10,5,5,2,14,,,,,B02,,,1,,1,,,49,49,1,12,4,120.685924,24.248201,3
1025,66000,387130000C,(04)23274275,(04)23288582,2025,06,3,20,30,臺中市,西屯區,0,0,0,6,1,6,60,13,7,1,4,4,6,6,4,4,1,4,1,2,13,,,,,B03,,,1,,1,,,7,7,1,12,4,120.63979,24.169015,3
1026,66000,387130000C,(04)23274275,(04)23288582,2025,06,3,20,33,臺中市,南屯區,0,1,0,7,2,6,50,4,1,1,5,4,6,6,2,1,9,4,4,2,13,3,10,1,1,C03,7,9,1,10,1,11,,7,7,1,12,4,120.641686,24.146869,2
1027,66000,387130000C,(04)23274275,(04)23288582,2025,06,3,20,33,臺中市,神岡區,0,0,0,6,,,50,,,,,,,,,,,,,,14,,,,,B03,,,1,,2,,,49,49,1,12,4,120.69672,24.253827,3
1028,66000,387130000C,(04)23274275,(04)23288582,2025,06,3,20,37,臺中市,烏日區,0,0,0,7,,,50,,,,,,,,,,,,,,13,,,,,B03,,,1,,1,,,50,50,1,12,4,120.607188,24.108834,3
1029,66000,387130000C,(04)23274275,(04)23288582,2025,06,3,20,42,臺中市,大里區,0,0,0,7,,,50,,,,,,,,,,,,,,13,,,,,B03,,,1,,2,,,84,84,1,12,4,120.690393,24.092775,3
1030,66000,387130000C,(04)23274275,(04)23288582,2025,06,3,20,45,臺中市,南屯區,0,0,0,5,1,6,50,13,9,1,5,4,6,6,4,4,5,4,5,2,12,,,,,B02,,,1,,1,,,8,8,1,12,4,120.636709,24.146397,3
1031,66000,387130000C,(04)23274275,(04)23288582,2025,06,3,20,55,臺中市,北屯區,0,1,0,6,1,6,50,3,1,1,5,4,6,6,4,4,10,5,5,2,16,3,10,3,1,B03,7,6,1,8,2,8,,14,14,1,12,4,120.723484,24.169568,2
1032,66000,387130000C,(04)23274275,(04)23288582,2025,06,3,21,0,臺中市,大里區,0,1,0,6,1,6,50,4,1,1,4,4,3,6,2,1,10,5,5,2,17,3,10,3,1,B12,7,6,1,8,2,16,,11,11,1,13,4,120.683115,24.076967,2
1033,66000,387130000C,(04)23274275,(04)23288582,2025,06,3,21,1,臺中市,西屯區,0,1,0,7,1,6,30,4,1,1,4,4,6,6,4,4,10,5,5,2,15,3,10,5,4,B03,7,9,1,8,2,1,,6,6,1,13,4,120.667152,24.177108,2
1034,66000,387130000C,(04)23274275,(04)23288582,2025,06,3,21,12,臺中市,西屯區,0,1,0,7,1,6,50,13,9,1,5,4,6,6,4,4,9,5,5,2,12,3,10,3,1,B01,7,11,1,4,2,7,,39,39,1,12,4,120.618554,24.18719,2
1035,66000,387130000C,(04)23274275,(04)23288582,2025,06,3,21,27,臺中市,西區,0,0,0,5,,,50,,,,,,,,,,,,,,13,,,,,F01,,,7,,1,,,84,84,1,13,1,120.661534,24.1433,3
1036,66000,387130000C,(04)23274275,(04)23288582,2025,06,3,21,30,臺中市,烏日區,0,1,0,7,1,6,60,4,1,1,4,4,6,6,1,1,10,5,5,2,17,3,10,5,4,B03,7,6,1,8,2,8,,25,25,1,12,4,120.621817,24.104969,2
1037,66000,387130000C,(04)23274275,(04)23288582,2025,06,3,21,37,臺中市,梧棲區,0,0,0,7,,,50,,,,,,,,,,,,,,17,,,,,C03,,,1,,1,,,94,94,1,6,4,120.537591,24.245252,3
1038,66000,387130000C,(04)23274275,(04)23288582,2025,06,3,21,48,臺中市,南屯區,0,0,0,7,,,50,,,,,,,,,,,,,,,,,,,B03,,,1,,2,,,49,49,1,13,4,120.632815,24.145523,3
1039,66000,387130000C,(04)23274275,(04)23288582,2025,06,3,21,50,臺中市,清水區,0,0,0,7,1,6,60,13,8,1,5,4,6,6,4,4,8,3,4,1,12,,,,,B12,,,1,,2,,,50,50,1,12,4,120.543839,24.286352,3
1040,66000,387130000C,(04)23274275,(04)23288582,2025,06,3,22,2,臺中市,北區,0,2,0,6,1,6,40,13,8,1,4,4,6,6,4,4,5,4,4,2,3,2,9,6,5,H01,8,16,7,21,10,17,,95,95,1,13,5,120.664066,24.162458,2
1041,66000,387130000C,(04)23274275,(04)23288582,2025,06,3,22,4,臺中市,北屯區,0,0,0,5,,,50,,,,,,,,,,,,,,13,,,,,B03,,,1,,1,,,59,59,1,6,4,120.676907,24.173434,3
1042,66000,387130000C,(04)23274275,(04)23288582,2025,06,3,22,5,臺中市,西屯區,0,0,0,5,,,50,,,,,,,,,,,,,,13,,,,,B03,,,1,,1,,,7,7,1,12,4,120.659817,24.171087,3
1043,66000,387130000C,(04)23274275,(04)23288582,2025,06,3,22,15,臺中市,西區,0,0,0,5,,,50,,,,,,,,,,,,,,,,,,,B12,,,1,,1,,,84,84,1,12,4,120.665548,24.148999,3
1044,66000,387130000C,(04)23274275,(04)23288582,2025,06,3,22,20,臺中市,潭子區,0,1,0,5,1,6,60,3,2,1,4,4,6,6,2,1,1,4,4,1,18,2,9,2,1,C03,7,9,1,10,2,16,,59,59,1,13,4,120.70686,24.223881,2
1045,66000,387130000C,(04)23274275,(04)23288582,2025,06,3,22,28,臺中市,大肚區,0,0,0,7,,,30,,,,,,,,,,,,,,,,,,,B03,,,1,,11,,,85,85,1,6,4,120.575924,24.158664,3
1046,66000,387130000C,(04)23274275,(04)23288582,2025,06,3,22,30,臺中市,清水區,0,0,0,7,1,6,60,4,1,1,5,4,6,6,1,1,8,3,4,1,16,,,,,B01,,,1,,2,,,21,21,1,12,4,120.55327,24.275316,3
1047,66000,387130000C,(04)23274275,(04)23288582,2025,06,3,22,35,臺中市,西屯區,0,1,0,5,1,6,40,5,1,1,4,4,6,6,4,4,10,5,5,2,18,2,9,2,4,C03,7,9,1,10,2,14,,84,84,1,13,4,120.644435,24.178767,2
1048,66000,387130000C,(04)23274275,(04)23288582,2025,06,3,22,46,臺中市,霧峰區,0,0,0,7,,,50,,,,,,,,,,,,,,11,,,,,B03,,,1,,1,,,58,58,1,13,4,120.688462,24.043736,3
1049,66000,387130000C,(04)23274275,(04)23288582,2025,06,3,22,51,臺中市,北屯區,0,2,0,5,1,6,1,13,9,1,4,4,6,6,4,4,5,4,5,2,17,2,9,1,1,C03,7,1,1,10,2,14,,51,51,1,6,4,120.707689,24.16979,2
1050,66000,387130000C,(04)23274275,(04)23288582,2025,06,3,22,51,臺中市,西屯區,0,1,0,6,1,6,40,13,9,1,4,4,6,6,4,4,1,4,5,2,17,2,9,2,4,C03,7,9,1,10,2,11,,85,85,1,12,4,120.654012,24.159918,2
1051,66000,387130000C,(04)23274275,(04)23288582,2025,06,4,0,6,臺中市,大雅區,0,1,0,6,1,6,50,13,14,1,5,4,6,6,4,4,5,5,5,1,20,2,9,3,1,B03,7,9,5,19,2,1,,54,54,1,12,4,120.64619,24.238359,2
1052,66000,387130000C,(04)23274275,(04)23288582,2025,06,4,0,11,臺中市,大雅區,0,1,0,6,1,6,30,4,1,1,5,4,6,6,3,1,10,5,5,1,15,3,10,3,1,B03,7,9,1,8,2,4,,24,24,1,13,4,120.665695,24.229301,2
1053,66000,387130000C,(04)23274275,(04)23288582,2025,06,4,0,17,臺中市,南區,0,1,0,6,1,6,50,4,1,1,4,4,6,6,1,1,5,5,5,2,18,2,9,2,1,C03,7,5,1,10,2,16,,6,6,1,5,4,120.666836,24.114189,2
1054,66000,387130000C,(04)23274275,(04)23288582,2025,06,4,0,54,臺中市,太平區,0,0,0,5,,,50,,,,,,,,,,,,,,9,,,,,B02,,,1,,1,,,26,26,1,6,4,120.707039,24.161848,3
1055,66000,387130000C,(04)23274275,(04)23288582,2025,06,4,1,8,臺中市,西屯區,0,0,0,7,1,6,30,3,2,1,5,4,6,6,4,4,10,5,5,2,30,3,10,3,1,B03,7,9,1,8,8,8,,59,59,1,12,4,120.643078,24.174786,3
1056,66000,387130000C,(04)23274275,(04)23288582,2025,06,4,1,38,臺中市,西區,0,0,0,5,,,50,,,,,,,,,,,,,,12,,,,,B03,,,1,,1,,,84,84,1,13,4,120.667054,24.152433,3
1057,66000,387130000C,(04)23274275,(04)23288582,2025,06,4,2,5,臺中市,西區,0,0,0,5,,,50,,,,,,,,,,,,,,,,,,,B03,,,1,,2,,,84,84,1,12,4,120.657228,24.145164,3
1058,66000,387130000C,(04)23274275,(04)23288582,2025,06,4,3,47,臺中市,北區,0,1,0,5,1,6,50,13,7,1,4,4,6,6,4,4,5,4,4,2,18,2,9,5,4,C03,7,9,1,10,2,12,,84,84,1,12,4,120.66881,24.155789,2
1059,66000,387130000C,(04)23274275,(04)23288582,2025,06,4,4,10,臺中市,清水區,0,1,0,7,1,6,50,4,2,1,5,4,6,6,4,4,8,3,5,1,11,2,9,1,1,C03,7,9,1,10,2,11,,59,59,1,12,4,120.588384,24.297032,2
1060,66000,387130000C,(04)23274275,(04)23288582,2025,06,4,4,46,臺中市,北區,0,1,0,6,2,6,50,4,1,1,4,4,6,6,1,1,10,5,5,2,9,3,10,6,5,H01,8,16,7,21,10,17,,96,96,1,13,5,120.685723,24.153488,2
1061,66000,387130000C,(04)23274275,(04)23288582,2025,06,4,4,48,臺中市,烏日區,0,0,0,5,,,50,,,,,,,,,,,,,,,,,,,B03,,,1,,2,,,83,83,1,6,4,120.608211,24.104483,3
1062,66000,387130000C,(04)23274275,(04)23288582,2025,06,4,5,38,臺中市,北屯區,0,1,0,5,2,6,40,4,2,1,4,4,6,6,1,1,5,2,4,2,18,2,9,1,1,C03,7,9,1,10,2,14,,82,82,1,6,4,120.688542,24.181924,2
1063,66000,387130000C,(04)23274275,(04)23288582,2025,06,4,5,50,臺中市,豐原區,0,0,0,7,,,30,,,,,,,,,,,,,,17,,,,,C03,,,1,,2,,,59,59,1,6,4,120.705376,24.250379,3
1064,66000,387130000C,(04)23274275,(04)23288582,2025,06,4,5,55,臺中市,中區,0,0,0,6,,,50,,,,,,,,,,,,,,12,,,,,A02,,,1,,2,,,40,40,1,13,4,120.684916,24.137577,3
1065,66000,387130000C,(04)23274275,(04)23288582,2025,06,4,6,9,臺中市,南屯區,0,0,0,7,,,50,,,,,,,,,,,,,,12,,,,,A41,,,1,,1,,,40,40,1,12,4,120.62339,24.1497,3
1066,66000,387130000C,(04)23274275,(04)23288582,2025,06,4,6,22,臺中市,西屯區,0,0,0,7,,,40,,,,,,,,,,,,,,13,,,,,B03,,,1,,2,,,58,58,1,12,4,120.613759,24.183672,3
1067,66000,387130000C,(04)23274275,(04)23288582,2025,06,4,6,44,臺中市,太平區,0,1,0,7,3,6,50,13,9,1,5,4,6,6,4,4,5,4,5,1,17,2,9,2,1,C03,7,9,1,10,2,14,,84,84,1,12,4,120.720438,24.133797,2
1068,66000,387130000C,(04)23274275,(04)23288582,2025,06,4,6,50,臺中市,豐原區,0,2,0,7,2,6,50,4,1,1,4,4,6,6,3,1,10,5,5,2,17,2,9,1,1,F01,7,9,7,21,2,11,,84,84,1,13,4,120.715338,24.240954,2
1069,66000,387130000C,(04)23274275,(04)23288582,2025,06,4,6,53,臺中市,北區,0,1,0,7,2,6,50,13,9,1,5,4,6,6,4,4,5,4,5,2,13,2,9,5,4,C03,7,9,1,10,2,11,,84,84,1,12,4,120.681486,24.167306,2
1070,66000,387130000C,(04)23274275,(04)23288582,2025,06,4,6,53,臺中市,南區,0,0,0,7,,,50,,,,,,,,,,,,,,,,,,,C03,,,1,,1,,,7,7,1,6,4,120.661369,24.121639,3
1071,66000,387130000C,(04)23274275,(04)23288582,2025,06,4,6,58,臺中市,北屯區,0,1,0,7,3,6,50,13,9,1,5,4,6,6,4,4,5,4,5,2,17,3,10,1,1,C03,7,15,1,10,2,12,,34,34,1,12,4,120.725006,24.163621,2
1072,66000,387130000C,(04)23274275,(04)23288582,2025,06,4,7,6,臺中市,北區,0,1,0,6,2,6,50,4,2,1,5,4,6,6,1,1,5,4,4,2,18,2,9,1,1,C03,7,9,1,10,2,12,,43,43,1,12,4,120.678482,24.159011,2
1073,66000,387130000C,(04)23274275,(04)23288582,2025,06,4,7,8,臺中市,南區,0,1,0,7,2,6,50,13,9,1,4,4,6,6,4,4,9,4,5,2,17,3,10,3,1,B03,7,1,1,8,2,4,,51,51,1,13,4,120.659403,24.113632,2
1074,66000,387130000C,(04)23274275,(04)23288582,2025,06,4,7,10,臺中市,石岡區,0,0,0,7,,,50,,,,,,,,,,,,,,,,,,,B03,,,1,,1,,,59,59,1,12,4,120.7765,24.276443,3
1075,66000,387130000C,(04)23274275,(04)23288582,2025,06,4,7,14,臺中市,大雅區,0,0,0,7,,,30,,,,,,,,,,,,,,,,,,,B03,,,1,,1,,,6,6,1,12,4,120.654387,24.21114,3
1076,66000,387130000C,(04)23274275,(04)23288582,2025,06,4,7,15,臺中市,烏日區,0,1,0,7,2,6,50,3,1,1,5,4,6,6,4,4,5,4,4,2,16,3,10,3,1,B03,7,6,1,8,2,5,,39,39,1,6,4,120.60728,24.110265,2
1077,66000,387130000C,(04)23274275,(04)23288582,2025,06,4,7,15,臺中市,沙鹿區,0,1,0,7,2,6,50,13,7,1,4,4,6,6,1,1,1,3,4,2,18,2,9,2,1,C03,7,9,1,10,2,14,,84,84,1,12,4,120.565863,24.232527,2
1078,66000,387130000C,(04)23274275,(04)23288582,2025,06,4,7,17,臺中市,北屯區,0,0,0,7,,,50,,,,,,,,,,,,,,,,,,,B03,,,1,,1,,,58,58,1,6,4,120.706796,24.169598,3
1079,66000,387130000C,(04)23274275,(04)23288582,2025,06,4,7,17,臺中市,清水區,0,1,0,7,3,6,30,3,1,1,5,4,6,6,4,4,10,5,5,2,17,3,10,3,1,B03,7,6,1,8,2,5,,58,58,1,12,4,120.545752,24.263304,2
1080,66000,387130000C,(04)23274275,(04)23288582,2025,06,4,7,20,臺中市,潭子區,0,0,0,7,,,50,,,,,,,,,,,,,,13,,,,,C03,,,1,,2,,,59,59,1,13,4,120.721098,24.195866,3
1081,66000,387130000C,(04)23274275,(04)23288582,2025,06,4,7,20,臺中市,梧棲區,0,0,0,7,,,50,,,,,,,,,,,,,,13,,,,,B03,,,1,,1,,,84,84,1,12,4,120.53707,24.251239,3
1082,66000,387130000C,(04)23274275,(04)23288582,2025,06,4,7,22,臺中市,西屯區,0,0,0,7,,,40,,,,,,,,,,,,,,13,,,,,B03,,,1,,1,,,7,7,1,13,4,120.646977,24.195859,3
1083,66000,387130000C,(04)23274275,(04)23288582,2025,06,4,7,23,臺中市,北區,0,1,0,7,2,6,50,4,9,1,5,4,6,6,1,1,5,4,5,2,13,3,10,1,1,C03,7,9,2,19,2,11,,7,7,1,12,4,120.684977,24.165021,2
1084,66000,387130000C,(04)23274275,(04)23288582,2025,06,4,7,23,臺中市,西屯區,0,1,0,7,2,6,50,4,1,1,5,4,6,6,4,4,4,4,5,2,15,3,10,5,4,B03,7,9,1,8,2,1,,12,12,1,13,4,120.650436,24.167138,2
1085,66000,387130000C,(04)23274275,(04)23288582,2025,06,4,7,24,臺中市,霧峰區,0,0,0,7,,,50,,,,,,,,,,,,,,16,,,,,C03,,,1,,2,,,7,7,1,12,4,120.714304,24.075654,3
1086,66000,387130000C,(04)23274275,(04)23288582,2025,06,4,7,25,臺中市,潭子區,0,1,0,7,3,6,50,13,9,1,5,4,6,6,4,4,5,5,5,1,17,2,7,2,1,C03,7,4,1,10,2,12,,4,4,1,13,4,120.723769,24.203945,2
1087,66000,387130000C,(04)23274275,(04)23288582,2025,06,4,7,25,臺中市,霧峰區,0,0,0,7,,,50,,,,,,,,,,,,,,14,,,,,C03,,,1,,2,,,49,49,1,12,4,120.691812,24.046908,3
1088,66000,387130000C,(04)23274275,(04)23288582,2025,06,4,7,25,臺中市,豐原區,0,0,0,7,,,50,,,,,,,,,,,,,,17,,,,,B03,,,1,,2,,,50,50,1,12,4,120.721224,24.240238,3
1089,66000,387130000C,(04)23274275,(04)23288582,2025,06,4,7,27,臺中市,西區,0,1,0,7,2,6,50,4,1,1,5,4,6,6,4,4,10,5,5,2,17,3,10,3,1,B03,7,1,1,8,2,1,,51,51,1,13,4,120.658813,24.141573,2
1090,66000,387130000C,(04)23274275,(04)23288582,2025,06,4,7,27,臺中市,西屯區,0,0,0,7,,,50,,,,,,,,,,,,,,13,,,,,C03,,,1,,2,,,7,7,1,12,4,120.617498,24.185346,3
1091,66000,387130000C,(04)23274275,(04)23288582,2025,06,4,7,27,臺中市,大里區,0,0,0,6,,,50,,,,,,,,,,,,,,,,,,,B03,,,1,,2,,,58,58,1,12,4,120.687312,24.119228,3
1092,66000,387130000C,(04)23274275,(04)23288582,2025,06,4,7,30,臺中市,西屯區,0,2,0,7,1,6,50,4,2,1,4,4,6,6,2,1,10,5,5,2,12,2,9,1,1,C03,7,9,1,10,2,14,,7,7,1,13,4,120.614022,24.174996,2
1093,66000,387130000C,(04)23274275,(04)23288582,2025,06,4,7,37,臺中市,北屯區,0,1,0,7,2,6,50,4,1,1,5,4,6,6,1,1,10,5,5,2,13,2,8,1,1,C03,7,9,1,10,2,11,,7,7,1,12,4,120.702375,24.170891,2
1094,66000,387130000C,(04)23274275,(04)23288582,2025,06,4,7,38,臺中市,大里區,0,0,0,7,2,6,50,3,1,1,5,4,6,6,4,4,5,5,5,1,17,,,,,B03,,,1,,2,,,15,15,1,13,4,120.686678,24.117399,3
1095,66000,387130000C,(04)23274275,(04)23288582,2025,06,4,7,39,臺中市,大里區,0,1,0,7,2,6,50,3,2,1,5,4,6,6,1,1,5,5,4,2,12,2,9,1,1,C03,7,15,1,10,2,14,,42,42,1,13,4,120.679671,24.095498,2
1096,66000,387130000C,(04)23274275,(04)23288582,2025,06,4,7,39,臺中市,太平區,0,1,0,6,2,6,50,8,9,1,5,4,6,6,4,4,5,4,5,2,13,2,8,1,1,C03,7,9,1,10,2,14,,59,59,1,6,4,120.723689,24.133889,2
1097,66000,387130000C,(04)23274275,(04)23288582,2025,06,4,7,40,臺中市,南屯區,0,1,0,7,3,6,50,13,9,1,5,4,6,6,4,4,10,5,5,2,14,2,9,1,1,C03,7,2,1,10,2,13,,49,49,1,12,4,120.614438,24.151673,2
1098,66000,387130000C,(04)23274275,(04)23288582,2025,06,4,7,40,臺中市,西屯區,0,1,0,7,1,6,50,13,7,1,5,4,6,6,4,4,5,4,4,1,12,2,9,2,1,C03,7,8,1,10,2,13,,40,40,1,12,4,120.609661,24.185448,2
1099,66000,387130000C,(04)23274275,(04)23288582,2025,06,4,7,40,臺中市,太平區,0,2,0,7,3,6,30,13,9,1,5,4,6,6,4,4,10,5,5,2,17,2,9,2,1,C03,7,9,1,10,2,12,,84,84,1,12,4,120.729744,24.103212,2
1100,66000,387130000C,(04)23274275,(04)23288582,2025,06,4,7,42,臺中市,潭子區,0,1,0,7,2,6,60,13,12,1,5,4,6,6,4,4,1,4,4,1,18,2,9,1,1,C03,7,9,1,10,2,14,,84,84,1,13,4,120.690125,24.22554,2
1101,66000,387130000C,(04)23274275,(04)23288582,2025,06,4,7,42,臺中市,神岡區,0,1,0,7,2,6,50,3,1,1,5,4,6,6,3,1,10,5,5,2,16,3,10,5,4,B03,7,6,1,8,2,6,,11,11,1,12,4,120.64386,24.253162,2
1102,66000,387130000C,(04)23274275,(04)23288582,2025,06,4,7,44,臺中市,石岡區,0,0,0,7,,,50,,,,,,,,,,,,,,,,,,,B03,,,1,,1,,,7,7,1,12,4,120.76687,24.278185,3
1103,66000,387130000C,(04)23274275,(04)23288582,2025,06,4,7,45,臺中市,南區,0,0,0,7,,,50,,,,,,,,,,,,,,17,,,,,C03,,,1,,2,,,51,51,1,12,4,120.671398,24.119158,4
1104,66000,387130000C,(04)23274275,(04)23288582,2025,06,4,7,45,臺中市,烏日區,0,2,0,7,2,6,50,13,9,1,5,4,6,6,4,4,5,4,5,1,17,2,9,1,1,C03,7,3,3,19,2,11,,20,20,1,6,4,120.650194,24.11132,2
1105,66000,387130000C,(04)23274275,(04)23288582,2025,06,4,7,47,臺中市,沙鹿區,0,0,0,7,,,60,,,,,,,,,,,,,,,,,,,A42,,,1,,1,,,7,7,1,12,4,120.566418,24.204474,3
1106,66000,387130000C,(04)23274275,(04)23288582,2025,06,4,7,47,臺中市,沙鹿區,0,1,0,7,3,6,30,5,1,1,5,4,6,6,1,1,10,5,5,2,12,3,10,2,1,C03,7,1,1,10,2,12,,51,51,1,13,4,120.568188,24.238013,2
1107,66000,387130000C,(04)23274275,(04)23288582,2025,06,4,7,49,臺中市,北屯區,0,1,0,7,2,6,50,4,1,1,5,4,6,6,2,1,10,5,5,2,16,3,10,3,1,B02,7,6,1,8,2,5,,48,48,1,6,4,120.690494,24.192772,2
1108,66000,387130000C,(04)23274275,(04)23288582,2025,06,4,7,50,臺中市,西屯區,0,0,0,6,,,50,,,,,,,,,,,,,,13,,,,,B12,,,1,,1,,,7,7,1,12,4,120.651816,24.165933,3
1109,66000,387130000C,(04)23274275,(04)23288582,2025,06,4,7,50,臺中市,大甲區,0,1,0,7,3,6,50,3,2,1,5,4,6,6,1,1,5,4,5,1,13,2,9,1,1,C03,7,9,1,10,2,11,,7,7,1,7,4,120.646825,24.405393,2
1110,66000,387130000C,(04)23274275,(04)23288582,2025,06,4,7,53,臺中市,烏日區,0,1,0,7,2,6,50,4,1,1,5,4,6,6,2,1,10,5,5,2,12,3,10,3,1,B01,7,5,1,4,2,2,,47,47,1,6,4,120.607517,24.111886,2
1111,66000,387130000C,(04)23274275,(04)23288582,2025,06,4,7,53,臺中市,梧棲區,0,1,0,7,3,6,40,4,8,1,5,4,6,6,1,1,1,4,1,1,18,2,9,1,1,C03,7,9,1,10,2,16,,87,87,1,6,4,120.52737,24.230442,2
1112,66000,387130000C,(04)23274275,(04)23288582,2025,06,4,7,54,臺中市,北區,0,1,0,7,3,6,50,4,2,1,5,4,6,6,1,1,5,4,5,2,16,3,10,5,4,C03,7,6,1,10,2,16,,39,39,1,12,4,120.686942,24.161583,2
1113,66000,387130000C,(04)23274275,(04)23288582,2025,06,4,7,57,臺中市,西區,0,1,0,7,2,6,50,4,1,1,5,4,6,6,2,1,1,2,4,2,16,3,10,2,1,C03,7,5,1,10,2,13,,84,84,1,12,4,120.653126,24.150909,2
1114,66000,387130000C,(04)23274275,(04)23288582,2025,06,4,7,59,臺中市,北區,0,2,0,7,2,6,50,13,8,1,5,4,6,6,4,4,8,3,4,2,13,2,9,2,1,C03,7,9,1,10,2,11,,7,7,1,13,4,120.673193,24.167689,2
1115,66000,387130000C,(04)23274275,(04)23288582,2025,06,4,8,0,臺中市,潭子區,0,1,0,7,3,6,50,3,1,1,5,4,6,6,1,1,5,4,5,2,17,3,10,3,1,B03,7,14,1,8,2,6,,76,76,1,13,4,120.710482,24.233789,2
1116,66000,387130000C,(04)23274275,(04)23288582,2025,06,4,8,0,臺中市,東區,0,1,0,7,2,6,50,4,2,1,5,4,6,6,1,1,9,4,4,2,17,3,10,3,1,B12,7,9,1,8,2,1,,7,7,1,12,4,120.685038,24.12957,2
1117,66000,387130000C,(04)23274275,(04)23288582,2025,06,4,8,5,臺中市,沙鹿區,0,0,0,7,2,6,40,13,14,1,5,4,6,6,4,4,4,3,4,2,12,,,,,B03,,,1,,1,,,50,50,1,12,4,120.562858,24.237433,3
1118,66000,387130000C,(04)23274275,(04)23288582,2025,06,4,8,8,臺中市,龍井區,0,2,0,7,3,6,50,3,1,1,5,4,6,6,2,1,5,5,5,1,17,2,9,2,1,C03,7,6,1,10,2,14,,8,8,1,12,4,120.547529,24.190727,2
1119,66000,387130000C,(04)23274275,(04)23288582,2025,06,4,8,9,臺中市,南區,0,1,0,7,2,6,50,13,7,1,5,4,6,6,4,4,5,5,4,2,17,3,10,3,1,B03,7,11,1,8,2,4,,45,45,1,12,4,120.673585,24.124004,2