﻿序號,縣市別代碼,機關代碼,市話,傳真,年,月,日,時,分,縣市,區,死亡數量,受傷數量,2-30,天候,道路照明設備,道路類別,道路速限,道路型態,事故位置,路面鋪裝,路面狀態,路面缺陷,障礙物,視距,號誌種類,號誌動作,分向設施,快車道或一般車道間,快慢車道間,路面邊線,事故類型及型態,受傷程度,主要傷處,保護裝備,行動電話或功能裝置,當事者區分_類別,車輛用途,當事者行動狀態,駕照狀態,駕照種類,飲酒情形,車輛撞擊部位最初,車輛撞擊部位其他,肇事因素個別,肇事因素主要,肇事逃逸,職業,共享經濟或外送平台,GPS座標X,GPS座標Y,事故類別
1120,66000,387130000C,(04)23274275,(04)23288582,2025,06,4,8,10,臺中市,大里區,0,0,0,6,,,50,,,,,,,,,,,,,,,,,,,B03,,,1,,2,,,49,49,1,12,4,120.694318,24.120995,3
1121,66000,387130000C,(04)23274275,(04)23288582,2025,06,4,8,10,臺中市,烏日區,0,2,0,7,2,6,30,5,1,1,5,4,6,6,4,4,10,5,5,1,15,2,9,1,1,C02,7,9,1,9,2,11,,15,15,1,6,4,120.632593,24.070651,2
1122,66000,387130000C,(04)23274275,(04)23288582,2025,06,4,8,13,臺中市,北屯區,0,0,0,7,,,40,,,,,,,,,,,,,,,,,,,B03,,,1,,1,,,84,84,1,6,4,120.722274,24.168125,3
1123,66000,387130000C,(04)23274275,(04)23288582,2025,06,4,8,14,臺中市,北屯區,0,1,0,7,2,6,50,4,1,1,5,4,6,6,1,1,5,5,4,2,16,3,10,3,1,B03,7,5,1,8,2,2,,47,47,1,12,4,120.722612,24.179916,2
1124,66000,387130000C,(04)23274275,(04)23288582,2025,06,4,8,14,臺中市,北屯區,0,1,0,7,2,6,50,13,9,1,5,4,6,6,4,4,1,2,5,2,13,2,9,2,1,C02,7,9,1,9,2,14,12,7,7,1,12,4,120.68796,24.171873,2
1125,66000,387130000C,(04)23274275,(04)23288582,2025,06,4,8,16,臺中市,南區,0,1,0,7,3,6,50,13,9,1,5,4,6,6,4,4,9,4,5,2,16,3,10,3,1,B12,7,6,1,8,2,2,,20,20,1,13,4,120.657617,24.108923,2
1126,66000,387130000C,(04)23274275,(04)23288582,2025,06,4,8,16,臺中市,南屯區,0,1,0,7,2,6,50,4,1,1,5,4,6,6,4,4,10,5,5,2,15,3,10,3,1,B03,7,9,1,8,2,7,,13,13,1,13,4,120.617561,24.152541,2
1127,66000,387130000C,(04)23274275,(04)23288582,2025,06,4,8,17,臺中市,大雅區,0,1,0,7,2,6,30,4,2,1,5,4,6,6,2,1,10,4,5,1,17,2,8,1,1,C03,7,1,1,10,2,14,,51,51,1,12,4,120.651683,24.223712,2
1128,66000,387130000C,(04)23274275,(04)23288582,2025,06,4,8,19,臺中市,北屯區,0,1,0,7,2,6,50,13,8,1,5,4,6,6,4,4,10,5,5,2,16,3,10,3,1,B03,7,6,1,8,2,2,,84,84,1,9,4,120.719512,24.172797,2
1129,66000,387130000C,(04)23274275,(04)23288582,2025,06,4,8,24,臺中市,大里區,0,1,0,6,3,6,40,3,1,1,5,4,6,6,1,1,10,5,5,2,16,2,9,1,1,C03,7,9,1,10,2,14,,1,1,1,13,4,120.727723,24.086929,2
1130,66000,387130000C,(04)23274275,(04)23288582,2025,06,4,8,26,臺中市,南屯區,0,1,0,7,2,6,40,3,8,1,5,4,6,6,4,4,1,4,3,2,12,2,8,1,1,C03,7,12,1,10,2,11,,84,84,1,12,4,120.613845,24.148798,2
1131,66000,387130000C,(04)23274275,(04)23288582,2025,06,4,8,27,臺中市,潭子區,0,1,0,7,2,6,50,13,9,1,5,4,6,6,1,1,5,2,5,1,13,2,9,1,1,C03,7,9,1,10,2,11,,7,7,1,13,4,120.719838,24.193679,2
1132,66000,387130000C,(04)23274275,(04)23288582,2025,06,4,8,33,臺中市,中區,0,1,0,7,2,6,50,4,1,1,5,4,6,6,1,1,10,5,5,2,15,3,10,5,4,B03,7,9,1,8,2,4,,21,21,1,13,4,120.679157,24.145556,2
1133,66000,387130000C,(04)23274275,(04)23288582,2025,06,4,8,34,臺中市,西屯區,0,0,0,7,,,50,,,,,,,,,,,,,,11,,,,,B03,,,1,,1,,,39,39,1,12,4,120.626468,24.156488,3
1134,66000,387130000C,(04)23274275,(04)23288582,2025,06,4,8,36,臺中市,烏日區,0,0,0,7,,,50,,,,,,,,,,,,,,13,,,,,B03,,,1,,1,,,7,7,1,6,4,120.625105,24.106933,3
1135,66000,387130000C,(04)23274275,(04)23288582,2025,06,4,8,37,臺中市,北屯區,0,1,0,7,2,6,50,4,1,1,5,4,6,6,2,1,10,5,5,2,12,3,10,1,1,C03,7,4,1,10,2,14,,1,1,1,6,4,120.681941,24.179289,2
1136,66000,387130000C,(04)23274275,(04)23288582,2025,06,4,8,39,臺中市,西屯區,0,1,0,7,2,6,30,4,1,1,5,4,3,3,4,4,10,5,5,2,15,2,9,2,1,C03,7,9,1,10,2,11,,15,15,1,12,4,120.653141,24.164558,2
1137,66000,387130000C,(04)23274275,(04)23288582,2025,06,4,8,39,臺中市,大里區,0,0,0,7,,,50,,,,,,,,,,,,,,9,,,,,B03,,,1,,1,,,8,8,1,12,4,120.684826,24.080299,3
1138,66000,387130000C,(04)23274275,(04)23288582,2025,06,4,8,39,臺中市,豐原區,0,0,0,7,,,60,,,,,,,,,,,,,,12,,,,,B03,,,1,,2,,,8,8,1,13,4,120.70324,24.23821,3
1139,66000,387130000C,(04)23274275,(04)23288582,2025,06,4,8,41,臺中市,大雅區,0,2,0,7,3,6,50,4,2,1,5,4,6,6,4,4,5,2,5,1,17,2,9,1,1,C03,7,9,1,10,2,11,,59,59,1,12,4,120.648298,24.221932,2
1140,66000,387130000C,(04)23274275,(04)23288582,2025,06,4,8,41,臺中市,大里區,0,0,0,7,,,50,,,,,,,,,,,,,,13,,,,,B03,,,1,,1,,,58,58,1,12,4,120.697851,24.082323,3
1141,66000,387130000C,(04)23274275,(04)23288582,2025,06,4,8,45,臺中市,沙鹿區,0,1,0,7,3,6,50,3,2,1,5,4,6,6,4,4,5,5,5,2,12,2,6,2,1,C03,7,9,1,10,2,11,,7,7,1,13,4,120.568018,24.22482,2
1142,66000,387130000C,(04)23274275,(04)23288582,2025,06,4,8,53,臺中市,西屯區,0,0,0,7,,,30,,,,,,,,,,,,,,12,,,,,B03,,,1,,11,,,8,8,1,13,4,120.659424,24.166579,3
1143,66000,387130000C,(04)23274275,(04)23288582,2025,06,4,8,55,臺中市,西區,0,1,0,7,3,6,50,4,2,1,5,4,6,6,1,1,1,4,5,2,13,2,9,1,1,C03,7,9,1,9,2,11,,84,84,1,12,4,120.674173,24.148609,2
1144,66000,387130000C,(04)23274275,(04)23288582,2025,06,4,8,56,臺中市,西屯區,0,1,0,7,2,6,50,3,2,1,5,4,6,6,4,4,4,5,5,2,13,2,8,5,4,C03,7,9,1,10,2,11,,88,88,1,13,4,120.658347,24.162036,2
1145,66000,387130000C,(04)23274275,(04)23288582,2025,06,4,8,57,臺中市,后里區,0,2,0,7,2,6,60,3,1,1,5,4,6,6,3,1,10,5,5,2,16,2,9,1,1,C03,7,8,1,10,2,14,,40,40,1,6,4,120.722836,24.310451,2
1146,66000,387130000C,(04)23274275,(04)23288582,2025,06,4,9,0,臺中市,南屯區,0,0,0,7,,,50,,,,,,,,,,,,,,13,,,,,B03,,,1,,1,,,84,84,1,13,4,120.637784,24.129872,3
1147,66000,387130000C,(04)23274275,(04)23288582,2025,06,4,9,0,臺中市,大甲區,0,1,0,7,3,6,50,4,2,1,5,4,6,6,3,1,10,5,5,2,13,3,10,3,1,B03,7,9,1,8,2,1,,7,7,1,6,4,120.630577,24.347153,2
1148,66000,387130000C,(04)23274275,(04)23288582,2025,06,4,9,10,臺中市,北屯區,0,2,0,7,1,6,50,4,1,1,5,4,1,6,2,1,10,5,5,2,16,2,3,3,1,B03,7,5,1,8,2,6,,84,84,1,6,4,120.721605,24.162579,2
1149,66000,387130000C,(04)23274275,(04)23288582,2025,06,4,9,10,臺中市,沙鹿區,0,0,0,7,2,6,50,4,7,1,5,4,6,6,1,1,4,3,4,2,13,,,,,B03,,,1,,1,,,7,7,1,12,4,120.568054,24.253934,3
1150,66000,387130000C,(04)23274275,(04)23288582,2025,06,4,9,15,臺中市,大里區,0,0,0,7,,,40,,,,,,,,,,,,,,,,,,,B03,,,1,,2,,,84,84,1,13,4,120.697117,24.08437,3
1151,66000,387130000C,(04)23274275,(04)23288582,2025,06,4,9,20,臺中市,沙鹿區,0,0,0,7,,,60,,,,,,,,,,,,,,,,,,,B03,,,1,,1,,,82,82,1,12,4,120.573955,24.230013,3
1152,66000,387130000C,(04)23274275,(04)23288582,2025,06,4,9,24,臺中市,西區,0,0,0,7,,,50,,,,,,,,,,,,,,,,,,,B03,,,1,,1,,,8,8,1,6,4,120.670723,24.136171,3
1153,66000,387130000C,(04)23274275,(04)23288582,2025,06,4,9,33,臺中市,大甲區,0,0,0,7,,,50,,,,,,,,,,,,,,35,,,,,F06,,,7,,1,,,50,50,1,13,5,120.623076,24.350773,3
1154,66000,387130000C,(04)23274275,(04)23288582,2025,06,4,9,40,臺中市,西屯區,0,0,0,7,,,40,,,,,,,,,,,,,,13,,,,,B03,,,5,,1,,,84,84,1,12,4,120.604782,24.18344,3
1155,66000,387130000C,(04)23274275,(04)23288582,2025,06,4,9,40,臺中市,梧棲區,0,0,0,7,,,70,,,,,,,,,,,,,,12,,,,,B03,,,1,,2,,,20,20,1,12,4,120.524932,24.254029,3
1156,66000,387130000C,(04)23274275,(04)23288582,2025,06,4,9,41,臺中市,大里區,0,0,0,6,,,50,,,,,,,,,,,,,,13,,,,,C03,,,1,,2,,,7,7,1,12,4,120.698988,24.109911,3
1157,66000,387130000C,(04)23274275,(04)23288582,2025,06,4,9,47,臺中市,大里區,0,0,0,7,,,50,,,,,,,,,,,,,,13,,,,,C03,,,1,,2,,,84,84,1,12,4,120.716065,24.094488,3
1158,66000,387130000C,(04)23274275,(04)23288582,2025,06,4,9,50,臺中市,龍井區,0,0,0,7,,,60,,,,,,,,,,,,,,12,,,,,B03,,,1,,1,,,8,8,1,6,4,120.581747,24.187886,3
1159,66000,387130000C,(04)23274275,(04)23288582,2025,06,4,9,53,臺中市,烏日區,0,1,0,7,2,6,30,4,1,1,5,4,6,6,3,1,10,5,5,2,17,2,9,1,1,C03,7,9,1,10,2,12,,20,20,1,6,4,120.618777,24.103323,2
1160,66000,387130000C,(04)23274275,(04)23288582,2025,06,4,9,55,臺中市,南屯區,0,0,0,7,3,6,50,4,1,1,5,4,6,6,4,4,5,5,4,2,16,,,,,B03,,,1,,1,,,20,20,1,12,4,120.647787,24.141778,3
1161,66000,387130000C,(04)23274275,(04)23288582,2025,06,4,10,6,臺中市,大里區,0,1,0,7,2,6,50,13,9,1,5,4,6,6,4,4,9,5,5,2,17,3,10,5,4,B03,7,15,1,8,2,15,,76,76,1,12,4,120.696782,24.089147,2
1162,66000,387130000C,(04)23274275,(04)23288582,2025,06,4,10,12,臺中市,東區,0,2,0,7,2,6,50,3,1,1,5,4,6,6,3,1,10,5,5,2,17,2,9,2,1,C03,7,9,1,10,2,12,,84,84,1,12,4,120.698293,24.125097,2
1163,66000,387130000C,(04)23274275,(04)23288582,2025,06,4,10,12,臺中市,石岡區,0,3,0,6,3,6,30,13,9,1,5,4,6,6,4,4,10,5,5,1,17,2,7,5,4,C03,7,5,1,10,2,11,14,84,84,1,13,4,120.795825,24.273726,2
1164,66000,387130000C,(04)23274275,(04)23288582,2025,06,4,10,14,臺中市,西屯區,0,0,0,7,,,40,,,,,,,,,,,,,,,,,,,B03,,,1,,1,,,7,7,1,13,4,120.61978,24.180941,3
1165,66000,387130000C,(04)23274275,(04)23288582,2025,06,4,10,17,臺中市,大雅區,0,0,0,7,,,50,,,,,,,,,,,,,,,,,,,B03,,,1,,1,,,41,41,1,12,4,120.660378,24.207664,3
1166,66000,387130000C,(04)23274275,(04)23288582,2025,06,4,10,20,臺中市,南屯區,0,0,0,7,3,6,60,13,7,1,5,4,6,6,1,1,3,4,1,2,13,,,,,B13,,,1,,1,,,7,7,1,12,4,120.633136,24.124195,3
1167,66000,387130000C,(04)23274275,(04)23288582,2025,06,4,10,25,臺中市,潭子區,0,0,0,7,,,50,,,,,,,,,,,,,,,,,,,B03,,,1,,2,,,20,20,1,13,4,120.701225,24.196621,3
1168,66000,387130000C,(04)23274275,(04)23288582,2025,06,4,10,30,臺中市,大里區,0,1,0,7,2,6,50,4,2,1,5,4,6,6,4,4,5,5,5,2,16,2,9,2,1,C03,7,6,1,10,2,14,,14,14,1,12,4,120.70008,24.109014,2
1169,66000,387130000C,(04)23274275,(04)23288582,2025,06,4,10,30,臺中市,霧峰區,0,2,0,7,3,6,40,4,9,1,5,4,6,6,1,1,10,5,5,2,12,2,9,1,1,C03,7,9,1,10,2,14,,1,1,1,13,4,120.679824,24.065003,2
1170,66000,387130000C,(04)23274275,(04)23288582,2025,06,4,10,32,臺中市,霧峰區,0,1,0,7,3,6,50,13,9,1,5,4,6,6,4,4,5,5,5,1,13,2,9,1,1,C03,7,9,1,10,2,11,,84,84,1,5,4,120.708119,24.073997,2
1171,66000,387130000C,(04)23274275,(04)23288582,2025,06,4,10,37,臺中市,南屯區,0,2,0,7,2,6,50,4,1,1,5,4,6,6,2,1,10,5,5,2,13,2,9,2,1,C03,7,9,1,10,1,11,,59,59,1,13,4,120.646564,24.134687,2
1172,66000,387130000C,(04)23274275,(04)23288582,2025,06,4,10,42,臺中市,大里區,0,0,0,7,2,6,50,13,9,1,5,4,6,6,1,1,5,4,5,1,13,,,,,B03,,,1,,1,,,84,84,1,13,4,120.70156,24.12441,3
1173,66000,387130000C,(04)23274275,(04)23288582,2025,06,4,10,42,臺中市,太平區,0,0,0,7,,,50,,,,,,,,,,,,,,17,,,,,B12,,,1,,9,,,84,84,2,12,4,120.718321,24.131553,3
1174,66000,387130000C,(04)23274275,(04)23288582,2025,06,4,10,45,臺中市,南屯區,0,2,0,6,2,6,50,3,1,1,5,4,6,6,4,4,10,5,5,2,16,2,9,6,4,F01,7,6,7,21,2,11,,48,48,1,13,4,120.633681,24.152381,2
1175,66000,387130000C,(04)23274275,(04)23288582,2025,06,4,10,45,臺中市,霧峰區,0,0,0,7,,,30,,,,,,,,,,,,,,16,,,,,B03,,,1,,2,,,12,12,1,12,4,120.738629,24.062061,3
1176,66000,387130000C,(04)23274275,(04)23288582,2025,06,4,10,46,臺中市,南屯區,0,0,0,7,,,50,,,,,,,,,,,,,,17,,,,,B03,,,1,,2,,,50,50,1,13,4,120.649494,24.13675,3
1177,66000,387130000C,(04)23274275,(04)23288582,2025,06,4,10,47,臺中市,后里區,0,0,0,7,,,50,,,,,,,,,,,,,,30,,,,,B03,,,1,,2,,,76,76,1,6,4,120.717616,24.307261,3
1178,66000,387130000C,(04)23274275,(04)23288582,2025,06,4,10,51,臺中市,西屯區,0,2,0,6,2,6,50,3,9,1,5,4,6,6,1,1,1,4,5,2,16,3,10,5,4,B03,7,7,1,8,2,5,,40,40,1,12,4,120.628836,24.162277,2
1179,66000,387130000C,(04)23274275,(04)23288582,2025,06,4,11,5,臺中市,烏日區,0,1,0,7,2,6,30,3,1,1,5,4,6,6,4,4,10,5,5,2,16,2,9,1,1,C03,7,6,1,10,2,14,,14,14,1,6,4,120.621528,24.104023,2
1180,66000,387130000C,(04)23274275,(04)23288582,2025,06,4,11,18,臺中市,神岡區,0,0,0,7,,,40,,,,,,,,,,,,,,17,,,,,B03,,,1,,1,,,40,40,1,13,4,120.65629,24.250712,3
1181,66000,387130000C,(04)23274275,(04)23288582,2025,06,4,11,21,臺中市,西區,0,1,0,6,2,6,50,3,1,1,5,4,6,6,2,1,5,4,4,2,17,3,10,1,1,C03,7,1,3,19,2,11,,51,51,1,12,4,120.670209,24.14677,2
1182,66000,387130000C,(04)23274275,(04)23288582,2025,06,4,11,26,臺中市,霧峰區,0,1,0,7,3,6,50,13,9,1,5,4,6,6,4,4,9,5,5,1,13,2,8,1,1,C03,7,10,1,10,2,11,,84,84,1,13,4,120.715249,24.073183,2
1183,66000,387130000C,(04)23274275,(04)23288582,2025,06,4,11,27,臺中市,北區,0,0,0,5,1,6,30,13,9,1,4,4,6,6,4,4,5,2,5,2,17,,,,,,,,,,,,,50,50,1,,,120.681761,24.147962,3
1184,66000,387130000C,(04)23274275,(04)23288582,2025,06,4,11,28,臺中市,西屯區,0,0,0,7,,,40,,,,,,,,,,,,,,14,,,,,B03,,,1,,1,,,49,49,1,12,4,120.655524,24.200176,3
1185,66000,387130000C,(04)23274275,(04)23288582,2025,06,4,11,28,臺中市,西屯區,0,1,0,7,2,6,50,3,4,1,5,4,6,6,1,1,5,4,5,2,13,2,7,2,1,C03,7,9,1,10,2,11,,59,59,1,12,4,120.641974,24.163292,2
1186,66000,387130000C,(04)23274275,(04)23288582,2025,06,4,11,29,臺中市,梧棲區,0,1,0,7,2,6,30,13,9,1,5,4,6,6,4,4,10,5,5,2,20,2,8,1,1,C03,7,9,1,10,2,11,,57,57,1,12,4,120.542705,24.234781,2
1187,66000,387130000C,(04)23274275,(04)23288582,2025,06,4,11,32,臺中市,南屯區,0,0,0,7,3,6,50,13,9,1,5,4,6,6,4,4,3,4,5,2,14,,,,,B03,,,1,,1,,,49,49,1,12,4,120.652647,24.140309,3
1188,66000,387130000C,(04)23274275,(04)23288582,2025,06,4,11,32,臺中市,西屯區,0,1,0,7,2,6,40,4,1,1,5,4,6,6,1,1,10,5,5,2,12,3,10,3,4,B03,7,5,1,5,2,6,,84,84,1,13,4,120.637546,24.185697,2
1189,66000,387130000C,(04)23274275,(04)23288582,2025,06,4,11,32,臺中市,西屯區,0,1,0,7,2,6,40,13,8,1,5,4,6,6,2,1,1,5,1,2,13,2,9,5,4,C03,7,9,1,10,2,11,,7,7,1,13,4,120.621439,24.179888,2
1190,66000,387130000C,(04)23274275,(04)23288582,2025,06,4,11,33,臺中市,西屯區,0,0,0,7,,,50,,,,,,,,,,,,,,13,,,,,C03,,,1,,1,,,59,59,1,12,4,120.644251,24.194815,3
1191,66000,387130000C,(04)23274275,(04)23288582,2025,06,4,11,35,臺中市,梧棲區,0,1,0,7,3,6,50,3,1,1,5,4,6,6,4,4,10,4,4,2,16,2,9,1,1,C03,7,9,1,10,2,11,,59,59,1,6,4,120.531122,24.255283,2
1192,66000,387130000C,(04)23274275,(04)23288582,2025,06,4,11,37,臺中市,南屯區,0,0,0,7,3,6,50,13,9,1,5,4,6,6,1,1,5,5,5,2,12,,,,,C03,,,3,,1,,,20,20,1,12,4,120.648731,24.149924,4
1193,66000,387130000C,(04)23274275,(04)23288582,2025,06,4,11,39,臺中市,西屯區,0,0,0,6,,,40,,,,,,,,,,,,,,,,,,,C01,,,1,,1,,,8,8,1,12,4,120.643643,24.165818,3
1194,66000,387130000C,(04)23274275,(04)23288582,2025,06,4,11,40,臺中市,西屯區,0,0,0,7,,,40,,,,,,,,,,,,,,,,,,,B03,,,1,,1,,,7,7,1,13,4,120.617017,24.182841,3
1195,66000,387130000C,(04)23274275,(04)23288582,2025,06,4,11,42,臺中市,東區,0,1,0,7,3,6,50,4,1,1,5,4,6,6,1,1,10,5,5,2,16,3,10,3,1,B03,7,5,1,8,2,5,,11,11,1,12,4,120.686001,24.141485,2
1196,66000,387130000C,(04)23274275,(04)23288582,2025,06,4,11,42,臺中市,東區,0,0,0,7,,,50,,,,,,,,,,,,,,14,,,,,B03,,,1,,1,,,49,49,1,12,4,120.687793,24.139313,3
1197,66000,387130000C,(04)23274275,(04)23288582,2025,06,4,11,50,臺中市,北屯區,0,0,0,7,,,50,,,,,,,,,,,,,,13,,,,,B12,,,1,,1,,,84,84,1,12,4,120.727523,24.160937,3
1198,66000,387130000C,(04)23274275,(04)23288582,2025,06,4,11,50,臺中市,沙鹿區,0,1,0,7,2,6,40,13,9,1,5,4,6,6,4,4,4,4,5,2,12,3,10,2,1,F02,7,9,7,21,2,11,,85,85,1,12,4,120.560394,24.234575,2
1199,66000,387130000C,(04)23274275,(04)23288582,2025,06,4,11,52,臺中市,大甲區,0,3,0,7,3,6,50,3,1,1,5,4,6,6,4,4,10,5,5,2,16,2,9,1,1,C03,7,6,1,10,2,11,,14,14,1,6,4,120.616053,24.350052,2
1200,66000,387130000C,(04)23274275,(04)23288582,2025,06,4,11,53,臺中市,北屯區,0,1,0,7,2,6,50,3,1,1,5,4,6,6,4,4,10,5,5,2,13,3,10,2,1,C03,7,9,1,10,2,11,,84,84,1,6,4,120.690469,24.177583,2
1201,66000,387130000C,(04)23274275,(04)23288582,2025,06,4,11,59,臺中市,南區,0,1,0,6,2,6,50,13,8,1,5,4,6,6,1,1,9,4,4,1,16,3,10,3,1,B03,7,7,1,8,2,5,,40,40,1,13,4,120.64867,24.119634,2
1202,66000,387130000C,(04)23274275,(04)23288582,2025,06,4,11,59,臺中市,東區,0,2,0,7,2,6,50,3,1,1,5,4,6,6,1,1,9,4,4,2,17,2,9,2,1,C03,7,9,1,10,2,11,,7,7,1,12,4,120.690479,24.124519,2
1203,66000,387130000C,(04)23274275,(04)23288582,2025,06,4,12,1,臺中市,豐原區,0,1,0,7,2,6,50,3,2,1,5,4,6,6,1,1,5,5,4,2,16,3,10,5,4,B03,7,11,1,8,2,5,,34,34,1,13,4,120.716626,24.251804,2
1204,66000,387130000C,(04)23274275,(04)23288582,2025,06,4,12,5,臺中市,南屯區,0,0,0,7,,,50,,,,,,,,,,,,,,,,,,,C03,,,1,,2,,,40,40,1,13,4,120.649825,24.149932,3
1205,66000,387130000C,(04)23274275,(04)23288582,2025,06,4,12,5,臺中市,大里區,0,2,0,6,2,6,50,3,1,1,5,4,6,6,3,1,10,5,5,2,17,2,9,1,1,C03,7,6,1,10,2,11,,24,24,1,12,4,120.674757,24.096846,2
1206,66000,387130000C,(04)23274275,(04)23288582,2025,06,4,12,5,臺中市,太平區,0,0,0,7,,,30,,,,,,,,,,,,,,14,,,,,B12,,,1,,2,,,49,49,1,12,4,120.719389,24.101548,3
1207,66000,387130000C,(04)23274275,(04)23288582,2025,06,4,12,7,臺中市,清水區,0,0,0,6,,,50,,,,,,,,,,,,,,,,,,,B03,,,1,,2,,,24,24,1,12,4,120.571089,24.277921,3
1208,66000,387130000C,(04)23274275,(04)23288582,2025,06,4,12,8,臺中市,太平區,0,2,0,6,2,6,30,3,2,1,5,4,6,6,4,4,10,5,5,2,16,2,8,1,1,C03,7,6,1,10,2,14,,48,48,1,6,4,120.722324,24.124758,2
1209,66000,387130000C,(04)23274275,(04)23288582,2025,06,4,12,10,臺中市,沙鹿區,0,1,0,7,3,6,50,4,1,1,5,4,6,6,4,4,10,5,5,1,17,2,9,2,1,C03,7,1,1,10,2,11,,51,51,1,13,4,120.56663,24.236224,2
1210,66000,387130000C,(04)23274275,(04)23288582,2025,06,4,12,14,臺中市,南屯區,0,0,0,7,,,60,,,,,,,,,,,,,,13,,,,,B03,,,1,,1,,,84,84,1,13,4,120.631748,24.125647,3
1211,66000,387130000C,(04)23274275,(04)23288582,2025,06,4,12,14,臺中市,大里區,0,0,0,6,,,50,,,,,,,,,,,,,,,,,,,C03,,,1,,2,,,8,8,1,12,4,120.689475,24.112462,3
1212,66000,387130000C,(04)23274275,(04)23288582,2025,06,4,12,19,臺中市,北屯區,0,1,0,7,2,6,50,4,2,1,5,4,6,6,2,1,5,2,5,2,12,2,9,2,1,C03,7,9,1,10,2,14,,8,8,1,5,4,120.74092,24.178335,2
1213,66000,387130000C,(04)23274275,(04)23288582,2025,06,4,12,20,臺中市,梧棲區,0,1,0,7,2,6,70,4,2,1,5,4,6,6,1,1,1,2,1,1,13,4,11,3,1,B03,7,9,1,8,2,5,8,7,7,1,6,4,120.552513,24.244058,2
1214,66000,387130000C,(04)23274275,(04)23288582,2025,06,4,12,27,臺中市,大肚區,0,2,0,6,2,6,50,3,1,1,5,4,6,6,1,1,10,5,5,2,15,2,9,4,1,F02,7,9,7,21,2,11,,21,21,1,12,4,120.565239,24.122965,2
1215,66000,387130000C,(04)23274275,(04)23288582,2025,06,4,12,28,臺中市,北屯區,0,0,0,7,,,50,,,,,,,,,,,,,,,,,,,C03,,,1,,1,,,84,84,1,13,4,120.689488,24.162759,3
1216,66000,387130000C,(04)23274275,(04)23288582,2025,06,4,12,32,臺中市,后里區,0,0,0,7,,,50,,,,,,,,,,,,,,14,,,,,B03,,,1,,2,,,49,49,1,12,4,120.742143,24.331735,3
1217,66000,387130000C,(04)23274275,(04)23288582,2025,06,4,12,34,臺中市,北屯區,0,0,0,7,,,40,,,,,,,,,,,,,,12,,,,,B03,,,1,,2,,,8,8,1,13,4,120.686273,24.192674,3
1218,66000,387130000C,(04)23274275,(04)23288582,2025,06,4,12,35,臺中市,北區,0,0,0,7,2,6,50,4,2,1,5,4,6,6,1,1,5,4,5,2,12,3,10,3,1,B03,7,6,1,8,2,5,,7,7,1,12,4,120.682379,24.154019,3
1219,66000,387130000C,(04)23274275,(04)23288582,2025,06,4,12,39,臺中市,大里區,0,0,0,7,2,6,40,4,2,1,5,4,3,6,1,1,5,5,4,2,14,,,,,B03,,,1,,2,,,49,49,1,13,4,120.694857,24.111611,3
1220,66000,387130000C,(04)23274275,(04)23288582,2025,06,4,12,53,臺中市,豐原區,0,0,0,7,,,50,,,,,,,,,,,,,,13,,,,,B03,,,1,,2,,,84,84,1,12,4,120.71926,24.242925,3
1221,66000,387130000C,(04)23274275,(04)23288582,2025,06,4,13,1,臺中市,霧峰區,0,1,0,7,3,6,30,11,7,1,5,4,6,6,4,4,10,5,4,2,10,2,9,1,1,C03,7,9,1,10,2,11,,4,4,1,12,4,120.664556,24.064304,2
1222,66000,387130000C,(04)23274275,(04)23288582,2025,06,4,13,2,臺中市,沙鹿區,0,0,0,6,,,50,,,,,,,,,,,,,,,,,,,B03,,,1,,1,,,78,78,1,13,4,120.564396,24.206313,3
1223,66000,387130000C,(04)23274275,(04)23288582,2025,06,4,13,5,臺中市,大肚區,0,0,0,7,,,50,,,,,,,,,,,,,,,,,,,B03,,,1,,1,,,49,49,1,6,4,120.544169,24.154775,3
1224,66000,387130000C,(04)23274275,(04)23288582,2025,06,4,13,16,臺中市,南屯區,0,0,0,6,,,50,,,,,,,,,,,,,,14,,,,,B03,,,1,,1,,,50,50,1,12,4,120.62563,24.143011,3
1225,66000,387130000C,(04)23274275,(04)23288582,2025,06,4,13,23,臺中市,大里區,0,1,0,6,2,6,50,13,8,1,5,4,6,6,4,4,1,4,4,1,17,3,10,3,1,B12,7,7,1,8,2,8,,40,40,1,12,4,120.661982,24.108763,2
1226,66000,387130000C,(04)23274275,(04)23288582,2025,06,4,13,25,臺中市,北區,0,0,0,7,,,50,,,,,,,,,,,,,,,,,,,B03,,,1,,2,,,84,84,1,13,4,120.676378,24.171536,3
1227,66000,387130000C,(04)23274275,(04)23288582,2025,06,4,13,28,臺中市,神岡區,0,0,0,7,,,30,,,,,,,,,,,,,,14,,,,,B12,,,1,,1,,,49,49,1,12,4,120.683706,24.260564,3
1228,66000,387130000C,(04)23274275,(04)23288582,2025,06,4,13,30,臺中市,豐原區,0,0,0,7,,,50,,,,,,,,,,,,,,13,,,,,B03,,,1,,2,,,84,84,1,13,4,120.728065,24.258285,3
1229,66000,387130000C,(04)23274275,(04)23288582,2025,06,4,13,31,臺中市,西區,0,1,0,7,2,6,50,13,8,1,5,4,6,6,4,4,5,4,5,2,12,3,10,1,1,C03,7,7,1,10,2,13,,40,40,1,6,4,120.671927,24.144746,2
1230,66000,387130000C,(04)23274275,(04)23288582,2025,06,4,13,32,臺中市,大里區,0,0,0,7,,,50,,,,,,,,,,,,,,13,,,,,B12,,,1,,2,,,7,7,1,12,4,120.714492,24.09464,3