﻿序號,縣市別代碼,機關代碼,市話,傳真,年,月,日,時,分,縣市,區,死亡數量,受傷數量,2-30,天候,道路照明設備,道路類別,道路速限,道路型態,事故位置,路面鋪裝,路面狀態,路面缺陷,障礙物,視距,號誌種類,號誌動作,分向設施,快車道或一般車道間,快慢車道間,路面邊線,事故類型及型態,受傷程度,主要傷處,保護裝備,行動電話或功能裝置,當事者區分_類別,車輛用途,當事者行動狀態,駕照狀態,駕照種類,飲酒情形,車輛撞擊部位最初,車輛撞擊部位其他,肇事因素個別,肇事因素主要,肇事逃逸,職業,共享經濟或外送平台,GPS座標X,GPS座標Y,事故類別
1344,66000,387130000C,(04)23274275,(04)23288582,2025,06,4,18,42,臺中市,霧峰區,0,0,0,5,,,50,,,,,,,,,,,,,,,,,,,B03,,,1,,2,,,84,84,1,6,4,120.696055,24.055427,3
1345,66000,387130000C,(04)23274275,(04)23288582,2025,06,4,18,43,臺中市,大里區,0,0,0,7,,,40,,,,,,,,,,,,,,17,,,,,B03,,,1,,2,,,84,84,1,13,4,120.693446,24.108616,3
1346,66000,387130000C,(04)23274275,(04)23288582,2025,06,4,18,52,臺中市,大里區,0,0,0,7,,,50,,,,,,,,,,,,,,17,,,,,A05,,,1,,1,,,84,84,1,12,4,120.666359,24.112035,3
1347,66000,387130000C,(04)23274275,(04)23288582,2025,06,4,18,58,臺中市,北屯區,0,0,0,7,,,50,,,,,,,,,,,,,,14,,,,,B03,,,1,,1,,,49,49,1,12,4,120.681585,24.173793,3
1348,66000,387130000C,(04)23274275,(04)23288582,2025,06,4,18,59,臺中市,西區,0,0,0,6,1,6,50,13,9,1,5,4,6,6,4,4,4,1,5,2,17,,,,,,,,,,,,,119,119,1,,,120.662533,24.157227,3
1349,66000,387130000C,(04)23274275,(04)23288582,2025,06,4,19,2,臺中市,神岡區,0,0,0,6,,,50,,,,,,,,,,,,,,12,,,,,C03,,,1,,2,,,8,8,1,12,4,120.708802,24.25921,3
1350,66000,387130000C,(04)23274275,(04)23288582,2025,06,4,19,3,臺中市,西屯區,0,0,0,7,,,50,,,,,,,,,,,,,,16,,,,,B03,,,1,,2,,,12,12,1,13,4,120.648432,24.1702,3
1351,66000,387130000C,(04)23274275,(04)23288582,2025,06,4,19,4,臺中市,南區,0,0,0,7,,,50,,,,,,,,,,,,,,,,,,,C03,,,1,,2,,,4,4,1,6,4,120.658128,24.116696,4
1352,66000,387130000C,(04)23274275,(04)23288582,2025,06,4,19,4,臺中市,北屯區,0,1,0,6,1,6,50,4,4,1,5,4,6,6,2,1,1,2,5,2,13,3,10,5,4,C03,7,9,1,10,2,11,,7,7,1,12,4,120.685295,24.170905,2
1353,66000,387130000C,(04)23274275,(04)23288582,2025,06,4,19,11,臺中市,西屯區,0,0,0,7,,,50,,,,,,,,,,,,,,16,,,,,B03,,,1,,1,,,11,11,1,13,4,120.637862,24.16312,3
1354,66000,387130000C,(04)23274275,(04)23288582,2025,06,4,19,12,臺中市,龍井區,0,0,0,6,1,6,50,13,9,1,5,4,6,6,4,4,10,5,5,2,12,3,10,3,1,B03,7,9,1,8,1,2,,8,8,1,6,4,120.592652,24.188064,3
1355,66000,387130000C,(04)23274275,(04)23288582,2025,06,4,19,13,臺中市,北區,0,1,0,7,1,6,50,5,24,1,5,4,6,6,2,1,10,5,5,2,17,3,10,5,4,C03,7,5,1,10,2,12,,47,47,1,13,4,120.686104,24.154754,2
1356,66000,387130000C,(04)23274275,(04)23288582,2025,06,4,19,17,臺中市,北區,0,2,0,7,1,6,50,13,9,1,5,4,6,6,4,4,5,4,5,2,13,2,9,1,1,C03,7,9,1,10,2,11,,59,59,1,12,4,120.686718,24.147845,2
1357,66000,387130000C,(04)23274275,(04)23288582,2025,06,4,19,28,臺中市,霧峰區,0,2,0,6,1,6,40,3,2,1,5,4,6,6,4,4,1,5,1,1,18,2,9,1,1,C03,7,10,1,10,2,12,,84,84,1,13,4,120.660051,24.084977,2
1358,66000,387130000C,(04)23274275,(04)23288582,2025,06,4,19,30,臺中市,西屯區,0,1,0,7,1,6,30,13,9,1,5,4,6,6,4,4,10,5,5,2,17,3,10,5,4,B03,7,1,3,19,2,4,,51,51,1,13,4,120.616431,24.184621,2
1359,66000,387130000C,(04)23274275,(04)23288582,2025,06,4,19,33,臺中市,東勢區,0,0,0,6,,,50,,,,,,,,,,,,,,,,,,,B03,,,1,,2,,,84,84,1,12,4,120.829987,24.256698,3
1360,66000,387130000C,(04)23274275,(04)23288582,2025,06,4,19,36,臺中市,西屯區,0,1,0,7,1,6,50,4,1,1,5,4,6,6,1,1,10,5,5,2,12,3,10,3,1,B03,7,5,1,8,2,5,,47,47,1,12,4,120.648294,24.167899,2
1361,66000,387130000C,(04)23274275,(04)23288582,2025,06,4,19,36,臺中市,沙鹿區,0,0,0,7,,,30,,,,,,,,,,,,,,15,,,,,B03,,,1,,2,,,12,12,1,6,4,120.567405,24.250487,3
1362,66000,387130000C,(04)23274275,(04)23288582,2025,06,4,19,40,臺中市,大里區,0,2,0,7,1,6,50,13,8,1,4,4,6,6,4,4,5,4,5,1,16,2,9,1,1,C03,7,9,3,19,2,14,,84,84,1,4,4,120.689198,24.105502,2
1363,66000,387130000C,(04)23274275,(04)23288582,2025,06,4,19,40,臺中市,大里區,0,1,0,5,1,6,50,4,1,1,4,4,6,6,1,1,10,5,5,2,16,3,10,3,1,B03,7,6,1,8,2,2,,11,11,1,6,4,120.676174,24.101642,2
1364,66000,387130000C,(04)23274275,(04)23288582,2025,06,4,19,42,臺中市,太平區,0,2,0,7,1,6,50,3,1,1,5,4,6,6,4,4,5,5,4,1,16,2,9,2,1,C03,7,1,1,10,2,14,,51,51,1,12,4,120.727782,24.150026,2
1365,66000,387130000C,(04)23274275,(04)23288582,2025,06,4,19,49,臺中市,后里區,0,2,0,7,2,6,40,4,9,1,5,4,6,6,1,1,4,5,5,2,17,3,10,3,1,B03,7,6,1,8,2,8,,84,84,1,6,4,120.718539,24.320319,2
1366,66000,387130000C,(04)23274275,(04)23288582,2025,06,4,19,50,臺中市,北屯區,0,0,0,7,,,50,,,,,,,,,,,,,,,,,,,B03,,,1,,1,,,49,49,1,13,4,120.697662,24.16979,3
1367,66000,387130000C,(04)23274275,(04)23288582,2025,06,4,19,58,臺中市,北屯區,0,0,0,7,,,40,,,,,,,,,,,,,,13,,,,,B03,,,1,,1,,,59,59,1,6,4,120.719099,24.16186,3
1368,66000,387130000C,(04)23274275,(04)23288582,2025,06,4,20,0,臺中市,北區,0,0,0,7,,,40,,,,,,,,,,,,,,17,,,,,B03,,,1,,1,,,49,49,1,13,4,120.675564,24.16512,4
1369,66000,387130000C,(04)23274275,(04)23288582,2025,06,4,20,3,臺中市,烏日區,0,2,0,7,1,6,40,4,2,1,5,4,6,6,1,1,5,4,4,1,16,2,9,1,1,C03,7,6,1,10,2,11,,48,48,1,6,4,120.659062,24.096108,2
1370,66000,387130000C,(04)23274275,(04)23288582,2025,06,4,20,12,臺中市,太平區,0,0,0,7,,,50,,,,,,,,,,,,,,,,,,,A31,,,1,,2,,,35,35,1,6,4,120.716415,24.133588,3
1371,66000,387130000C,(04)23274275,(04)23288582,2025,06,4,20,14,臺中市,大雅區,0,1,0,7,1,6,30,4,1,1,5,4,6,6,4,4,10,5,5,1,18,2,9,2,1,C03,7,5,1,10,2,14,,84,84,1,13,4,120.626286,24.209729,2
1372,66000,387130000C,(04)23274275,(04)23288582,2025,06,4,20,32,臺中市,西區,0,0,0,7,,,50,,,,,,,,,,,,,,17,,,,,B03,,,1,,1,,,84,84,1,12,4,120.657124,24.151344,3
1373,66000,387130000C,(04)23274275,(04)23288582,2025,06,4,20,34,臺中市,龍井區,0,1,0,6,1,6,50,13,9,1,5,4,6,6,4,4,5,5,5,1,3,2,8,6,5,H01,8,16,7,21,10,17,,97,97,1,12,5,120.523632,24.202644,2
1374,66000,387130000C,(04)23274275,(04)23288582,2025,06,4,20,35,臺中市,沙鹿區,0,0,0,7,,,50,,,,,,,,,,,,,,16,,,,,F03,,,7,,2,,,48,48,1,6,4,120.558419,24.229575,3
1375,66000,387130000C,(04)23274275,(04)23288582,2025,06,4,20,37,臺中市,北區,0,0,0,5,,,50,,,,,,,,,,,,,,17,,,,,C03,,,1,,2,,,8,8,1,13,4,120.669094,24.16877,3
1376,66000,387130000C,(04)23274275,(04)23288582,2025,06,4,20,44,臺中市,北區,0,2,0,7,1,6,50,3,24,1,4,4,6,6,2,1,10,5,5,2,17,2,9,5,4,C03,7,9,1,10,2,12,,4,4,1,13,4,120.680361,24.155723,2
1377,66000,387130000C,(04)23274275,(04)23288582,2025,06,4,20,48,臺中市,北區,0,0,0,7,,,30,,,,,,,,,,,,,,14,,,,,B03,,,3,,2,,,49,49,1,13,4,120.687033,24.165527,3
1378,66000,387130000C,(04)23274275,(04)23288582,2025,06,4,20,53,臺中市,西屯區,0,1,0,7,1,6,50,4,19,1,5,4,6,6,1,1,5,2,5,2,2,3,10,3,1,B03,7,6,1,8,2,5,,10,10,1,12,4,120.606473,24.192739,2
1379,66000,387130000C,(04)23274275,(04)23288582,2025,06,4,20,55,臺中市,龍井區,0,1,0,6,1,6,50,3,4,1,5,4,6,6,2,1,3,2,4,2,13,3,10,3,1,B02,7,9,1,8,2,1,,59,59,1,6,4,120.545542,24.190616,2
1380,66000,387130000C,(04)23274275,(04)23288582,2025,06,4,20,58,臺中市,大肚區,0,0,0,6,1,6,50,4,1,1,4,4,6,6,4,4,5,5,5,2,15,3,10,2,1,C03,7,9,1,10,2,12,,20,20,1,6,4,120.57887,24.16891,3
1381,66000,387130000C,(04)23274275,(04)23288582,2025,06,4,21,8,臺中市,潭子區,0,0,0,5,,,50,,,,,,,,,,,,,,,,,,,B03,,,1,,2,,,59,59,1,12,4,120.707799,24.217834,3
1382,66000,387130000C,(04)23274275,(04)23288582,2025,06,4,21,9,臺中市,西屯區,0,0,0,5,,,50,,,,,,,,,,,,,,12,,,,,B02,,,1,,1,,,40,40,1,13,4,120.662805,24.164073,3
1383,66000,387130000C,(04)23274275,(04)23288582,2025,06,4,21,10,臺中市,北屯區,0,0,0,6,,,50,,,,,,,,,,,,,,16,,,,,B03,,,1,,1,,,47,47,1,12,4,120.685976,24.18021,3
1384,66000,387130000C,(04)23274275,(04)23288582,2025,06,4,21,15,臺中市,豐原區,0,0,0,7,,,50,,,,,,,,,,,,,,17,,,,,B03,,,1,,2,,,51,51,1,6,4,120.720947,24.252116,3
1385,66000,387130000C,(04)23274275,(04)23288582,2025,06,4,21,24,臺中市,西屯區,0,1,0,5,1,6,40,13,8,1,4,4,6,6,4,4,1,5,1,1,13,2,9,5,4,C03,7,9,1,10,2,11,,7,7,1,13,4,120.622214,24.178963,2
1386,66000,387130000C,(04)23274275,(04)23288582,2025,06,4,21,29,臺中市,南區,0,2,0,5,1,6,40,13,8,1,4,4,6,6,4,4,10,5,5,1,17,2,9,6,1,F01,7,1,7,21,8,14,,51,51,1,13,4,120.658401,24.127252,2
1387,66000,387130000C,(04)23274275,(04)23288582,2025,06,4,21,38,臺中市,大里區,0,2,0,5,1,6,50,3,2,1,4,4,6,6,4,4,5,5,5,1,3,2,9,6,5,H01,8,16,7,21,10,17,,95,95,1,13,5,120.702187,24.110979,2
1388,66000,387130000C,(04)23274275,(04)23288582,2025,06,4,21,39,臺中市,西屯區,0,3,0,5,1,6,40,13,8,1,4,4,6,6,4,4,9,4,4,2,8,2,9,2,1,C03,7,9,1,10,2,11,,59,59,1,12,4,120.634109,24.160117,2
1389,66000,387130000C,(04)23274275,(04)23288582,2025,06,4,21,40,臺中市,大甲區,0,0,0,5,,,50,,,,,,,,,,,,,,14,,,,,B12,,,1,,8,,,78,78,1,6,4,120.618108,24.415612,3
1390,66000,387130000C,(04)23274275,(04)23288582,2025,06,4,21,46,臺中市,太平區,0,1,0,5,1,6,50,13,9,1,4,4,6,6,4,4,5,4,5,1,18,2,9,1,1,C03,7,9,1,10,2,12,,84,84,1,5,4,120.716794,24.127846,2
1391,66000,387130000C,(04)23274275,(04)23288582,2025,06,4,21,47,臺中市,霧峰區,0,0,0,6,,,50,,,,,,,,,,,,,,17,,,,,B03,,,1,,2,,,49,49,1,13,4,120.69706,24.063166,3
1392,66000,387130000C,(04)23274275,(04)23288582,2025,06,4,21,50,臺中市,南屯區,0,1,0,7,2,6,30,3,1,1,5,4,6,6,4,4,9,4,5,2,11,3,10,3,1,B03,7,5,3,19,9,7,,12,12,1,12,4,120.646817,24.140959,2
1393,66000,387130000C,(04)23274275,(04)23288582,2025,06,4,22,1,臺中市,太平區,0,0,0,5,,,30,,,,,,,,,,,,,,,,,,,C03,,,1,,1,,,15,15,1,5,4,120.71991,24.147298,3
1394,66000,387130000C,(04)23274275,(04)23288582,2025,06,4,22,17,臺中市,南屯區,0,0,0,7,,,50,,,,,,,,,,,,,,,,,,,B03,,,1,,2,,,84,84,1,13,4,120.62339,24.1497,3
1395,66000,387130000C,(04)23274275,(04)23288582,2025,06,4,22,18,臺中市,南區,0,1,0,5,1,6,50,3,2,1,4,4,6,6,4,4,5,5,5,2,17,2,9,6,4,F02,7,21,7,21,8,11,,84,84,1,12,4,120.668855,24.116263,2
1396,66000,387130000C,(04)23274275,(04)23288582,2025,06,4,22,34,臺中市,大里區,0,1,0,6,1,6,50,3,1,1,4,4,6,6,4,4,5,4,5,1,17,2,9,1,1,F03,7,6,7,21,2,12,,84,84,1,13,4,120.6997,24.110141,2
1397,66000,387130000C,(04)23274275,(04)23288582,2025,06,4,22,38,臺中市,南區,0,0,0,7,,,50,,,,,,,,,,,,,,,,,,,C03,,,1,,1,,,7,7,1,5,4,120.679286,24.119037,3
1398,66000,387130000C,(04)23274275,(04)23288582,2025,06,4,22,49,臺中市,大雅區,0,1,0,7,1,6,50,4,1,1,5,4,6,6,2,1,1,5,5,1,23,2,1,4,1,B03,7,6,1,8,2,1,,48,48,1,13,4,120.648399,24.221263,2
1399,66000,387130000C,(04)23274275,(04)23288582,2025,06,4,22,58,臺中市,西屯區,0,0,0,7,,,50,,,,,,,,,,,,,,13,,,,,C03,,,1,,1,,,7,7,1,12,2,120.645153,24.172864,3
1400,66000,387130000C,(04)23274275,(04)23288582,2025,06,4,23,0,臺中市,北區,0,0,0,7,1,6,40,13,8,1,5,4,6,6,4,4,5,4,4,2,17,3,10,6,5,B03,8,13,7,21,10,7,,77,77,1,12,5,120.675185,24.166896,3
1401,66000,387130000C,(04)23274275,(04)23288582,2025,06,4,23,8,臺中市,大雅區,0,2,0,7,1,6,30,4,1,1,5,4,6,6,3,1,10,5,5,1,15,2,9,3,1,B03,7,9,1,8,2,4,,24,24,1,13,4,120.667214,24.239463,2
1402,66000,387130000C,(04)23274275,(04)23288582,2025,06,4,23,24,臺中市,南屯區,0,0,0,7,,,50,,,,,,,,,,,,,,15,,,,,B03,,,1,,2,,,24,24,1,12,4,120.649991,24.13204,3
1403,66000,387130000C,(04)23274275,(04)23288582,2025,06,4,23,42,臺中市,大甲區,0,2,0,7,1,6,50,4,1,1,5,4,6,6,3,1,5,5,5,1,15,2,9,3,1,B03,7,9,1,8,2,1,,24,24,1,6,4,120.620657,24.350555,2
1404,66000,387130000C,(04)23274275,(04)23288582,2025,06,5,0,12,臺中市,豐原區,0,0,0,7,,,50,,,,,,,,,,,,,,13,,,,,B03,,,3,,2,,,7,7,1,6,4,120.722375,24.277652,3
1405,66000,387130000C,(04)23274275,(04)23288582,2025,06,5,0,30,臺中市,南屯區,0,0,0,6,,,50,,,,,,,,,,,,,,,,,,,B03,,,1,,2,,,59,59,1,13,4,120.650893,24.154875,3
1406,66000,387130000C,(04)23274275,(04)23288582,2025,06,5,2,35,臺中市,霧峰區,0,2,0,5,1,6,40,13,9,1,4,4,6,6,4,4,5,5,5,1,18,2,9,2,1,C03,7,9,2,19,2,14,,55,55,1,13,4,120.716821,24.079292,2
1407,66000,387130000C,(04)23274275,(04)23288582,2025,06,5,3,47,臺中市,南屯區,0,0,0,7,,,50,,,,,,,,,,,,,,,,,,,B03,,,1,,2,,,55,55,2,13,4,120.6368,24.144586,3
1408,66000,387130000C,(04)23274275,(04)23288582,2025,06,5,3,58,臺中市,南屯區,0,0,0,7,,,50,,,,,,,,,,,,,,,,,,,B03,,,1,,2,,,84,84,1,13,4,120.636028,24.147864,3
1409,66000,387130000C,(04)23274275,(04)23288582,2025,06,5,4,44,臺中市,西屯區,0,0,0,7,,,50,,,,,,,,,,,,,,12,,,,,B03,,,5,,2,,,51,51,1,13,4,120.636102,24.172692,3
1410,66000,387130000C,(04)23274275,(04)23288582,2025,06,5,5,10,臺中市,清水區,0,0,0,7,,,50,,,,,,,,,,,,,,,,,,,B03,,,1,,1,,,51,51,1,12,4,120.574184,24.268943,3
1411,66000,387130000C,(04)23274275,(04)23288582,2025,06,5,5,51,臺中市,東區,0,1,0,7,3,6,50,4,1,1,4,4,6,6,4,4,10,5,5,2,15,3,10,3,1,B03,7,9,1,8,2,1,,13,13,1,6,4,120.687291,24.141065,2
1412,66000,387130000C,(04)23274275,(04)23288582,2025,06,5,6,27,臺中市,后里區,0,2,0,6,3,6,40,4,1,1,5,4,6,6,1,1,1,4,4,1,13,2,9,1,1,C03,7,6,1,8,2,11,,59,59,1,12,4,120.722848,24.31122,2
1413,66000,387130000C,(04)23274275,(04)23288582,2025,06,5,6,35,臺中市,潭子區,0,0,0,6,,,50,,,,,,,,,,,,,,,,,,,B03,,,1,,2,,,8,8,1,13,4,120.7066,24.214542,3
1414,66000,387130000C,(04)23274275,(04)23288582,2025,06,5,6,50,臺中市,太平區,0,0,0,7,,,50,,,,,,,,,,,,,,15,,,,,C03,,,1,,1,,,15,15,1,12,4,120.716629,24.137145,3
1415,66000,387130000C,(04)23274275,(04)23288582,2025,06,5,6,56,臺中市,烏日區,0,0,0,7,,,50,,,,,,,,,,,,,,,,,,,B03,,,1,,1,,,8,8,1,8,4,120.618698,24.116087,3
1416,66000,387130000C,(04)23274275,(04)23288582,2025,06,5,6,56,臺中市,大甲區,0,1,0,7,3,6,50,4,1,1,5,4,6,6,4,4,10,5,5,2,16,2,8,5,4,F03,7,9,7,21,2,11,,15,15,1,6,4,120.647002,24.410044,2
1417,66000,387130000C,(04)23274275,(04)23288582,2025,06,5,7,1,臺中市,霧峰區,0,1,0,7,3,6,50,3,2,1,5,4,6,6,4,4,10,5,5,1,11,2,7,1,1,C03,7,5,1,10,2,11,,84,84,1,7,4,120.66531,24.07278,2
1418,66000,387130000C,(04)23274275,(04)23288582,2025,06,5,7,4,臺中市,東區,0,0,0,7,,,50,,,,,,,,,,,,,,12,,,,,B03,,,1,,2,,,40,40,1,13,4,120.689628,24.137752,3
1419,66000,387130000C,(04)23274275,(04)23288582,2025,06,5,7,8,臺中市,南屯區,0,0,0,7,,,50,,,,,,,,,,,,,,,,,,,B03,,,1,,2,,,59,59,1,12,4,120.644549,24.140182,3
1420,66000,387130000C,(04)23274275,(04)23288582,2025,06,5,7,13,臺中市,沙鹿區,0,1,0,6,2,6,50,3,1,1,5,4,6,6,4,4,10,5,5,2,17,3,10,3,1,B03,7,6,1,8,2,8,,20,20,1,12,4,120.56705,24.224522,2
1421,66000,387130000C,(04)23274275,(04)23288582,2025,06,5,7,15,臺中市,后里區,0,0,0,5,,,50,,,,,,,,,,,,,,13,,,,,B03,,,1,,1,,,7,7,2,12,4,120.721453,24.306275,3
1422,66000,387130000C,(04)23274275,(04)23288582,2025,06,5,7,20,臺中市,沙鹿區,0,1,0,7,2,6,50,4,9,1,5,4,6,6,4,4,4,5,5,2,15,3,10,3,1,B03,7,9,1,8,2,5,,12,12,1,12,4,120.572874,24.210822,2
1423,66000,387130000C,(04)23274275,(04)23288582,2025,06,5,7,21,臺中市,豐原區,0,3,0,6,2,6,50,13,9,1,5,4,6,6,4,4,9,5,5,1,13,2,8,1,1,C03,7,9,1,10,2,11,,7,7,1,12,2,120.726925,24.253801,2
1424,66000,387130000C,(04)23274275,(04)23288582,2025,06,5,7,22,臺中市,南屯區,0,0,0,7,,,50,,,,,,,,,,,,,,,,,,,B03,,,1,,1,,,50,50,1,13,4,120.633695,24.158222,3
1425,66000,387130000C,(04)23274275,(04)23288582,2025,06,5,7,24,臺中市,清水區,0,0,0,7,,,30,,,,,,,,,,,,,,,,,,,B03,,,1,,11,,,49,49,1,12,4,120.56348,24.26021,3
1426,66000,387130000C,(04)23274275,(04)23288582,2025,06,5,7,25,臺中市,南屯區,0,1,0,7,3,6,50,13,7,1,5,4,6,6,4,4,9,5,4,2,17,3,10,3,1,B03,7,1,1,8,2,5,,51,51,1,12,4,120.63536,24.150669,2
1427,66000,387130000C,(04)23274275,(04)23288582,2025,06,5,7,25,臺中市,東勢區,0,1,0,6,2,6,30,11,9,1,4,4,6,6,4,4,10,5,5,2,11,2,9,1,1,C03,7,9,1,10,2,14,,84,84,1,12,4,120.836977,24.246932,2
1428,66000,387130000C,(04)23274275,(04)23288582,2025,06,5,7,26,臺中市,南屯區,0,0,0,7,,,50,,,,,,,,,,,,,,12,,,,,C03,,,1,,1,,,8,8,1,13,4,120.614025,24.139097,3
1429,66000,387130000C,(04)23274275,(04)23288582,2025,06,5,7,27,臺中市,神岡區,0,3,0,7,2,6,50,13,8,1,5,4,6,6,4,4,9,4,4,2,12,2,7,2,1,C03,7,5,1,10,2,12,,47,47,1,6,4,120.655394,24.255794,2
1430,66000,387130000C,(04)23274275,(04)23288582,2025,06,5,7,29,臺中市,大里區,0,1,0,7,2,6,40,13,8,1,5,4,6,6,1,1,1,4,4,2,17,2,9,1,1,C03,7,4,1,10,2,11,,7,7,1,13,4,120.692995,24.100282,2
1431,66000,387130000C,(04)23274275,(04)23288582,2025,06,5,7,30,臺中市,西區,0,0,0,7,,,50,,,,,,,,,,,,,,17,,,,,B03,,,1,,2,,,8,8,1,12,4,120.656979,24.143047,3
1432,66000,387130000C,(04)23274275,(04)23288582,2025,06,5,7,30,臺中市,南屯區,0,0,0,7,,,50,,,,,,,,,,,,,,13,,,,,B03,,,1,,1,,,84,84,1,12,4,120.617659,24.153691,3
1433,66000,387130000C,(04)23274275,(04)23288582,2025,06,5,7,30,臺中市,太平區,0,1,0,7,3,6,50,4,1,1,5,4,6,6,1,1,5,4,5,2,16,3,10,3,1,B03,7,5,1,8,1,6,,47,47,1,12,4,120.705059,24.159478,2
1434,66000,387130000C,(04)23274275,(04)23288582,2025,06,5,7,31,臺中市,大雅區,0,1,0,7,3,6,0,4,2,1,5,4,6,6,1,1,9,4,5,1,12,2,9,2,1,C03,7,9,1,10,2,13,,39,39,1,13,4,120.64665,24.226163,2
1435,66000,387130000C,(04)23274275,(04)23288582,2025,06,5,7,32,臺中市,南屯區,0,1,0,7,3,6,50,13,9,1,5,4,6,6,4,4,5,5,5,2,18,2,9,1,1,C03,7,9,1,10,2,12,,59,59,1,12,4,120.619759,24.130763,2
1436,66000,387130000C,(04)23274275,(04)23288582,2025,06,5,7,32,臺中市,南屯區,0,3,0,7,2,6,50,4,1,1,5,4,6,6,1,1,10,5,5,2,15,2,9,2,1,C03,7,9,1,10,2,11,,21,21,1,11,4,120.650647,24.148829,2
1437,66000,387130000C,(04)23274275,(04)23288582,2025,06,5,7,33,臺中市,龍井區,0,0,0,7,,,30,,,,,,,,,,,,,,16,,,,,B03,,,1,,1,,,14,14,1,6,4,120.591317,24.188976,4
1438,66000,387130000C,(04)23274275,(04)23288582,2025,06,5,7,34,臺中市,潭子區,0,1,0,6,3,6,50,3,1,1,5,4,6,6,1,1,5,4,4,1,17,3,10,3,1,B03,7,9,1,8,2,16,,84,84,1,13,4,120.708511,24.210711,2
1439,66000,387130000C,(04)23274275,(04)23288582,2025,06,5,7,35,臺中市,大肚區,0,2,0,7,1,6,50,4,1,1,5,4,6,6,1,1,9,5,5,2,16,2,9,1,1,C03,7,6,3,19,2,12,,39,39,1,6,4,120.579073,24.168834,2
1440,66000,387130000C,(04)23274275,(04)23288582,2025,06,5,7,38,臺中市,南屯區,0,0,0,7,,,50,,,,,,,,,,,,,,,,,,,B03,,,1,,1,,,7,7,1,13,4,120.64292,24.14304,3
1441,66000,387130000C,(04)23274275,(04)23288582,2025,06,5,7,40,臺中市,北屯區,0,2,0,7,2,6,50,3,1,1,5,4,6,6,1,1,10,5,5,2,17,2,9,1,1,C03,7,9,1,10,1,12,,21,21,1,12,4,120.717779,24.182371,2
1442,66000,387130000C,(04)23274275,(04)23288582,2025,06,5,7,41,臺中市,西區,0,0,0,7,2,6,50,3,1,1,5,4,6,6,4,4,10,5,5,2,17,,,,,B12,,,1,,1,,,84,84,1,13,4,120.673707,24.139162,3
1443,66000,387130000C,(04)23274275,(04)23288582,2025,06,5,7,43,臺中市,南屯區,0,2,0,7,3,6,50,4,1,1,5,4,6,6,1,1,10,5,5,2,12,2,9,2,1,C03,7,7,1,10,2,12,,42,42,1,12,4,120.641447,24.134951,2
1444,66000,387130000C,(04)23274275,(04)23288582,2025,06,5,7,46,臺中市,西屯區,0,4,0,7,2,6,30,4,1,1,5,4,6,6,4,4,10,5,5,2,15,2,8,1,4,C03,7,9,1,10,2,11,,12,12,1,13,4,120.643944,24.180446,2
1445,66000,387130000C,(04)23274275,(04)23288582,2025,06,5,7,47,臺中市,大雅區,0,2,0,7,3,6,40,13,8,1,5,4,6,6,4,4,5,2,4,1,17,2,9,1,1,C03,7,4,1,10,2,12,,1,1,1,12,4,120.656005,24.220975,2
1446,66000,387130000C,(04)23274275,(04)23288582,2025,06,5,7,48,臺中市,西屯區,0,1,0,7,3,6,50,4,1,1,5,4,6,6,1,1,5,4,4,2,16,3,10,5,4,B03,7,6,1,8,2,8,,59,59,1,12,4,120.660075,24.169147,2
1447,66000,387130000C,(04)23274275,(04)23288582,2025,06,5,7,48,臺中市,太平區,0,0,0,7,,,50,,,,,,,,,,,,,,,,,,,B03,,,1,,2,,,84,84,1,11,4,120.716824,24.118237,3
1448,66000,387130000C,(04)23274275,(04)23288582,2025,06,5,7,49,臺中市,西區,0,2,0,7,3,6,50,4,1,1,5,4,6,3,4,4,10,5,5,2,3,2,9,6,5,H01,8,16,7,21,1,17,,95,95,1,6,5,120.680332,24.137498,2
1449,66000,387130000C,(04)23274275,(04)23288582,2025,06,5,7,50,臺中市,東區,0,0,0,7,,,30,,,,,,,,,,,,,,14,,,,,B12,,,1,,1,,,49,49,1,13,4,120.699035,24.149574,3
1450,66000,387130000C,(04)23274275,(04)23288582,2025,06,5,7,55,臺中市,北區,0,0,0,7,,,50,,,,,,,,,,,,,,,,,,,B03,,,1,,2,,,50,50,1,13,4,120.66672,24.155294,3
1451,66000,387130000C,(04)23274275,(04)23288582,2025,06,5,7,55,臺中市,大里區,0,2,0,7,2,6,50,4,1,1,5,4,6,6,1,1,10,5,5,2,13,2,9,1,1,C03,7,6,1,10,2,12,,59,59,1,8,4,120.716525,24.101102,2
1452,66000,387130000C,(04)23274275,(04)23288582,2025,06,5,7,58,臺中市,西屯區,0,5,0,7,2,6,50,4,2,1,5,4,6,6,2,1,1,3,5,2,13,2,9,5,4,C03,7,9,1,10,2,11,,84,84,1,13,4,120.65263,24.166498,2
1453,66000,387130000C,(04)23274275,(04)23288582,2025,06,5,7,58,臺中市,大甲區,0,1,0,7,2,6,40,4,9,1,5,4,6,6,4,4,6,5,5,2,15,3,10,3,1,B03,7,9,1,8,2,5,,15,15,1,12,4,120.6258,24.372123,2
1454,66000,387130000C,(04)23274275,(04)23288582,2025,06,5,7,59,臺中市,南屯區,0,2,0,7,3,6,50,3,1,1,5,4,6,6,1,1,5,5,5,2,16,2,9,1,1,C03,7,6,1,10,2,14,,11,11,1,12,4,120.583295,24.141356,2
1455,66000,387130000C,(04)23274275,(04)23288582,2025,06,5,8,0,臺中市,大肚區,0,2,0,7,2,6,30,3,2,1,5,4,6,6,4,4,10,5,5,2,16,2,9,1,1,C03,7,5,1,10,2,13,,14,14,1,6,4,120.53939,24.134209,2