﻿序號,縣市別代碼,機關代碼,市話,傳真,年,月,日,時,分,縣市,區,死亡數量,受傷數量,2-30,天候,道路照明設備,道路類別,道路速限,道路型態,事故位置,路面鋪裝,路面狀態,路面缺陷,障礙物,視距,號誌種類,號誌動作,分向設施,快車道或一般車道間,快慢車道間,路面邊線,事故類型及型態,受傷程度,主要傷處,保護裝備,行動電話或功能裝置,當事者區分_類別,車輛用途,當事者行動狀態,駕照狀態,駕照種類,飲酒情形,車輛撞擊部位最初,車輛撞擊部位其他,肇事因素個別,肇事因素主要,肇事逃逸,職業,共享經濟或外送平台,GPS座標X,GPS座標Y,事故類別
1456,66000,387130000C,(04)23274275,(04)23288582,2025,06,5,8,7,臺中市,大里區,0,1,0,7,2,6,50,13,9,1,5,4,6,6,4,4,5,4,5,2,17,2,9,2,1,C03,7,11,1,10,2,12,,39,39,1,11,4,120.676987,24.099253,2
1457,66000,387130000C,(04)23274275,(04)23288582,2025,06,5,8,10,臺中市,西屯區,0,1,0,7,2,6,50,4,1,1,5,4,6,6,1,1,5,4,5,2,16,3,10,5,4,C03,7,5,1,10,2,12,,47,47,1,12,4,120.606533,24.169666,2
1458,66000,387130000C,(04)23274275,(04)23288582,2025,06,5,8,11,臺中市,烏日區,0,1,0,7,2,6,30,13,9,1,5,4,6,6,4,4,10,5,5,1,17,3,10,3,1,B12,7,1,1,8,2,5,,51,51,1,6,4,120.640414,24.095083,2
1459,66000,387130000C,(04)23274275,(04)23288582,2025,06,5,8,15,臺中市,霧峰區,0,0,0,7,,,50,,,,,,,,,,,,,,17,,,,,B03,,,1,,2,,,84,84,1,12,4,120.697951,24.064156,3
1460,66000,387130000C,(04)23274275,(04)23288582,2025,06,5,8,16,臺中市,后里區,0,0,0,7,2,6,50,4,2,1,5,4,6,6,1,1,5,2,4,1,13,3,10,3,1,B03,7,9,1,8,1,1,,84,84,1,12,4,120.696711,24.313119,3
1461,66000,387130000C,(04)23274275,(04)23288582,2025,06,5,8,18,臺中市,北區,0,0,0,7,,,50,,,,,,,,,,,,,,13,,,,,C03,,,1,,2,,,59,59,1,12,4,120.665467,24.162884,3
1462,66000,387130000C,(04)23274275,(04)23288582,2025,06,5,8,19,臺中市,北區,0,2,0,7,2,6,50,13,9,1,5,4,6,6,4,4,9,5,5,2,17,2,9,5,1,F01,7,6,7,21,2,14,,84,84,1,13,4,120.699045,24.154436,2
1463,66000,387130000C,(04)23274275,(04)23288582,2025,06,5,8,20,臺中市,南屯區,0,1,0,7,3,6,50,13,9,1,5,4,6,6,1,1,3,4,5,2,12,3,10,3,1,B03,7,5,1,8,2,2,,20,20,1,12,4,120.64491,24.140054,2
1464,66000,387130000C,(04)23274275,(04)23288582,2025,06,5,8,20,臺中市,豐原區,0,2,0,6,1,6,60,3,1,1,5,4,6,6,1,1,1,4,4,2,17,2,9,1,1,C03,7,9,1,10,2,12,,84,84,1,6,4,120.704491,24.237341,2
1465,66000,387130000C,(04)23274275,(04)23288582,2025,06,5,8,24,臺中市,北屯區,0,0,0,7,,,50,,,,,,,,,,,,,,12,,,,,B03,,,1,,1,,,8,8,1,12,4,120.676164,24.201338,3
1466,66000,387130000C,(04)23274275,(04)23288582,2025,06,5,8,25,臺中市,西屯區,0,0,0,7,,,50,,,,,,,,,,,,,,,,,,,B12,,,1,,9,,,8,8,1,13,4,120.634816,24.165627,3
1467,66000,387130000C,(04)23274275,(04)23288582,2025,06,5,8,26,臺中市,北屯區,0,1,0,7,2,6,50,4,2,1,5,4,6,6,2,1,10,5,5,2,13,2,7,2,1,C03,7,9,1,10,1,11,,84,84,1,6,4,120.721862,24.18198,2
1468,66000,387130000C,(04)23274275,(04)23288582,2025,06,5,8,27,臺中市,南屯區,0,1,0,7,3,6,50,13,9,1,5,4,6,6,4,4,3,4,5,2,12,3,10,3,1,B02,7,7,1,8,2,2,,40,40,1,12,4,120.635108,24.144049,2
1469,66000,387130000C,(04)23274275,(04)23288582,2025,06,5,8,29,臺中市,西屯區,0,0,0,7,,,50,,,,,,,,,,,,,,,,,,,A11,,,1,,2,,,82,82,1,12,4,120.653152,24.172471,3
1470,66000,387130000C,(04)23274275,(04)23288582,2025,06,5,8,30,臺中市,潭子區,0,0,0,7,,,50,,,,,,,,,,,,,,13,,,,,B03,,,1,,2,,,84,84,1,12,4,120.719499,24.22927,3
1471,66000,387130000C,(04)23274275,(04)23288582,2025,06,5,8,30,臺中市,南屯區,0,2,0,7,2,6,50,4,1,1,5,4,6,6,4,4,10,5,5,2,15,2,8,2,1,C03,7,9,1,10,2,11,,12,12,1,12,4,120.648963,24.137877,2
1472,66000,387130000C,(04)23274275,(04)23288582,2025,06,5,8,36,臺中市,北屯區,0,1,0,7,2,6,50,4,1,1,5,4,6,6,4,4,5,5,5,2,16,2,9,2,1,C03,7,9,1,10,2,12,,34,34,1,12,4,120.725384,24.157593,2
1473,66000,387130000C,(04)23274275,(04)23288582,2025,06,5,8,36,臺中市,大里區,0,1,0,7,2,6,50,3,2,1,5,4,6,6,1,1,5,5,4,2,16,2,7,1,1,C03,7,1,1,10,2,14,,51,51,1,13,4,120.695338,24.099625,2
1474,66000,387130000C,(04)23274275,(04)23288582,2025,06,5,8,37,臺中市,大里區,0,0,0,7,,,50,,,,,,,,,,,,,,,,,,,B12,,,1,,2,,,7,7,1,12,4,120.686514,24.095457,3
1475,66000,387130000C,(04)23274275,(04)23288582,2025,06,5,8,43,臺中市,北屯區,0,0,0,7,,,40,,,,,,,,,,,,,,,,,,,B12,,,1,,2,,,51,51,1,6,4,120.675396,24.188175,3
1476,66000,387130000C,(04)23274275,(04)23288582,2025,06,5,8,47,臺中市,西屯區,0,1,0,7,3,6,0,18,21,1,4,4,6,6,4,4,10,5,5,2,18,2,9,5,4,C03,7,9,1,10,2,14,,39,39,1,13,4,120.634463,24.174571,2
1477,66000,387130000C,(04)23274275,(04)23288582,2025,06,5,8,52,臺中市,北屯區,0,0,0,7,,,50,,,,,,,,,,,,,,,,,,,B03,,,1,,2,,,47,47,1,12,4,120.685873,24.182161,4
1478,66000,387130000C,(04)23274275,(04)23288582,2025,06,5,8,53,臺中市,北屯區,0,0,0,7,,,50,,,,,,,,,,,,,,13,,,,,B03,,,1,,1,,,7,7,1,13,4,120.674793,24.195379,3
1479,66000,387130000C,(04)23274275,(04)23288582,2025,06,5,8,54,臺中市,潭子區,0,1,0,7,3,6,30,4,2,1,5,4,6,6,1,1,10,5,5,2,14,3,10,3,1,B03,7,2,1,8,2,3,,49,49,1,13,4,120.71214,24.21174,2
1480,66000,387130000C,(04)23274275,(04)23288582,2025,06,5,8,54,臺中市,豐原區,0,0,0,7,,,50,,,,,,,,,,,,,,12,,,,,F03,,,7,,2,,,8,8,1,12,4,120.723481,24.254193,4
1481,66000,387130000C,(04)23274275,(04)23288582,2025,06,5,8,58,臺中市,南屯區,0,1,0,7,3,6,50,13,9,1,5,4,6,6,4,4,5,5,5,2,13,3,10,2,1,C03,7,9,1,10,2,11,,59,59,1,12,4,120.64853,24.142623,2
1482,66000,387130000C,(04)23274275,(04)23288582,2025,06,5,9,3,臺中市,南屯區,0,0,0,7,,,50,,,,,,,,,,,,,,,,,,,B03,,,1,,1,,,7,7,1,13,4,120.632356,24.145477,3
1483,66000,387130000C,(04)23274275,(04)23288582,2025,06,5,9,4,臺中市,霧峰區,0,0,0,7,,,50,,,,,,,,,,,,,,12,,,,,B03,,,1,,2,,,40,40,1,12,4,120.695434,24.059002,3
1484,66000,387130000C,(04)23274275,(04)23288582,2025,06,5,9,5,臺中市,西屯區,0,1,0,7,2,6,40,13,17,1,5,4,6,6,4,4,1,5,5,2,13,3,10,3,4,B12,7,9,1,10,1,1,,7,7,1,13,4,120.628078,24.161694,2
1485,66000,387130000C,(04)23274275,(04)23288582,2025,06,5,9,8,臺中市,南屯區,0,0,0,7,,,50,,,,,,,,,,,,,,12,,,,,B03,,,1,,2,,,40,40,1,12,4,120.61455,24.153801,3
1486,66000,387130000C,(04)23274275,(04)23288582,2025,06,5,9,8,臺中市,西屯區,0,0,0,6,3,6,50,13,9,1,5,4,6,6,4,4,5,4,5,2,13,,,,,B03,,,1,,1,,,7,7,1,12,4,120.607852,24.158868,3
1487,66000,387130000C,(04)23274275,(04)23288582,2025,06,5,9,10,臺中市,西區,0,2,0,7,2,6,50,4,9,1,5,4,6,6,1,1,1,4,5,2,13,3,10,1,1,C03,7,12,1,10,2,14,,7,7,1,12,4,120.66774,24.13095,2
1488,66000,387130000C,(04)23274275,(04)23288582,2025,06,5,9,10,臺中市,北屯區,0,1,0,7,2,6,50,3,1,1,5,4,6,6,1,1,10,5,5,2,17,3,10,3,1,B03,7,5,1,8,2,6,,47,47,1,12,4,120.682313,24.188257,2
1489,66000,387130000C,(04)23274275,(04)23288582,2025,06,5,9,10,臺中市,西屯區,0,0,0,7,,,50,,,,,,,,,,,,,,16,,,,,B03,,,1,,2,,,58,58,1,13,4,120.62006,24.181715,3
1490,66000,387130000C,(04)23274275,(04)23288582,2025,06,5,9,14,臺中市,北屯區,0,1,0,7,2,6,50,3,1,1,5,4,6,6,4,4,5,4,4,2,16,3,10,3,1,B03,7,6,1,8,2,4,,13,13,1,12,4,120.733671,24.170468,2
1491,66000,387130000C,(04)23274275,(04)23288582,2025,06,5,9,18,臺中市,西區,0,1,0,7,2,6,50,13,8,1,5,4,6,6,4,4,3,4,5,2,16,3,10,5,1,B03,7,7,1,8,1,5,,20,20,1,6,4,120.666497,24.141377,2
1492,66000,387130000C,(04)23274275,(04)23288582,2025,06,5,9,20,臺中市,西區,0,0,0,7,,,50,,,,,,,,,,,,,,,,,,,B03,,,3,,2,,,7,7,1,6,4,120.669637,24.139141,3
1493,66000,387130000C,(04)23274275,(04)23288582,2025,06,5,9,23,臺中市,霧峰區,0,0,0,7,2,6,50,13,14,1,5,4,6,6,4,4,5,5,4,1,17,,,,,C04,,,1,,2,,,84,84,1,6,4,120.699128,24.068024,3
1494,66000,387130000C,(04)23274275,(04)23288582,2025,06,5,9,24,臺中市,西區,0,0,0,7,,,50,,,,,,,,,,,,,,,,,,,B03,,,1,,1,,,7,7,1,6,4,120.65387,24.150885,3
1495,66000,387130000C,(04)23274275,(04)23288582,2025,06,5,9,26,臺中市,潭子區,0,1,0,7,2,6,50,4,1,1,5,4,6,6,2,1,1,5,5,2,12,2,9,1,1,C03,7,6,1,11,2,14,,48,48,1,13,4,120.708055,24.227679,2
1496,66000,387130000C,(04)23274275,(04)23288582,2025,06,5,9,30,臺中市,豐原區,0,0,0,7,,,50,,,,,,,,,,,,,,17,,,,,B03,,,1,,2,,,11,11,1,6,4,120.725389,24.233649,3
1497,66000,387130000C,(04)23274275,(04)23288582,2025,06,5,9,35,臺中市,沙鹿區,0,0,0,7,,,50,,,,,,,,,,,,,,14,,,,,B12,,,1,,2,,,49,49,1,12,4,120.572891,24.211949,3
1498,66000,387130000C,(04)23274275,(04)23288582,2025,06,5,9,38,臺中市,南屯區,0,0,0,7,3,6,40,13,8,1,5,4,6,6,4,4,5,5,4,2,14,,,,,G03,,,1,,2,,,49,49,1,12,4,120.637621,24.133767,3
1499,66000,387130000C,(04)23274275,(04)23288582,2025,06,5,9,38,臺中市,大里區,0,0,0,7,,,50,,,,,,,,,,,,,,17,,,,,B12,,,1,,2,,,84,84,1,12,4,120.705013,24.087841,3
1500,66000,387130000C,(04)23274275,(04)23288582,2025,06,5,9,41,臺中市,大里區,0,0,0,6,,,50,,,,,,,,,,,,,,17,,,,,B12,,,1,,1,,,84,84,1,12,4,120.685257,24.092714,3
1501,66000,387130000C,(04)23274275,(04)23288582,2025,06,5,9,44,臺中市,烏日區,0,0,0,7,,,30,,,,,,,,,,,,,,,,,,,B02,,,1,,2,,,84,84,1,12,4,120.611649,24.117572,3
1502,66000,387130000C,(04)23274275,(04)23288582,2025,06,5,9,45,臺中市,霧峰區,0,1,0,7,3,6,50,4,2,1,5,4,6,6,1,1,1,4,5,1,12,2,8,1,1,C04,7,15,1,10,2,14,,84,84,1,12,4,120.696745,24.070433,2
1503,66000,387130000C,(04)23274275,(04)23288582,2025,06,5,9,46,臺中市,大里區,0,1,0,7,2,6,30,3,1,1,5,4,6,6,4,4,10,5,5,1,16,3,10,3,1,B03,7,6,1,8,2,4,,12,12,1,13,4,120.696475,24.106221,2
1504,66000,387130000C,(04)23274275,(04)23288582,2025,06,5,9,48,臺中市,太平區,0,2,0,7,3,6,50,5,1,1,5,4,6,6,1,1,5,5,5,2,16,2,7,2,1,C03,7,6,1,10,2,12,,39,39,1,12,4,120.722289,24.112769,2
1505,66000,387130000C,(04)23274275,(04)23288582,2025,06,5,9,53,臺中市,西區,0,1,0,7,2,6,50,13,9,1,5,4,6,6,1,1,5,4,5,2,17,2,9,2,1,C03,7,9,2,19,2,14,,84,84,1,13,4,120.670485,24.133675,2
1506,66000,387130000C,(04)23274275,(04)23288582,2025,06,5,9,53,臺中市,北區,0,2,0,7,2,6,50,3,2,2,5,4,6,6,4,4,10,5,5,2,17,2,9,1,1,C03,7,5,1,10,2,14,,14,14,1,13,4,120.672953,24.167104,2
1507,66000,387130000C,(04)23274275,(04)23288582,2025,06,5,9,57,臺中市,南區,0,0,0,7,,,50,,,,,,,,,,,,,,14,,,,,B03,,,1,,1,,,49,49,1,12,4,120.655076,24.108869,3
1508,66000,387130000C,(04)23274275,(04)23288582,2025,06,5,10,0,臺中市,沙鹿區,0,2,0,7,2,6,30,11,9,1,5,4,6,6,4,4,10,5,5,2,11,2,9,2,1,C03,7,9,1,10,2,11,,84,84,1,12,4,120.58449,24.217887,2
1509,66000,387130000C,(04)23274275,(04)23288582,2025,06,5,10,8,臺中市,西屯區,0,2,0,7,2,6,50,4,1,1,5,4,6,6,2,1,10,5,5,2,15,2,3,3,1,B03,7,9,1,8,2,1,,21,21,1,13,4,120.653478,24.195259,2
1510,66000,387130000C,(04)23274275,(04)23288582,2025,06,5,10,13,臺中市,北區,0,0,0,7,,,50,,,,,,,,,,,,,,17,,,,,B02,,,1,,1,,,84,84,1,13,4,120.688046,24.15262,3
1511,66000,387130000C,(04)23274275,(04)23288582,2025,06,5,10,13,臺中市,西屯區,0,2,0,6,1,6,30,4,1,1,5,4,6,6,4,4,10,5,5,1,15,2,9,2,1,C03,7,9,1,10,2,14,,12,12,1,12,4,120.642603,24.179932,2
1512,66000,387130000C,(04)23274275,(04)23288582,2025,06,5,10,15,臺中市,清水區,0,1,0,7,3,6,50,13,7,1,5,4,6,6,1,1,1,4,4,2,13,2,9,2,1,C03,7,9,5,10,2,11,,84,84,1,12,4,120.574456,24.265638,2
1513,66000,387130000C,(04)23274275,(04)23288582,2025,06,5,10,18,臺中市,西屯區,0,1,0,6,3,6,50,4,2,1,5,4,6,6,4,4,5,4,5,2,13,2,9,5,4,C03,7,9,1,10,2,11,,59,59,1,13,4,120.619685,24.181823,2
1514,66000,387130000C,(04)23274275,(04)23288582,2025,06,5,10,35,臺中市,南屯區,0,0,0,7,,,50,,,,,,,,,,,,,,,,,,,C03,,,1,,1,,,84,84,1,12,4,120.646431,24.151685,3
1515,66000,387130000C,(04)23274275,(04)23288582,2025,06,5,10,39,臺中市,龍井區,0,2,0,6,2,6,50,13,9,1,5,4,6,6,4,4,9,5,5,2,17,2,9,1,1,C03,7,1,1,10,2,14,,51,51,1,6,4,120.595362,24.186911,2
1516,66000,387130000C,(04)23274275,(04)23288582,2025,06,5,10,41,臺中市,南區,0,0,0,7,,,30,,,,,,,,,,,,,,14,,,,,B12,,,1,,1,,,49,49,1,13,4,120.648586,24.116863,3
1517,66000,387130000C,(04)23274275,(04)23288582,2025,06,5,10,44,臺中市,大里區,0,0,0,6,,,50,,,,,,,,,,,,,,17,,,,,B03,,,1,,2,,,45,45,1,12,4,120.67883,24.096825,3
1518,66000,387130000C,(04)23274275,(04)23288582,2025,06,5,10,49,臺中市,北屯區,0,1,0,7,2,6,50,5,1,1,5,4,6,6,1,1,10,5,5,2,17,3,10,3,1,B03,7,5,1,8,2,2,,20,20,1,12,4,120.686251,24.188697,2
1519,66000,387130000C,(04)23274275,(04)23288582,2025,06,5,10,50,臺中市,潭子區,0,0,0,7,,,0,,,,,,,,,,,,,,,,,,,B03,,,1,,2,,,49,49,1,12,4,120.704782,24.215872,3
1520,66000,387130000C,(04)23274275,(04)23288582,2025,06,5,10,50,臺中市,西屯區,0,1,0,6,3,6,50,13,9,1,4,4,6,6,4,4,5,4,5,2,12,3,10,5,4,B03,7,9,1,8,2,5,,8,8,1,12,4,120.645996,24.172587,2
1521,66000,387130000C,(04)23274275,(04)23288582,2025,06,5,10,51,臺中市,北區,0,1,0,7,2,6,50,13,9,1,5,4,6,6,2,1,3,4,4,2,17,2,9,1,1,C04,7,9,3,19,2,14,,42,42,1,12,4,120.680976,24.163174,2
1522,66000,387130000C,(04)23274275,(04)23288582,2025,06,5,10,52,臺中市,西區,0,0,0,6,,,50,,,,,,,,,,,,,,14,,,,,B01,,,1,,1,,,49,49,1,12,4,120.681518,24.136507,4
1523,66000,387130000C,(04)23274275,(04)23288582,2025,06,5,10,57,臺中市,烏日區,0,0,0,5,,,30,,,,,,,,,,,,,,13,,,,,B03,,,1,,2,,,7,7,1,6,4,120.653566,24.063169,4
1524,66000,387130000C,(04)23274275,(04)23288582,2025,06,5,10,59,臺中市,潭子區,0,2,0,6,2,6,60,3,1,1,5,4,6,6,3,1,1,4,4,1,12,2,8,2,1,C03,7,9,1,10,2,14,,84,84,1,13,4,120.707124,24.224066,2
1525,66000,387130000C,(04)23274275,(04)23288582,2025,06,5,11,5,臺中市,北區,0,0,0,7,,,50,,,,,,,,,,,,,,17,,,,,B03,,,1,,1,,,84,84,1,13,4,120.686618,24.15962,3
1526,66000,387130000C,(04)23274275,(04)23288582,2025,06,5,11,5,臺中市,南屯區,0,1,0,7,3,6,50,13,9,1,5,4,6,6,4,4,10,5,5,2,17,3,10,3,1,B03,7,13,1,8,2,4,,76,76,1,12,4,120.650604,24.14739,2
1527,66000,387130000C,(04)23274275,(04)23288582,2025,06,5,11,11,臺中市,北屯區,0,0,0,5,,,50,,,,,,,,,,,,,,14,,,,,B12,,,1,,2,,,49,49,1,6,4,120.671433,24.17538,3
1528,66000,387130000C,(04)23274275,(04)23288582,2025,06,5,11,12,臺中市,南區,0,1,0,5,2,6,50,3,1,1,4,4,6,6,4,4,9,4,4,2,16,3,10,3,1,B12,7,5,1,8,2,2,,14,14,1,13,4,120.656014,24.114668,2
1529,66000,387130000C,(04)23274275,(04)23288582,2025,06,5,11,13,臺中市,西屯區,0,1,0,6,2,6,0,3,2,1,5,4,6,6,1,1,10,5,5,2,17,3,10,1,4,C03,7,9,1,10,1,14,,39,39,1,13,4,120.613935,24.183533,2
1530,66000,387130000C,(04)23274275,(04)23288582,2025,06,5,11,17,臺中市,烏日區,0,0,0,7,,,80,,,,,,,,,,,,,,,,,,,B12,,,1,,2,,,68,68,1,6,4,120.616817,24.107641,3
1531,66000,387130000C,(04)23274275,(04)23288582,2025,06,5,11,17,臺中市,豐原區,0,0,0,6,,,50,,,,,,,,,,,,,,17,,,,,C03,,,1,,1,,,49,49,1,12,4,120.716601,24.251829,3
1532,66000,387130000C,(04)23274275,(04)23288582,2025,06,5,11,18,臺中市,大里區,0,0,0,5,,,50,,,,,,,,,,,,,,17,,,,,B03,,,1,,1,,,84,84,1,12,4,120.666161,24.100516,3
1533,66000,387130000C,(04)23274275,(04)23288582,2025,06,5,11,22,臺中市,大肚區,0,1,0,7,2,6,30,13,9,1,5,4,6,6,4,4,10,5,5,2,27,2,9,1,1,C03,7,9,1,10,2,12,,59,59,1,6,4,120.542265,24.15098,2
1534,66000,387130000C,(04)23274275,(04)23288582,2025,06,5,11,25,臺中市,清水區,0,0,0,7,3,6,50,4,2,1,5,4,6,6,1,1,1,4,4,2,13,,,,,B03,,,1,,2,,,39,39,1,12,4,120.572229,24.261966,3
1535,66000,387130000C,(04)23274275,(04)23288582,2025,06,5,11,27,臺中市,太平區,0,1,0,6,2,6,50,3,1,1,5,4,6,6,1,1,10,5,5,2,17,3,10,3,1,B03,7,15,1,8,2,5,,40,40,1,12,4,120.730003,24.10992,2
1536,66000,387130000C,(04)23274275,(04)23288582,2025,06,5,11,29,臺中市,北區,0,2,0,5,2,6,50,4,2,1,4,4,6,6,1,1,5,4,5,2,17,2,9,5,1,C03,7,9,1,10,2,13,,42,42,1,13,4,120.672043,24.165246,2
1537,66000,387130000C,(04)23274275,(04)23288582,2025,06,5,11,30,臺中市,北區,0,0,0,5,2,6,50,13,9,1,4,4,6,6,4,4,5,4,5,2,17,3,10,1,1,B03,7,5,1,8,2,2,,59,59,1,12,4,120.664674,24.162532,3
1538,66000,387130000C,(04)23274275,(04)23288582,2025,06,5,11,30,臺中市,北屯區,0,0,0,5,,,50,,,,,,,,,,,,,,14,,,,,C03,,,1,,1,,,84,84,1,12,4,120.692998,24.167282,3
1539,66000,387130000C,(04)23274275,(04)23288582,2025,06,5,11,30,臺中市,梧棲區,0,0,0,7,,,50,,,,,,,,,,,,,,17,,,,,B12,,,1,,2,,,50,50,1,6,4,120.538224,24.247375,3
1540,66000,387130000C,(04)23274275,(04)23288582,2025,06,5,11,31,臺中市,北屯區,0,1,0,5,2,6,50,3,1,1,4,4,6,6,1,1,10,5,5,2,17,2,9,1,1,C03,7,9,1,10,2,11,,21,21,1,12,4,120.714946,24.174145,2
1541,66000,387130000C,(04)23274275,(04)23288582,2025,06,5,11,32,臺中市,大里區,0,1,0,5,2,6,50,4,1,1,4,4,5,6,1,1,5,4,4,1,17,2,9,1,1,C03,7,9,1,10,2,16,,84,84,1,13,4,120.689418,24.118393,2
1542,66000,387130000C,(04)23274275,(04)23288582,2025,06,5,11,35,臺中市,大里區,0,0,0,5,,,50,,,,,,,,,,,,,,,,,,,C03,,,1,,1,,,50,50,1,12,4,120.688748,24.10426,3
1543,66000,387130000C,(04)23274275,(04)23288582,2025,06,5,11,38,臺中市,太平區,0,0,0,5,2,6,40,4,8,1,4,4,6,6,4,4,5,5,4,2,30,3,10,3,1,B12,7,2,1,7,1,9,,49,49,1,6,4,120.720915,24.1181,3
1544,66000,387130000C,(04)23274275,(04)23288582,2025,06,5,11,45,臺中市,大里區,0,0,0,7,2,6,80,10,7,1,5,4,6,6,4,4,1,3,5,1,17,,,,,,,,,,,,,119,119,1,,,120.690704,24.098029,3
1545,66000,387130000C,(04)23274275,(04)23288582,2025,06,5,11,46,臺中市,北屯區,0,0,0,5,,,50,,,,,,,,,,,,,,,,,,,C03,,,1,,2,,,84,84,1,12,4,120.679544,24.169909,3
1546,66000,387130000C,(04)23274275,(04)23288582,2025,06,5,11,50,臺中市,南屯區,0,0,0,7,,,50,,,,,,,,,,,,,,,,,,,B12,,,1,,9,,,8,8,2,13,4,120.640799,24.127964,3
1547,66000,387130000C,(04)23274275,(04)23288582,2025,06,5,11,54,臺中市,西區,0,1,0,6,3,6,50,4,1,1,4,4,6,6,1,1,10,5,5,2,15,3,10,3,1,B12,7,9,1,8,2,2,,21,21,1,6,4,120.666736,24.141067,2
1548,66000,387130000C,(04)23274275,(04)23288582,2025,06,5,11,54,臺中市,大里區,0,0,0,5,,,30,,,,,,,,,,,,,,11,,,,,B03,,,1,,1,,,8,8,1,12,4,120.730186,24.09051,3
1549,66000,387130000C,(04)23274275,(04)23288582,2025,06,5,11,57,臺中市,龍井區,0,1,0,7,2,6,50,13,9,1,5,4,6,6,4,4,9,5,5,1,13,2,9,1,1,C03,7,9,1,10,2,11,,7,7,1,6,4,120.584684,24.183745,2
1550,66000,387130000C,(04)23274275,(04)23288582,2025,06,5,11,57,臺中市,豐原區,0,0,0,5,,,50,,,,,,,,,,,,,,17,,,,,B12,,,1,,2,,,45,45,1,12,4,120.710392,24.254802,3
1551,66000,387130000C,(04)23274275,(04)23288582,2025,06,5,11,58,臺中市,北區,0,0,0,7,,,50,,,,,,,,,,,,,,,,,,,B03,,,3,,2,,,7,7,1,13,4,120.675274,24.146285,3
1552,66000,387130000C,(04)23274275,(04)23288582,2025,06,5,11,59,臺中市,西屯區,0,1,0,5,2,6,50,4,1,1,4,4,6,6,3,1,4,3,5,2,30,2,9,5,4,C03,7,12,1,10,2,12,,84,84,1,13,4,120.655099,24.176111,2
1553,66000,387130000C,(04)23274275,(04)23288582,2025,06,5,12,0,臺中市,北屯區,0,0,0,5,,,50,,,,,,,,,,,,,,9,,,,,B03,,,1,,1,,,47,47,1,6,4,120.694058,24.164538,3
1554,66000,387130000C,(04)23274275,(04)23288582,2025,06,5,12,1,臺中市,西區,0,0,0,7,,,50,,,,,,,,,,,,,,,,,,,B03,,,1,,1,,,48,48,1,6,4,120.672247,24.139096,3
1555,66000,387130000C,(04)23274275,(04)23288582,2025,06,5,12,2,臺中市,北屯區,0,1,0,5,3,6,50,4,1,1,4,4,6,6,1,1,10,5,5,2,17,2,9,2,1,C03,7,9,1,10,9,14,,85,85,1,6,4,120.722543,24.176029,2
1556,66000,387130000C,(04)23274275,(04)23288582,2025,06,5,12,3,臺中市,烏日區,0,0,0,7,,,50,,,,,,,,,,,,,,13,,,,,B03,,,1,,2,,,7,7,1,12,4,120.625875,24.110615,3
1557,66000,387130000C,(04)23274275,(04)23288582,2025,06,5,12,4,臺中市,西區,0,0,0,7,,,50,,,,,,,,,,,,,,,,,,,B03,,,1,,1,,,84,84,1,12,4,120.669933,24.150806,3
1558,66000,387130000C,(04)23274275,(04)23288582,2025,06,5,12,8,臺中市,潭子區,0,1,0,5,2,6,60,3,1,1,4,4,6,6,2,1,1,5,4,1,13,2,8,1,1,C03,7,9,1,10,2,12,,7,7,1,13,4,120.70865,24.22957,2
1559,66000,387130000C,(04)23274275,(04)23288582,2025,06,5,12,8,臺中市,神岡區,0,1,0,6,2,6,50,13,9,1,4,4,6,6,4,4,9,4,4,1,17,3,10,3,1,A12,7,6,1,3,2,6,,20,20,1,6,4,120.666828,24.257367,2
1560,66000,387130000C,(04)23274275,(04)23288582,2025,06,5,12,10,臺中市,大雅區,0,0,0,7,,,30,,,,,,,,,,,,,,,,,,,G03,,,1,,2,,,84,84,1,13,4,120.65869,24.226531,3
1561,66000,387130000C,(04)23274275,(04)23288582,2025,06,5,12,10,臺中市,霧峰區,0,1,0,6,3,6,50,4,2,1,4,4,6,6,1,1,5,5,4,1,17,3,10,1,1,C03,7,6,1,10,2,12,,11,11,1,12,4,120.698686,24.064478,2
1562,66000,387130000C,(04)23274275,(04)23288582,2025,06,5,12,11,臺中市,北屯區,0,1,0,5,2,6,50,4,1,1,4,4,6,6,1,1,10,5,5,2,17,3,10,3,1,B03,7,9,1,8,2,5,,7,7,1,12,4,120.71083,24.174825,2
1563,66000,387130000C,(04)23274275,(04)23288582,2025,06,5,12,16,臺中市,北屯區,0,1,0,5,2,6,50,5,1,1,4,4,6,6,2,1,10,5,5,2,18,2,7,1,1,C03,7,9,1,10,2,14,,43,43,1,9,4,120.686492,24.18825,2
1564,66000,387130000C,(04)23274275,(04)23288582,2025,06,5,12,17,臺中市,南區,0,2,0,7,3,6,50,4,1,1,5,4,6,6,1,1,10,5,5,2,13,2,9,2,1,C03,7,9,1,10,2,11,,84,84,1,12,4,120.662583,24.127146,2
1565,66000,387130000C,(04)23274275,(04)23288582,2025,06,5,12,17,臺中市,太平區,0,0,0,5,,,50,,,,,,,,,,,,,,14,,,,,B03,,,1,,2,,,49,49,1,12,4,120.705209,24.159861,3
1566,66000,387130000C,(04)23274275,(04)23288582,2025,06,5,12,34,臺中市,霧峰區,0,0,0,7,2,6,50,3,1,1,5,4,6,6,4,4,10,5,5,2,17,,,,,B03,,,1,,2,,,51,51,1,6,4,120.725379,24.03518,3