﻿序號,縣市別代碼,機關代碼,市話,傳真,年,月,日,時,分,縣市,區,死亡數量,受傷數量,2-30,天候,道路照明設備,道路類別,道路速限,道路型態,事故位置,路面鋪裝,路面狀態,路面缺陷,障礙物,視距,號誌種類,號誌動作,分向設施,快車道或一般車道間,快慢車道間,路面邊線,事故類型及型態,受傷程度,主要傷處,保護裝備,行動電話或功能裝置,當事者區分_類別,車輛用途,當事者行動狀態,駕照狀態,駕照種類,飲酒情形,車輛撞擊部位最初,車輛撞擊部位其他,肇事因素個別,肇事因素主要,肇事逃逸,職業,共享經濟或外送平台,GPS座標X,GPS座標Y,事故類別
2347,66000,387130000C,(04)23274275,(04)23288582,2025,06,7,14,26,臺中市,大甲區,0,1,0,7,3,6,50,4,1,1,5,4,6,6,1,1,10,5,5,2,17,3,10,3,1,B03,7,9,1,8,2,4,,21,21,1,6,4,120.649844,24.391807,2
2348,66000,387130000C,(04)23274275,(04)23288582,2025,06,7,14,27,臺中市,烏日區,0,0,0,7,,,50,,,,,,,,,,,,,,14,,,,,B03,,,1,,1,,,49,49,1,12,4,120.615419,24.114451,3
2349,66000,387130000C,(04)23274275,(04)23288582,2025,06,7,14,30,臺中市,南屯區,0,0,0,7,3,6,30,13,9,1,5,4,6,6,4,4,10,5,5,2,30,,,,,B03,,,1,,1,,,87,87,1,12,4,120.605503,24.13865,3
2350,66000,387130000C,(04)23274275,(04)23288582,2025,06,7,14,30,臺中市,沙鹿區,0,0,0,7,,,50,,,,,,,,,,,,,,,,,,,B03,,,1,,2,,,8,8,1,12,4,120.562862,24.236086,3
2351,66000,387130000C,(04)23274275,(04)23288582,2025,06,7,14,30,臺中市,豐原區,0,0,0,7,,,50,,,,,,,,,,,,,,17,,,,,C03,,,1,,9,,,7,7,1,12,4,120.72704,24.254037,3
2352,66000,387130000C,(04)23274275,(04)23288582,2025,06,7,14,31,臺中市,西屯區,0,1,0,7,2,6,50,13,9,1,5,4,6,6,4,4,5,5,4,2,9,2,9,5,1,C03,7,9,1,10,2,12,,84,84,1,12,4,120.643563,24.176242,2
2353,66000,387130000C,(04)23274275,(04)23288582,2025,06,7,14,32,臺中市,東勢區,0,1,0,7,3,6,60,3,1,1,5,4,6,6,1,1,9,5,5,2,10,3,10,5,4,B03,7,9,1,8,2,5,,25,25,1,12,4,120.837906,24.226318,2
2354,66000,387130000C,(04)23274275,(04)23288582,2025,06,7,14,36,臺中市,西屯區,0,2,0,7,2,6,50,4,1,1,5,4,6,6,1,1,10,5,5,2,15,2,9,1,4,C03,7,9,1,10,2,12,,85,85,1,13,4,120.63471,24.169578,2
2355,66000,387130000C,(04)23274275,(04)23288582,2025,06,7,14,47,臺中市,南區,0,0,0,7,,,50,,,,,,,,,,,,,,17,,,,,B02,,,1,,2,,,84,84,1,12,4,120.671202,24.122034,3
2356,66000,387130000C,(04)23274275,(04)23288582,2025,06,7,14,56,臺中市,北區,0,1,0,7,2,6,50,13,9,1,5,4,6,6,4,4,5,4,5,2,17,2,9,1,1,C03,7,1,1,10,2,14,,51,51,1,13,4,120.670376,24.167093,2
2357,66000,387130000C,(04)23274275,(04)23288582,2025,06,7,15,2,臺中市,中區,0,0,0,7,,,50,,,,,,,,,,,,,,13,,,,,B03,,,1,,2,,,84,84,1,12,4,120.684022,24.138535,3
2358,66000,387130000C,(04)23274275,(04)23288582,2025,06,7,15,5,臺中市,潭子區,0,1,0,7,2,6,50,4,1,1,5,4,6,6,4,4,10,5,5,2,15,2,9,2,1,C03,7,9,1,10,2,11,,12,12,1,12,2,120.701752,24.188282,2
2359,66000,387130000C,(04)23274275,(04)23288582,2025,06,7,15,5,臺中市,中區,0,1,0,7,2,6,50,13,9,1,5,4,6,6,1,1,5,4,5,2,18,2,9,1,1,C03,7,9,1,10,2,12,,84,84,1,12,4,120.6802,24.137997,2
2360,66000,387130000C,(04)23274275,(04)23288582,2025,06,7,15,5,臺中市,太平區,0,0,0,7,,,80,,,,,,,,,,,,,,13,,,,,B03,,,3,,2,,,7,7,1,6,4,120.710725,24.141557,3
2361,66000,387130000C,(04)23274275,(04)23288582,2025,06,7,15,9,臺中市,沙鹿區,0,0,0,7,,,50,,,,,,,,,,,,,,,,,,,B03,,,1,,2,,,7,7,1,13,4,120.600346,24.255637,3
2362,66000,387130000C,(04)23274275,(04)23288582,2025,06,7,15,10,臺中市,霧峰區,0,1,0,7,3,6,60,13,7,1,5,4,6,6,1,1,1,3,4,1,13,3,10,3,1,A04,7,9,1,2,2,5,1,59,59,1,12,4,120.696116,24.024071,2
2363,66000,387130000C,(04)23274275,(04)23288582,2025,06,7,15,11,臺中市,西屯區,0,0,0,7,,,50,,,,,,,,,,,,,,13,,,,,A04,,,1,,1,,,7,7,1,6,4,120.636692,24.171105,3
2364,66000,387130000C,(04)23274275,(04)23288582,2025,06,7,15,14,臺中市,西屯區,0,0,0,7,,,50,,,,,,,,,,,,,,,,,,,B03,,,1,,1,,,84,84,1,12,4,120.611886,24.185279,3
2365,66000,387130000C,(04)23274275,(04)23288582,2025,06,7,15,14,臺中市,西屯區,0,1,0,7,2,6,50,3,2,1,5,4,1,6,4,4,3,4,5,2,29,2,9,1,1,C03,7,9,1,10,2,11,,84,84,1,12,4,120.626503,24.177658,2
2366,66000,387130000C,(04)23274275,(04)23288582,2025,06,7,15,15,臺中市,豐原區,0,0,0,7,,,50,,,,,,,,,,,,,,17,,,,,B03,,,1,,2,,,51,51,1,13,4,120.719614,24.24172,3
2367,66000,387130000C,(04)23274275,(04)23288582,2025,06,7,15,16,臺中市,南區,0,3,0,7,3,6,40,4,1,1,5,4,6,6,1,1,10,5,5,2,15,2,9,1,1,C03,7,9,1,10,2,12,,21,21,1,6,4,120.675184,24.124492,2
2368,66000,387130000C,(04)23274275,(04)23288582,2025,06,7,15,27,臺中市,大里區,0,0,0,7,2,6,60,13,14,1,5,4,6,6,4,4,1,4,4,1,17,,,,,B03,,,1,,2,,,56,56,1,6,4,120.695802,24.087787,3
2369,66000,387130000C,(04)23274275,(04)23288582,2025,06,7,15,28,臺中市,太平區,0,0,0,7,,,50,,,,,,,,,,,,,,,,,,,B03,,,1,,2,,,85,85,1,12,4,120.73224,24.134639,3
2370,66000,387130000C,(04)23274275,(04)23288582,2025,06,7,15,30,臺中市,南區,0,0,0,7,,,50,,,,,,,,,,,,,,17,,,,,B03,,,1,,2,,,11,11,1,12,4,120.679225,24.119204,3
2371,66000,387130000C,(04)23274275,(04)23288582,2025,06,7,15,31,臺中市,烏日區,0,1,0,7,2,6,50,13,8,1,5,4,6,6,4,4,1,4,4,1,17,3,10,5,4,B03,7,3,1,8,2,4,,50,50,1,12,4,120.640295,24.108243,2
2372,66000,387130000C,(04)23274275,(04)23288582,2025,06,7,15,36,臺中市,南區,0,1,0,7,2,6,50,4,1,1,5,4,6,6,4,4,10,5,5,2,15,3,10,3,1,B03,7,9,1,8,2,5,,15,15,1,12,4,120.666795,24.12611,2
2373,66000,387130000C,(04)23274275,(04)23288582,2025,06,7,15,41,臺中市,大里區,0,1,0,7,3,6,50,4,7,1,5,4,6,6,1,1,5,4,4,2,12,3,10,3,1,B03,7,1,1,8,2,5,,51,51,1,12,4,120.692474,24.121007,2
2374,66000,387130000C,(04)23274275,(04)23288582,2025,06,7,15,49,臺中市,南屯區,0,0,0,7,,,50,,,,,,,,,,,,,,12,,,,,B03,,,1,,2,,,84,84,1,12,4,120.643904,24.131098,3
2375,66000,387130000C,(04)23274275,(04)23288582,2025,06,7,15,51,臺中市,西屯區,0,1,0,7,2,6,50,13,9,1,5,4,6,6,4,4,1,4,5,2,13,3,10,5,4,B03,7,9,1,8,2,1,,7,7,1,13,4,120.654484,24.168317,2
2376,66000,387130000C,(04)23274275,(04)23288582,2025,06,7,15,54,臺中市,大里區,0,1,0,7,3,6,50,13,9,1,5,4,6,6,4,4,10,5,5,2,11,3,10,5,4,B03,7,9,1,8,2,4,,8,8,1,13,4,120.686063,24.114466,2
2377,66000,387130000C,(04)23274275,(04)23288582,2025,06,7,15,57,臺中市,西屯區,0,0,0,7,,,50,,,,,,,,,,,,,,13,,,,,B03,,,1,,1,,,56,56,1,13,4,120.640485,24.179137,3
2378,66000,387130000C,(04)23274275,(04)23288582,2025,06,7,15,57,臺中市,西屯區,0,1,0,7,2,6,50,4,1,1,5,4,6,6,2,1,10,5,5,1,16,3,10,3,1,B03,7,5,1,8,2,5,,47,47,1,13,4,120.644268,24.171377,2
2379,66000,387130000C,(04)23274275,(04)23288582,2025,06,7,16,0,臺中市,沙鹿區,0,1,0,7,2,6,60,4,1,1,5,4,6,6,1,1,10,5,5,2,23,2,1,3,1,B03,7,11,1,8,2,1,,59,59,1,6,4,120.552381,24.216141,2
2380,66000,387130000C,(04)23274275,(04)23288582,2025,06,7,16,1,臺中市,北區,0,1,0,7,2,6,50,4,1,1,5,4,6,6,1,1,5,5,5,2,13,2,8,1,1,C03,7,9,1,10,2,12,,8,8,1,12,4,120.682479,24.164997,2
2381,66000,387130000C,(04)23274275,(04)23288582,2025,06,7,16,2,臺中市,西屯區,0,1,0,7,2,6,0,13,8,2,5,4,6,6,4,4,1,2,4,2,18,2,9,1,1,C03,7,8,1,10,2,14,,84,84,1,12,4,120.644082,24.161948,2
2382,66000,387130000C,(04)23274275,(04)23288582,2025,06,7,16,5,臺中市,大里區,0,0,0,7,,,50,,,,,,,,,,,,,,12,,,,,B03,,,1,,1,,,7,7,1,6,4,120.680761,24.104977,3
2383,66000,387130000C,(04)23274275,(04)23288582,2025,06,7,16,14,臺中市,烏日區,0,1,0,7,3,6,30,11,9,1,5,4,6,6,4,4,10,5,5,1,11,2,9,1,1,C03,7,5,1,10,2,11,14,41,41,1,6,4,120.58604,24.134345,2
2384,66000,387130000C,(04)23274275,(04)23288582,2025,06,7,16,15,臺中市,南區,0,0,0,7,,,40,,,,,,,,,,,,,,14,,,,,B03,,,1,,2,,,49,49,1,13,4,120.669742,24.122376,3
2385,66000,387130000C,(04)23274275,(04)23288582,2025,06,7,16,23,臺中市,西屯區,0,1,0,7,2,6,50,3,1,1,5,4,6,6,4,4,3,4,4,2,23,2,9,2,1,C03,7,7,1,10,2,11,,84,84,1,5,4,120.654136,24.199632,2
2386,66000,387130000C,(04)23274275,(04)23288582,2025,06,7,16,23,臺中市,大里區,0,0,0,7,,,50,,,,,,,,,,,,,,17,,,,,B03,,,1,,2,,,84,84,1,6,4,120.680761,24.104977,3
2387,66000,387130000C,(04)23274275,(04)23288582,2025,06,7,16,24,臺中市,西區,0,1,0,7,2,6,50,4,1,1,5,4,6,6,2,1,10,5,5,2,17,3,10,1,1,C03,7,9,1,10,2,11,,7,7,1,12,4,120.667723,24.131908,2
2388,66000,387130000C,(04)23274275,(04)23288582,2025,06,7,16,30,臺中市,北區,0,0,0,7,,,50,,,,,,,,,,,,,,,,,,,C03,,,1,,1,,,7,7,1,12,4,120.681715,24.155069,3
2389,66000,387130000C,(04)23274275,(04)23288582,2025,06,7,16,36,臺中市,大里區,0,1,0,7,3,6,50,12,9,1,5,4,6,6,4,4,9,5,5,1,17,2,9,1,1,C03,7,9,1,10,2,12,14,84,84,1,12,4,120.68685,24.088464,2
2390,66000,387130000C,(04)23274275,(04)23288582,2025,06,7,16,38,臺中市,大里區,0,0,0,7,3,6,50,13,8,1,5,4,6,6,4,4,5,4,4,2,14,,,,,B12,,,1,,2,,,49,49,1,12,4,120.692539,24.121772,3
2391,66000,387130000C,(04)23274275,(04)23288582,2025,06,7,16,39,臺中市,霧峰區,0,0,0,7,,,50,,,,,,,,,,,,,,,,,,,C03,,,1,,2,,,1,1,1,12,4,120.715198,24.073675,3
2392,66000,387130000C,(04)23274275,(04)23288582,2025,06,7,16,48,臺中市,沙鹿區,0,0,0,7,,,40,,,,,,,,,,,,,,,,,,,C03,,,1,,2,,,7,7,1,6,4,120.575097,24.242792,3
2393,66000,387130000C,(04)23274275,(04)23288582,2025,06,7,16,57,臺中市,西區,0,0,0,7,,,50,,,,,,,,,,,,,,17,,,,,B03,,,1,,1,,,35,35,1,12,4,120.657526,24.146822,3
2394,66000,387130000C,(04)23274275,(04)23288582,2025,06,7,17,8,臺中市,南區,0,0,0,7,,,30,,,,,,,,,,,,,,17,,,,,C03,,,1,,2,,,51,51,1,6,4,120.66401,24.126836,3
2395,66000,387130000C,(04)23274275,(04)23288582,2025,06,7,17,10,臺中市,潭子區,0,2,0,7,2,6,50,13,9,1,5,4,6,6,4,4,9,4,4,1,13,2,9,2,1,C03,7,9,1,10,2,11,,7,7,1,12,4,120.692751,24.224898,2
2396,66000,387130000C,(04)23274275,(04)23288582,2025,06,7,17,10,臺中市,豐原區,0,1,0,7,2,6,60,3,9,1,5,4,6,6,4,4,1,2,5,2,18,2,9,5,4,C03,7,9,1,10,2,16,,85,85,1,13,4,120.704237,24.237642,2
2397,66000,387130000C,(04)23274275,(04)23288582,2025,06,7,17,11,臺中市,北屯區,0,0,0,7,,,30,,,,,,,,,,,,,,,,,,,B12,,,1,,2,,,49,49,1,13,4,120.702068,24.165529,3
2398,66000,387130000C,(04)23274275,(04)23288582,2025,06,7,17,15,臺中市,北區,0,1,0,7,2,6,50,5,2,1,5,4,6,6,2,1,10,5,5,2,13,2,9,2,1,C03,7,9,1,10,2,11,,7,7,1,13,4,120.667846,24.162592,2
2399,66000,387130000C,(04)23274275,(04)23288582,2025,06,7,17,17,臺中市,烏日區,0,1,0,7,2,6,50,3,1,1,5,4,6,6,4,4,10,5,5,2,17,3,10,5,4,B03,7,11,1,8,2,4,,45,45,1,6,4,120.628383,24.102474,2
2400,66000,387130000C,(04)23274275,(04)23288582,2025,06,7,17,20,臺中市,西屯區,0,0,0,7,,,30,,,,,,,,,,,,,,,,,,,C03,,,1,,2,,,49,49,1,12,4,120.650674,24.173726,3
2401,66000,387130000C,(04)23274275,(04)23288582,2025,06,7,17,24,臺中市,西區,0,1,0,7,2,6,50,4,1,1,5,4,6,6,2,1,10,5,5,2,17,3,10,3,1,B03,7,9,1,8,2,1,,7,7,1,12,4,120.661768,24.15529,2
2402,66000,387130000C,(04)23274275,(04)23288582,2025,06,7,17,26,臺中市,西屯區,0,0,0,7,,,60,,,,,,,,,,,,,,13,,,,,B03,,,1,,2,,,7,7,1,13,4,120.652578,24.161033,3
2403,66000,387130000C,(04)23274275,(04)23288582,2025,06,7,17,26,臺中市,霧峰區,0,0,0,7,2,6,30,3,1,1,5,4,6,6,4,4,10,5,5,2,16,,,,,C03,,,1,,2,,,84,84,1,5,4,120.725707,24.060754,3
2404,66000,387130000C,(04)23274275,(04)23288582,2025,06,7,17,28,臺中市,西屯區,0,0,0,7,,,80,,,,,,,,,,,,,,13,,,,,B02,,,1,,2,,,7,7,1,13,4,120.625254,24.156283,3
2405,66000,387130000C,(04)23274275,(04)23288582,2025,06,7,17,28,臺中市,沙鹿區,0,1,0,7,2,6,50,5,2,1,5,4,6,6,1,1,8,3,5,2,17,2,9,5,4,C03,7,1,1,10,2,12,,51,51,1,13,4,120.560338,24.234345,2
2406,66000,387130000C,(04)23274275,(04)23288582,2025,06,7,17,30,臺中市,大肚區,0,2,0,7,2,6,30,11,9,1,5,4,6,6,4,4,10,5,5,2,11,2,6,1,1,F03,7,9,7,21,2,14,,8,8,1,6,4,120.541819,24.16323,2
2407,66000,387130000C,(04)23274275,(04)23288582,2025,06,7,17,31,臺中市,北區,0,0,0,7,,,50,,,,,,,,,,,,,,17,,,,,,,,,,,,,86,86,1,,,120.677503,24.153648,3
2408,66000,387130000C,(04)23274275,(04)23288582,2025,06,7,17,37,臺中市,南屯區,0,0,0,7,,,60,,,,,,,,,,,,,,12,,,,,B03,,,1,,1,,,39,39,1,12,4,120.616286,24.146186,3
2409,66000,387130000C,(04)23274275,(04)23288582,2025,06,7,17,39,臺中市,大甲區,0,1,0,7,3,6,50,13,9,1,5,4,6,6,4,4,5,5,5,1,17,3,10,3,1,B03,7,13,1,8,1,4,,76,76,1,6,4,120.621208,24.34424,2
2410,66000,387130000C,(04)23274275,(04)23288582,2025,06,7,17,40,臺中市,北區,0,0,0,7,,,50,,,,,,,,,,,,,,14,,,,,B03,,,1,,1,,,49,49,1,13,4,120.674129,24.147149,3
2411,66000,387130000C,(04)23274275,(04)23288582,2025,06,7,17,40,臺中市,北屯區,0,2,0,7,3,6,50,13,9,1,5,4,6,6,4,4,5,3,5,2,17,2,9,2,1,C03,7,4,1,10,2,11,,1,1,1,12,4,120.686101,24.181523,2
2412,66000,387130000C,(04)23274275,(04)23288582,2025,06,7,17,41,臺中市,西屯區,0,0,0,7,,,60,,,,,,,,,,,,,,,,,,,B03,,,1,,1,,,59,59,1,13,4,120.653258,24.160817,3
2413,66000,387130000C,(04)23274275,(04)23288582,2025,06,7,17,44,臺中市,潭子區,0,0,0,7,,,30,,,,,,,,,,,,,,,,,,,B12,,,1,,2,,,59,59,1,13,4,120.682032,24.223991,3
2414,66000,387130000C,(04)23274275,(04)23288582,2025,06,7,17,45,臺中市,大里區,0,0,0,7,,,30,,,,,,,,,,,,,,,,,,,B03,,,1,,1,,,50,50,1,12,4,120.699306,24.090658,3
2415,66000,387130000C,(04)23274275,(04)23288582,2025,06,7,17,49,臺中市,北區,0,0,0,7,,,50,,,,,,,,,,,,,,13,,,,,B03,,,1,,1,,,7,7,1,12,4,120.668342,24.163125,3
2416,66000,387130000C,(04)23274275,(04)23288582,2025,06,7,17,51,臺中市,太平區,0,0,0,7,,,40,,,,,,,,,,,,,,13,,,,,A12,,,1,,2,,,7,7,1,12,4,120.714272,24.148696,3
2417,66000,387130000C,(04)23274275,(04)23288582,2025,06,7,17,53,臺中市,西屯區,0,0,0,7,,,40,,,,,,,,,,,,,,13,,,,,B03,,,1,,1,,,5,5,1,12,4,120.632818,24.171795,3
2418,66000,387130000C,(04)23274275,(04)23288582,2025,06,7,17,55,臺中市,東區,0,1,0,7,3,6,50,4,9,1,5,4,6,6,2,1,3,5,5,2,16,3,10,5,4,B03,7,6,1,8,2,5,,11,11,1,6,4,120.709269,24.135319,2
2419,66000,387130000C,(04)23274275,(04)23288582,2025,06,7,17,56,臺中市,北區,0,0,0,7,,,40,,,,,,,,,,,,,,17,,,,,B03,,,1,,1,,,8,8,1,13,4,120.690505,24.152368,3
2420,66000,387130000C,(04)23274275,(04)23288582,2025,06,7,18,3,臺中市,北屯區,0,2,0,7,3,6,50,13,9,1,5,4,6,6,4,4,1,4,5,2,17,2,9,2,1,C03,7,1,3,19,2,14,,51,51,1,13,4,120.688711,24.171545,2
2421,66000,387130000C,(04)23274275,(04)23288582,2025,06,7,18,3,臺中市,豐原區,0,0,0,7,2,6,50,4,1,1,5,4,6,6,2,1,1,2,5,2,12,3,10,3,1,B03,7,14,1,8,2,13,,87,87,1,12,4,120.722439,24.277779,3
2422,66000,387130000C,(04)23274275,(04)23288582,2025,06,7,18,4,臺中市,沙鹿區,0,0,0,7,,,50,,,,,,,,,,,,,,11,,,,,B01,,,1,,2,,,39,39,1,6,4,120.5651,24.244108,3
2423,66000,387130000C,(04)23274275,(04)23288582,2025,06,7,18,6,臺中市,北區,0,0,0,7,,,40,,,,,,,,,,,,,,17,,,,,C03,,,1,,2,,,40,40,1,13,4,120.678151,24.151508,3
2424,66000,387130000C,(04)23274275,(04)23288582,2025,06,7,18,7,臺中市,北區,0,1,0,7,2,6,50,3,2,1,5,4,6,6,4,4,2,4,5,2,17,3,10,5,4,C03,7,8,1,10,2,13,,40,40,1,12,4,120.685839,24.154123,2
2425,66000,387130000C,(04)23274275,(04)23288582,2025,06,7,18,8,臺中市,西屯區,0,0,0,7,,,40,,,,,,,,,,,,,,,,,,,B12,,,1,,1,,,7,7,1,12,4,120.639257,24.159088,3
2426,66000,387130000C,(04)23274275,(04)23288582,2025,06,7,18,10,臺中市,北區,0,0,0,7,,,50,,,,,,,,,,,,,,,,,,,B03,,,3,,1,,,49,49,1,12,4,120.701847,24.159158,3
2427,66000,387130000C,(04)23274275,(04)23288582,2025,06,7,18,17,臺中市,西屯區,0,0,0,7,,,50,,,,,,,,,,,,,,13,,,,,C03,,,1,,2,,,7,7,1,13,4,120.637405,24.173878,3
2428,66000,387130000C,(04)23274275,(04)23288582,2025,06,7,18,18,臺中市,梧棲區,0,0,0,7,,,40,,,,,,,,,,,,,,16,,,,,B03,,,1,,1,,,14,14,1,6,4,120.53697,24.25122,3
2429,66000,387130000C,(04)23274275,(04)23288582,2025,06,7,18,20,臺中市,南屯區,0,0,0,7,,,50,,,,,,,,,,,,,,14,,,,,B03,,,1,,2,,,49,49,1,12,4,120.62808,24.1522,3
2430,66000,387130000C,(04)23274275,(04)23288582,2025,06,7,18,22,臺中市,西屯區,0,0,0,7,,,50,,,,,,,,,,,,,,13,,,,,B03,,,1,,1,,,7,7,1,13,4,120.645192,24.162597,3
2431,66000,387130000C,(04)23274275,(04)23288582,2025,06,7,18,23,臺中市,南屯區,0,2,0,7,2,6,50,4,1,1,5,4,6,6,1,1,9,5,5,2,17,2,7,2,1,C03,7,9,3,19,2,11,,84,84,1,13,4,120.651321,24.136237,2
2432,66000,387130000C,(04)23274275,(04)23288582,2025,06,7,18,25,臺中市,龍井區,0,0,0,6,,,30,,,,,,,,,,,,,,16,,,,,B03,,,1,,2,,,14,14,1,6,4,120.595306,24.189246,3
2433,66000,387130000C,(04)23274275,(04)23288582,2025,06,7,18,28,臺中市,大里區,0,0,0,7,,,60,,,,,,,,,,,,,,13,,,,,B03,,,1,,2,,,7,7,1,13,4,120.665703,24.106034,3
2434,66000,387130000C,(04)23274275,(04)23288582,2025,06,7,18,31,臺中市,東區,0,1,0,7,1,6,50,13,7,1,5,4,6,6,4,4,5,5,4,2,13,3,10,3,1,B03,7,9,1,8,2,1,,7,7,1,12,4,120.707881,24.136217,2
2435,66000,387130000C,(04)23274275,(04)23288582,2025,06,7,18,31,臺中市,沙鹿區,0,0,0,7,,,60,,,,,,,,,,,,,,,,,,,B03,,,1,,2,,,59,59,1,13,4,120.563804,24.239686,3
2436,66000,387130000C,(04)23274275,(04)23288582,2025,06,7,18,33,臺中市,沙鹿區,0,1,0,7,2,6,60,3,1,1,5,4,6,6,1,1,10,5,5,2,16,3,10,3,1,B03,7,5,1,8,2,2,,47,47,1,6,4,120.58123,24.213209,2
2437,66000,387130000C,(04)23274275,(04)23288582,2025,06,7,18,35,臺中市,大雅區,0,0,0,7,,,60,,,,,,,,,,,,,,,,,,,B03,,,1,,2,,,8,8,2,13,4,120.646738,24.222107,3
2438,66000,387130000C,(04)23274275,(04)23288582,2025,06,7,18,35,臺中市,北區,0,1,0,7,1,6,40,13,8,1,5,4,6,6,4,4,1,4,4,2,18,2,9,6,1,F01,7,9,7,21,1,15,,84,84,1,12,4,120.689964,24.146888,2
2439,66000,387130000C,(04)23274275,(04)23288582,2025,06,7,18,36,臺中市,南區,0,0,0,7,,,50,,,,,,,,,,,,,,12,,,,,B12,,,1,,1,,,8,8,1,13,4,120.64892,24.119221,3
2440,66000,387130000C,(04)23274275,(04)23288582,2025,06,7,18,41,臺中市,太平區,0,1,0,7,2,6,50,3,1,1,5,4,6,4,4,4,10,5,5,2,17,2,8,2,1,C03,7,6,1,10,2,11,,4,4,1,6,2,120.717009,24.155528,2
2441,66000,387130000C,(04)23274275,(04)23288582,2025,06,7,18,45,臺中市,清水區,0,0,0,7,,,50,,,,,,,,,,,,,,,,,,,B03,,,1,,2,,,20,20,1,12,4,120.56057,24.258038,3
2442,66000,387130000C,(04)23274275,(04)23288582,2025,06,7,18,48,臺中市,后里區,0,1,0,7,1,6,50,3,14,1,5,4,6,6,4,4,5,5,5,1,20,2,9,2,1,C03,7,9,1,10,2,12,,84,84,1,12,4,120.720208,24.295106,2
2443,66000,387130000C,(04)23274275,(04)23288582,2025,06,7,18,56,臺中市,西屯區,0,0,0,7,,,40,,,,,,,,,,,,,,,,,,,B12,,,1,,1,,,7,7,1,13,4,120.649431,24.162517,3
2444,66000,387130000C,(04)23274275,(04)23288582,2025,06,7,18,57,臺中市,北屯區,0,1,0,7,1,6,40,13,8,1,5,4,6,6,4,4,5,4,4,2,17,3,10,3,1,B03,7,1,1,8,2,15,,85,85,1,12,4,120.69175,24.169342,2
2445,66000,387130000C,(04)23274275,(04)23288582,2025,06,7,18,58,臺中市,大里區,0,1,0,6,1,6,50,3,2,1,5,4,6,6,4,4,9,5,4,2,16,2,9,1,1,C03,7,9,1,10,2,11,,7,7,1,12,4,120.690386,24.111691,2
2446,66000,387130000C,(04)23274275,(04)23288582,2025,06,7,18,59,臺中市,西屯區,0,0,0,7,,,50,,,,,,,,,,,,,,13,,,,,C03,,,1,,1,,,59,59,1,5,4,120.645171,24.182932,3
2447,66000,387130000C,(04)23274275,(04)23288582,2025,06,7,19,4,臺中市,北屯區,0,0,0,7,,,40,,,,,,,,,,,,,,17,,,,,B03,,,1,8,1,,,40,40,1,12,4,120.683477,24.200822,3
2448,66000,387130000C,(04)23274275,(04)23288582,2025,06,7,19,4,臺中市,霧峰區,0,0,0,7,,,40,,,,,,,,,,,,,,13,,,,,B03,,,1,,2,,,7,7,1,12,4,120.663122,24.072027,3
2449,66000,387130000C,(04)23274275,(04)23288582,2025,06,7,19,4,臺中市,龍井區,0,1,0,6,1,6,50,13,9,1,5,4,6,6,4,4,9,4,5,1,6,3,10,1,1,C03,7,9,1,10,2,11,,6,6,1,5,4,120.591206,24.181115,2
2450,66000,387130000C,(04)23274275,(04)23288582,2025,06,7,19,5,臺中市,西區,0,2,0,7,1,6,50,13,8,1,5,4,6,6,3,1,1,4,3,1,17,2,9,5,4,C03,7,9,1,10,2,11,,84,84,1,12,4,120.671205,24.149879,2
2451,66000,387130000C,(04)23274275,(04)23288582,2025,06,7,19,12,臺中市,西區,0,0,0,7,,,40,,,,,,,,,,,,,,,,,,,C03,,,1,,1,,,84,84,1,12,4,120.679871,24.135445,3
2452,66000,387130000C,(04)23274275,(04)23288582,2025,06,7,19,14,臺中市,西屯區,0,0,0,7,,,60,,,,,,,,,,,,,,,,,,,B03,,,1,,1,,,7,7,1,12,4,120.645877,24.172452,3
2453,66000,387130000C,(04)23274275,(04)23288582,2025,06,7,19,15,臺中市,大雅區,0,0,0,7,,,70,,,,,,,,,,,,,,,,,,,B03,,,1,,2,,,65,65,1,13,4,120.644905,24.225639,3
2454,66000,387130000C,(04)23274275,(04)23288582,2025,06,7,19,17,臺中市,沙鹿區,0,0,0,6,,,40,,,,,,,,,,,,,,,,,,,B03,,,1,,2,,,59,59,1,13,4,120.57446,24.229078,3
2455,66000,387130000C,(04)23274275,(04)23288582,2025,06,7,19,20,臺中市,西屯區,0,0,0,7,,,50,,,,,,,,,,,,,,,,,,,B03,,,1,,1,,,7,7,1,12,4,120.662968,24.163798,3
2456,66000,387130000C,(04)23274275,(04)23288582,2025,06,7,19,23,臺中市,清水區,0,0,0,7,,,50,,,,,,,,,,,,,,,,,,,B03,,,1,,2,,,58,58,1,12,4,120.539141,24.26611,3
2457,66000,387130000C,(04)23274275,(04)23288582,2025,06,7,19,24,臺中市,大里區,0,0,0,7,,,50,,,,,,,,,,,,,,16,,,,,B03,,,1,,2,,,51,51,1,13,4,120.679277,24.113277,3
2458,66000,387130000C,(04)23274275,(04)23288582,2025,06,7,19,28,臺中市,北區,0,0,0,7,,,40,,,,,,,,,,,,,,,,,,,B03,,,1,,1,,,51,51,1,12,4,120.673008,24.16827,3
2459,66000,387130000C,(04)23274275,(04)23288582,2025,06,7,19,31,臺中市,西區,0,2,0,7,1,6,50,4,1,1,5,4,6,6,4,4,10,5,5,2,17,2,9,1,1,C03,7,9,1,10,2,14,,7,7,1,12,4,120.668973,24.146727,2