﻿序號,縣市別代碼,機關代碼,市話,傳真,年,月,日,時,分,縣市,區,死亡數量,受傷數量,2-30,天候,道路照明設備,道路類別,道路速限,道路型態,事故位置,路面鋪裝,路面狀態,路面缺陷,障礙物,視距,號誌種類,號誌動作,分向設施,快車道或一般車道間,快慢車道間,路面邊線,事故類型及型態,受傷程度,主要傷處,保護裝備,行動電話或功能裝置,當事者區分_類別,車輛用途,當事者行動狀態,駕照狀態,駕照種類,飲酒情形,車輛撞擊部位最初,車輛撞擊部位其他,肇事因素個別,肇事因素主要,肇事逃逸,職業,共享經濟或外送平台,GPS座標X,GPS座標Y,事故類別
2904,66000,387130000C,(04)23274275,(04)23288582,2025,06,9,12,4,臺中市,北屯區,0,0,0,7,,,40,,,,,,,,,,,,,,14,,,,,B12,,,1,8,1,,,49,49,1,6,4,120.667067,24.180768,3
2905,66000,387130000C,(04)23274275,(04)23288582,2025,06,9,12,13,臺中市,大雅區,0,1,0,7,1,6,50,3,2,1,5,4,6,6,1,1,5,5,5,1,17,3,10,1,2,C04,7,7,1,10,2,12,,40,40,1,12,4,120.653494,24.222319,2
2906,66000,387130000C,(04)23274275,(04)23288582,2025,06,9,12,14,臺中市,龍井區,0,0,0,7,2,6,50,13,9,1,5,4,6,6,4,4,10,5,5,1,14,3,10,3,1,B03,7,2,1,8,1,3,,49,49,1,6,4,120.58897,24.181003,3
2907,66000,387130000C,(04)23274275,(04)23288582,2025,06,9,12,15,臺中市,西屯區,0,0,0,7,,,40,,,,,,,,,,,,,,13,,,,,B12,,,1,,1,,,7,7,1,12,4,120.629004,24.163845,3
2908,66000,387130000C,(04)23274275,(04)23288582,2025,06,9,12,15,臺中市,龍井區,0,1,0,7,3,6,30,13,9,1,4,4,6,6,4,4,10,5,5,2,13,2,9,1,1,C03,7,9,3,19,2,11,,7,7,1,6,4,120.522102,24.197379,2
2909,66000,387130000C,(04)23274275,(04)23288582,2025,06,9,12,19,臺中市,北區,0,0,0,7,,,50,,,,,,,,,,,,,,14,,,,,B03,,,1,,9,,,49,49,2,13,4,120.670548,24.169819,3
2910,66000,387130000C,(04)23274275,(04)23288582,2025,06,9,12,20,臺中市,南屯區,0,2,0,7,3,6,50,13,7,1,5,4,6,6,4,4,5,5,4,2,16,2,9,1,1,C03,7,6,1,10,1,14,,39,39,1,12,4,120.616146,24.153052,2
2911,66000,387130000C,(04)23274275,(04)23288582,2025,06,9,12,20,臺中市,西屯區,0,0,0,7,,,40,,,,,,,,,,,,,,14,,,,,A12,,,1,,1,,,78,78,1,12,4,120.642433,24.176976,3
2912,66000,387130000C,(04)23274275,(04)23288582,2025,06,9,12,24,臺中市,大安區,0,1,0,7,2,6,60,4,9,1,5,4,6,6,1,1,6,4,5,1,12,3,10,3,1,B03,7,5,1,8,2,5,,11,11,1,12,4,120.60191,24.368109,2
2913,66000,387130000C,(04)23274275,(04)23288582,2025,06,9,12,25,臺中市,西屯區,0,4,0,7,2,6,40,3,1,1,5,4,6,6,1,1,1,5,1,2,13,2,9,2,1,C03,7,9,1,10,2,14,,7,7,1,5,4,120.614123,24.183851,2
2914,66000,387130000C,(04)23274275,(04)23288582,2025,06,9,12,28,臺中市,北區,0,1,0,7,3,6,50,13,24,1,5,4,6,6,4,4,3,4,4,2,17,2,9,5,4,C03,7,15,1,10,2,14,,40,40,1,13,4,120.673885,24.164445,2
2915,66000,387130000C,(04)23274275,(04)23288582,2025,06,9,12,28,臺中市,大里區,0,0,0,7,,,80,,,,,,,,,,,,,,12,,,,,B11,,,1,,2,,,40,40,1,13,4,120.690704,24.098029,3
2916,66000,387130000C,(04)23274275,(04)23288582,2025,06,9,12,30,臺中市,西屯區,0,0,0,7,,,50,,,,,,,,,,,,,,13,,,,,B12,,,1,,1,,,7,7,1,12,4,120.664726,24.178119,3
2917,66000,387130000C,(04)23274275,(04)23288582,2025,06,9,12,38,臺中市,霧峰區,0,0,0,7,,,50,,,,,,,,,,,,,,,,,,,B03,,,1,,2,,,50,50,1,13,4,120.696121,24.065724,3
2918,66000,387130000C,(04)23274275,(04)23288582,2025,06,9,12,45,臺中市,南屯區,0,0,0,7,,,40,,,,,,,,,,,,,,12,,,,,B03,,,1,,2,,,8,8,1,12,4,120.649613,24.153858,3
2919,66000,387130000C,(04)23274275,(04)23288582,2025,06,9,12,47,臺中市,北區,0,0,0,7,,,50,,,,,,,,,,,,,,13,,,,,C04,,,1,,2,,,7,7,1,13,4,120.675464,24.155732,3
2920,66000,387130000C,(04)23274275,(04)23288582,2025,06,9,12,54,臺中市,西屯區,0,1,0,7,2,6,40,3,1,1,5,4,6,6,2,1,10,5,5,2,16,3,10,5,4,B03,7,5,1,8,2,2,,11,11,1,12,4,120.614143,24.185299,2
2921,66000,387130000C,(04)23274275,(04)23288582,2025,06,9,12,57,臺中市,大里區,0,1,0,7,2,6,50,4,2,1,5,4,6,6,1,1,3,4,4,1,17,3,10,3,1,A11,7,1,1,3,2,8,,51,51,1,12,4,120.679841,24.115802,2
2922,66000,387130000C,(04)23274275,(04)23288582,2025,06,9,13,0,臺中市,南屯區,0,0,0,7,3,6,50,13,9,1,5,4,6,6,1,1,5,5,5,2,12,,,,,C03,,,1,,1,,,20,20,1,12,4,120.64264,24.151114,3
2923,66000,387130000C,(04)23274275,(04)23288582,2025,06,9,13,2,臺中市,南區,0,1,0,7,2,6,50,4,1,1,5,4,6,6,2,1,10,5,5,2,16,3,10,3,1,B03,7,5,1,8,2,2,,11,11,1,12,4,120.684933,24.129583,2
2924,66000,387130000C,(04)23274275,(04)23288582,2025,06,9,13,10,臺中市,西區,0,0,0,7,,,50,,,,,,,,,,,,,,,,,,,B12,,,1,,1,,,49,49,1,13,4,120.653863,24.152323,3
2925,66000,387130000C,(04)23274275,(04)23288582,2025,06,9,13,16,臺中市,南區,0,1,0,7,2,6,40,13,8,1,5,4,6,6,4,4,1,4,4,2,13,2,9,1,1,C03,7,9,3,19,2,11,,7,7,1,12,4,120.651455,24.119637,2
2926,66000,387130000C,(04)23274275,(04)23288582,2025,06,9,13,21,臺中市,清水區,0,0,0,7,,,70,,,,,,,,,,,,,,13,,,,,B03,,,1,,2,,,7,7,1,13,4,120.58577,24.288399,3
2927,66000,387130000C,(04)23274275,(04)23288582,2025,06,9,13,25,臺中市,北區,0,0,0,7,,,50,,,,,,,,,,,,,,14,,,,,B03,,,1,,1,,,49,49,1,12,4,120.692385,24.155066,3
2928,66000,387130000C,(04)23274275,(04)23288582,2025,06,9,13,28,臺中市,烏日區,0,1,0,7,3,6,50,3,2,1,5,4,6,6,1,1,1,4,4,2,13,3,10,3,1,A02,7,9,1,2,2,1,,84,84,1,6,4,120.641715,24.11538,2
2929,66000,387130000C,(04)23274275,(04)23288582,2025,06,9,13,32,臺中市,南區,0,3,0,7,3,6,50,3,2,1,5,4,6,6,1,1,10,5,5,2,13,2,9,5,4,C03,7,9,1,10,2,14,,84,84,1,12,2,120.679394,24.122376,2
2930,66000,387130000C,(04)23274275,(04)23288582,2025,06,9,13,35,臺中市,東區,0,0,0,7,,,50,,,,,,,,,,,,,,16,,,,,,,,,,,,,86,86,1,,,120.689572,24.134278,4
2931,66000,387130000C,(04)23274275,(04)23288582,2025,06,9,13,41,臺中市,后里區,0,1,0,7,3,6,50,13,9,1,5,4,6,6,4,4,9,5,5,1,17,2,9,6,1,F02,7,9,7,21,2,12,,58,58,1,3,4,120.728804,24.307106,2
2932,66000,387130000C,(04)23274275,(04)23288582,2025,06,9,13,43,臺中市,北屯區,0,0,0,7,,,50,,,,,,,,,,,,,,,,,,,B12,,,1,,1,,,84,84,1,12,4,120.718805,24.17354,3
2933,66000,387130000C,(04)23274275,(04)23288582,2025,06,9,13,47,臺中市,北屯區,0,0,0,7,,,50,,,,,,,,,,,,,,12,,,,,B12,,,1,,9,,,8,8,2,6,4,120.686374,24.203336,3
2934,66000,387130000C,(04)23274275,(04)23288582,2025,06,9,13,47,臺中市,西屯區,0,0,0,7,,,50,,,,,,,,,,,,,,13,,,,,B03,,,1,,1,,,50,50,1,12,4,120.616364,24.190958,3
2935,66000,387130000C,(04)23274275,(04)23288582,2025,06,9,13,50,臺中市,烏日區,0,0,0,7,,,70,,,,,,,,,,,,,,13,,,,,B12,,,1,,1,,,7,7,1,6,4,120.592599,24.113212,3
2936,66000,387130000C,(04)23274275,(04)23288582,2025,06,9,13,52,臺中市,豐原區,0,0,0,7,,,60,,,,,,,,,,,,,,13,,,,,C03,,,1,,1,,,59,59,1,13,4,120.707312,24.237294,3
2937,66000,387130000C,(04)23274275,(04)23288582,2025,06,9,13,53,臺中市,西屯區,0,0,0,7,,,50,,,,,,,,,,,,,,30,,,,,B13,,,1,,1,,,49,49,1,12,4,120.642548,24.169787,3
2938,66000,387130000C,(04)23274275,(04)23288582,2025,06,9,13,53,臺中市,太平區,0,1,0,7,3,6,50,3,1,1,5,4,6,6,4,4,5,5,4,1,13,2,9,2,1,C03,7,7,1,10,2,11,,84,84,1,12,4,120.717858,24.148531,2
2939,66000,387130000C,(04)23274275,(04)23288582,2025,06,9,14,1,臺中市,潭子區,0,0,0,7,,3,80,,,,,,,,,,,,,,,,,,,B03,,,1,,1,,,40,40,1,13,4,120.719749,24.196351,3
2940,66000,387130000C,(04)23274275,(04)23288582,2025,06,9,14,3,臺中市,西屯區,0,0,0,7,,,50,,,,,,,,,,,,,,14,,,,,B03,,,1,,2,,,49,49,1,12,4,120.605281,24.187551,3
2941,66000,387130000C,(04)23274275,(04)23288582,2025,06,9,14,6,臺中市,西區,0,3,0,7,2,6,30,4,1,1,5,4,6,6,4,4,10,5,5,2,15,2,9,2,1,C03,7,9,1,10,2,11,,12,12,1,12,4,120.66718,24.14209,2
2942,66000,387130000C,(04)23274275,(04)23288582,2025,06,9,14,8,臺中市,潭子區,0,1,0,7,2,6,50,13,7,1,5,4,6,6,4,4,5,4,4,2,17,2,7,1,1,F03,7,4,7,21,2,14,13,34,34,1,12,4,120.700547,24.211877,2
2943,66000,387130000C,(04)23274275,(04)23288582,2025,06,9,14,13,臺中市,北屯區,0,1,0,7,3,6,50,13,8,1,5,4,6,6,4,4,1,4,4,2,12,3,10,3,1,B03,7,7,5,19,2,5,,40,40,1,12,4,120.662764,24.187451,2
2944,66000,387130000C,(04)23274275,(04)23288582,2025,06,9,14,13,臺中市,大里區,0,1,0,7,2,6,30,3,1,1,5,4,6,6,4,4,10,5,5,1,16,3,10,3,1,B03,7,6,1,8,2,4,,48,48,1,6,4,120.707766,24.091255,2
2945,66000,387130000C,(04)23274275,(04)23288582,2025,06,9,14,16,臺中市,南屯區,0,0,0,7,,,50,,,,,,,,,,,,,,,,,,,B03,,,1,,2,,,49,49,1,13,4,120.643234,24.138085,4
2946,66000,387130000C,(04)23274275,(04)23288582,2025,06,9,14,19,臺中市,大雅區,0,1,0,7,2,6,40,4,1,1,5,4,6,6,1,1,10,4,5,1,17,2,9,1,1,C03,7,9,1,10,2,11,,85,85,1,12,4,120.644362,24.22723,2
2947,66000,387130000C,(04)23274275,(04)23288582,2025,06,9,14,19,臺中市,烏日區,0,0,0,7,,,30,,,,,,,,,,,,,,,,,,,B12,,,1,,1,,,84,84,1,6,4,120.639625,24.078385,3
2948,66000,387130000C,(04)23274275,(04)23288582,2025,06,9,14,20,臺中市,龍井區,0,0,0,7,,,60,,,,,,,,,,,,,,,,,,,B03,,,1,,1,,,59,59,1,6,4,120.520106,24.21199,3
2949,66000,387130000C,(04)23274275,(04)23288582,2025,06,9,14,22,臺中市,西屯區,0,2,0,7,1,6,50,4,1,1,5,4,6,6,4,4,10,5,5,2,16,3,10,3,1,B03,7,6,1,8,2,5,,14,14,1,12,4,120.650436,24.167138,2
2950,66000,387130000C,(04)23274275,(04)23288582,2025,06,9,14,23,臺中市,北區,0,1,0,7,2,6,50,13,9,1,5,4,6,6,4,4,8,3,5,2,17,3,10,3,1,B13,7,14,1,8,2,4,,76,76,1,13,4,120.67618,24.155601,2
2951,66000,387130000C,(04)23274275,(04)23288582,2025,06,9,14,25,臺中市,西屯區,0,0,0,7,,,40,,,,,,,,,,,,,,13,,,,,B03,,,1,,1,,,59,59,1,12,4,120.642447,24.157361,3
2952,66000,387130000C,(04)23274275,(04)23288582,2025,06,9,14,25,臺中市,大里區,0,1,0,7,3,6,50,13,7,1,5,4,6,6,4,4,5,4,4,1,17,3,10,3,1,B03,7,11,1,8,2,5,,45,45,1,13,4,120.717611,24.094581,2
2953,66000,387130000C,(04)23274275,(04)23288582,2025,06,9,14,30,臺中市,潭子區,0,0,0,7,,,50,,,,,,,,,,,,,,14,,,,,B02,,,1,,2,,,49,49,1,12,4,120.721699,24.203374,3
2954,66000,387130000C,(04)23274275,(04)23288582,2025,06,9,14,30,臺中市,北區,0,1,0,7,2,6,50,4,1,1,5,4,6,6,1,1,10,5,5,2,16,3,10,3,1,B03,7,6,1,8,2,5,,59,59,1,12,4,120.678916,24.157257,2
2955,66000,387130000C,(04)23274275,(04)23288582,2025,06,9,14,31,臺中市,潭子區,0,0,0,7,,,30,,,,,,,,,,,,,,15,,,,,B03,,,1,,2,,,15,15,1,13,4,120.676733,24.204549,3
2956,66000,387130000C,(04)23274275,(04)23288582,2025,06,9,14,32,臺中市,西區,0,1,0,7,2,6,50,4,1,1,5,4,6,6,2,1,10,5,5,2,17,3,10,2,1,C03,7,15,1,10,2,12,,84,84,1,12,4,120.672788,24.1359,2
2957,66000,387130000C,(04)23274275,(04)23288582,2025,06,9,14,34,臺中市,大雅區,0,0,0,7,1,6,50,13,9,1,5,4,6,6,4,4,5,5,5,1,17,,,,,B03,,,1,,1,,,84,84,1,13,4,120.649451,24.22422,3
2958,66000,387130000C,(04)23274275,(04)23288582,2025,06,9,14,35,臺中市,北屯區,0,0,0,7,,,50,,,,,,,,,,,,,,13,,,,,C03,,,1,10,1,,,84,84,1,6,4,120.693399,24.200746,3
2959,66000,387130000C,(04)23274275,(04)23288582,2025,06,9,14,39,臺中市,霧峰區,0,2,0,7,3,6,50,13,9,1,5,4,6,6,4,4,9,5,4,1,16,2,9,1,1,C03,7,1,1,10,2,13,,26,26,1,13,4,120.699431,24.071946,2
2960,66000,387130000C,(04)23274275,(04)23288582,2025,06,9,14,40,臺中市,北屯區,0,1,0,7,3,6,30,4,1,1,5,4,6,6,4,4,10,5,5,2,15,3,10,3,1,B12,7,9,1,8,2,8,,12,12,1,6,4,120.699184,24.185275,2
2961,66000,387130000C,(04)23274275,(04)23288582,2025,06,9,14,45,臺中市,梧棲區,0,0,0,7,,,70,,,,,,,,,,,,,,23,,,,,B03,,,1,,2,,,84,84,1,6,4,120.544331,24.247096,3
2962,66000,387130000C,(04)23274275,(04)23288582,2025,06,9,14,47,臺中市,中區,0,1,0,7,2,6,50,13,7,1,5,4,6,6,4,4,2,4,4,2,12,2,9,2,1,C03,7,8,1,10,2,14,,40,40,1,12,4,120.68373,24.136479,2
2963,66000,387130000C,(04)23274275,(04)23288582,2025,06,9,14,48,臺中市,西屯區,0,0,0,7,,,50,,,,,,,,,,,,,,12,,,,,B03,,,1,,1,,,76,76,1,12,4,120.623192,24.18562,3
2964,66000,387130000C,(04)23274275,(04)23288582,2025,06,9,14,50,臺中市,豐原區,0,0,0,7,,,50,,,,,,,,,,,,,,13,,,,,B03,,,1,,2,,,59,59,1,13,4,120.736835,24.26127,3
2965,66000,387130000C,(04)23274275,(04)23288582,2025,06,9,14,55,臺中市,太平區,0,0,0,7,,,50,,,,,,,,,,,,,,,,,,,C03,,,4,,2,,,84,84,1,12,4,120.7253,24.144647,3
2966,66000,387130000C,(04)23274275,(04)23288582,2025,06,9,15,0,臺中市,大雅區,0,0,0,7,1,6,50,13,14,1,5,4,6,6,4,4,5,5,,1,17,,,,,B12,,,1,,1,,,51,51,1,13,4,120.64667,24.212417,3
2967,66000,387130000C,(04)23274275,(04)23288582,2025,06,9,15,1,臺中市,南屯區,0,0,0,7,,,50,,,,,,,,,,,,,,13,,,,,B12,,,1,,1,,,84,84,1,12,4,120.623141,24.145201,3
2968,66000,387130000C,(04)23274275,(04)23288582,2025,06,9,15,10,臺中市,南區,0,2,0,7,1,6,50,4,1,1,5,4,6,6,1,1,10,5,5,2,17,2,9,1,1,C03,7,9,1,10,2,11,,21,21,1,12,4,120.655457,24.115199,2
2969,66000,387130000C,(04)23274275,(04)23288582,2025,06,9,15,12,臺中市,霧峰區,0,1,0,7,2,6,30,11,9,1,5,4,6,6,4,4,10,5,5,1,11,3,10,3,1,B03,7,9,1,8,2,4,,84,84,1,13,4,120.665815,24.071645,2
2970,66000,387130000C,(04)23274275,(04)23288582,2025,06,9,15,13,臺中市,西區,0,0,0,7,,,50,,,,,,,,,,,,,,,,,,,B03,,,1,,2,,,8,8,1,13,4,120.655624,24.146577,3
2971,66000,387130000C,(04)23274275,(04)23288582,2025,06,9,15,15,臺中市,大里區,0,2,0,7,2,6,50,4,1,1,5,4,6,6,4,4,10,5,5,2,9,2,9,2,1,C03,7,9,3,19,2,11,,84,84,1,13,4,120.699147,24.095789,2
2972,66000,387130000C,(04)23274275,(04)23288582,2025,06,9,15,17,臺中市,東區,0,0,0,7,,,50,,,,,,,,,,,,,,,,,,,B03,,,1,,2,,,84,84,1,6,4,120.693908,24.14087,3
2973,66000,387130000C,(04)23274275,(04)23288582,2025,06,9,15,22,臺中市,西屯區,0,1,0,6,2,6,40,3,1,1,5,4,6,6,4,4,10,5,5,2,16,3,10,5,4,B03,7,5,1,8,3,5,,38,38,1,12,4,120.651746,24.161268,2
2974,66000,387130000C,(04)23274275,(04)23288582,2025,06,9,15,22,臺中市,霧峰區,0,4,0,7,2,6,50,13,9,1,5,4,6,6,4,4,5,4,5,1,17,2,9,1,1,C03,7,9,1,10,2,11,,7,7,1,13,4,120.704005,24.071261,2
2975,66000,387130000C,(04)23274275,(04)23288582,2025,06,9,15,24,臺中市,大雅區,0,0,0,7,,,70,,,,,,,,,,,,,,,,,,,B03,,,1,,1,,,39,39,1,13,4,120.630431,24.240893,3
2976,66000,387130000C,(04)23274275,(04)23288582,2025,06,9,15,27,臺中市,太平區,0,0,0,7,,,40,,,,,,,,,,,,,,12,,,,,B12,,,1,,2,,,8,8,1,6,4,120.719864,24.148859,3
2977,66000,387130000C,(04)23274275,(04)23288582,2025,06,9,15,30,臺中市,北區,0,0,0,7,,,50,,,,,,,,,,,,,,17,,,,,C03,,,1,,2,,,59,59,1,12,4,120.676993,24.147244,3
2978,66000,387130000C,(04)23274275,(04)23288582,2025,06,9,15,31,臺中市,大雅區,0,0,0,7,,,30,,,,,,,,,,,,,,,,,,,B13,,,1,,2,,,12,12,1,13,4,120.654654,24.249122,3
2979,66000,387130000C,(04)23274275,(04)23288582,2025,06,9,15,34,臺中市,南區,0,0,0,7,,,30,,,,,,,,,,,,,,17,,,,,B03,,,1,,2,,,84,84,1,6,4,120.658784,24.118074,3
2980,66000,387130000C,(04)23274275,(04)23288582,2025,06,9,15,35,臺中市,龍井區,0,1,0,7,3,6,80,11,9,1,5,4,6,6,4,4,2,4,5,1,18,2,9,3,1,A41,7,9,1,1,2,1,,84,84,1,6,4,120.517462,24.226019,2
2981,66000,387130000C,(04)23274275,(04)23288582,2025,06,9,15,38,臺中市,西屯區,0,2,0,7,2,6,60,3,1,1,5,4,6,6,4,4,5,4,4,2,17,2,9,2,1,C03,7,4,1,10,2,12,,8,8,1,12,4,120.636269,24.170119,2
2982,66000,387130000C,(04)23274275,(04)23288582,2025,06,9,15,40,臺中市,太平區,0,0,0,7,,,50,,,,,,,,,,,,,,17,,,,,C03,,,1,,9,,,84,84,1,12,4,120.717093,24.128043,3
2983,66000,387130000C,(04)23274275,(04)23288582,2025,06,9,15,41,臺中市,北屯區,0,1,0,7,3,6,50,13,9,1,5,4,6,6,4,4,5,4,5,2,17,3,10,3,1,B03,7,7,1,8,2,6,,40,40,1,12,4,120.746876,24.192431,2
2984,66000,387130000C,(04)23274275,(04)23288582,2025,06,9,15,47,臺中市,后里區,0,0,0,7,3,6,40,13,9,1,5,4,6,6,4,4,10,5,5,1,14,3,10,3,1,B03,7,2,1,8,1,3,,49,49,1,6,4,120.730528,24.314041,3
2985,66000,387130000C,(04)23274275,(04)23288582,2025,06,9,15,49,臺中市,西屯區,0,0,0,7,,,40,,,,,,,,,,,,,,12,,,,,C03,,,1,,1,,,42,42,1,12,4,120.666932,24.176546,3
2986,66000,387130000C,(04)23274275,(04)23288582,2025,06,9,15,51,臺中市,西屯區,0,0,0,7,,,50,,,,,,,,,,,,,,17,,,,,B02,,,1,,2,,,84,84,1,12,4,120.637067,24.166389,3
2987,66000,387130000C,(04)23274275,(04)23288582,2025,06,9,15,55,臺中市,沙鹿區,0,2,0,7,2,6,30,3,2,1,5,4,6,6,4,4,8,3,5,2,17,2,9,5,4,C03,7,6,1,10,2,14,,4,4,1,13,4,120.572378,24.224046,2
2988,66000,387130000C,(04)23274275,(04)23288582,2025,06,9,15,56,臺中市,北區,0,0,0,7,,,40,,,,,,,,,,,,,,13,,,,,C03,,,1,,1,,,7,7,1,12,4,120.673978,24.166056,3
2989,66000,387130000C,(04)23274275,(04)23288582,2025,06,9,16,1,臺中市,神岡區,0,0,0,7,,,1,,,,,,,,,,,,,,17,,,,,B03,,,1,,2,,,85,85,1,6,4,120.658335,24.280239,3
2990,66000,387130000C,(04)23274275,(04)23288582,2025,06,9,16,4,臺中市,清水區,0,1,0,7,2,6,50,3,1,1,5,4,6,6,1,1,8,3,4,1,11,2,7,3,1,B03,7,6,5,19,2,5,,11,11,1,12,4,120.57125,24.262887,2
2991,66000,387130000C,(04)23274275,(04)23288582,2025,06,9,16,5,臺中市,大里區,0,2,0,7,3,6,30,3,2,1,5,4,6,6,4,4,10,5,5,2,18,2,9,3,1,B03,7,9,1,8,2,1,,84,84,1,12,4,120.659356,24.100423,2
2992,66000,387130000C,(04)23274275,(04)23288582,2025,06,9,16,8,臺中市,大里區,0,2,0,7,2,6,50,13,9,1,5,4,6,6,4,4,5,5,5,2,17,3,10,1,1,C03,7,9,1,10,2,16,,84,84,1,13,4,120.701016,24.086259,2
2993,66000,387130000C,(04)23274275,(04)23288582,2025,06,9,16,12,臺中市,霧峰區,0,2,0,7,2,6,40,13,9,1,5,4,6,6,4,4,9,5,5,1,16,2,9,2,1,C03,7,6,1,10,2,14,,48,48,1,13,4,120.715639,24.076698,2
2994,66000,387130000C,(04)23274275,(04)23288582,2025,06,9,16,13,臺中市,西屯區,0,1,0,7,2,6,50,3,1,1,5,4,6,6,4,4,10,5,5,2,16,2,9,1,1,C03,7,9,1,10,2,11,,34,34,1,12,4,120.642482,24.183696,2
2995,66000,387130000C,(04)23274275,(04)23288582,2025,06,9,16,14,臺中市,西屯區,0,0,0,7,,,50,,,,,,,,,,,,,,13,,,,,B03,,,1,,1,,,7,7,1,12,4,120.601409,24.182403,3
2996,66000,387130000C,(04)23274275,(04)23288582,2025,06,9,16,18,臺中市,西屯區,0,1,0,7,2,6,40,13,8,1,5,4,6,6,4,4,1,4,1,2,13,2,7,1,4,C03,7,9,1,10,2,11,12,7,7,1,12,4,120.610773,24.184785,2
2997,66000,387130000C,(04)23274275,(04)23288582,2025,06,9,16,19,臺中市,龍井區,0,2,0,7,2,6,50,5,1,1,5,4,6,6,3,1,10,5,5,2,11,2,8,2,1,C03,7,6,1,10,2,15,,8,8,1,6,4,120.5926,24.181542,2
2998,66000,387130000C,(04)23274275,(04)23288582,2025,06,9,16,20,臺中市,大肚區,0,0,0,7,2,6,50,5,2,1,5,,6,,3,1,5,2,5,1,21,3,10,3,1,A12,7,6,1,7,2,3,,8,8,1,6,4,120.5748,24.172098,3
2999,66000,387130000C,(04)23274275,(04)23288582,2025,06,9,16,22,臺中市,西區,0,1,0,7,2,6,50,4,2,1,5,4,6,6,1,1,5,2,5,2,12,3,10,3,1,B03,7,4,1,8,2,2,,1,1,1,12,4,120.672721,24.1359,2
3000,66000,387130000C,(04)23274275,(04)23288582,2025,06,9,16,22,臺中市,北屯區,0,0,0,7,,,30,,,,,,,,,,,,,,14,,,,,B03,,,1,,2,,,49,49,1,13,4,120.683551,24.195598,3
3001,66000,387130000C,(04)23274275,(04)23288582,2025,06,9,16,22,臺中市,清水區,0,0,0,7,,,50,,,,,,,,,,,,,,17,,,,,A41,,,1,,2,,,85,85,1,6,4,120.563887,24.292221,3
3002,66000,387130000C,(04)23274275,(04)23288582,2025,06,9,16,25,臺中市,烏日區,0,1,0,7,2,6,30,3,2,1,5,4,6,6,4,4,5,4,5,1,14,3,10,3,1,B03,7,2,1,8,2,7,,49,49,1,6,4,120.659121,24.058512,2
3003,66000,387130000C,(04)23274275,(04)23288582,2025,06,9,16,25,臺中市,神岡區,0,1,0,7,2,6,50,5,1,1,5,4,6,6,1,1,10,5,5,2,16,3,10,3,1,B03,7,6,1,8,2,8,,48,48,1,12,4,120.655431,24.258675,2
3004,66000,387130000C,(04)23274275,(04)23288582,2025,06,9,16,27,臺中市,西區,0,0,0,7,,,30,,,,,,,,,,,,,,,,,,,B03,,,1,,9,,,84,84,1,12,4,120.660992,24.146394,3
3005,66000,387130000C,(04)23274275,(04)23288582,2025,06,9,16,30,臺中市,西屯區,0,2,0,7,2,6,80,13,9,1,5,4,6,6,4,4,1,4,5,2,13,2,9,5,4,B12,7,9,1,8,2,1,,84,84,1,13,4,120.634948,24.179291,2
3006,66000,387130000C,(04)23274275,(04)23288582,2025,06,9,16,32,臺中市,梧棲區,0,0,0,7,,,50,,,,,,,,,,,,,,16,,,,,B03,,,1,,1,,,20,20,1,6,4,120.528592,24.253569,3
3007,66000,387130000C,(04)23274275,(04)23288582,2025,06,9,16,33,臺中市,北屯區,0,0,0,7,,,40,,,,,,,,,,,,,,12,,,,,B03,,,3,,1,,,8,8,1,13,4,120.697012,24.164975,3
3008,66000,387130000C,(04)23274275,(04)23288582,2025,06,9,16,33,臺中市,清水區,0,1,0,7,2,6,70,4,1,1,5,4,6,6,1,1,1,4,4,1,17,3,10,3,1,B03,7,6,1,8,9,16,,11,11,2,13,4,120.559246,24.258132,2
3009,66000,387130000C,(04)23274275,(04)23288582,2025,06,9,16,34,臺中市,神岡區,0,0,0,7,,,40,,,,,,,,,,,,,,17,,,,,B03,,,1,,2,,,58,58,1,6,4,120.694445,24.248708,3
3010,66000,387130000C,(04)23274275,(04)23288582,2025,06,9,16,35,臺中市,大安區,0,1,0,7,3,6,40,13,9,1,5,4,6,6,4,4,9,4,5,1,17,2,9,1,1,C03,7,9,3,19,2,11,,4,4,1,12,4,120.5908,24.345857,2
3011,66000,387130000C,(04)23274275,(04)23288582,2025,06,9,16,36,臺中市,南屯區,0,1,0,7,3,6,50,13,9,1,5,4,6,6,1,1,5,4,5,2,16,2,9,1,1,C03,7,9,3,19,2,12,,21,21,1,12,4,120.599769,24.139412,2
3012,66000,387130000C,(04)23274275,(04)23288582,2025,06,9,16,38,臺中市,南屯區,0,0,0,7,,,50,,,,,,,,,,,,,,,,,,,B03,,,1,,1,,,84,84,1,13,4,120.648675,24.154585,3
3013,66000,387130000C,(04)23274275,(04)23288582,2025,06,9,16,40,臺中市,沙鹿區,0,1,0,7,3,6,50,13,9,1,5,4,6,6,4,4,5,5,5,2,11,2,8,1,1,C03,7,6,3,19,2,11,,48,48,1,12,4,120.603705,24.242235,2
3014,66000,387130000C,(04)23274275,(04)23288582,2025,06,9,16,40,臺中市,豐原區,0,1,0,7,3,6,50,13,12,1,5,4,6,6,4,4,5,4,4,1,17,3,10,5,4,B03,7,7,1,8,2,2,,40,40,1,12,4,120.738343,24.262105,2
3015,66000,387130000C,(04)23274275,(04)23288582,2025,06,9,16,46,臺中市,大里區,0,2,0,7,3,6,50,13,9,1,5,4,6,6,4,4,5,4,5,1,12,2,9,1,1,C03,7,9,1,10,2,11,,84,84,1,6,4,120.674601,24.098759,2