﻿序號,縣市別代碼,機關代碼,市話,傳真,年,月,日,時,分,縣市,區,死亡數量,受傷數量,2-30,天候,道路照明設備,道路類別,道路速限,道路型態,事故位置,路面鋪裝,路面狀態,路面缺陷,障礙物,視距,號誌種類,號誌動作,分向設施,快車道或一般車道間,快慢車道間,路面邊線,事故類型及型態,受傷程度,主要傷處,保護裝備,行動電話或功能裝置,當事者區分_類別,車輛用途,當事者行動狀態,駕照狀態,駕照種類,飲酒情形,車輛撞擊部位最初,車輛撞擊部位其他,肇事因素個別,肇事因素主要,肇事逃逸,職業,共享經濟或外送平台,GPS座標X,GPS座標Y,事故類別
3016,66000,387130000C,(04)23274275,(04)23288582,2025,06,9,16,47,臺中市,后里區,0,2,0,7,3,6,50,4,2,1,5,4,6,6,4,4,5,5,5,1,16,2,9,1,1,C03,7,6,3,19,2,11,,14,14,1,6,4,120.71074,24.307522,2
3017,66000,387130000C,(04)23274275,(04)23288582,2025,06,9,16,50,臺中市,北區,0,0,0,7,2,6,50,4,1,1,5,4,6,6,4,4,5,5,5,2,15,3,10,3,1,B03,7,9,1,8,1,1,,15,15,1,12,4,120.684054,24.154645,3
3018,66000,387130000C,(04)23274275,(04)23288582,2025,06,9,16,51,臺中市,西屯區,0,1,0,7,2,6,60,4,1,1,5,4,6,6,2,1,5,4,5,2,16,3,10,3,1,B03,7,6,1,8,2,1,,11,11,1,12,4,120.65589,24.170451,2
3019,66000,387130000C,(04)23274275,(04)23288582,2025,06,9,16,51,臺中市,大肚區,0,1,0,7,2,6,50,13,9,1,5,4,6,6,4,4,5,5,5,1,2,2,8,2,1,F02,7,9,7,21,2,11,,59,59,1,3,4,120.575562,24.173566,2
3020,66000,387130000C,(04)23274275,(04)23288582,2025,06,9,16,55,臺中市,豐原區,0,2,0,7,2,6,50,3,2,1,5,4,6,6,4,4,5,5,4,2,17,2,9,5,4,C03,7,6,1,10,2,15,,14,14,1,13,4,120.709569,24.245066,2
3021,66000,387130000C,(04)23274275,(04)23288582,2025,06,9,16,56,臺中市,南屯區,0,1,0,7,3,6,50,13,9,1,5,4,6,6,4,4,10,4,5,2,16,2,9,2,4,C03,7,11,1,10,2,11,,20,20,1,6,4,120.607716,24.138712,2
3022,66000,387130000C,(04)23274275,(04)23288582,2025,06,9,16,57,臺中市,沙鹿區,0,0,0,7,,,60,,,,,,,,,,,,,,,,,,,B12,,,1,,2,,,59,59,1,13,4,120.580879,24.214575,3
3023,66000,387130000C,(04)23274275,(04)23288582,2025,06,9,16,59,臺中市,西區,0,0,0,7,,,50,,,,,,,,,,,,,,,,,,,A12,,,1,,2,,,82,82,1,12,4,120.657872,24.154004,3
3024,66000,387130000C,(04)23274275,(04)23288582,2025,06,9,17,0,臺中市,北區,0,0,0,7,,,50,,,,,,,,,,,,,,13,,,,,B03,,,1,,1,,,7,7,1,13,4,120.67473,24.159369,3
3025,66000,387130000C,(04)23274275,(04)23288582,2025,06,9,17,1,臺中市,清水區,0,0,0,7,2,6,55,4,2,1,5,4,6,6,1,1,8,3,4,2,12,,,,,A22,,,1,,2,,,47,47,1,12,4,120.541713,24.288564,3
3026,66000,387130000C,(04)23274275,(04)23288582,2025,06,9,17,2,臺中市,南區,0,0,0,7,,,50,,,,,,,,,,,,,,,,,,,B03,,,1,,2,,,84,84,1,6,4,120.673949,24.127625,3
3027,66000,387130000C,(04)23274275,(04)23288582,2025,06,9,17,9,臺中市,大雅區,0,1,0,7,1,6,50,3,2,1,5,4,6,6,4,4,5,5,5,2,17,2,9,1,1,C03,7,9,1,10,2,12,,84,84,1,13,4,120.616789,24.220029,2
3028,66000,387130000C,(04)23274275,(04)23288582,2025,06,9,17,9,臺中市,太平區,0,1,0,7,3,6,50,13,9,1,5,4,6,6,4,4,9,5,5,2,30,2,9,4,1,F02,7,9,7,21,2,12,14,84,84,1,12,4,120.72534,24.124377,2
3029,66000,387130000C,(04)23274275,(04)23288582,2025,06,9,17,9,臺中市,沙鹿區,0,0,0,7,,,50,,,,,,,,,,,,,,12,,,,,B03,,,1,,2,,,8,8,1,13,4,120.564552,24.243762,3
3030,66000,387130000C,(04)23274275,(04)23288582,2025,06,9,17,10,臺中市,南屯區,0,0,0,7,,,50,,,,,,,,,,,,,,,,,,,B03,,,1,,1,,,7,7,1,13,4,120.634483,24.153435,3
3031,66000,387130000C,(04)23274275,(04)23288582,2025,06,9,17,10,臺中市,北屯區,0,0,0,7,,,50,,,,,,,,,,,,,,12,,,,,C03,,,3,,1,,,48,48,1,5,4,120.727522,24.169206,3
3032,66000,387130000C,(04)23274275,(04)23288582,2025,06,9,17,13,臺中市,大雅區,0,1,0,7,3,6,60,3,2,1,5,4,6,6,1,1,1,5,5,2,17,3,10,1,1,C03,7,9,1,10,2,12,,84,84,1,13,4,120.645261,24.225089,2
3033,66000,387130000C,(04)23274275,(04)23288582,2025,06,9,17,14,臺中市,烏日區,0,1,0,7,2,6,50,4,1,1,5,4,6,6,1,1,10,5,5,2,16,3,10,3,1,B12,7,5,1,8,2,2,,47,47,1,6,4,120.645964,24.058696,2
3034,66000,387130000C,(04)23274275,(04)23288582,2025,06,9,17,15,臺中市,西區,0,1,0,7,2,6,50,4,1,1,5,4,6,6,2,1,10,5,5,2,17,3,10,3,1,B03,7,5,1,8,2,2,,11,11,1,12,4,120.669577,24.143938,2
3035,66000,387130000C,(04)23274275,(04)23288582,2025,06,9,17,15,臺中市,大里區,0,1,0,7,2,6,30,13,9,1,5,4,6,6,4,4,10,5,5,1,13,2,8,1,1,C03,7,9,1,10,2,11,,7,7,1,6,4,120.696647,24.117116,2
3036,66000,387130000C,(04)23274275,(04)23288582,2025,06,9,17,18,臺中市,霧峰區,0,2,0,7,2,6,40,13,9,1,5,4,6,6,4,4,5,5,5,1,16,2,8,5,1,G03,7,6,7,21,2,17,,84,84,1,13,4,120.686742,24.065866,2
3037,66000,387130000C,(04)23274275,(04)23288582,2025,06,9,17,19,臺中市,潭子區,0,1,0,7,2,6,50,4,9,1,5,4,6,6,2,1,5,4,5,1,17,2,8,2,1,C03,7,6,1,10,2,11,,39,39,1,13,4,120.700647,24.214245,2
3038,66000,387130000C,(04)23274275,(04)23288582,2025,06,9,17,20,臺中市,大雅區,0,0,0,7,2,6,30,11,9,1,5,4,6,6,4,4,10,5,5,2,17,3,10,3,1,B03,7,9,1,8,4,8,,20,20,1,12,4,120.656593,24.229877,3
3039,66000,387130000C,(04)23274275,(04)23288582,2025,06,9,17,21,臺中市,西區,0,0,0,7,,,,,,,,,,,,,,,,,,,,,,,,,,,,,,119,119,1,,,120.660857,24.159373,3
3040,66000,387130000C,(04)23274275,(04)23288582,2025,06,9,17,23,臺中市,南區,0,1,0,7,3,6,50,13,9,1,5,4,6,6,4,4,1,5,5,2,12,2,9,2,1,C03,7,11,1,10,2,13,,45,45,1,13,4,120.646027,24.11107,2
3041,66000,387130000C,(04)23274275,(04)23288582,2025,06,9,17,23,臺中市,豐原區,0,1,0,7,2,6,60,13,7,1,5,4,6,6,2,1,1,4,5,1,12,2,9,2,1,C03,7,7,1,10,2,12,,84,84,1,6,4,120.69937,24.235822,2
3042,66000,387130000C,(04)23274275,(04)23288582,2025,06,9,17,25,臺中市,沙鹿區,0,1,0,7,2,6,30,11,9,1,5,4,6,6,4,4,10,5,5,2,17,3,10,5,4,B03,7,9,1,8,2,4,,41,41,1,13,4,120.584325,24.218011,2
3043,66000,387130000C,(04)23274275,(04)23288582,2025,06,9,17,26,臺中市,南屯區,0,0,0,7,,,40,,,,,,,,,,,,,,13,,,,,B03,,,1,,1,,,7,7,1,12,4,120.623064,24.151197,3
3044,66000,387130000C,(04)23274275,(04)23288582,2025,06,9,17,26,臺中市,南屯區,0,0,0,7,,,50,,,,,,,,,,,,,,,,,,,B03,,,1,,1,,,50,50,1,13,4,120.643388,24.153579,3
3045,66000,387130000C,(04)23274275,(04)23288582,2025,06,9,17,29,臺中市,潭子區,0,2,0,7,2,6,50,3,1,1,5,4,6,6,4,4,10,5,5,2,16,2,8,1,1,F03,7,6,7,21,2,11,,14,14,1,12,4,120.690965,24.214995,2
3046,66000,387130000C,(04)23274275,(04)23288582,2025,06,9,17,29,臺中市,西屯區,0,3,0,7,3,6,40,4,1,1,5,4,6,6,4,4,10,5,5,2,16,2,9,1,1,C03,7,6,1,10,2,14,,48,48,1,13,4,120.650304,24.157718,2
3047,66000,387130000C,(04)23274275,(04)23288582,2025,06,9,17,30,臺中市,北屯區,0,0,0,7,,,50,,,,,,,,,,,,,,13,,,,,B03,,,1,,1,,,58,58,1,6,4,120.665296,24.191302,3
3048,66000,387130000C,(04)23274275,(04)23288582,2025,06,9,17,30,臺中市,西屯區,0,0,0,7,,,50,,,,,,,,,,,,,,12,,,,,C03,,,1,,1,,,8,8,1,12,4,120.618864,24.168057,3
3049,66000,387130000C,(04)23274275,(04)23288582,2025,06,9,17,30,臺中市,烏日區,0,1,0,7,2,6,50,3,1,1,5,4,6,6,4,4,10,5,5,2,17,3,10,5,4,B03,7,5,1,8,2,6,,47,47,1,12,4,120.643268,24.076145,2
3050,66000,387130000C,(04)23274275,(04)23288582,2025,06,9,17,30,臺中市,烏日區,0,0,0,7,,,50,,,,,,,,,,,,,,17,,,,,C03,,,1,,1,,,84,84,1,6,4,120.624344,24.110503,3
3051,66000,387130000C,(04)23274275,(04)23288582,2025,06,9,17,30,臺中市,東勢區,0,0,0,7,,,70,,,,,,,,,,,,,,,,,,,B03,,,1,,1,,,7,7,1,12,4,120.822769,24.261535,3
3052,66000,387130000C,(04)23274275,(04)23288582,2025,06,9,17,32,臺中市,西區,0,1,0,7,2,6,50,3,1,1,5,4,6,6,4,4,10,5,5,2,17,2,9,6,1,F01,7,11,7,21,2,11,,46,46,1,12,4,120.659523,24.139275,2
3053,66000,387130000C,(04)23274275,(04)23288582,2025,06,9,17,33,臺中市,霧峰區,0,1,0,7,2,6,50,3,1,1,5,4,6,6,4,4,3,4,5,1,17,3,10,3,1,B02,7,5,1,8,2,1,,84,84,1,6,4,120.694519,24.051729,2
3054,66000,387130000C,(04)23274275,(04)23288582,2025,06,9,17,33,臺中市,大里區,0,0,0,7,,,30,,,,,,,,,,,,,,14,,,,,B12,,,1,,2,,,49,49,1,6,4,120.670823,24.100781,3
3055,66000,387130000C,(04)23274275,(04)23288582,2025,06,9,17,35,臺中市,沙鹿區,0,1,0,7,3,6,50,4,1,1,5,4,6,6,3,1,10,4,4,2,13,2,7,2,1,C03,7,9,1,10,2,11,14,7,7,1,13,4,120.562801,24.247016,2
3056,66000,387130000C,(04)23274275,(04)23288582,2025,06,9,17,37,臺中市,西屯區,0,0,0,7,,,80,,,,,,,,,,,,,,13,,,,,B03,,,1,,1,,,59,59,1,12,4,120.651315,24.197867,3
3057,66000,387130000C,(04)23274275,(04)23288582,2025,06,9,17,39,臺中市,大雅區,0,0,0,7,1,6,0,3,14,1,5,4,6,6,4,4,5,5,4,1,17,,,,,B03,,,1,,9,,,87,87,1,13,4,120.637606,24.217702,3
3058,66000,387130000C,(04)23274275,(04)23288582,2025,06,9,17,39,臺中市,北屯區,0,0,0,7,,,50,,,,,,,,,,,,,,12,,,,,C03,,,1,,1,,,58,58,1,6,4,120.666928,24.192075,3
3059,66000,387130000C,(04)23274275,(04)23288582,2025,06,9,17,40,臺中市,龍井區,0,1,0,7,3,6,30,13,9,1,5,4,6,6,4,4,10,5,5,2,11,2,9,1,1,C03,7,9,1,10,2,11,,59,59,1,6,4,120.545798,24.186376,2
3060,66000,387130000C,(04)23274275,(04)23288582,2025,06,9,17,44,臺中市,大里區,0,2,0,7,3,6,50,3,1,1,5,4,6,6,4,4,10,5,5,2,17,2,9,1,1,C03,7,9,1,10,2,11,,84,84,1,12,4,120.707414,24.105682,2
3061,66000,387130000C,(04)23274275,(04)23288582,2025,06,9,17,46,臺中市,烏日區,0,0,0,7,,,70,,,,,,,,,,,,,,13,,,,,B03,,,1,,1,,,51,51,1,12,4,120.612438,24.10646,3
3062,66000,387130000C,(04)23274275,(04)23288582,2025,06,9,17,47,臺中市,霧峰區,0,1,0,7,2,6,30,13,9,1,5,4,6,6,4,4,10,5,5,2,17,3,10,1,1,F06,7,1,7,21,2,11,,51,51,1,13,4,120.707158,24.070281,2
3063,66000,387130000C,(04)23274275,(04)23288582,2025,06,9,17,48,臺中市,大里區,0,1,0,7,2,6,50,13,14,1,5,4,6,6,4,4,5,5,5,1,17,2,1,2,1,C03,7,9,1,10,2,11,,39,39,1,13,4,120.698554,24.095099,2
3064,66000,387130000C,(04)23274275,(04)23288582,2025,06,9,17,50,臺中市,大里區,0,0,0,7,,,50,,,,,,,,,,,,,,,,,,,C03,,,1,,2,,,20,20,1,12,4,120.697268,24.092113,3
3065,66000,387130000C,(04)23274275,(04)23288582,2025,06,9,17,52,臺中市,沙鹿區,0,2,0,7,2,6,40,7,9,1,5,4,6,6,4,4,10,3,5,1,17,2,9,5,4,C03,7,9,1,10,2,11,,59,59,1,13,4,120.560074,24.241046,2
3066,66000,387130000C,(04)23274275,(04)23288582,2025,06,9,17,54,臺中市,南區,0,0,0,7,,,50,,,,,,,,,,,,,,13,,,,,B12,,,1,,2,,,7,7,1,6,4,120.672292,24.119113,3
3067,66000,387130000C,(04)23274275,(04)23288582,2025,06,9,17,54,臺中市,太平區,0,0,0,7,,,50,,,,,,,,,,,,,,,,,,,B03,,,1,,1,,,84,84,1,12,4,120.716004,24.148432,3
3068,66000,387130000C,(04)23274275,(04)23288582,2025,06,9,17,55,臺中市,北屯區,0,2,0,7,3,6,50,13,9,1,5,4,6,6,4,4,1,4,5,2,13,2,9,2,1,C03,7,9,1,10,1,11,,7,7,1,13,4,120.721678,24.182415,2
3069,66000,387130000C,(04)23274275,(04)23288582,2025,06,9,17,55,臺中市,西屯區,0,1,0,7,2,6,50,4,1,1,5,4,6,6,4,4,10,5,5,2,13,2,9,5,4,C03,7,9,1,10,1,11,,7,7,1,13,4,120.639356,24.179956,2
3070,66000,387130000C,(04)23274275,(04)23288582,2025,06,9,17,55,臺中市,霧峰區,0,0,0,7,,,50,,,,,,,,,,,,,,17,,,,,C03,,,1,,2,,,7,7,1,13,4,120.695645,24.015439,3
3071,66000,387130000C,(04)23274275,(04)23288582,2025,06,9,17,56,臺中市,北屯區,0,1,0,7,1,6,50,3,1,1,5,4,6,6,4,4,10,5,5,2,17,2,9,1,1,C03,7,1,1,10,1,14,,51,51,1,12,4,120.690275,24.201846,2
3072,66000,387130000C,(04)23274275,(04)23288582,2025,06,9,17,58,臺中市,西區,0,0,0,7,,,50,,,,,,,,,,,,,,17,,,,,C03,,,1,,1,,,85,85,1,12,4,120.653876,24.151047,3
3073,66000,387130000C,(04)23274275,(04)23288582,2025,06,9,17,59,臺中市,北屯區,0,1,0,7,2,6,50,4,1,1,5,4,6,6,2,1,10,5,5,2,16,2,9,1,1,C03,7,9,1,10,2,14,,39,39,1,13,4,120.697688,24.170539,2
3074,66000,387130000C,(04)23274275,(04)23288582,2025,06,9,18,0,臺中市,豐原區,0,0,0,7,,,50,,,,,,,,,,,,,,17,,,,,B03,,,1,,2,,,39,39,1,6,4,120.732813,24.258586,3
3075,66000,387130000C,(04)23274275,(04)23288582,2025,06,9,18,2,臺中市,南區,0,0,0,7,,,50,,,,,,,,,,,,,,16,,,,,B03,,,1,,2,,,84,84,1,6,4,120.650118,24.120638,3
3076,66000,387130000C,(04)23274275,(04)23288582,2025,06,9,18,3,臺中市,西屯區,0,1,0,7,2,6,60,13,7,1,5,4,6,6,4,4,5,4,4,2,12,2,9,2,1,C03,7,8,1,10,2,14,,40,40,1,12,4,120.641469,24.16818,2
3077,66000,387130000C,(04)23274275,(04)23288582,2025,06,9,18,4,臺中市,西屯區,0,0,0,7,,,50,,,,,,,,,,,,,,16,,,,,B03,,,1,,1,,,51,51,1,12,4,120.629179,24.20553,3
3078,66000,387130000C,(04)23274275,(04)23288582,2025,06,9,18,5,臺中市,東區,0,0,0,7,1,6,50,4,1,1,5,4,6,6,1,1,10,5,5,2,17,3,10,3,1,B03,7,6,1,8,2,8,,11,11,1,12,4,120.702112,24.127519,3
3079,66000,387130000C,(04)23274275,(04)23288582,2025,06,9,18,7,臺中市,西區,0,1,0,7,3,6,50,4,1,1,5,4,6,6,1,1,10,5,5,2,17,2,9,3,1,B03,7,6,1,8,2,1,,84,84,1,13,4,120.661463,24.162785,2
3080,66000,387130000C,(04)23274275,(04)23288582,2025,06,9,18,7,臺中市,北區,0,1,0,7,1,6,50,13,9,1,5,4,6,6,4,4,3,4,5,1,13,2,8,1,1,C03,7,9,1,11,2,11,,59,59,1,12,4,120.677785,24.162984,2
3081,66000,387130000C,(04)23274275,(04)23288582,2025,06,9,18,8,臺中市,中區,0,0,0,7,,,50,,,,,,,,,,,,,,,,,,,B03,,,1,,1,,,8,8,1,12,4,120.679238,24.141847,3
3082,66000,387130000C,(04)23274275,(04)23288582,2025,06,9,18,10,臺中市,西區,0,1,0,7,2,6,50,4,1,1,5,4,6,6,4,4,10,5,5,2,13,3,10,1,1,C03,7,9,1,10,2,11,,7,7,1,12,4,120.664133,24.14895,2
3083,66000,387130000C,(04)23274275,(04)23288582,2025,06,9,18,10,臺中市,太平區,0,0,0,7,,,50,,,,,,,,,,,,,,13,,,,,C03,,,1,,2,,,7,7,1,6,4,120.729568,24.108845,3
3084,66000,387130000C,(04)23274275,(04)23288582,2025,06,9,18,11,臺中市,北屯區,0,1,0,7,2,6,50,4,1,1,5,4,6,6,4,4,10,5,5,2,13,3,10,3,1,B03,7,5,1,8,2,5,,7,7,1,6,4,120.685498,24.172177,2
3085,66000,387130000C,(04)23274275,(04)23288582,2025,06,9,18,15,臺中市,北區,0,1,0,7,3,6,50,4,1,1,5,4,6,6,4,4,10,5,5,2,15,3,10,1,1,C03,7,9,1,10,2,11,,13,13,1,12,4,120.692314,24.156009,2
3086,66000,387130000C,(04)23274275,(04)23288582,2025,06,9,18,15,臺中市,北屯區,0,0,0,7,,,40,,,,,,,,,,,,,,17,,,,,B03,,,1,,1,,,40,40,1,6,4,120.739729,24.178881,3
3087,66000,387130000C,(04)23274275,(04)23288582,2025,06,9,18,17,臺中市,大里區,0,0,0,7,,,30,,,,,,,,,,,,,,,,,,,B03,,,1,,1,,,84,84,1,13,4,120.730482,24.089962,3
3088,66000,387130000C,(04)23274275,(04)23288582,2025,06,9,18,18,臺中市,北屯區,0,1,0,7,3,6,50,3,1,1,5,4,6,6,4,4,10,5,5,2,16,3,10,3,1,B03,7,6,1,8,2,4,,14,14,1,13,4,120.667744,24.191749,2
3089,66000,387130000C,(04)23274275,(04)23288582,2025,06,9,18,18,臺中市,沙鹿區,0,1,0,7,2,6,50,4,2,1,5,4,6,6,4,4,5,5,5,2,17,3,10,3,1,B03,7,13,1,7,2,4,,76,76,1,12,4,120.603745,24.242656,2
3090,66000,387130000C,(04)23274275,(04)23288582,2025,06,9,18,20,臺中市,大里區,0,0,0,6,,,80,,,,,,,,,,,,,,13,,,,,B03,,,1,,2,,,7,7,1,6,4,120.682258,24.079665,3
3091,66000,387130000C,(04)23274275,(04)23288582,2025,06,9,18,24,臺中市,北區,0,0,0,7,,,50,,,,,,,,,,,,,,,,,,,B12,,,1,,11,,,84,84,1,13,4,120.696616,24.159879,3
3092,66000,387130000C,(04)23274275,(04)23288582,2025,06,9,18,32,臺中市,中區,0,1,0,7,2,6,50,13,9,1,5,4,6,6,4,4,5,4,5,2,13,2,8,2,1,C03,7,9,1,10,2,11,,7,7,1,12,4,120.678952,24.139018,2
3093,66000,387130000C,(04)23274275,(04)23288582,2025,06,9,18,32,臺中市,南區,0,0,0,7,,,50,,,,,,,,,,,,,,,,,,,C03,,,1,,2,,,84,84,1,6,4,120.669932,24.119017,3
3094,66000,387130000C,(04)23274275,(04)23288582,2025,06,9,18,32,臺中市,沙鹿區,0,1,0,7,1,6,50,13,8,1,5,4,6,6,4,4,1,4,4,2,17,2,9,3,1,B12,7,7,5,19,2,5,1,59,59,1,13,4,120.558746,24.229853,2
3095,66000,387130000C,(04)23274275,(04)23288582,2025,06,9,18,35,臺中市,豐原區,0,1,0,6,2,6,50,4,1,1,5,4,6,6,4,4,5,5,4,2,13,2,9,5,4,C03,7,9,1,10,2,11,,7,7,1,13,4,120.713888,24.248652,2
3096,66000,387130000C,(04)23274275,(04)23288582,2025,06,9,18,36,臺中市,北屯區,0,0,0,7,,,50,,,,,,,,,,,,,,17,,,,,,,,,,,,,119,119,1,,,120.70724,24.165874,3
3097,66000,387130000C,(04)23274275,(04)23288582,2025,06,9,18,38,臺中市,龍井區,0,0,0,7,2,6,50,13,9,1,5,4,6,6,4,4,10,5,5,2,14,3,10,3,1,B12,7,2,1,8,1,3,,49,49,1,6,4,120.586816,24.17755,3
3098,66000,387130000C,(04)23274275,(04)23288582,2025,06,9,18,40,臺中市,梧棲區,0,1,0,7,2,6,50,13,9,1,5,4,6,6,4,4,5,4,5,1,13,2,9,1,1,C03,7,9,1,10,2,11,,7,7,1,12,4,120.539155,24.251177,2
3099,66000,387130000C,(04)23274275,(04)23288582,2025,06,9,18,46,臺中市,西區,0,0,0,7,,,50,,,,,,,,,,,,,,30,,,,,B02,,,1,,2,,,84,84,1,12,4,120.661502,24.147389,3
3100,66000,387130000C,(04)23274275,(04)23288582,2025,06,9,18,48,臺中市,大雅區,0,0,0,7,,,60,,,,,,,,,,,,,,,,,,,A11,,,1,,2,,,40,40,1,13,4,120.646738,24.222107,3
3101,66000,387130000C,(04)23274275,(04)23288582,2025,06,9,18,48,臺中市,太平區,0,0,0,7,,,50,,,,,,,,,,,,,,,,,,,C03,,,1,,1,,,50,50,1,12,4,120.720315,24.120751,3
3102,66000,387130000C,(04)23274275,(04)23288582,2025,06,9,18,50,臺中市,北區,0,0,0,7,,,50,,,,,,,,,,,,,,13,,,,,B03,,,1,,1,,,84,84,1,12,4,120.686537,24.154629,3
3103,66000,387130000C,(04)23274275,(04)23288582,2025,06,9,18,53,臺中市,龍井區,0,3,0,7,1,6,30,4,1,1,5,4,6,6,4,4,10,5,5,2,15,2,9,1,1,C03,7,9,1,10,2,11,,15,15,1,6,4,120.518891,24.220764,2
3104,66000,387130000C,(04)23274275,(04)23288582,2025,06,9,18,55,臺中市,霧峰區,0,0,0,7,,,40,,,,,,,,,,,,,,,,,,,B01,,,1,,2,,,84,84,1,6,4,120.699895,24.071634,3
3105,66000,387130000C,(04)23274275,(04)23288582,2025,06,9,18,56,臺中市,南屯區,0,1,0,7,1,6,40,13,9,1,5,4,6,6,4,4,10,5,5,2,17,2,9,2,4,C03,7,9,1,10,2,11,,59,59,1,6,4,120.636348,24.137404,2
3106,66000,387130000C,(04)23274275,(04)23288582,2025,06,9,18,59,臺中市,潭子區,0,0,0,7,,,50,,,,,,,,,,,,,,,,,,,B03,,,1,,2,,,8,8,1,13,4,120.676309,24.205427,3
3107,66000,387130000C,(04)23274275,(04)23288582,2025,06,9,19,2,臺中市,北屯區,0,1,0,7,1,6,50,13,7,1,5,4,6,6,4,4,5,4,4,2,16,2,9,2,1,C03,7,6,1,10,2,12,,39,39,1,12,4,120.723792,24.166113,2
3108,66000,387130000C,(04)23274275,(04)23288582,2025,06,9,19,9,臺中市,霧峰區,0,0,0,6,,,40,,,,,,,,,,,,,,,,,,,B12,,,1,,1,,,50,50,1,13,4,120.701555,24.067448,3
3109,66000,387130000C,(04)23274275,(04)23288582,2025,06,9,19,9,臺中市,后里區,0,1,0,7,1,6,50,13,12,1,5,4,6,6,4,4,1,4,4,2,16,3,10,3,1,B03,7,5,1,8,2,6,,20,20,1,12,4,120.722504,24.310134,2
3110,66000,387130000C,(04)23274275,(04)23288582,2025,06,9,19,9,臺中市,后里區,0,1,0,7,1,6,50,3,1,1,5,4,6,6,3,1,10,5,5,2,12,2,9,1,1,C03,7,8,1,8,2,14,,42,42,1,12,4,120.722738,24.309939,2
3111,66000,387130000C,(04)23274275,(04)23288582,2025,06,9,19,10,臺中市,大雅區,0,1,0,6,1,6,50,13,9,1,5,4,6,6,4,4,4,5,5,1,17,3,10,1,1,C03,7,15,1,10,2,13,,42,42,1,13,4,120.657149,24.224158,2
3112,66000,387130000C,(04)23274275,(04)23288582,2025,06,9,19,12,臺中市,大里區,0,0,0,6,,,50,,,,,,,,,,,,,,17,,,,,B03,,,1,,2,,,84,84,1,13,4,120.713493,24.088522,3
3113,66000,387130000C,(04)23274275,(04)23288582,2025,06,9,19,18,臺中市,西區,0,0,0,6,,,50,,,,,,,,,,,,,,,,,,,B03,,,1,,2,,,8,8,1,13,4,120.664166,24.145923,3
3114,66000,387130000C,(04)23274275,(04)23288582,2025,06,9,19,20,臺中市,北區,0,0,0,7,1,6,50,4,2,1,5,4,6,6,1,1,1,4,5,2,16,3,10,3,1,B03,7,5,1,8,1,5,2,84,84,1,12,4,120.682558,24.153214,3
3115,66000,387130000C,(04)23274275,(04)23288582,2025,06,9,19,22,臺中市,西區,0,1,0,7,1,6,50,4,1,1,5,4,6,6,2,1,10,5,5,2,3,3,10,3,1,B03,7,6,1,8,2,1,,10,10,1,12,4,120.665645,24.137953,2
3116,66000,387130000C,(04)23274275,(04)23288582,2025,06,9,19,30,臺中市,北區,0,0,0,7,,,50,,,,,,,,,,,,,,12,,,,,B03,,,1,,1,,,59,59,1,12,4,120.685258,24.1608,3
3117,66000,387130000C,(04)23274275,(04)23288582,2025,06,9,19,39,臺中市,北屯區,0,1,0,7,1,6,50,4,2,1,5,4,6,6,1,1,5,5,4,2,13,3,10,3,1,B03,7,9,1,8,2,5,,84,84,1,12,4,120.693751,24.176404,2
3118,66000,387130000C,(04)23274275,(04)23288582,2025,06,9,19,41,臺中市,西屯區,0,0,0,7,,,30,,,,,,,,,,,,,,17,,,,,B03,,,3,,2,,,8,8,1,12,4,120.661102,24.168623,3
3119,66000,387130000C,(04)23274275,(04)23288582,2025,06,9,19,43,臺中市,北區,0,2,0,7,1,6,50,3,2,1,5,4,6,6,1,1,1,4,5,2,13,2,9,5,4,C03,7,9,1,10,2,11,,84,84,1,12,4,120.672225,24.16235,2
3120,66000,387130000C,(04)23274275,(04)23288582,2025,06,9,19,47,臺中市,北屯區,0,2,0,7,1,6,50,4,1,1,5,4,6,6,4,4,10,5,5,2,15,2,9,1,1,C03,7,9,1,10,2,12,,15,15,1,13,4,120.725197,24.163418,2
3121,66000,387130000C,(04)23274275,(04)23288582,2025,06,9,19,48,臺中市,南區,0,0,0,7,,,50,,,,,,,,,,,,,,13,,,,,B03,,,5,,2,,,7,7,1,6,4,120.679399,24.12407,3
3122,66000,387130000C,(04)23274275,(04)23288582,2025,06,9,19,55,臺中市,西區,0,1,0,7,1,6,50,3,1,1,5,4,6,6,4,4,10,5,5,2,17,2,9,1,1,C03,7,6,1,10,2,14,,84,84,1,13,4,120.655218,24.151542,2
3123,66000,387130000C,(04)23274275,(04)23288582,2025,06,9,20,0,臺中市,豐原區,0,1,0,6,1,6,60,13,8,1,5,4,6,6,4,4,1,4,4,1,17,3,10,3,1,B03,7,7,1,8,2,2,,40,40,1,6,4,120.723982,24.236427,2
3124,66000,387130000C,(04)23274275,(04)23288582,2025,06,9,20,8,臺中市,西區,0,0,0,7,,,40,,,,,,,,,,,,,,,,,,,C03,,,1,,1,,,50,50,1,12,4,120.666034,24.132038,3
3125,66000,387130000C,(04)23274275,(04)23288582,2025,06,9,20,8,臺中市,北屯區,0,1,0,7,1,6,40,13,7,1,5,4,6,6,4,4,1,4,4,2,17,2,9,1,1,C03,7,8,5,19,2,14,,40,40,1,6,4,120.670537,24.17603,2