﻿序號,縣市別代碼,機關代碼,市話,傳真,年,月,日,時,分,縣市,區,死亡數量,受傷數量,2-30,天候,道路照明設備,道路類別,道路速限,道路型態,事故位置,路面鋪裝,路面狀態,路面缺陷,障礙物,視距,號誌種類,號誌動作,分向設施,快車道或一般車道間,快慢車道間,路面邊線,事故類型及型態,受傷程度,主要傷處,保護裝備,行動電話或功能裝置,當事者區分_類別,車輛用途,當事者行動狀態,駕照狀態,駕照種類,飲酒情形,車輛撞擊部位最初,車輛撞擊部位其他,肇事因素個別,肇事因素主要,肇事逃逸,職業,共享經濟或外送平台,GPS座標X,GPS座標Y,事故類別
3460,66000,387130000C,(04)23274275,(04)23288582,2025,06,10,16,0,臺中市,大雅區,0,1,0,7,3,6,30,3,9,1,5,4,6,6,4,4,10,5,5,1,17,2,9,1,1,C03,7,5,1,10,2,11,,14,14,1,13,4,120.672887,24.21698,2
3461,66000,387130000C,(04)23274275,(04)23288582,2025,06,10,16,1,臺中市,西屯區,0,1,0,7,2,6,40,13,8,1,5,4,6,6,4,4,3,5,4,2,28,2,9,5,1,C03,7,9,5,19,2,11,,59,59,1,12,4,120.59544,24.181996,2
3462,66000,387130000C,(04)23274275,(04)23288582,2025,06,10,16,4,臺中市,潭子區,0,2,0,7,3,6,50,4,1,1,5,4,6,6,1,1,10,5,5,2,15,2,9,1,1,C03,7,9,1,10,2,14,,21,21,1,13,4,120.718325,24.21811,2
3463,66000,387130000C,(04)23274275,(04)23288582,2025,06,10,16,7,臺中市,豐原區,0,0,0,7,,,50,,,,,,,,,,,,,,17,,,,,B03,,,1,,2,,,51,51,1,12,4,120.718191,24.242679,3
3464,66000,387130000C,(04)23274275,(04)23288582,2025,06,10,16,8,臺中市,龍井區,0,1,0,7,3,6,30,4,1,1,5,4,6,6,4,4,10,5,5,2,16,3,10,3,1,B03,7,6,1,8,2,1,,20,20,1,6,4,120.524398,24.202226,2
3465,66000,387130000C,(04)23274275,(04)23288582,2025,06,10,16,9,臺中市,大甲區,0,1,0,7,3,6,50,13,9,1,5,4,6,6,4,4,5,4,5,1,17,2,9,1,1,C03,7,9,3,19,2,11,,8,8,1,12,4,120.637927,24.346904,2
3466,66000,387130000C,(04)23274275,(04)23288582,2025,06,10,16,14,臺中市,東區,0,1,0,7,3,6,50,3,1,1,5,4,6,6,1,1,10,5,5,2,16,3,10,3,1,B03,7,6,5,19,2,1,,11,11,1,6,4,120.694333,24.144702,2
3467,66000,387130000C,(04)23274275,(04)23288582,2025,06,10,16,15,臺中市,西屯區,0,0,0,7,,,30,,,,,,,,,,,,,,,,,,,C03,,,1,,2,,,51,51,1,12,4,120.619955,24.170335,3
3468,66000,387130000C,(04)23274275,(04)23288582,2025,06,10,16,20,臺中市,南屯區,0,1,0,7,2,6,60,3,2,1,5,4,6,6,3,3,7,4,5,2,17,3,10,3,1,B03,7,5,1,8,2,2,,47,47,1,12,4,120.635502,24.141352,2
3469,66000,387130000C,(04)23274275,(04)23288582,2025,06,10,16,20,臺中市,大肚區,0,1,0,7,3,6,50,13,9,1,5,4,6,6,4,4,10,5,5,1,3,2,9,6,5,H01,8,17,7,21,10,17,,95,95,1,6,5,120.545511,24.150907,2
3470,66000,387130000C,(04)23274275,(04)23288582,2025,06,10,16,21,臺中市,西區,0,0,0,7,,,40,,,,,,,,,,,,,,,,,,,C03,,,1,,1,,,8,8,1,12,4,120.669801,24.150724,3
3471,66000,387130000C,(04)23274275,(04)23288582,2025,06,10,16,21,臺中市,大里區,0,0,0,7,,,50,,,,,,,,,,,,,,,,,,,B03,,,1,,2,,,45,45,1,13,4,120.692016,24.094209,3
3472,66000,387130000C,(04)23274275,(04)23288582,2025,06,10,16,23,臺中市,北屯區,0,1,0,7,2,6,50,13,9,1,5,4,6,6,4,4,1,4,4,2,18,2,9,1,1,C03,7,9,1,10,1,14,,43,43,1,6,4,120.673,24.174265,2
3473,66000,387130000C,(04)23274275,(04)23288582,2025,06,10,16,23,臺中市,神岡區,0,0,0,7,,,30,,,,,,,,,,,,,,25,,,,,A12,,,1,,2,,,84,84,1,13,4,120.685627,24.251401,3
3474,66000,387130000C,(04)23274275,(04)23288582,2025,06,10,16,24,臺中市,太平區,0,1,0,7,2,6,50,4,1,1,5,4,6,6,1,1,10,5,5,2,17,3,10,3,1,B03,7,5,1,8,2,2,,11,11,1,12,4,120.725916,24.133589,2
3475,66000,387130000C,(04)23274275,(04)23288582,2025,06,10,16,25,臺中市,北屯區,0,0,0,7,,,30,,,,,,,,,,,,,,12,,,,,B03,,,1,,2,,,84,84,1,12,4,120.696826,24.178329,3
3476,66000,387130000C,(04)23274275,(04)23288582,2025,06,10,16,27,臺中市,南區,0,0,0,7,,,50,,,,,,,,,,,,,,,,,,,C03,,,1,,1,,,1,1,1,13,4,120.680966,24.13068,3
3477,66000,387130000C,(04)23274275,(04)23288582,2025,06,10,16,27,臺中市,大里區,0,1,0,7,2,6,50,13,9,1,5,4,6,6,4,4,9,5,5,1,12,3,10,3,1,B03,7,9,1,8,2,2,,1,1,1,6,4,120.713085,24.093505,2
3478,66000,387130000C,(04)23274275,(04)23288582,2025,06,10,16,28,臺中市,烏日區,0,0,0,7,,,50,,,,,,,,,,,,,,,,,,,A41,,,1,,2,,,84,84,1,6,4,120.648089,24.086225,3
3479,66000,387130000C,(04)23274275,(04)23288582,2025,06,10,16,29,臺中市,大雅區,0,1,0,7,1,6,50,4,1,1,5,4,6,6,4,4,5,5,5,2,17,2,9,1,1,C03,7,6,1,10,2,11,,84,84,1,13,4,120.65585,24.227266,2
3480,66000,387130000C,(04)23274275,(04)23288582,2025,06,10,16,30,臺中市,太平區,0,0,0,7,,,30,,,,,,,,,,,,,,17,,,,,A41,,,1,,2,,,58,58,1,6,4,120.708819,24.155249,3
3481,66000,387130000C,(04)23274275,(04)23288582,2025,06,10,16,30,臺中市,清水區,0,0,0,7,,,50,,,,,,,,,,,,,,14,,,,,B03,,,1,,2,,,49,49,1,13,4,120.575791,24.272629,3
3482,66000,387130000C,(04)23274275,(04)23288582,2025,06,10,16,30,臺中市,東勢區,0,0,0,7,,,50,,,,,,,,,,,,,,,,,,,C03,,,1,,1,,,12,12,1,12,4,120.831836,24.24455,3
3483,66000,387130000C,(04)23274275,(04)23288582,2025,06,10,16,31,臺中市,西屯區,0,0,0,7,,,50,,,,,,,,,,,,,,13,,,,,B03,,,1,,2,,,7,7,1,12,4,120.635172,24.179435,3
3484,66000,387130000C,(04)23274275,(04)23288582,2025,06,10,16,38,臺中市,北區,0,0,0,6,,,50,,,,,,,,,,,,,,13,,,,,B03,,,1,,1,,,59,59,1,12,4,120.682828,24.158971,3
3485,66000,387130000C,(04)23274275,(04)23288582,2025,06,10,16,40,臺中市,豐原區,0,1,0,7,1,6,50,4,1,1,5,4,6,6,1,1,4,5,5,2,17,2,9,1,1,C03,7,6,1,10,2,13,,84,84,1,6,4,120.71433,24.251726,2
3486,66000,387130000C,(04)23274275,(04)23288582,2025,06,10,16,43,臺中市,北屯區,0,0,0,7,,,50,,,,,,,,,,,,,,17,,,,,B03,,,1,,1,,,51,51,1,6,4,120.686896,24.188263,3
3487,66000,387130000C,(04)23274275,(04)23288582,2025,06,10,16,44,臺中市,神岡區,0,0,0,7,,,30,,,,,,,,,,,,,,11,,,,,B03,,,1,,2,,,8,8,1,12,4,120.679809,24.242036,3
3488,66000,387130000C,(04)23274275,(04)23288582,2025,06,10,16,46,臺中市,西屯區,0,0,0,7,,,50,,,,,,,,,,,,,,12,,,,,B03,,,1,,2,,,8,8,1,12,4,120.61947,24.187232,3
3489,66000,387130000C,(04)23274275,(04)23288582,2025,06,10,16,47,臺中市,梧棲區,0,1,0,7,3,6,50,4,1,1,5,4,6,6,1,1,10,5,5,2,12,2,9,1,1,C03,7,9,1,10,2,14,,8,8,1,6,4,120.540915,24.261205,2
3490,66000,387130000C,(04)23274275,(04)23288582,2025,06,10,16,47,臺中市,東勢區,0,2,0,7,2,6,50,13,9,1,5,4,6,6,4,4,5,5,4,1,16,2,9,5,4,C03,7,11,1,10,2,14,,46,46,1,13,4,120.829951,24.255302,2
3491,66000,387130000C,(04)23274275,(04)23288582,2025,06,10,16,47,臺中市,和平區,0,0,0,5,3,2,40,13,9,1,4,4,6,6,4,4,8,3,5,1,12,,,,,B03,,,1,,2,2,,43,43,1,8,4,121.00554,24.203085,3
3492,66000,387130000C,(04)23274275,(04)23288582,2025,06,10,16,50,臺中市,西屯區,0,0,0,7,,,0,,,,,,,,,,,,,,14,,,,,B12,,,1,,1,,,49,49,1,13,4,120.658306,24.195117,3
3493,66000,387130000C,(04)23274275,(04)23288582,2025,06,10,16,53,臺中市,南屯區,0,1,0,7,3,6,50,4,1,1,5,4,6,6,4,4,5,5,5,2,15,3,10,3,1,B03,7,9,1,8,2,2,,15,15,1,12,4,120.629346,24.117878,2
3494,66000,387130000C,(04)23274275,(04)23288582,2025,06,10,16,54,臺中市,南屯區,0,0,0,7,,,50,,,,,,,,,,,,,,13,,,,,B03,,,1,,1,,,7,7,1,12,4,120.643508,24.138212,3
3495,66000,387130000C,(04)23274275,(04)23288582,2025,06,10,16,56,臺中市,北屯區,0,0,0,7,,,50,,,,,,,,,,,,,,13,,,,,C03,,,1,,9,,,58,58,2,6,4,120.69824,24.173264,3
3496,66000,387130000C,(04)23274275,(04)23288582,2025,06,10,16,57,臺中市,北區,0,1,0,7,3,6,50,4,1,1,5,4,6,6,1,1,10,5,5,2,16,3,10,3,1,B03,7,5,1,8,2,5,,20,20,1,12,4,120.69199,24.161158,2
3497,66000,387130000C,(04)23274275,(04)23288582,2025,06,10,16,59,臺中市,南屯區,0,0,0,7,,,50,,,,,,,,,,,,,,,,,,,C03,,,1,,2,,,7,7,1,13,4,120.615304,24.147578,3
3498,66000,387130000C,(04)23274275,(04)23288582,2025,06,10,17,0,臺中市,北屯區,0,1,0,7,3,6,50,4,1,1,5,4,6,6,4,4,10,5,5,2,15,2,8,2,1,C03,7,9,1,10,2,12,,15,15,1,12,4,120.698276,24.18377,2
3499,66000,387130000C,(04)23274275,(04)23288582,2025,06,10,17,1,臺中市,中區,0,0,0,7,,,50,,,,,,,,,,,,,,13,,,,,B03,,,1,,1,,,40,40,1,13,4,120.679489,24.146936,3
3500,66000,387130000C,(04)23274275,(04)23288582,2025,06,10,17,3,臺中市,南區,0,0,0,7,,,50,,,,,,,,,,,,,,,,,,,B03,,,1,,1,,,84,84,1,6,4,120.670008,24.119851,3
3501,66000,387130000C,(04)23274275,(04)23288582,2025,06,10,17,3,臺中市,北屯區,0,1,0,7,2,6,50,3,1,1,5,4,6,6,1,1,1,4,5,1,16,3,10,3,1,B12,7,5,1,8,2,6,,85,85,1,12,4,120.663979,24.200782,2
3502,66000,387130000C,(04)23274275,(04)23288582,2025,06,10,17,3,臺中市,大甲區,0,1,0,7,3,6,50,11,9,1,5,4,6,6,4,4,10,5,5,2,17,2,9,1,1,F01,7,9,7,21,2,11,,7,7,1,6,4,120.631991,24.347189,2
3503,66000,387130000C,(04)23274275,(04)23288582,2025,06,10,17,5,臺中市,南區,0,1,0,7,1,6,50,13,8,1,5,4,6,6,4,4,1,4,4,2,17,2,9,1,1,C03,7,9,1,10,2,11,,84,84,1,12,4,120.669861,24.116568,2
3504,66000,387130000C,(04)23274275,(04)23288582,2025,06,10,17,6,臺中市,大里區,0,0,0,7,,,60,,,,,,,,,,,,,,16,,,,,B03,,,1,,2,,,21,21,1,6,4,120.663838,24.107554,3
3505,66000,387130000C,(04)23274275,(04)23288582,2025,06,10,17,9,臺中市,中區,0,0,0,7,,,50,,,,,,,,,,,,,,,,,,,B03,,,1,,1,,,7,7,1,12,4,120.681739,24.144677,3
3506,66000,387130000C,(04)23274275,(04)23288582,2025,06,10,17,9,臺中市,北區,0,2,0,7,2,6,50,4,1,1,5,4,6,6,1,1,5,4,5,2,17,3,10,5,1,C03,7,9,3,19,2,11,,21,21,1,13,4,120.670529,24.162837,2
3507,66000,387130000C,(04)23274275,(04)23288582,2025,06,10,17,9,臺中市,大里區,0,3,0,7,2,6,50,3,1,1,5,4,6,6,1,1,5,5,4,2,13,2,4,1,1,C03,7,9,1,10,2,11,,7,7,1,13,4,120.700248,24.092889,2
3508,66000,387130000C,(04)23274275,(04)23288582,2025,06,10,17,10,臺中市,烏日區,0,1,0,7,3,6,50,4,1,1,5,4,6,6,1,1,10,5,5,2,13,3,10,1,1,C03,7,9,2,19,2,11,,7,7,1,6,4,120.654802,24.095086,2
3509,66000,387130000C,(04)23274275,(04)23288582,2025,06,10,17,10,臺中市,沙鹿區,0,1,0,7,2,6,40,3,8,1,5,4,6,6,1,1,4,3,4,2,16,2,9,2,1,C03,7,6,1,10,2,14,,48,48,1,12,4,120.566781,24.23694,2
3510,66000,387130000C,(04)23274275,(04)23288582,2025,06,10,17,10,臺中市,神岡區,0,1,0,7,1,6,30,4,1,1,5,4,6,6,1,1,10,5,5,1,12,2,9,1,1,C03,7,6,1,10,2,11,,84,84,1,12,4,120.688297,24.239963,2
3511,66000,387130000C,(04)23274275,(04)23288582,2025,06,10,17,11,臺中市,潭子區,0,2,0,7,3,6,50,3,12,1,5,4,6,6,4,4,1,4,4,1,16,2,9,2,1,C03,7,5,1,10,2,14,,14,14,1,13,4,120.705156,24.210622,2
3512,66000,387130000C,(04)23274275,(04)23288582,2025,06,10,17,12,臺中市,西區,0,1,0,7,2,6,50,5,1,1,5,4,6,6,1,1,10,5,5,2,17,3,10,3,1,B03,7,5,1,8,2,5,,47,47,1,12,4,120.67253,24.131787,2
3513,66000,387130000C,(04)23274275,(04)23288582,2025,06,10,17,13,臺中市,北區,0,2,0,7,3,6,50,3,2,1,5,4,6,6,4,4,10,5,5,2,17,2,9,2,1,C03,7,5,1,10,2,13,,14,14,1,13,4,120.672407,24.164751,2
3514,66000,387130000C,(04)23274275,(04)23288582,2025,06,10,17,14,臺中市,西屯區,0,1,0,7,2,6,50,4,1,1,5,4,6,6,1,1,10,5,5,2,16,3,10,5,1,B12,7,6,1,8,2,2,,11,11,1,12,4,120.607156,24.160166,2
3515,66000,387130000C,(04)23274275,(04)23288582,2025,06,10,17,15,臺中市,東區,0,0,0,7,,,50,,,,,,,,,,,,,,13,,,,,B02,,,1,,2,,,7,7,1,6,4,120.707703,24.133498,3
3516,66000,387130000C,(04)23274275,(04)23288582,2025,06,10,17,20,臺中市,南屯區,0,0,0,7,,,50,,,,,,,,,,,,,,17,,,,,C03,,,1,,1,,,59,59,1,12,4,120.627765,24.145064,3
3517,66000,387130000C,(04)23274275,(04)23288582,2025,06,10,17,20,臺中市,龍井區,0,1,0,7,3,6,50,13,9,1,5,4,6,6,4,4,5,5,5,1,17,3,10,1,1,C03,7,1,3,19,2,14,,51,51,1,6,4,120.547485,24.192658,2
3518,66000,387130000C,(04)23274275,(04)23288582,2025,06,10,17,20,臺中市,梧棲區,0,1,0,7,2,6,50,13,9,1,5,4,6,6,4,4,5,2,5,1,16,3,10,3,1,B03,7,1,1,8,2,4,,51,51,1,12,4,120.527957,24.235242,2
3519,66000,387130000C,(04)23274275,(04)23288582,2025,06,10,17,21,臺中市,大里區,0,1,0,7,2,6,50,13,9,1,5,4,6,6,4,4,5,5,5,1,17,3,10,1,1,C03,7,11,1,10,2,13,,45,45,1,6,4,120.703658,24.096289,2
3520,66000,387130000C,(04)23274275,(04)23288582,2025,06,10,17,23,臺中市,西屯區,0,0,0,7,,,50,,,,,,,,,,,,,,12,,,,,B03,,,1,,1,,,20,20,1,12,4,120.636622,24.179364,3
3521,66000,387130000C,(04)23274275,(04)23288582,2025,06,10,17,24,臺中市,北區,0,0,0,7,,,50,,,,,,,,,,,,,,,,,,,B03,,,1,,1,,,7,7,1,12,4,120.668274,24.154538,3
3522,66000,387130000C,(04)23274275,(04)23288582,2025,06,10,17,27,臺中市,中區,0,2,0,7,2,6,50,4,1,1,5,4,6,6,1,1,10,5,5,2,17,3,10,3,1,B03,7,9,3,19,2,1,,7,7,1,12,4,120.685721,24.143193,2
3523,66000,387130000C,(04)23274275,(04)23288582,2025,06,10,17,27,臺中市,西區,0,0,0,7,,,50,,,,,,,,,,,,,,13,,,,,B03,,,1,,1,,,84,84,1,12,4,120.673467,24.147554,3
3524,66000,387130000C,(04)23274275,(04)23288582,2025,06,10,17,28,臺中市,北區,0,1,0,7,2,6,50,3,1,1,5,4,6,6,4,4,10,5,5,2,17,3,10,3,1,B03,7,7,1,8,2,6,,84,84,1,12,4,120.684971,24.164446,2
3525,66000,387130000C,(04)23274275,(04)23288582,2025,06,10,17,28,臺中市,太平區,0,1,0,7,2,6,50,13,9,1,5,4,6,6,4,4,5,5,5,1,12,3,10,3,1,B12,7,9,1,8,2,2,,8,8,1,12,4,120.717482,24.123237,2
3526,66000,387130000C,(04)23274275,(04)23288582,2025,06,10,17,28,臺中市,沙鹿區,0,1,0,7,2,6,50,13,9,1,5,4,6,6,4,4,5,4,5,1,17,2,9,1,1,C03,7,9,1,10,2,14,,84,84,1,12,4,120.565074,24.242347,2
3527,66000,387130000C,(04)23274275,(04)23288582,2025,06,10,17,28,臺中市,新社區,0,0,0,6,,,50,,,,,,,,,,,,,,,,,,,C01,,,1,,1,,,84,84,1,12,4,120.809045,24.242002,3
3528,66000,387130000C,(04)23274275,(04)23288582,2025,06,10,17,29,臺中市,霧峰區,0,0,0,7,,,50,,,,,,,,,,,,,,13,,,,,B03,,,1,,1,,,7,7,1,13,4,120.696323,24.065594,3
3529,66000,387130000C,(04)23274275,(04)23288582,2025,06,10,17,31,臺中市,潭子區,0,0,0,7,,,50,,,,,,,,,,,,,,,,,,,C03,,,1,,2,,,84,84,1,13,4,120.700821,24.216878,3
3530,66000,387130000C,(04)23274275,(04)23288582,2025,06,10,17,31,臺中市,西屯區,0,0,0,7,,,30,,,,,,,,,,,,,,,,,,,B11,,,1,,2,,,59,59,1,12,4,120.647745,24.174816,3
3531,66000,387130000C,(04)23274275,(04)23288582,2025,06,10,17,32,臺中市,北區,0,0,0,7,,,50,,,,,,,,,,,,,,17,,,,,B03,,,1,,1,,,51,51,1,12,4,120.69433,24.161267,3
3532,66000,387130000C,(04)23274275,(04)23288582,2025,06,10,17,32,臺中市,西屯區,0,0,0,7,,,30,,,,,,,,,,,,,,,,,,,B11,,,1,,2,,,49,49,1,12,4,120.647652,24.174822,3
3533,66000,387130000C,(04)23274275,(04)23288582,2025,06,10,17,33,臺中市,太平區,0,0,0,7,,,50,,,,,,,,,,,,,,,,,,,B03,,,1,,2,,,45,45,1,12,4,120.722097,24.129072,3
3534,66000,387130000C,(04)23274275,(04)23288582,2025,06,10,17,34,臺中市,西區,0,0,0,7,,,50,,,,,,,,,,,,,,13,,,,,B03,,,1,,2,,,84,84,1,13,4,120.65157,24.145105,3
3535,66000,387130000C,(04)23274275,(04)23288582,2025,06,10,17,35,臺中市,西屯區,0,0,0,7,,,50,,,,,,,,,,,,,,13,,,,,C03,,,1,,1,,,59,59,1,13,4,120.635562,24.1679,3
3536,66000,387130000C,(04)23274275,(04)23288582,2025,06,10,17,35,臺中市,西屯區,0,1,0,7,1,6,40,13,8,1,5,4,6,6,4,4,1,3,1,1,12,3,10,5,4,B03,7,7,1,8,2,2,,40,40,1,13,4,120.651978,24.160976,2
3537,66000,387130000C,(04)23274275,(04)23288582,2025,06,10,17,38,臺中市,西區,0,2,0,7,2,6,50,5,1,1,5,4,6,6,2,1,10,5,5,2,17,2,9,2,1,C03,7,15,1,9,2,12,,11,11,1,12,4,120.672004,24.140746,2
3538,66000,387130000C,(04)23274275,(04)23288582,2025,06,10,17,40,臺中市,東區,0,0,0,7,1,6,,13,8,1,5,4,6,6,4,4,5,5,5,2,30,,,,,,,,,,,,,119,119,1,,,120.703601,24.13154,3
3539,66000,387130000C,(04)23274275,(04)23288582,2025,06,10,17,40,臺中市,沙鹿區,0,0,0,7,,,30,,,,,,,,,,,,,,12,,,,,C03,,,1,,2,,,8,8,1,13,4,120.567677,24.208881,3
3540,66000,387130000C,(04)23274275,(04)23288582,2025,06,10,17,42,臺中市,北區,0,0,0,7,,,50,,,,,,,,,,,,,,17,,,,,B03,,,1,,2,,,49,49,1,13,4,120.675473,24.145782,3
3541,66000,387130000C,(04)23274275,(04)23288582,2025,06,10,17,48,臺中市,太平區,0,2,0,7,3,6,40,4,1,1,5,4,6,6,4,4,10,5,5,2,16,2,8,1,1,C03,7,6,5,10,2,13,,48,48,1,6,4,120.713709,24.12532,2
3542,66000,387130000C,(04)23274275,(04)23288582,2025,06,10,17,49,臺中市,東區,0,0,0,7,,,50,,,,,,,,,,,,,,,,,,,B03,,,1,,1,,,7,7,1,6,4,120.694499,24.142763,3
3543,66000,387130000C,(04)23274275,(04)23288582,2025,06,10,17,52,臺中市,西屯區,0,1,0,7,2,6,40,13,8,1,5,4,6,6,4,4,1,4,1,2,13,2,9,2,1,C03,7,9,1,10,2,11,,7,7,1,12,4,120.644024,24.16537,2
3544,66000,387130000C,(04)23274275,(04)23288582,2025,06,10,17,52,臺中市,西屯區,0,0,0,7,,,40,,,,,,,,,,,,,,,,,,,B03,,,1,,1,,,8,8,1,12,4,120.636612,24.159723,3
3545,66000,387130000C,(04)23274275,(04)23288582,2025,06,10,17,52,臺中市,霧峰區,0,1,0,7,2,6,50,13,7,1,5,4,6,6,1,1,3,4,4,1,30,,,,,,,,,,,,,119,119,1,,,120.691951,24.041142,2
3546,66000,387130000C,(04)23274275,(04)23288582,2025,06,10,17,53,臺中市,北屯區,0,1,0,7,3,6,50,3,1,1,5,4,6,6,1,1,10,5,5,2,16,3,10,3,1,B03,7,6,1,8,2,1,,11,11,1,12,4,120.678862,24.190098,2
3547,66000,387130000C,(04)23274275,(04)23288582,2025,06,10,17,54,臺中市,后里區,0,1,0,7,2,6,40,3,9,1,5,4,6,6,2,1,1,4,4,1,16,3,10,3,1,B03,7,5,1,8,1,2,,20,20,1,6,4,120.721721,24.305022,2
3548,66000,387130000C,(04)23274275,(04)23288582,2025,06,10,17,55,臺中市,北屯區,0,1,0,5,1,6,50,4,1,1,4,4,6,6,4,4,10,5,5,2,15,2,8,1,1,C03,7,9,1,10,2,12,,15,15,1,12,4,120.715878,24.170899,2
3549,66000,387130000C,(04)23274275,(04)23288582,2025,06,10,17,58,臺中市,北屯區,0,0,0,7,,,50,,,,,,,,,,,,,,17,,,,,B03,,,1,,1,,,35,35,1,6,4,120.714972,24.163928,3
3550,66000,387130000C,(04)23274275,(04)23288582,2025,06,10,17,58,臺中市,豐原區,0,0,0,7,2,6,50,11,9,1,5,4,6,6,4,4,10,5,5,2,13,3,10,3,1,B03,7,9,1,8,2,1,,7,7,1,12,4,120.728495,24.276607,3
3551,66000,387130000C,(04)23274275,(04)23288582,2025,06,10,17,58,臺中市,神岡區,0,1,0,7,3,6,50,4,1,1,5,4,6,6,4,4,3,5,5,2,12,3,10,3,1,B12,7,9,1,8,2,1,,7,7,1,13,4,120.660209,24.272024,2
3552,66000,387130000C,(04)23274275,(04)23288582,2025,06,10,17,59,臺中市,大甲區,0,2,0,7,3,6,50,4,9,1,5,4,6,6,2,1,5,4,5,1,17,2,9,1,1,C03,7,6,3,19,2,11,,23,23,1,12,4,120.621829,24.353426,2
3553,66000,387130000C,(04)23274275,(04)23288582,2025,06,10,18,2,臺中市,豐原區,0,0,0,7,,,50,,,,,,,,,,,,,,16,,,,,C03,,,1,,2,,,7,7,1,12,4,120.720641,24.267338,3
3554,66000,387130000C,(04)23274275,(04)23288582,2025,06,10,18,3,臺中市,西區,0,0,0,7,,,30,,,,,,,,,,,,,,,,,,,C03,,,1,,2,,,84,84,1,12,4,120.669033,24.146485,3
3555,66000,387130000C,(04)23274275,(04)23288582,2025,06,10,18,3,臺中市,西屯區,0,0,0,7,,,50,,,,,,,,,,,,,,12,,,,,C03,,,1,,2,,,42,42,1,12,4,120.665448,24.172524,3
3556,66000,387130000C,(04)23274275,(04)23288582,2025,06,10,18,10,臺中市,大里區,0,0,0,7,,,50,,,,,,,,,,,,,,,,,,,B03,,,1,,2,,,7,7,1,13,4,120.696017,24.096523,3
3557,66000,387130000C,(04)23274275,(04)23288582,2025,06,10,18,11,臺中市,西屯區,0,2,0,7,1,6,50,4,1,1,5,4,6,6,1,1,10,5,5,2,12,2,8,4,1,F01,7,7,7,21,2,12,14,40,40,1,12,4,120.661951,24.176288,2
3558,66000,387130000C,(04)23274275,(04)23288582,2025,06,10,18,12,臺中市,北區,0,1,0,7,3,6,50,4,2,1,5,4,6,6,4,4,10,5,5,2,13,2,9,2,1,C03,7,6,1,10,2,11,,59,59,1,13,4,120.696025,24.156791,2
3559,66000,387130000C,(04)23274275,(04)23288582,2025,06,10,18,13,臺中市,潭子區,0,0,0,7,,,50,,,,,,,,,,,,,,,,,,,B03,,,1,,2,,,8,8,1,13,4,120.709422,24.200329,3
3560,66000,387130000C,(04)23274275,(04)23288582,2025,06,10,18,13,臺中市,西屯區,0,1,0,7,2,6,30,4,1,1,5,4,6,6,4,4,10,5,5,2,15,2,7,5,1,C03,7,9,1,10,2,11,,15,15,1,12,4,120.656893,24.164104,2
3561,66000,387130000C,(04)23274275,(04)23288582,2025,06,10,18,15,臺中市,石岡區,0,0,0,6,,,50,,,,,,,,,,,,,,13,,,,,B03,,,1,,1,,,7,7,1,13,4,120.76263,24.276918,3
3562,66000,387130000C,(04)23274275,(04)23288582,2025,06,10,18,20,臺中市,大雅區,0,0,0,7,,,70,,,,,,,,,,,,,,,,,,,B03,,,1,,2,,,84,84,1,13,4,120.641182,24.230066,3
3563,66000,387130000C,(04)23274275,(04)23288582,2025,06,10,18,24,臺中市,霧峰區,0,1,0,7,3,6,50,13,9,1,5,4,6,6,4,4,5,5,5,2,13,2,9,1,1,C03,7,9,3,19,2,11,,83,83,1,13,4,120.693762,24.042068,2
3564,66000,387130000C,(04)23274275,(04)23288582,2025,06,10,18,25,臺中市,西區,0,0,0,7,,,50,,,,,,,,,,,,,,,,,,,B03,,,1,,1,,,40,40,1,13,4,120.657387,24.152526,3
3565,66000,387130000C,(04)23274275,(04)23288582,2025,06,10,18,25,臺中市,西屯區,0,0,0,7,,,50,,,,,,,,,,,,,,13,,,,,C03,,,1,,1,,,7,7,1,13,4,120.64408,24.175827,3
3566,66000,387130000C,(04)23274275,(04)23288582,2025,06,10,18,28,臺中市,西區,0,0,0,7,,,50,,,,,,,,,,,,,,30,,,,,C03,,,1,,11,,,87,87,1,13,4,120.659485,24.136302,3
3567,66000,387130000C,(04)23274275,(04)23288582,2025,06,10,18,40,臺中市,北屯區,0,1,0,7,1,6,50,3,1,1,5,4,6,6,4,4,10,5,5,2,13,2,9,1,1,F01,7,9,7,21,2,11,,7,7,1,12,4,120.7216,24.160336,2
3568,66000,387130000C,(04)23274275,(04)23288582,2025,06,10,18,45,臺中市,南區,0,0,0,7,,,50,,,,,,,,,,,,,,12,,,,,B03,,,1,,2,,,48,48,1,6,4,120.657425,24.113175,3
3569,66000,387130000C,(04)23274275,(04)23288582,2025,06,10,18,45,臺中市,西屯區,0,1,0,7,1,6,50,3,1,1,5,4,6,6,4,4,1,4,5,2,13,3,10,3,1,B02,7,9,5,19,2,5,,59,59,1,12,4,120.656536,24.198046,2
3570,66000,387130000C,(04)23274275,(04)23288582,2025,06,10,19,2,臺中市,后里區,0,1,0,7,1,6,50,3,1,1,5,4,6,6,1,1,10,5,5,2,12,3,10,3,1,B03,7,5,1,8,2,5,,11,11,1,12,4,120.719619,24.30932,2