﻿序號,縣市別代碼,機關代碼,市話,傳真,年,月,日,時,分,縣市,區,死亡數量,受傷數量,2-30,天候,道路照明設備,道路類別,道路速限,道路型態,事故位置,路面鋪裝,路面狀態,路面缺陷,障礙物,視距,號誌種類,號誌動作,分向設施,快車道或一般車道間,快慢車道間,路面邊線,事故類型及型態,受傷程度,主要傷處,保護裝備,行動電話或功能裝置,當事者區分_類別,車輛用途,當事者行動狀態,駕照狀態,駕照種類,飲酒情形,車輛撞擊部位最初,車輛撞擊部位其他,肇事因素個別,肇事因素主要,肇事逃逸,職業,共享經濟或外送平台,GPS座標X,GPS座標Y,事故類別
3571,66000,387130000C,(04)23274275,(04)23288582,2025,06,10,19,19,臺中市,大雅區,0,1,0,7,1,6,30,4,1,1,5,4,6,5,3,1,10,5,5,2,17,2,7,4,1,F01,7,5,7,21,2,16,,11,11,1,12,4,120.635955,24.219262,2
3572,66000,387130000C,(04)23274275,(04)23288582,2025,06,10,19,19,臺中市,西屯區,0,1,0,7,1,6,50,4,1,1,5,4,6,6,1,1,10,5,5,2,17,3,10,5,4,B12,7,6,1,10,1,5,,11,11,1,13,4,120.63,24.190177,2
3573,66000,387130000C,(04)23274275,(04)23288582,2025,06,10,19,20,臺中市,南屯區,0,2,0,7,1,6,50,13,7,1,5,4,6,6,4,4,5,5,4,2,17,3,10,3,1,B03,7,14,1,8,2,2,,77,77,1,6,4,120.650393,24.133515,2
3574,66000,387130000C,(04)23274275,(04)23288582,2025,06,10,19,20,臺中市,西屯區,0,1,0,7,1,6,50,13,9,1,5,4,6,6,4,4,5,2,5,2,12,3,10,3,1,B03,7,7,1,8,2,6,,35,35,1,12,4,120.605988,24.190686,2
3575,66000,387130000C,(04)23274275,(04)23288582,2025,06,10,19,22,臺中市,太平區,0,0,0,7,,,50,,,,,,,,,,,,,,,,,,,B03,,,1,,1,,,84,84,1,12,4,120.71399,24.126335,3
3576,66000,387130000C,(04)23274275,(04)23288582,2025,06,10,19,26,臺中市,北區,0,0,0,7,,,50,,,,,,,,,,,,,,17,,,,,B03,,,1,,1,,,84,84,1,12,4,120.685209,24.161032,4
3577,66000,387130000C,(04)23274275,(04)23288582,2025,06,10,19,27,臺中市,豐原區,0,0,0,7,,,50,,,,,,,,,,,,,,17,,,,,B03,,,1,,1,,,84,84,1,12,4,120.705614,24.244448,3
3578,66000,387130000C,(04)23274275,(04)23288582,2025,06,10,19,28,臺中市,南屯區,0,0,0,7,,,50,,,,,,,,,,,,,,,,,,,B12,,,1,,1,,,45,45,1,13,4,120.652111,24.143821,3
3579,66000,387130000C,(04)23274275,(04)23288582,2025,06,10,19,35,臺中市,潭子區,0,0,0,7,,,60,,,,,,,,,,,,,,,,,,,B03,,,1,,1,,,84,84,1,13,4,120.708093,24.228036,3
3580,66000,387130000C,(04)23274275,(04)23288582,2025,06,10,19,45,臺中市,太平區,0,0,0,7,,,50,,,,,,,,,,,,,,30,,,,,C03,,,1,,1,,,84,84,1,6,4,120.722559,24.152609,3
3581,66000,387130000C,(04)23274275,(04)23288582,2025,06,10,19,49,臺中市,西屯區,0,0,0,7,,,50,,,,,,,,,,,,,,13,,,,,B03,,,1,,1,,,59,59,1,13,4,120.637335,24.170862,3
3582,66000,387130000C,(04)23274275,(04)23288582,2025,06,10,20,0,臺中市,豐原區,0,0,0,7,,,50,,,,,,,,,,,,,,17,,,,,C03,,,1,,2,,,84,84,1,6,4,120.71563,24.251408,3
3583,66000,387130000C,(04)23274275,(04)23288582,2025,06,10,20,5,臺中市,北區,0,0,0,7,1,6,50,13,9,1,5,4,6,6,4,4,1,4,5,2,13,,,,,B03,,,1,,1,,,7,7,1,12,4,120.671314,24.163114,3
3584,66000,387130000C,(04)23274275,(04)23288582,2025,06,10,20,5,臺中市,西屯區,0,1,0,7,1,6,40,4,1,1,5,4,6,6,1,1,10,5,5,2,17,3,10,5,1,B01,7,11,1,4,2,4,,45,45,1,12,4,120.644747,24.183709,2
3585,66000,387130000C,(04)23274275,(04)23288582,2025,06,10,20,6,臺中市,西屯區,0,1,0,7,1,6,30,4,1,1,5,4,6,6,4,4,10,5,5,1,15,2,9,1,1,C04,7,9,1,10,2,11,,12,12,1,12,4,120.652857,24.158672,2
3586,66000,387130000C,(04)23274275,(04)23288582,2025,06,10,20,6,臺中市,和平區,0,1,0,7,1,6,30,12,9,1,5,4,6,6,4,4,10,5,5,1,30,2,1,4,4,C03,7,9,3,19,2,11,,59,59,1,13,4,121.294748,24.315577,2
3587,66000,387130000C,(04)23274275,(04)23288582,2025,06,10,20,8,臺中市,北區,0,1,0,7,1,6,50,4,1,1,5,4,6,6,1,1,1,4,5,2,17,3,10,3,1,B03,7,11,1,8,2,6,,32,32,1,12,4,120.68557,24.153562,2
3588,66000,387130000C,(04)23274275,(04)23288582,2025,06,10,20,25,臺中市,大雅區,0,2,0,7,1,6,70,13,8,1,5,4,6,6,4,4,1,3,4,1,17,2,9,5,4,C03,7,9,1,10,2,11,,7,7,1,12,4,120.638378,24.233306,2
3589,66000,387130000C,(04)23274275,(04)23288582,2025,06,10,20,29,臺中市,北區,0,1,0,7,1,6,50,3,1,1,5,4,6,6,1,1,10,5,5,2,16,2,9,1,1,C03,7,9,1,10,2,14,,59,59,1,12,4,120.686453,24.147272,2
3590,66000,387130000C,(04)23274275,(04)23288582,2025,06,10,20,30,臺中市,潭子區,0,2,0,7,1,6,60,4,4,1,5,4,6,6,2,1,1,4,5,1,13,2,8,1,1,C03,7,9,1,10,2,11,,7,7,1,13,4,120.705285,24.211703,2
3591,66000,387130000C,(04)23274275,(04)23288582,2025,06,10,20,30,臺中市,西屯區,0,0,0,5,,,50,,,,,,,,,,,,,,14,,,,,B02,,,1,,2,,,50,50,1,12,4,120.609786,24.191753,3
3592,66000,387130000C,(04)23274275,(04)23288582,2025,06,10,20,31,臺中市,霧峰區,0,0,0,7,,,70,,,,,,,,,,,,,,,,,,,B03,,,1,,2,,,40,40,1,6,4,120.683752,24.017652,3
3593,66000,387130000C,(04)23274275,(04)23288582,2025,06,10,20,36,臺中市,霧峰區,0,1,0,7,1,6,50,4,1,1,5,4,6,6,4,4,5,5,5,2,15,2,9,2,1,C03,7,9,1,10,2,12,,15,15,1,13,4,120.697647,24.063365,2
3594,66000,387130000C,(04)23274275,(04)23288582,2025,06,10,20,40,臺中市,大里區,0,1,0,7,1,6,50,3,1,1,5,4,6,6,4,4,5,5,5,1,17,3,10,3,1,B03,7,1,1,8,2,1,,51,51,1,13,4,120.709135,24.087674,2
3595,66000,387130000C,(04)23274275,(04)23288582,2025,06,10,20,47,臺中市,南屯區,0,0,0,7,,,60,,,,,,,,,,,,,,13,,,,,B03,,,1,,1,,,84,84,1,12,4,120.60675,24.147951,3
3596,66000,387130000C,(04)23274275,(04)23288582,2025,06,10,20,50,臺中市,烏日區,0,0,0,7,,,50,,,,,,,,,,,,,,17,,,,,B03,,,1,,1,,,7,7,1,6,4,120.63588,24.107094,3
3597,66000,387130000C,(04)23274275,(04)23288582,2025,06,10,20,51,臺中市,大里區,0,0,0,7,1,6,50,4,2,1,5,4,6,6,1,1,1,4,5,2,14,,,,,B03,,,1,,2,,,49,49,1,13,4,120.696944,24.11155,3
3598,66000,387130000C,(04)23274275,(04)23288582,2025,06,10,21,9,臺中市,大甲區,0,2,0,7,1,6,50,3,1,1,5,4,6,6,3,1,10,5,5,2,16,2,8,1,1,F03,7,1,7,21,2,14,,20,20,1,4,4,120.616663,24.346616,2
3599,66000,387130000C,(04)23274275,(04)23288582,2025,06,10,21,11,臺中市,清水區,0,2,0,7,1,6,50,3,2,1,4,4,6,6,4,4,8,3,4,2,16,2,9,3,1,B03,7,11,1,8,2,5,,45,45,1,12,4,120.577351,24.274575,2
3600,66000,387130000C,(04)23274275,(04)23288582,2025,06,10,21,13,臺中市,南屯區,0,2,0,7,1,6,60,4,1,1,5,4,6,6,2,1,10,5,5,2,15,3,10,5,4,B03,7,9,3,19,11,1,,21,21,1,13,4,120.633136,24.123958,2
3601,66000,387130000C,(04)23274275,(04)23288582,2025,06,10,21,17,臺中市,南區,0,2,0,7,3,6,50,4,1,1,5,4,6,6,1,1,1,5,5,2,17,2,9,2,1,C03,7,5,1,10,2,12,,47,47,1,6,4,120.657738,24.129,2
3602,66000,387130000C,(04)23274275,(04)23288582,2025,06,10,21,18,臺中市,豐原區,0,1,0,7,1,6,50,3,9,1,5,4,6,6,4,4,5,5,4,1,17,2,9,1,4,C03,7,9,1,10,2,12,,6,6,1,12,4,120.728829,24.250817,2
3603,66000,387130000C,(04)23274275,(04)23288582,2025,06,10,21,21,臺中市,南屯區,0,1,0,5,1,6,50,13,9,1,4,4,6,6,4,4,5,4,5,2,18,2,9,1,1,C03,7,9,1,10,2,14,,59,59,1,12,4,120.63426,24.146121,2
3604,66000,387130000C,(04)23274275,(04)23288582,2025,06,10,21,29,臺中市,南區,0,0,0,7,1,6,50,4,1,1,5,4,6,6,1,1,10,5,5,2,17,3,10,3,1,B03,7,5,1,8,2,6,,87,87,1,12,4,120.683237,24.128689,3
3605,66000,387130000C,(04)23274275,(04)23288582,2025,06,10,21,30,臺中市,大里區,0,0,0,7,,,30,,,,,,,,,,,,,,12,,,,,B01,,,1,,2,,,84,84,1,6,4,120.705616,24.1102,4
3606,66000,387130000C,(04)23274275,(04)23288582,2025,06,10,21,32,臺中市,清水區,0,0,0,7,,,50,,,,,,,,,,,,,,,,,,,B03,,,1,,2,,,8,8,1,12,4,120.549406,24.264537,3
3607,66000,387130000C,(04)23274275,(04)23288582,2025,06,10,21,35,臺中市,北區,0,0,0,7,,,50,,,,,,,,,,,,,,13,,,,,B03,,,1,,2,,,59,59,1,12,4,120.674211,24.163313,3
3608,66000,387130000C,(04)23274275,(04)23288582,2025,06,10,21,44,臺中市,西屯區,0,1,0,7,2,6,50,4,1,1,5,4,6,6,1,1,10,5,5,2,13,3,10,5,4,B03,7,6,1,8,2,5,,59,59,1,13,4,120.621921,24.186405,2
3609,66000,387130000C,(04)23274275,(04)23288582,2025,06,10,21,45,臺中市,南屯區,0,1,0,7,1,6,50,13,9,1,5,4,6,6,4,4,8,5,5,2,16,3,10,5,4,B02,7,5,1,8,1,2,,84,84,1,13,4,120.649142,24.155615,2
3610,66000,387130000C,(04)23274275,(04)23288582,2025,06,10,21,47,臺中市,中區,0,0,0,7,,,50,,,,,,,,,,,,,,,,,,,B12,,,1,,2,,,40,40,1,12,4,120.684916,24.137577,3
3611,66000,387130000C,(04)23274275,(04)23288582,2025,06,10,21,53,臺中市,霧峰區,0,0,0,7,,,50,,,,,,,,,,,,,,,,,,,B03,,,1,,2,,,8,8,1,13,4,120.710517,24.07289,3
3612,66000,387130000C,(04)23274275,(04)23288582,2025,06,10,21,55,臺中市,沙鹿區,0,0,0,7,,,40,,,,,,,,,,,,,,,,,,,B03,,,1,,2,,,51,51,1,13,4,120.570878,24.238287,3
3613,66000,387130000C,(04)23274275,(04)23288582,2025,06,10,22,4,臺中市,西屯區,0,2,0,7,1,6,50,4,1,1,5,4,6,6,2,1,10,5,5,2,16,2,9,1,1,C03,7,6,1,10,2,12,14,11,11,1,5,4,120.644974,24.181789,2
3614,66000,387130000C,(04)23274275,(04)23288582,2025,06,10,22,5,臺中市,西屯區,0,1,0,7,1,6,40,4,1,1,5,4,6,6,1,1,8,4,4,1,13,2,9,5,4,C03,7,9,1,10,2,11,,59,59,1,13,4,120.662435,24.163555,2
3615,66000,387130000C,(04)23274275,(04)23288582,2025,06,10,22,12,臺中市,南屯區,0,2,0,7,1,6,50,13,9,1,5,4,6,6,4,4,10,5,5,2,10,2,7,1,1,C03,7,9,1,10,2,11,,84,84,1,13,4,120.612519,24.136631,2
3616,66000,387130000C,(04)23274275,(04)23288582,2025,06,10,22,15,臺中市,北屯區,0,0,0,7,,,50,,,,,,,,,,,,,,13,,,,,B03,,,1,,1,,,7,7,1,12,4,120.685498,24.172177,3
3617,66000,387130000C,(04)23274275,(04)23288582,2025,06,10,22,22,臺中市,大甲區,0,2,0,7,1,6,30,4,1,1,5,4,6,6,4,4,10,5,5,2,15,2,9,1,1,F03,7,9,7,21,1,11,,15,15,1,6,4,120.644878,24.406586,2
3618,66000,387130000C,(04)23274275,(04)23288582,2025,06,10,22,25,臺中市,西屯區,0,0,0,7,,,50,,,,,,,,,,,,,,,,,,,C03,,,1,,1,,,59,59,1,12,4,120.63396,24.160565,3
3619,66000,387130000C,(04)23274275,(04)23288582,2025,06,10,22,30,臺中市,大里區,0,0,0,7,,,50,,,,,,,,,,,,,,17,,,,,B03,,,1,,2,,,84,84,1,6,4,120.703865,24.108908,3
3620,66000,387130000C,(04)23274275,(04)23288582,2025,06,10,22,37,臺中市,北屯區,0,0,0,7,,,50,,,,,,,,,,,,,,,,,,,C03,,,1,,9,,,50,50,1,13,4,120.693377,24.178028,3
3621,66000,387130000C,(04)23274275,(04)23288582,2025,06,10,22,54,臺中市,西屯區,0,1,0,7,1,6,0,13,9,1,5,4,6,6,4,4,5,4,5,2,16,3,10,5,4,B03,7,1,1,8,2,1,,51,51,1,12,4,120.661821,24.174041,2
3622,66000,387130000C,(04)23274275,(04)23288582,2025,06,10,23,41,臺中市,霧峰區,0,1,0,6,1,6,40,4,2,1,5,4,6,6,1,1,10,5,5,1,17,3,10,1,1,C03,7,9,1,10,2,11,,7,7,1,13,4,120.679926,24.038481,2
3623,66000,387130000C,(04)23274275,(04)23288582,2025,06,10,23,50,臺中市,南屯區,0,0,0,7,,,50,,,,,,,,,,,,,,14,,,,,B03,,,1,,1,,,84,84,1,13,4,120.622886,24.145323,3
3624,66000,387130000C,(04)23274275,(04)23288582,2025,06,10,23,54,臺中市,西屯區,0,1,0,7,1,6,40,13,8,1,5,4,6,6,4,4,1,5,1,2,30,2,9,2,1,C03,7,9,1,10,2,12,,59,59,1,12,4,120.604613,24.183536,2
3625,66000,387130000C,(04)23274275,(04)23288582,2025,06,11,0,9,臺中市,太平區,0,0,0,7,1,6,50,13,2,1,5,4,6,6,2,1,1,2,5,2,13,3,10,3,1,B12,7,15,1,6,2,1,,84,84,1,6,4,120.707869,24.133223,3
3626,66000,387130000C,(04)23274275,(04)23288582,2025,06,11,0,22,臺中市,東區,0,3,0,7,3,6,50,4,1,1,5,4,6,6,3,1,10,5,5,2,15,2,9,2,1,C03,7,9,1,10,2,12,,24,24,1,12,4,120.689295,24.144364,2
3627,66000,387130000C,(04)23274275,(04)23288582,2025,06,11,1,13,臺中市,潭子區,0,2,0,7,1,6,60,3,2,1,5,4,6,6,1,1,3,4,4,1,17,2,9,1,1,C03,7,9,1,10,2,11,,59,59,1,12,4,120.689879,24.222985,2
3628,66000,387130000C,(04)23274275,(04)23288582,2025,06,11,3,46,臺中市,西屯區,0,1,0,7,3,6,50,13,9,1,5,4,6,6,4,4,4,3,5,1,28,2,9,2,4,C03,7,9,1,10,2,11,,87,87,1,12,4,120.656103,24.163801,2
3629,66000,387130000C,(04)23274275,(04)23288582,2025,06,11,4,32,臺中市,北區,0,1,0,7,3,6,50,11,9,1,5,4,6,6,4,4,5,4,5,2,17,2,9,5,4,C03,7,9,1,10,6,11,,84,84,1,13,4,120.684933,24.142754,2
3630,66000,387130000C,(04)23274275,(04)23288582,2025,06,11,4,37,臺中市,西屯區,0,0,0,7,,,30,,,,,,,,,,,,,,17,,,,,B03,,,1,,2,,,59,59,1,12,4,120.657596,24.167059,3
3631,66000,387130000C,(04)23274275,(04)23288582,2025,06,11,6,28,臺中市,大甲區,0,1,0,7,2,6,30,11,9,1,5,4,6,6,4,4,10,5,5,1,10,2,8,2,1,C03,7,9,1,10,2,11,,41,41,1,6,4,120.654192,24.407516,2
3632,66000,387130000C,(04)23274275,(04)23288582,2025,06,11,6,48,臺中市,東區,0,3,0,7,2,6,50,4,1,1,5,4,6,6,1,1,9,4,5,2,17,3,10,1,1,C03,7,5,1,10,2,16,,47,47,1,12,4,120.6948,24.127278,2
3633,66000,387130000C,(04)23274275,(04)23288582,2025,06,11,6,49,臺中市,北屯區,0,0,0,7,,,50,,,,,,,,,,,,,,17,,,,,B03,,,1,,1,,,51,51,1,13,4,120.706185,24.1971,3
3634,66000,387130000C,(04)23274275,(04)23288582,2025,06,11,7,5,臺中市,南區,0,1,0,7,2,6,50,4,1,1,5,4,6,6,4,4,10,5,5,2,17,2,9,1,1,C03,7,6,1,10,2,14,,48,48,1,12,4,120.656793,24.117345,2
3635,66000,387130000C,(04)23274275,(04)23288582,2025,06,11,7,8,臺中市,大雅區,0,2,0,7,1,6,30,3,1,1,5,4,6,6,4,4,5,5,5,1,17,2,4,4,1,F01,7,9,7,21,2,14,,12,12,1,13,4,120.667364,24.214643,2
3636,66000,387130000C,(04)23274275,(04)23288582,2025,06,11,7,8,臺中市,大里區,0,1,0,7,3,6,50,4,1,1,5,4,6,6,2,1,5,5,4,2,12,3,10,3,1,B03,7,6,1,8,2,4,,8,8,1,13,4,120.694545,24.111422,2
3637,66000,387130000C,(04)23274275,(04)23288582,2025,06,11,7,15,臺中市,西屯區,0,1,0,7,3,6,50,4,1,1,5,4,6,6,2,1,10,5,5,2,16,3,10,3,1,B03,7,5,1,8,1,2,,11,11,1,13,4,120.608885,24.155667,2
3638,66000,387130000C,(04)23274275,(04)23288582,2025,06,11,7,15,臺中市,沙鹿區,0,0,0,7,,,50,,,,,,,,,,,,,,,,,,,B03,,,1,,1,,,8,8,1,13,4,120.563608,24.235051,3
3639,66000,387130000C,(04)23274275,(04)23288582,2025,06,11,7,16,臺中市,豐原區,0,1,0,7,2,6,50,4,1,1,5,4,6,6,2,1,5,5,4,1,12,3,10,3,1,B03,7,5,1,8,2,5,,84,84,1,12,4,120.733281,24.251428,2
3640,66000,387130000C,(04)23274275,(04)23288582,2025,06,11,7,17,臺中市,烏日區,0,1,0,7,2,6,70,13,8,1,5,4,6,6,4,4,1,4,4,1,18,3,10,2,1,C03,7,12,1,10,2,12,,58,58,1,6,4,120.599643,24.110861,2
3641,66000,387130000C,(04)23274275,(04)23288582,2025,06,11,7,20,臺中市,烏日區,0,2,0,7,2,6,70,13,8,1,5,4,6,6,4,4,1,4,4,1,12,2,9,1,1,C03,7,7,1,10,2,12,,84,84,1,6,4,120.599569,24.110895,2
3642,66000,387130000C,(04)23274275,(04)23288582,2025,06,11,7,24,臺中市,大里區,0,1,0,7,2,6,50,4,4,1,5,4,6,6,1,1,10,5,5,2,17,2,9,1,1,C03,7,9,1,10,2,11,,84,84,1,12,4,120.680761,24.104977,2
3643,66000,387130000C,(04)23274275,(04)23288582,2025,06,11,7,28,臺中市,太平區,0,2,0,7,3,6,50,5,1,1,5,4,6,6,1,1,10,5,5,2,13,2,7,1,1,C03,7,9,1,10,2,11,,7,7,1,12,4,120.703377,24.148149,2
3644,66000,387130000C,(04)23274275,(04)23288582,2025,06,11,7,29,臺中市,潭子區,0,1,0,7,2,6,40,3,1,1,5,4,6,6,4,4,1,5,5,1,16,3,10,3,1,B03,7,5,1,8,2,2,,47,47,1,13,4,120.712929,24.20029,2
3645,66000,387130000C,(04)23274275,(04)23288582,2025,06,11,7,29,臺中市,南屯區,0,0,0,5,,,50,,,,,,,,,,,,,,12,,,,,C03,,,1,,1,,,51,51,1,12,4,120.640277,24.146854,3
3646,66000,387130000C,(04)23274275,(04)23288582,2025,06,11,7,30,臺中市,北區,0,2,0,7,2,6,50,3,2,1,5,4,6,6,1,1,2,4,5,2,17,2,9,5,1,C03,7,9,1,10,2,12,,7,7,1,13,4,120.680976,24.163174,2
3647,66000,387130000C,(04)23274275,(04)23288582,2025,06,11,7,30,臺中市,北屯區,0,0,0,7,,,50,,,,,,,,,,,,,,12,,,,,B12,,,1,,2,,,56,56,1,6,4,120.694945,24.182996,3
3648,66000,387130000C,(04)23274275,(04)23288582,2025,06,11,7,30,臺中市,大里區,0,1,0,7,2,6,50,4,1,1,5,4,6,6,1,1,10,5,5,2,17,3,10,5,4,B03,7,6,1,8,2,1,,84,84,1,13,4,120.697117,24.08437,2
3649,66000,387130000C,(04)23274275,(04)23288582,2025,06,11,7,31,臺中市,西屯區,0,2,0,7,2,6,50,4,1,1,5,4,6,6,1,1,1,4,5,2,13,2,9,5,4,C03,7,9,1,10,2,11,,7,7,1,12,4,120.6162,24.170923,2
3650,66000,387130000C,(04)23274275,(04)23288582,2025,06,11,7,32,臺中市,西屯區,0,0,1,7,2,6,30,4,19,1,5,4,6,6,2,1,10,5,5,2,3,3,10,5,4,B03,7,6,1,8,2,1,,10,10,1,13,4,120.651933,24.178103,2
3651,66000,387130000C,(04)23274275,(04)23288582,2025,06,11,7,33,臺中市,南屯區,0,2,0,7,2,6,30,13,9,1,5,4,6,6,4,4,10,5,5,2,3,2,8,1,1,C03,7,9,1,10,2,11,,84,84,1,6,4,120.609505,24.131185,2
3652,66000,387130000C,(04)23274275,(04)23288582,2025,06,11,7,35,臺中市,西屯區,0,1,0,7,1,6,50,13,9,1,5,4,6,6,4,4,10,4,5,2,13,2,9,1,1,C03,7,9,1,10,2,11,,7,7,1,12,4,120.64486,24.1721,2
3653,66000,387130000C,(04)23274275,(04)23288582,2025,06,11,7,35,臺中市,大里區,0,0,0,7,,,50,,,,,,,,,,,,,,14,,,,,B03,,,1,,1,,,49,49,1,13,4,120.688017,24.100352,3
3654,66000,387130000C,(04)23274275,(04)23288582,2025,06,11,7,36,臺中市,西屯區,0,0,0,7,,,50,,,,,,,,,,,,,,17,,,,,B03,,,1,,1,,,51,51,1,13,4,120.638228,24.15472,3
3655,66000,387130000C,(04)23274275,(04)23288582,2025,06,11,7,36,臺中市,大里區,0,0,0,7,2,6,30,3,1,1,5,4,6,6,4,4,10,5,5,2,17,,,,,B03,,,1,,2,,,8,8,1,13,4,120.672623,24.102081,3
3656,66000,387130000C,(04)23274275,(04)23288582,2025,06,11,7,37,臺中市,南屯區,0,0,0,7,,,50,,,,,,,,,,,,,,,,,,,C03,,,1,,1,,,78,78,1,13,4,120.610911,24.138362,3
3657,66000,387130000C,(04)23274275,(04)23288582,2025,06,11,7,38,臺中市,南屯區,0,0,0,7,,,50,,,,,,,,,,,,,,12,,,,,C03,,,1,,1,,,51,51,1,12,4,120.648526,24.136063,3
3658,66000,387130000C,(04)23274275,(04)23288582,2025,06,11,7,39,臺中市,潭子區,0,0,0,7,,,50,,,,,,,,,,,,,,,,,,,B03,,,1,,2,,,11,11,1,13,4,120.721817,24.198057,3
3659,66000,387130000C,(04)23274275,(04)23288582,2025,06,11,7,39,臺中市,潭子區,0,2,0,7,2,6,60,13,12,1,5,4,6,6,4,4,1,4,4,1,13,2,7,1,1,C03,7,9,1,10,9,11,,7,7,1,13,4,120.703019,24.199209,2
3660,66000,387130000C,(04)23274275,(04)23288582,2025,06,11,7,40,臺中市,西屯區,0,1,0,7,2,6,50,4,1,1,5,4,6,6,2,1,4,3,4,2,16,2,8,5,4,C03,7,6,1,10,2,12,,11,11,1,13,4,120.654623,24.161942,2
3661,66000,387130000C,(04)23274275,(04)23288582,2025,06,11,7,42,臺中市,潭子區,0,0,0,7,,,30,,,,,,,,,,,,,,,,,,,B03,,,1,,2,,,84,84,1,13,4,120.708281,24.207623,3
3662,66000,387130000C,(04)23274275,(04)23288582,2025,06,11,7,43,臺中市,北屯區,0,0,0,7,,,50,,,,,,,,,,,,,,12,,,,,B12,,,1,,1,,,84,84,1,12,4,120.707837,24.181945,3
3663,66000,387130000C,(04)23274275,(04)23288582,2025,06,11,7,43,臺中市,大肚區,0,0,0,7,,,50,,,,,,,,,,,,,,13,,,,,C03,,,1,,2,,,8,8,1,6,4,120.542943,24.162949,3
3664,66000,387130000C,(04)23274275,(04)23288582,2025,06,11,7,43,臺中市,豐原區,0,0,0,7,,,50,,,,,,,,,,,,,,16,,,,,B03,,,1,,2,,,51,51,1,6,4,120.725141,24.243405,4
3665,66000,387130000C,(04)23274275,(04)23288582,2025,06,11,7,44,臺中市,烏日區,0,0,0,7,2,6,80,13,7,1,5,4,6,6,4,4,1,4,5,1,13,3,10,3,1,B03,7,9,1,8,1,1,,7,7,1,6,4,120.616521,24.107356,3
3666,66000,387130000C,(04)23274275,(04)23288582,2025,06,11,7,44,臺中市,烏日區,0,0,0,7,,,80,,,,,,,,,,,,,,13,,,,,B03,,,1,,1,,,7,7,1,6,4,120.616647,24.107244,3
3667,66000,387130000C,(04)23274275,(04)23288582,2025,06,11,7,47,臺中市,西屯區,0,0,0,7,,,50,,,,,,,,,,,,,,12,,,,,B03,,,1,,1,,,40,40,1,12,4,120.635403,24.172392,3
3668,66000,387130000C,(04)23274275,(04)23288582,2025,06,11,7,48,臺中市,大肚區,0,1,0,7,1,6,40,13,8,1,5,4,6,6,4,4,3,4,3,2,22,2,9,1,1,C03,7,9,1,10,2,11,,43,43,1,6,4,120.582758,24.168266,2
3669,66000,387130000C,(04)23274275,(04)23288582,2025,06,11,7,48,臺中市,石岡區,0,0,0,7,2,6,70,13,7,1,5,4,6,6,4,4,1,4,4,1,13,3,10,5,4,B03,7,9,1,8,8,1,,53,53,1,12,4,120.77199,24.275103,3
3670,66000,387130000C,(04)23274275,(04)23288582,2025,06,11,7,48,臺中市,豐原區,0,3,0,7,2,6,50,5,1,1,5,4,6,6,1,1,10,5,5,1,16,2,9,1,1,C03,7,6,1,10,2,14,,39,39,1,13,4,120.710408,24.237199,2
3671,66000,387130000C,(04)23274275,(04)23288582,2025,06,11,7,52,臺中市,霧峰區,0,1,0,7,2,6,50,13,9,1,5,4,6,6,4,4,10,5,5,2,17,3,10,2,1,C03,7,1,3,19,2,11,,51,51,1,6,4,120.687554,24.044216,2
3672,66000,387130000C,(04)23274275,(04)23288582,2025,06,11,7,53,臺中市,西區,0,1,0,7,2,6,50,3,1,1,5,4,6,6,4,4,10,5,5,2,16,2,9,1,1,C03,7,9,1,10,2,12,,4,4,1,6,4,120.662856,24.156107,2
3673,66000,387130000C,(04)23274275,(04)23288582,2025,06,11,7,54,臺中市,大里區,0,1,0,7,2,6,50,8,7,1,5,4,6,6,4,4,3,4,4,2,17,3,10,1,1,F03,7,4,7,21,2,12,,84,84,1,4,4,120.694027,24.100252,2
3674,66000,387130000C,(04)23274275,(04)23288582,2025,06,11,7,54,臺中市,豐原區,0,1,0,7,2,6,50,4,2,1,5,4,6,6,2,1,1,2,5,2,13,2,9,1,1,F03,7,14,7,21,1,13,,84,84,1,12,4,120.708926,24.250235,2
3675,66000,387130000C,(04)23274275,(04)23288582,2025,06,11,7,55,臺中市,西屯區,0,0,0,7,,,50,,,,,,,,,,,,,,17,,,,,B03,,,1,,1,,,39,39,1,13,4,120.609906,24.186403,3
3676,66000,387130000C,(04)23274275,(04)23288582,2025,06,11,7,55,臺中市,清水區,0,0,0,7,,,50,,,,,,,,,,,,,,,,,,,B03,,,1,,1,,,51,51,1,12,4,120.551041,24.26156,3
3677,66000,387130000C,(04)23274275,(04)23288582,2025,06,11,7,56,臺中市,北區,0,1,0,7,2,6,50,4,1,1,5,4,6,6,1,1,10,5,5,2,16,3,10,5,4,B01,7,6,1,4,2,6,,11,11,1,13,4,120.682089,24.154584,2
3678,66000,387130000C,(04)23274275,(04)23288582,2025,06,11,7,56,臺中市,龍井區,0,1,0,7,3,6,30,4,1,1,5,4,6,6,4,4,10,5,5,2,16,3,10,3,1,B12,7,6,1,8,2,1,,20,20,1,6,4,120.5345,24.200571,2
3679,66000,387130000C,(04)23274275,(04)23288582,2025,06,11,7,59,臺中市,東區,0,0,0,7,,,50,,,,,,,,,,,,,,,,,,,B03,,,1,,1,,,7,7,1,6,4,120.687085,24.130347,3