﻿序號,縣市別代碼,機關代碼,市話,傳真,年,月,日,時,分,縣市,區,死亡數量,受傷數量,2-30,天候,道路照明設備,道路類別,道路速限,道路型態,事故位置,路面鋪裝,路面狀態,路面缺陷,障礙物,視距,號誌種類,號誌動作,分向設施,快車道或一般車道間,快慢車道間,路面邊線,事故類型及型態,受傷程度,主要傷處,保護裝備,行動電話或功能裝置,當事者區分_類別,車輛用途,當事者行動狀態,駕照狀態,駕照種類,飲酒情形,車輛撞擊部位最初,車輛撞擊部位其他,肇事因素個別,肇事因素主要,肇事逃逸,職業,共享經濟或外送平台,GPS座標X,GPS座標Y,事故類別
3680,66000,387130000C,(04)23274275,(04)23288582,2025,06,11,7,59,臺中市,豐原區,0,1,0,7,2,6,50,4,1,1,5,4,6,6,3,1,5,5,4,2,17,3,10,3,1,B03,7,6,1,8,2,8,,57,57,1,6,4,120.733637,24.252076,2
3681,66000,387130000C,(04)23274275,(04)23288582,2025,06,11,8,0,臺中市,大里區,0,0,0,7,2,6,50,13,14,1,5,4,6,6,4,4,1,4,5,1,17,,,,,B12,,,1,,1,,,50,50,1,13,4,120.678872,24.111804,3
3682,66000,387130000C,(04)23274275,(04)23288582,2025,06,11,8,2,臺中市,北屯區,0,0,0,7,,,50,,,,,,,,,,,,,,12,,,,,B03,,,1,8,1,,,40,40,1,6,4,120.687408,24.172141,3
3683,66000,387130000C,(04)23274275,(04)23288582,2025,06,11,8,3,臺中市,西區,0,0,0,7,,,50,,,,,,,,,,,,,,,,,,,B03,,,1,,2,,,84,84,1,12,4,120.664292,24.145822,3
3684,66000,387130000C,(04)23274275,(04)23288582,2025,06,11,8,5,臺中市,北屯區,0,1,0,7,2,6,50,13,9,1,5,4,6,6,4,4,10,4,5,2,18,3,10,1,1,C03,7,11,1,10,2,14,,59,59,1,6,4,120.69192,24.177521,2
3685,66000,387130000C,(04)23274275,(04)23288582,2025,06,11,8,6,臺中市,南屯區,0,1,0,7,1,6,50,3,2,1,5,4,6,6,4,4,9,4,4,2,14,3,10,5,4,B03,7,2,1,8,2,6,,49,49,1,13,4,120.625845,24.112349,2
3686,66000,387130000C,(04)23274275,(04)23288582,2025,06,11,8,8,臺中市,南區,0,0,0,7,,,50,,,,,,,,,,,,,,14,,,,,C03,,,1,,1,,,84,84,1,13,4,120.661844,24.113064,3
3687,66000,387130000C,(04)23274275,(04)23288582,2025,06,11,8,9,臺中市,北屯區,0,1,0,7,2,6,50,13,9,1,5,4,6,6,4,4,5,5,5,2,13,2,9,1,1,C03,7,9,1,10,1,11,,58,58,1,6,4,120.710568,24.177696,2
3688,66000,387130000C,(04)23274275,(04)23288582,2025,06,11,8,10,臺中市,南屯區,0,0,0,7,,,50,,,,,,,,,,,,,,13,,,,,B03,,,1,,1,,,7,7,1,6,4,120.640638,24.134678,3
3689,66000,387130000C,(04)23274275,(04)23288582,2025,06,11,8,12,臺中市,西屯區,0,1,0,7,2,6,40,13,7,1,5,4,6,6,4,4,5,4,4,2,16,3,10,5,4,B02,7,11,1,8,2,4,,45,45,1,12,4,120.656645,24.16097,2
3690,66000,387130000C,(04)23274275,(04)23288582,2025,06,11,8,15,臺中市,南屯區,0,1,0,7,3,6,50,13,9,1,5,4,6,6,1,1,3,4,5,2,12,3,10,3,1,B12,7,5,1,8,2,5,,20,20,1,12,4,120.623691,24.149574,2
3691,66000,387130000C,(04)23274275,(04)23288582,2025,06,11,8,15,臺中市,西屯區,0,2,0,7,1,6,50,4,1,1,5,4,6,6,1,1,10,5,5,2,13,2,9,1,1,C03,7,9,1,10,2,11,,7,7,1,12,4,120.647982,24.169872,2
3692,66000,387130000C,(04)23274275,(04)23288582,2025,06,11,8,16,臺中市,南區,0,0,0,7,,,50,,,,,,,,,,,,,,12,,,,,B03,,,1,,1,,,84,84,1,12,4,120.649142,24.123106,3
3693,66000,387130000C,(04)23274275,(04)23288582,2025,06,11,8,19,臺中市,太平區,0,1,0,7,3,6,40,13,9,1,5,4,6,6,4,4,5,5,5,1,28,2,9,2,1,C03,7,9,1,10,2,11,14,87,87,1,12,4,120.726985,24.120976,2
3694,66000,387130000C,(04)23274275,(04)23288582,2025,06,11,8,20,臺中市,西屯區,0,0,0,7,,,50,,,,,,,,,,,,,,17,,,,,A12,,,1,,2,,,59,59,1,13,4,120.611343,24.190658,3
3695,66000,387130000C,(04)23274275,(04)23288582,2025,06,11,8,20,臺中市,太平區,0,2,0,7,3,6,50,3,1,1,5,4,6,6,4,4,10,5,5,2,16,2,9,2,1,F02,7,6,7,21,2,12,,14,14,1,12,4,120.733375,24.152888,2
3696,66000,387130000C,(04)23274275,(04)23288582,2025,06,11,8,20,臺中市,沙鹿區,0,0,0,7,,,40,,,,,,,,,,,,,,11,,,,,B03,,,1,,9,,,8,8,1,6,4,120.605856,24.244393,3
3697,66000,387130000C,(04)23274275,(04)23288582,2025,06,11,8,22,臺中市,南屯區,0,0,0,7,,,50,,,,,,,,,,,,,,13,,,,,B03,,,1,,1,,,59,59,1,12,4,120.624859,24.149097,3
3698,66000,387130000C,(04)23274275,(04)23288582,2025,06,11,8,24,臺中市,東區,0,0,0,7,,,50,,,,,,,,,,,,,,,,,,,B03,,,1,,1,,,84,84,1,12,4,120.685741,24.135554,3
3699,66000,387130000C,(04)23274275,(04)23288582,2025,06,11,8,24,臺中市,大里區,0,0,0,7,,,50,,,,,,,,,,,,,,12,,,,,C03,,,1,,2,,,42,42,1,13,4,120.68047,24.109063,3
3700,66000,387130000C,(04)23274275,(04)23288582,2025,06,11,8,25,臺中市,西屯區,0,4,0,7,2,6,50,4,1,1,5,4,6,6,2,1,4,3,5,2,16,2,9,5,4,C03,7,6,1,10,2,12,,11,11,1,13,4,120.614748,24.179656,2
3701,66000,387130000C,(04)23274275,(04)23288582,2025,06,11,8,28,臺中市,西區,0,1,0,7,2,6,30,4,1,1,5,4,6,6,4,4,10,5,5,2,15,2,9,2,1,C03,7,9,1,10,2,11,,15,15,1,12,4,120.669066,24.148966,2
3702,66000,387130000C,(04)23274275,(04)23288582,2025,06,11,8,30,臺中市,中區,0,1,0,7,2,6,50,4,1,1,5,4,6,6,1,1,10,5,5,2,17,2,9,1,1,C03,7,6,1,10,2,12,,11,11,1,13,4,120.68198,24.14439,2
3703,66000,387130000C,(04)23274275,(04)23288582,2025,06,11,8,30,臺中市,太平區,0,2,0,7,3,6,30,13,9,1,5,4,6,6,4,4,10,5,5,2,16,2,8,2,1,C03,7,6,1,10,2,14,,65,65,1,12,4,120.72674,24.110641,2
3704,66000,387130000C,(04)23274275,(04)23288582,2025,06,11,8,33,臺中市,大雅區,0,0,0,7,1,6,50,3,1,1,5,4,6,6,4,4,9,5,5,1,17,,,,,C03,,,1,,2,,,84,84,1,13,4,120.678476,24.21651,3
3705,66000,387130000C,(04)23274275,(04)23288582,2025,06,11,8,36,臺中市,西屯區,0,0,0,7,,,50,,,,,,,,,,,,,,14,,,,,B03,,,1,,1,,,49,49,1,12,4,120.665762,24.169095,3
3706,66000,387130000C,(04)23274275,(04)23288582,2025,06,11,8,40,臺中市,潭子區,0,1,0,7,3,6,50,13,9,1,5,4,6,6,4,4,9,4,4,2,3,3,10,2,1,C03,7,9,1,10,2,11,,59,59,1,13,4,120.707172,24.210912,2
3707,66000,387130000C,(04)23274275,(04)23288582,2025,06,11,8,41,臺中市,西屯區,0,0,0,7,,,50,,,,,,,,,,,,,,14,,,,,B03,,,1,,1,,,49,49,1,13,4,120.59573,24.166566,3
3708,66000,387130000C,(04)23274275,(04)23288582,2025,06,11,8,43,臺中市,豐原區,0,1,0,7,2,6,40,13,8,1,5,4,6,6,4,4,1,4,4,1,17,2,9,1,1,C03,7,9,1,10,2,12,,58,58,1,13,4,120.753411,24.272659,2
3709,66000,387130000C,(04)23274275,(04)23288582,2025,06,11,8,49,臺中市,沙鹿區,0,1,0,7,2,6,40,11,9,1,5,4,6,6,4,4,10,5,5,1,10,2,9,2,1,C03,7,9,1,10,2,11,,4,4,1,12,4,120.590731,24.252413,2
3710,66000,387130000C,(04)23274275,(04)23288582,2025,06,11,8,51,臺中市,西屯區,0,2,0,7,2,6,50,4,1,1,5,4,6,6,2,1,1,4,5,2,13,2,9,5,4,C03,7,9,1,10,2,11,,7,7,1,12,4,120.664213,24.172406,2
3711,66000,387130000C,(04)23274275,(04)23288582,2025,06,11,8,51,臺中市,太平區,0,2,0,7,3,6,30,4,1,1,5,4,6,6,4,4,10,5,5,2,15,2,9,1,1,C03,7,9,1,10,2,11,,15,15,1,12,4,120.732055,24.154824,2
3712,66000,387130000C,(04)23274275,(04)23288582,2025,06,11,8,51,臺中市,神岡區,0,1,0,7,2,6,50,3,1,1,5,4,6,6,4,4,10,5,5,2,30,2,9,5,4,C03,7,6,1,10,2,14,,59,59,1,13,4,120.704683,24.260329,2
3713,66000,387130000C,(04)23274275,(04)23288582,2025,06,11,8,54,臺中市,北區,0,0,0,7,,,50,,,,,,,,,,,,,,,,,,,B03,,,1,,9,,,7,7,1,12,4,120.671099,24.157553,3
3714,66000,387130000C,(04)23274275,(04)23288582,2025,06,11,8,56,臺中市,北屯區,0,1,0,7,2,6,50,13,7,1,5,4,6,6,4,4,1,4,4,2,12,2,9,1,1,C01,7,8,1,9,2,14,,40,40,1,6,4,120.663397,24.187213,2
3715,66000,387130000C,(04)23274275,(04)23288582,2025,06,11,8,57,臺中市,龍井區,0,0,0,6,,,40,,,,,,,,,,,,,,30,,,,,G03,,,1,,1,,,8,8,1,6,4,120.586667,24.188002,3
3716,66000,387130000C,(04)23274275,(04)23288582,2025,06,11,8,57,臺中市,沙鹿區,0,0,0,7,,,60,,,,,,,,,,,,,,,,,,,B12,,,1,,2,,,40,40,1,13,4,120.597641,24.250147,3
3717,66000,387130000C,(04)23274275,(04)23288582,2025,06,11,8,58,臺中市,西屯區,0,0,0,7,,,50,,,,,,,,,,,,,,13,,,,,C03,,,1,,2,,,7,7,1,13,4,120.656797,24.167127,3
3718,66000,387130000C,(04)23274275,(04)23288582,2025,06,11,9,3,臺中市,西屯區,0,1,0,7,1,6,50,13,7,1,5,4,6,6,4,4,5,4,4,2,13,2,9,1,1,C03,7,9,1,10,2,11,,7,7,1,12,4,120.665788,24.178251,2
3719,66000,387130000C,(04)23274275,(04)23288582,2025,06,11,9,5,臺中市,西區,0,1,0,7,1,6,50,4,1,1,5,4,6,6,1,1,10,5,5,2,17,3,10,5,4,C03,7,9,1,10,1,11,,85,85,1,12,4,120.667532,24.141802,2
3720,66000,387130000C,(04)23274275,(04)23288582,2025,06,11,9,5,臺中市,西屯區,0,1,0,7,2,6,50,4,1,1,5,4,6,6,1,1,10,5,5,2,12,3,10,3,4,B02,7,5,1,8,2,2,,20,20,1,12,4,120.635358,24.176122,2
3721,66000,387130000C,(04)23274275,(04)23288582,2025,06,11,9,5,臺中市,豐原區,0,1,0,7,2,6,50,13,9,1,5,4,6,6,4,4,1,4,5,1,13,2,9,1,1,C03,7,9,1,10,2,11,,7,7,1,12,4,120.728283,24.250628,2
3722,66000,387130000C,(04)23274275,(04)23288582,2025,06,11,9,6,臺中市,北屯區,0,1,0,7,3,6,50,11,9,1,5,4,6,6,4,4,9,5,5,2,11,2,8,1,1,C03,7,9,1,10,2,14,,84,84,1,5,4,120.744992,24.162802,2
3723,66000,387130000C,(04)23274275,(04)23288582,2025,06,11,9,7,臺中市,北屯區,0,1,0,7,3,6,40,13,7,1,5,4,6,6,4,4,5,5,4,2,16,3,10,3,1,B03,7,11,1,8,1,8,,39,39,1,6,4,120.722891,24.167087,2
3724,66000,387130000C,(04)23274275,(04)23288582,2025,06,11,9,9,臺中市,南屯區,0,1,0,7,2,6,50,13,9,1,5,4,6,6,4,4,5,4,5,2,13,2,8,2,1,C03,7,9,1,10,1,11,,7,7,1,6,4,120.614025,24.139097,2
3725,66000,387130000C,(04)23274275,(04)23288582,2025,06,11,9,10,臺中市,西屯區,0,0,0,7,,,80,,,,,,,,,,,,,,13,,,,,B03,,,1,,2,,,7,7,1,13,4,120.630874,24.16736,3
3726,66000,387130000C,(04)23274275,(04)23288582,2025,06,11,9,11,臺中市,西屯區,0,1,0,7,1,6,0,3,1,1,5,4,6,6,4,4,10,5,5,2,16,2,9,1,1,C03,7,9,1,10,2,11,,20,20,1,12,4,120.604001,24.185133,2
3727,66000,387130000C,(04)23274275,(04)23288582,2025,06,11,9,11,臺中市,太平區,0,1,0,7,3,6,50,4,1,1,5,4,6,6,1,1,5,5,4,1,16,3,10,3,1,B03,7,6,1,8,2,8,,11,11,1,12,4,120.719431,24.131456,2
3728,66000,387130000C,(04)23274275,(04)23288582,2025,06,11,9,13,臺中市,西區,0,0,0,7,,,50,,,,,,,,,,,,,,14,,,,,B03,,,1,,1,,,49,49,1,12,4,120.653246,24.146524,3
3729,66000,387130000C,(04)23274275,(04)23288582,2025,06,11,9,14,臺中市,北區,0,0,0,7,3,6,50,18,24,5,5,4,6,6,4,4,10,5,5,2,17,,,,,B03,,,1,,2,,,47,47,1,13,4,120.676609,24.155868,3
3730,66000,387130000C,(04)23274275,(04)23288582,2025,06,11,9,15,臺中市,南區,0,0,0,7,,,50,,,,,,,,,,,,,,13,,,,,B12,,,1,,2,,,84,84,1,13,4,120.663106,24.119504,3
3731,66000,387130000C,(04)23274275,(04)23288582,2025,06,11,9,16,臺中市,豐原區,0,0,0,7,,,40,,,,,,,,,,,,,,17,,,,,C03,,,1,,10,,,78,78,1,6,4,120.740082,24.255749,3
3732,66000,387130000C,(04)23274275,(04)23288582,2025,06,11,9,23,臺中市,大雅區,0,1,0,7,2,6,50,13,7,1,5,4,6,6,4,4,5,5,4,1,12,2,9,1,1,C03,7,7,1,10,2,12,,84,84,1,13,4,120.629761,24.209282,2
3733,66000,387130000C,(04)23274275,(04)23288582,2025,06,11,9,25,臺中市,北區,0,0,0,7,,,50,,,,,,,,,,,,,,17,,,,,C03,,,1,,2,,,84,84,1,13,4,120.683645,24.1545,3
3734,66000,387130000C,(04)23274275,(04)23288582,2025,06,11,9,30,臺中市,北屯區,0,2,0,7,2,6,60,13,12,1,5,4,6,6,4,4,1,4,4,2,12,3,10,3,1,B03,7,7,1,8,2,2,,40,40,1,6,4,120.716628,24.164074,2
3735,66000,387130000C,(04)23274275,(04)23288582,2025,06,11,9,33,臺中市,北區,0,1,0,7,2,6,50,4,2,1,5,4,6,6,1,1,5,4,4,2,17,2,9,5,1,C03,7,9,1,10,2,11,,7,7,1,13,4,120.679973,24.152154,2
3736,66000,387130000C,(04)23274275,(04)23288582,2025,06,11,9,37,臺中市,龍井區,0,2,0,7,1,6,60,5,1,1,5,4,6,6,1,1,10,5,5,2,16,3,10,3,1,B03,7,5,1,8,2,2,,39,39,1,6,4,120.57383,24.1849,2
3737,66000,387130000C,(04)23274275,(04)23288582,2025,06,11,9,39,臺中市,大雅區,0,3,0,7,1,6,30,4,1,1,5,4,6,6,3,1,5,5,5,1,17,2,9,1,1,C03,7,9,1,10,2,11,,24,24,1,13,4,120.651747,24.246264,2
3738,66000,387130000C,(04)23274275,(04)23288582,2025,06,11,9,49,臺中市,南屯區,0,1,0,7,2,6,30,4,1,1,5,4,6,6,2,1,9,4,4,2,3,3,10,3,1,B03,7,6,1,8,2,1,,10,10,1,12,4,120.611465,24.138592,2
3739,66000,387130000C,(04)23274275,(04)23288582,2025,06,11,9,50,臺中市,大雅區,0,0,0,7,1,6,50,,9,1,5,4,6,6,4,4,9,5,5,1,17,,,,,B03,,,1,,2,,,84,84,1,13,4,120.651588,24.245855,3
3740,66000,387130000C,(04)23274275,(04)23288582,2025,06,11,9,50,臺中市,南屯區,0,1,0,7,2,6,40,3,1,1,5,4,6,6,1,1,9,4,5,2,12,3,10,3,1,A12,7,5,1,8,2,2,,11,11,1,12,4,120.632705,24.137476,2
3741,66000,387130000C,(04)23274275,(04)23288582,2025,06,11,9,50,臺中市,豐原區,0,0,0,7,,,50,,,,,,,,,,,,,,,,,,,B03,,,1,,2,,,7,7,1,13,4,120.713866,24.24492,3
3742,66000,387130000C,(04)23274275,(04)23288582,2025,06,11,9,54,臺中市,西區,0,1,0,7,2,6,50,13,9,1,5,4,6,6,4,4,9,5,5,2,17,3,10,3,1,B03,7,1,1,8,2,1,,51,51,1,12,4,120.660616,24.155697,2
3743,66000,387130000C,(04)23274275,(04)23288582,2025,06,11,9,54,臺中市,龍井區,0,1,0,7,3,6,30,4,1,1,5,4,6,6,4,4,10,5,5,2,16,2,9,1,1,C03,7,5,1,10,2,11,,20,20,1,6,4,120.538204,24.210835,2
3744,66000,387130000C,(04)23274275,(04)23288582,2025,06,11,9,55,臺中市,龍井區,0,1,0,7,1,6,40,13,9,1,5,4,6,6,4,4,10,4,5,1,12,3,10,3,1,B03,7,7,1,8,2,2,,8,8,1,6,4,120.590541,24.191412,2
3745,66000,387130000C,(04)23274275,(04)23288582,2025,06,11,9,56,臺中市,西屯區,0,0,0,7,,,50,,,,,,,,,,,,,,17,,,,,A11,,,1,,2,,,49,49,1,12,4,120.607101,24.15598,3
3746,66000,387130000C,(04)23274275,(04)23288582,2025,06,11,9,57,臺中市,南屯區,0,1,0,7,3,6,50,13,9,1,5,4,6,6,1,1,1,4,5,2,13,2,8,1,1,C03,7,9,1,10,1,11,,7,7,1,12,4,120.646602,24.134432,2
3747,66000,387130000C,(04)23274275,(04)23288582,2025,06,11,9,59,臺中市,西區,0,0,0,7,,,50,,,,,,,,,,,,,,,,,,,B13,,,1,,1,,,49,49,1,6,4,120.663278,24.146685,3
3748,66000,387130000C,(04)23274275,(04)23288582,2025,06,11,9,59,臺中市,西屯區,0,0,0,7,,,30,,,,,,,,,,,,,,15,,,,,B03,,,1,,1,,,15,15,1,13,4,120.612742,24.187568,3
3749,66000,387130000C,(04)23274275,(04)23288582,2025,06,11,10,0,臺中市,中區,0,0,0,7,,,50,,,,,,,,,,,,,,,,,,,C03,,,1,,2,,,84,84,1,12,4,120.678369,24.145111,3
3750,66000,387130000C,(04)23274275,(04)23288582,2025,06,11,10,0,臺中市,北屯區,0,0,0,7,,,50,,,,,,,,,,,,,,16,,,,,B03,,,1,,1,,,11,11,1,6,4,120.686505,24.193503,3
3751,66000,387130000C,(04)23274275,(04)23288582,2025,06,11,10,0,臺中市,太平區,0,0,0,7,,,30,,,,,,,,,,,,,,,,,,,B03,,,1,,2,,,50,50,1,12,4,120.718772,24.124613,3
3752,66000,387130000C,(04)23274275,(04)23288582,2025,06,11,10,4,臺中市,大里區,0,1,0,7,2,6,40,13,9,1,5,4,6,6,4,4,10,5,5,1,17,2,9,1,1,C03,7,9,1,10,2,11,,84,84,1,12,4,120.691302,24.113804,2
3753,66000,387130000C,(04)23274275,(04)23288582,2025,06,11,10,5,臺中市,神岡區,0,0,0,7,1,6,30,11,9,1,5,4,6,6,4,4,10,5,5,2,14,3,10,5,4,B03,7,2,1,8,7,3,,49,49,1,12,4,120.659669,24.257684,3
3754,66000,387130000C,(04)23274275,(04)23288582,2025,06,11,10,7,臺中市,西屯區,0,1,0,7,2,6,50,13,9,1,5,4,6,6,4,4,1,4,5,2,18,2,9,1,1,C03,7,9,1,10,2,14,,59,59,1,12,4,120.658233,24.170914,2
3755,66000,387130000C,(04)23274275,(04)23288582,2025,06,11,10,9,臺中市,太平區,0,1,0,7,3,6,50,4,1,1,5,4,6,6,4,4,5,5,5,1,16,2,9,2,1,C03,7,9,1,10,2,14,,84,84,1,12,4,120.723267,24.120291,2
3756,66000,387130000C,(04)23274275,(04)23288582,2025,06,11,10,17,臺中市,大里區,0,0,0,7,,,50,,,,,,,,,,,,,,,,,,,A41,,,1,,2,,,84,84,1,13,4,120.696017,24.096523,3
3757,66000,387130000C,(04)23274275,(04)23288582,2025,06,11,10,19,臺中市,神岡區,0,2,0,7,2,6,50,4,1,1,5,4,6,6,2,1,10,5,5,2,13,2,9,5,4,B12,7,9,1,8,2,5,,59,59,1,13,4,120.696315,24.248404,2
3758,66000,387130000C,(04)23274275,(04)23288582,2025,06,11,10,25,臺中市,大甲區,0,0,0,7,,,50,,,,,,,,,,,,,,,,,,,B03,,,1,,1,,,59,59,1,6,4,120.648442,24.406885,4
3759,66000,387130000C,(04)23274275,(04)23288582,2025,06,11,10,27,臺中市,烏日區,0,0,0,7,2,6,50,13,7,1,5,4,6,6,4,4,5,4,4,1,13,3,10,1,1,C03,7,9,1,10,1,11,,84,84,1,6,4,120.620968,24.10646,3
3760,66000,387130000C,(04)23274275,(04)23288582,2025,06,11,10,33,臺中市,大雅區,0,0,0,7,,,60,,,,,,,,,,,,,,12,,,,,B03,,,1,,1,,,40,40,1,13,4,120.640521,24.23092,3
3761,66000,387130000C,(04)23274275,(04)23288582,2025,06,11,10,34,臺中市,西區,0,1,0,7,2,6,30,4,1,1,5,4,6,6,4,4,10,5,5,2,15,2,9,2,1,C03,7,9,1,10,2,11,,15,15,1,12,4,120.658599,24.154551,2
3762,66000,387130000C,(04)23274275,(04)23288582,2025,06,11,10,40,臺中市,北區,0,1,0,7,2,6,30,13,24,1,5,4,6,6,4,4,10,5,5,2,17,3,10,5,4,B01,7,1,1,4,2,5,,51,51,1,13,4,120.679506,24.157132,2
3763,66000,387130000C,(04)23274275,(04)23288582,2025,06,11,10,40,臺中市,大肚區,0,0,0,7,,,30,,,,,,,,,,,,,,12,,,,,B03,,,1,,1,,,85,85,1,6,4,120.550924,24.136521,3
3764,66000,387130000C,(04)23274275,(04)23288582,2025,06,11,10,41,臺中市,南屯區,0,1,0,7,2,6,50,13,8,1,5,4,6,6,4,4,3,4,4,2,13,3,10,2,1,C03,7,9,1,9,1,11,,7,7,1,12,4,120.627702,24.144951,2
3765,66000,387130000C,(04)23274275,(04)23288582,2025,06,11,10,48,臺中市,大雅區,0,0,0,7,,,50,,,,,,,,,,,,,,13,,,,,B03,,,1,,2,,,84,84,1,13,4,120.63047,24.241135,3
3766,66000,387130000C,(04)23274275,(04)23288582,2025,06,11,10,52,臺中市,西屯區,0,2,0,7,1,6,50,13,9,1,5,4,6,6,4,4,5,4,5,2,13,2,9,1,1,C03,7,9,1,10,2,11,,7,7,1,12,4,120.641506,24.168806,2
3767,66000,387130000C,(04)23274275,(04)23288582,2025,06,11,10,52,臺中市,大肚區,0,0,0,7,,,50,,,,,,,,,,,,,,14,,,,,B03,,,1,,2,,,49,49,1,6,4,120.578382,24.167736,3
3768,66000,387130000C,(04)23274275,(04)23288582,2025,06,11,10,52,臺中市,沙鹿區,0,0,0,7,,,60,,,,,,,,,,,,,,,,,,,B03,,,1,,9,,,82,82,1,6,4,120.573391,24.244983,3
3769,66000,387130000C,(04)23274275,(04)23288582,2025,06,11,10,55,臺中市,潭子區,0,2,0,7,3,6,50,4,1,1,5,4,6,6,3,1,5,4,4,2,15,2,9,2,1,C03,7,9,1,10,2,11,,24,24,1,13,4,120.70001,24.193102,2
3770,66000,387130000C,(04)23274275,(04)23288582,2025,06,11,10,58,臺中市,北區,0,1,0,7,3,6,50,13,9,1,5,4,6,6,4,4,10,5,5,2,17,2,9,5,4,C03,7,9,1,10,9,11,,59,59,1,13,4,120.68199,24.159448,2
3771,66000,387130000C,(04)23274275,(04)23288582,2025,06,11,11,3,臺中市,霧峰區,0,0,0,7,,6,50,,,,,,,,,,,,,,,,,,,C03,,,3,10,2,,,84,84,1,13,4,120.698339,24.06372,3
3772,66000,387130000C,(04)23274275,(04)23288582,2025,06,11,11,8,臺中市,太平區,0,0,0,7,,,30,,,,,,,,,,,,,,12,,,,,B03,,,1,,2,,,51,51,1,6,4,120.708854,24.122405,3
3773,66000,387130000C,(04)23274275,(04)23288582,2025,06,11,11,10,臺中市,梧棲區,0,1,0,7,2,6,70,4,1,1,5,4,6,6,2,1,10,5,5,2,16,2,9,1,1,C04,7,6,1,10,2,14,,48,48,1,12,4,120.53657,24.249921,2
3774,66000,387130000C,(04)23274275,(04)23288582,2025,06,11,11,15,臺中市,大雅區,0,1,0,7,3,6,50,3,2,1,5,4,6,6,1,1,4,3,4,1,17,3,10,3,1,B03,7,5,1,8,2,2,,11,11,1,12,4,120.64413,24.207831,2
3775,66000,387130000C,(04)23274275,(04)23288582,2025,06,11,11,17,臺中市,北區,0,1,0,7,2,6,50,13,9,1,5,4,6,6,4,4,8,3,5,1,12,3,10,3,1,B03,7,7,1,8,2,5,,40,40,1,13,4,120.686497,24.155216,2
3776,66000,387130000C,(04)23274275,(04)23288582,2025,06,11,11,31,臺中市,神岡區,0,0,0,7,,,30,,,,,,,,,,,,,,14,,,,,B03,,,1,,2,,,49,49,1,12,4,120.682318,24.243687,3
3777,66000,387130000C,(04)23274275,(04)23288582,2025,06,11,11,37,臺中市,大雅區,0,0,0,7,1,6,30,13,9,1,5,4,6,6,1,1,10,5,5,2,17,,,,,A12,,,1,,1,,,49,49,1,13,4,120.655768,24.236739,3
3778,66000,387130000C,(04)23274275,(04)23288582,2025,06,11,11,39,臺中市,南區,0,1,0,7,2,6,50,3,2,1,5,4,6,6,4,4,5,5,5,2,17,3,10,3,1,B03,7,6,1,8,1,8,,39,39,1,12,4,120.659737,24.12422,2
3779,66000,387130000C,(04)23274275,(04)23288582,2025,06,11,11,39,臺中市,北屯區,0,1,0,7,2,6,50,4,2,1,5,4,6,6,4,4,5,5,5,2,16,3,10,3,1,B03,7,5,1,8,2,8,,12,12,1,12,4,120.691748,24.173846,2
3780,66000,387130000C,(04)23274275,(04)23288582,2025,06,11,11,42,臺中市,霧峰區,0,0,0,7,,,50,,,,,,,,,,,,,,17,,,,,B03,,,1,,2,,,49,49,1,6,4,120.662181,24.071826,3
3781,66000,387130000C,(04)23274275,(04)23288582,2025,06,11,11,42,臺中市,沙鹿區,0,1,0,7,2,6,50,4,2,1,5,4,6,6,1,1,8,3,5,2,17,3,10,5,4,B03,7,5,1,8,2,2,,47,47,1,13,4,120.552528,24.23154,2
3782,66000,387130000C,(04)23274275,(04)23288582,2025,06,11,11,46,臺中市,南區,0,0,0,7,,,50,,,,,,,,,,,,,,,,,,,C03,,,1,,1,,,84,84,1,6,4,120.678537,24.128182,3
3783,66000,387130000C,(04)23274275,(04)23288582,2025,06,11,11,46,臺中市,龍井區,0,0,0,7,,,50,,,,,,,,,,,,,,12,,,,,B03,,,1,,1,,,8,8,1,6,4,120.587364,24.181398,3
3784,66000,387130000C,(04)23274275,(04)23288582,2025,06,11,11,51,臺中市,神岡區,0,0,0,7,,,50,,,,,,,,,,,,,,17,,,,,B12,,,1,,2,,,84,84,1,13,4,120.668247,24.257175,3
3785,66000,387130000C,(04)23274275,(04)23288582,2025,06,11,11,52,臺中市,西屯區,0,2,0,7,2,6,50,4,1,1,5,4,6,6,2,1,4,3,5,2,17,2,9,5,4,C03,7,1,1,10,2,14,,51,51,1,13,4,120.661908,24.170099,2
3786,66000,387130000C,(04)23274275,(04)23288582,2025,06,11,11,53,臺中市,南屯區,0,0,0,7,,,50,,,,,,,,,,,,,,13,,,,,B03,,,1,,1,,,7,7,1,6,4,120.624084,24.152181,3
3787,66000,387130000C,(04)23274275,(04)23288582,2025,06,11,11,58,臺中市,北區,0,0,0,6,,,,,,,,,,,,,,,,,17,,,,,,,,,,,,,119,119,1,,,120.669054,24.164824,3
3788,66000,387130000C,(04)23274275,(04)23288582,2025,06,11,12,1,臺中市,西區,0,0,0,7,,,50,,,,,,,,,,,,,,17,,,,,B03,,,1,,11,,,51,51,2,13,4,120.673909,24.134935,3
3789,66000,387130000C,(04)23274275,(04)23288582,2025,06,11,12,10,臺中市,南屯區,0,0,0,7,,,50,,,,,,,,,,,,,,14,,,,,B03,,,1,,1,,,49,49,1,6,4,120.63456,24.156296,3