﻿序號,縣市別代碼,機關代碼,市話,傳真,年,月,日,時,分,縣市,區,死亡數量,受傷數量,2-30,天候,道路照明設備,道路類別,道路速限,道路型態,事故位置,路面鋪裝,路面狀態,路面缺陷,障礙物,視距,號誌種類,號誌動作,分向設施,快車道或一般車道間,快慢車道間,路面邊線,事故類型及型態,受傷程度,主要傷處,保護裝備,行動電話或功能裝置,當事者區分_類別,車輛用途,當事者行動狀態,駕照狀態,駕照種類,飲酒情形,車輛撞擊部位最初,車輛撞擊部位其他,肇事因素個別,肇事因素主要,肇事逃逸,職業,共享經濟或外送平台,GPS座標X,GPS座標Y,事故類別
4124,66000,387130000C,(04)23274275,(04)23288582,2025,06,12,9,15,臺中市,大雅區,0,0,0,7,,,50,,,,,,,,,,,,,,,,,,,B03,,,1,,1,,,84,84,1,13,4,120.650205,24.216446,3
4125,66000,387130000C,(04)23274275,(04)23288582,2025,06,12,9,15,臺中市,烏日區,0,2,0,7,2,6,30,3,1,1,5,4,6,6,4,4,5,4,5,1,17,2,9,1,1,C03,7,1,1,10,2,14,,51,51,1,6,4,120.642819,24.075059,2
4126,66000,387130000C,(04)23274275,(04)23288582,2025,06,12,9,17,臺中市,南屯區,0,0,0,7,,,50,,,,,,,,,,,,,,,,,,,B12,,,1,,2,,,21,21,1,6,4,120.623141,24.145201,3
4127,66000,387130000C,(04)23274275,(04)23288582,2025,06,12,9,24,臺中市,東區,0,0,0,7,,,30,,,,,,,,,,,,,,17,,,,,B03,,,1,,2,,,49,49,1,12,4,120.698816,24.126298,3
4128,66000,387130000C,(04)23274275,(04)23288582,2025,06,12,9,26,臺中市,神岡區,0,0,0,7,,,40,,,,,,,,,,,,,,14,,,,,B12,,,1,,2,,,49,49,1,13,4,120.706747,24.277004,3
4129,66000,387130000C,(04)23274275,(04)23288582,2025,06,12,9,28,臺中市,潭子區,0,0,0,7,,,50,,,,,,,,,,,,,,,,,,,B03,,,1,,2,,,14,14,1,13,4,120.700293,24.208233,3
4130,66000,387130000C,(04)23274275,(04)23288582,2025,06,12,9,28,臺中市,西區,0,1,0,7,2,6,50,4,1,1,5,4,6,6,4,4,10,5,5,2,15,2,9,1,1,C03,7,9,1,10,2,12,,15,15,1,6,4,120.659786,24.155527,2
4131,66000,387130000C,(04)23274275,(04)23288582,2025,06,12,9,29,臺中市,西區,0,0,0,7,,,50,,,,,,,,,,,,,,17,,,,,C03,,,1,,1,,,84,84,1,12,4,120.666698,24.131137,4
4132,66000,387130000C,(04)23274275,(04)23288582,2025,06,12,9,33,臺中市,清水區,0,0,0,7,,,30,,,,,,,,,,,,,,,,,,,B12,,,1,,2,,,49,49,1,12,4,120.643927,24.277535,3
4133,66000,387130000C,(04)23274275,(04)23288582,2025,06,12,9,34,臺中市,潭子區,0,1,0,7,2,6,30,11,9,1,5,4,6,6,4,4,10,5,5,2,28,2,9,2,1,C02,7,5,1,9,2,11,,84,84,1,12,4,120.707385,24.205744,2
4134,66000,387130000C,(04)23274275,(04)23288582,2025,06,12,9,36,臺中市,東區,0,0,0,7,,,40,,,,,,,,,,,,,,12,,,,,C03,,,1,,2,,,84,84,1,13,4,120.696689,24.140277,3
4135,66000,387130000C,(04)23274275,(04)23288582,2025,06,12,9,36,臺中市,南區,0,0,0,7,,,50,,,,,,,,,,,,,,,,,,,B03,,,1,,2,,,11,11,1,6,4,120.657407,24.125094,4
4136,66000,387130000C,(04)23274275,(04)23288582,2025,06,12,9,36,臺中市,南屯區,0,2,0,7,3,6,50,13,9,1,5,4,6,6,1,1,3,2,5,2,12,2,9,1,1,C03,7,9,1,10,2,11,,84,84,1,12,4,120.632782,24.145345,2
4137,66000,387130000C,(04)23274275,(04)23288582,2025,06,12,9,38,臺中市,霧峰區,0,2,0,7,2,6,50,4,1,1,5,4,6,6,3,1,10,5,5,2,17,2,9,5,4,C03,7,9,1,9,2,14,,84,84,1,13,4,120.664204,24.077789,2
4138,66000,387130000C,(04)23274275,(04)23288582,2025,06,12,9,40,臺中市,大里區,0,0,0,7,3,6,50,13,9,1,5,4,5,6,4,4,5,5,5,1,12,,,,,B03,,,1,,2,,,84,84,1,12,4,120.683027,24.092889,3
4139,66000,387130000C,(04)23274275,(04)23288582,2025,06,12,9,44,臺中市,西區,0,0,0,7,,,50,,,,,,,,,,,,,,,,,,,B02,,,1,,2,,,84,84,1,12,4,120.679119,24.13716,3
4140,66000,387130000C,(04)23274275,(04)23288582,2025,06,12,9,45,臺中市,南屯區,0,1,0,7,2,6,50,3,1,1,5,4,6,6,4,4,1,4,5,2,16,3,10,3,1,B03,7,5,1,8,2,5,,14,14,1,12,4,120.646862,24.153999,2
4141,66000,387130000C,(04)23274275,(04)23288582,2025,06,12,9,45,臺中市,霧峰區,0,1,0,7,2,6,50,13,9,1,5,4,6,6,4,4,5,5,5,1,16,3,10,1,1,C03,7,1,1,10,2,12,,51,51,1,12,4,120.71161,24.07474,2
4142,66000,387130000C,(04)23274275,(04)23288582,2025,06,12,9,46,臺中市,北屯區,0,1,0,7,2,6,50,3,1,1,5,4,6,6,4,4,1,4,5,2,18,2,9,1,1,C03,7,9,1,10,1,14,,84,84,1,6,4,120.669129,24.173561,2
4143,66000,387130000C,(04)23274275,(04)23288582,2025,06,12,9,46,臺中市,神岡區,0,1,0,7,2,6,50,3,1,1,5,4,3,6,4,4,10,5,5,2,16,3,10,5,4,B12,7,5,1,8,2,8,,12,12,1,12,4,120.656388,24.272984,2
4144,66000,387130000C,(04)23274275,(04)23288582,2025,06,12,9,52,臺中市,大雅區,0,1,0,6,3,6,0,13,14,1,5,4,6,6,4,4,5,2,4,1,17,2,9,1,1,C03,7,9,1,10,2,12,,39,39,1,12,4,120.650078,24.222145,2
4145,66000,387130000C,(04)23274275,(04)23288582,2025,06,12,9,52,臺中市,后里區,0,0,0,7,3,6,50,13,7,1,5,4,6,6,1,,1,4,4,1,13,3,10,3,1,B03,7,9,3,8,1,8,,84,84,1,6,4,120.722688,24.284926,3
4146,66000,387130000C,(04)23274275,(04)23288582,2025,06,12,9,53,臺中市,南屯區,0,0,0,7,,,50,,,,,,,,,,,,,,13,,,,,C03,,,1,,1,,,7,7,1,12,4,120.646919,24.153614,3
4147,66000,387130000C,(04)23274275,(04)23288582,2025,06,12,9,53,臺中市,南屯區,0,1,0,7,2,9,50,4,1,1,5,4,6,6,2,1,5,5,4,2,13,2,9,2,1,C03,7,9,1,10,1,11,,7,7,1,12,4,120.649773,24.153607,2
4148,66000,387130000C,(04)23274275,(04)23288582,2025,06,12,10,3,臺中市,西屯區,0,2,0,7,2,6,50,3,1,1,5,4,6,6,4,4,4,5,5,2,16,2,9,5,4,C03,7,9,1,10,2,12,,6,6,1,13,4,120.658943,24.165945,2
4149,66000,387130000C,(04)23274275,(04)23288582,2025,06,12,10,3,臺中市,后里區,0,1,0,7,3,6,50,3,2,1,5,4,6,6,4,4,5,5,5,2,13,2,9,1,1,C03,7,9,1,8,2,11,,59,59,1,6,4,120.689816,24.321208,2
4150,66000,387130000C,(04)23274275,(04)23288582,2025,06,12,10,8,臺中市,新社區,0,1,0,7,2,6,30,4,1,1,5,4,6,6,4,4,10,5,5,2,15,2,9,4,4,C03,7,9,1,10,2,12,,15,15,1,13,4,120.818144,24.197517,2
4151,66000,387130000C,(04)23274275,(04)23288582,2025,06,12,10,10,臺中市,北區,0,0,0,7,,,50,,,,,,,,,,,,,,17,,,,,B03,,,1,,1,,,51,51,1,12,4,120.683967,24.154869,3
4152,66000,387130000C,(04)23274275,(04)23288582,2025,06,12,10,10,臺中市,烏日區,0,0,0,7,,,50,,,,,,,,,,,,,,17,,,,,A12,,,1,,2,,,59,59,1,13,4,120.622277,24.107683,3
4153,66000,387130000C,(04)23274275,(04)23288582,2025,06,12,10,14,臺中市,北屯區,0,0,0,7,,,50,,,,,,,,,,,,,,,,,,,B03,,,1,,1,,,49,49,1,12,4,120.696502,24.182848,3
4154,66000,387130000C,(04)23274275,(04)23288582,2025,06,12,10,16,臺中市,太平區,0,0,0,7,,,50,,,,,,,,,,,,,,16,,,,,B12,,,1,,2,,,39,39,1,12,4,120.733528,24.154945,3
4155,66000,387130000C,(04)23274275,(04)23288582,2025,06,12,10,26,臺中市,大里區,0,0,0,7,,,50,,,,,,,,,,,,,,16,,,,,B12,,,1,,2,,,34,34,1,12,4,120.715429,24.094675,3
4156,66000,387130000C,(04)23274275,(04)23288582,2025,06,12,10,29,臺中市,后里區,0,1,0,7,3,6,50,13,9,1,5,4,6,6,4,4,9,5,5,1,17,2,9,1,1,C03,7,9,1,10,2,11,,84,84,1,6,4,120.678045,24.310619,2
4157,66000,387130000C,(04)23274275,(04)23288582,2025,06,12,10,30,臺中市,南區,0,1,0,7,3,6,50,13,8,1,5,4,6,6,4,4,5,4,4,2,12,3,10,3,1,B03,7,13,1,8,2,4,,76,76,1,6,4,120.653917,24.113631,2
4158,66000,387130000C,(04)23274275,(04)23288582,2025,06,12,10,32,臺中市,東區,0,1,0,7,2,6,50,13,9,1,5,4,6,6,4,4,3,4,5,2,18,2,9,1,1,C03,7,9,1,10,2,12,,84,84,1,12,4,120.689183,24.139919,2
4159,66000,387130000C,(04)23274275,(04)23288582,2025,06,12,10,33,臺中市,沙鹿區,0,0,0,7,,,50,,,,,,,,,,,,,,,,,,,D02,,,1,,2,,,40,40,1,10,4,120.615126,24.243139,3
4160,66000,387130000C,(04)23274275,(04)23288582,2025,06,12,10,34,臺中市,后里區,0,0,0,7,,,40,,,,,,,,,,,,,,19,,,,,B03,,,1,,1,,,43,43,1,8,4,120.729717,24.332,3
4161,66000,387130000C,(04)23274275,(04)23288582,2025,06,12,10,36,臺中市,西屯區,0,0,0,7,,,50,,,,,,,,,,,,,,16,,,,,B03,,,1,,1,,,48,48,1,13,4,120.64693,24.168943,4
4162,66000,387130000C,(04)23274275,(04)23288582,2025,06,12,10,40,臺中市,北屯區,0,2,0,7,2,6,50,13,7,1,5,4,6,6,4,4,5,4,4,2,17,2,9,1,1,C03,7,11,1,10,2,11,,39,39,1,6,4,120.685758,24.193567,2
4163,66000,387130000C,(04)23274275,(04)23288582,2025,06,12,10,40,臺中市,后里區,0,0,0,7,,,40,,,,,,,,,,,,,,,,,,,B12,,,1,,1,,,14,14,1,13,4,120.735611,24.300682,3
4164,66000,387130000C,(04)23274275,(04)23288582,2025,06,12,10,51,臺中市,南區,0,1,0,7,2,6,50,4,1,1,5,4,6,6,1,1,5,5,4,2,12,2,9,2,1,C03,7,9,1,10,2,11,,84,84,1,13,4,120.656414,24.126979,2
4165,66000,387130000C,(04)23274275,(04)23288582,2025,06,12,10,51,臺中市,北屯區,0,0,0,7,,,50,,,,,,,,,,,,,,13,,,,,C03,,,1,,1,,,7,7,1,12,4,120.68409,24.193526,3
4166,66000,387130000C,(04)23274275,(04)23288582,2025,06,12,10,53,臺中市,南屯區,0,0,0,7,3,6,50,13,9,1,5,4,6,6,1,1,3,2,5,2,13,,,,,B02,,,1,,1,,,84,84,1,12,4,120.626316,24.148685,3
4167,66000,387130000C,(04)23274275,(04)23288582,2025,06,12,10,53,臺中市,北屯區,0,1,0,7,3,6,50,4,1,1,5,4,6,6,2,1,10,5,5,2,16,2,9,2,1,C03,7,6,1,10,2,14,,48,48,1,6,4,120.679411,24.169816,2
4168,66000,387130000C,(04)23274275,(04)23288582,2025,06,12,10,55,臺中市,潭子區,0,0,0,7,,,40,,,,,,,,,,,,,,,,,,,B03,,,1,,2,,,59,59,1,13,4,120.699443,24.20102,3
4169,66000,387130000C,(04)23274275,(04)23288582,2025,06,12,10,56,臺中市,大里區,0,0,0,7,,,50,,,,,,,,,,,,,,,,,,,B03,,,1,,2,,,1,1,1,12,4,120.725848,24.09223,3
4170,66000,387130000C,(04)23274275,(04)23288582,2025,06,12,11,10,臺中市,潭子區,0,0,0,7,,,50,,,,,,,,,,,,,,,,,,,B03,,,1,,2,,,56,56,1,13,4,120.706031,24.200805,3
4171,66000,387130000C,(04)23274275,(04)23288582,2025,06,12,11,14,臺中市,烏日區,0,0,0,7,,,80,,,,,,,,,,,,,,12,,,,,B02,,,1,,1,,,43,43,1,13,4,120.612816,24.103203,3
4172,66000,387130000C,(04)23274275,(04)23288582,2025,06,12,11,16,臺中市,西屯區,0,0,0,7,,,50,,,,,,,,,,,,,,17,,,,,B01,,,1,,2,,,7,7,1,12,4,120.65263,24.166498,3
4173,66000,387130000C,(04)23274275,(04)23288582,2025,06,12,11,17,臺中市,南屯區,0,1,0,7,2,6,50,13,7,1,5,4,6,6,4,4,5,4,4,2,13,2,7,1,1,C03,7,9,3,19,2,11,,7,7,1,6,4,120.637264,24.137154,2
4174,66000,387130000C,(04)23274275,(04)23288582,2025,06,12,11,18,臺中市,北區,0,1,0,7,2,6,50,3,1,1,5,4,6,6,4,4,5,5,5,2,17,3,10,5,1,B03,7,6,1,8,2,8,,14,14,1,13,4,120.682904,24.154838,2
4175,66000,387130000C,(04)23274275,(04)23288582,2025,06,12,11,19,臺中市,太平區,0,0,0,7,,,50,,,,,,,,,,,,,,14,,,,,B03,,,1,,2,,,49,49,1,13,4,120.714729,24.12623,3
4176,66000,387130000C,(04)23274275,(04)23288582,2025,06,12,11,30,臺中市,東區,0,0,0,7,,,50,,,,,,,,,,,,,,13,,,,,B03,,,1,,1,,,7,7,1,12,4,120.692469,24.149947,3
4177,66000,387130000C,(04)23274275,(04)23288582,2025,06,12,11,32,臺中市,西區,0,1,0,5,1,6,50,5,1,1,4,4,6,6,1,1,10,5,5,1,17,3,10,5,4,B03,7,6,1,8,2,1,,84,84,1,12,4,120.67298,24.150039,2
4178,66000,387130000C,(04)23274275,(04)23288582,2025,06,12,11,36,臺中市,西屯區,0,0,0,7,,,50,,,,,,,,,,,,,,13,,,,,B12,,,1,,1,,,51,51,1,12,4,120.64986,24.192176,3
4179,66000,387130000C,(04)23274275,(04)23288582,2025,06,12,11,36,臺中市,梧棲區,0,1,0,7,3,6,50,4,1,1,5,4,6,6,4,4,10,5,5,2,16,2,9,1,1,C03,7,9,1,10,2,11,,59,59,1,6,4,120.537115,24.243618,2
4180,66000,387130000C,(04)23274275,(04)23288582,2025,06,12,11,37,臺中市,東區,0,0,0,6,,3,80,,,,,,,,,,,,,,,,,,,A12,,,1,,2,,,84,84,1,12,4,120.704184,24.126585,3
4181,66000,387130000C,(04)23274275,(04)23288582,2025,06,12,11,40,臺中市,西屯區,0,1,0,7,2,6,50,4,1,1,5,4,6,6,1,1,10,5,5,2,16,3,10,5,4,B03,7,5,1,8,2,5,,47,47,1,13,4,120.643191,24.195968,2
4182,66000,387130000C,(04)23274275,(04)23288582,2025,06,12,11,40,臺中市,烏日區,0,0,0,7,,,30,,,,,,,,,,,,,,9,,,,,B13,,,1,,1,,,87,87,1,6,4,120.637713,24.108348,3
4183,66000,387130000C,(04)23274275,(04)23288582,2025,06,12,11,40,臺中市,大甲區,0,0,0,7,,,50,,,,,,,,,,,,,,14,,,,,B03,,,1,,1,,,49,49,1,6,4,120.614632,24.352192,3
4184,66000,387130000C,(04)23274275,(04)23288582,2025,06,12,11,48,臺中市,大里區,0,1,0,7,3,6,50,4,14,1,5,4,6,6,1,1,10,5,5,2,14,3,10,3,1,B03,7,2,1,8,2,7,,49,49,1,12,4,120.68057,24.105645,2
4185,66000,387130000C,(04)23274275,(04)23288582,2025,06,12,11,50,臺中市,西屯區,0,0,0,7,2,6,50,13,2,1,5,4,6,6,1,1,1,4,5,2,12,,,,,B03,,,1,8,2,,,87,87,1,12,4,120.656741,24.200811,3
4186,66000,387130000C,(04)23274275,(04)23288582,2025,06,12,11,53,臺中市,太平區,0,1,0,7,2,6,50,4,1,1,5,4,6,6,1,1,10,5,5,2,12,2,5,1,1,C03,7,9,1,10,2,12,,84,84,1,13,4,120.719431,24.131456,2
4187,66000,387130000C,(04)23274275,(04)23288582,2025,06,12,11,54,臺中市,霧峰區,0,1,0,7,3,6,40,11,12,1,5,4,6,6,4,4,3,4,4,1,18,2,8,1,1,C03,7,5,1,10,2,16,,87,87,1,12,4,120.695143,24.059232,2
4188,66000,387130000C,(04)23274275,(04)23288582,2025,06,12,11,55,臺中市,太平區,0,0,0,7,2,6,50,,,,,,,,,,,,,,,,,,,B12,,,1,,2,7,,49,49,1,12,4,120.714891,24.152244,3
4189,66000,387130000C,(04)23274275,(04)23288582,2025,06,12,11,55,臺中市,神岡區,0,1,0,7,2,6,30,3,1,1,5,4,6,6,4,4,10,5,5,2,17,2,9,5,4,C03,7,9,1,10,2,12,,59,59,1,13,4,120.69352,24.267928,2
4190,66000,387130000C,(04)23274275,(04)23288582,2025,06,12,11,56,臺中市,沙鹿區,0,0,0,7,,,50,,,,,,,,,,,,,,,,,,,B03,,,1,,2,,,8,8,1,13,4,120.578575,24.217626,3
4191,66000,387130000C,(04)23274275,(04)23288582,2025,06,12,12,3,臺中市,豐原區,0,1,0,7,2,6,50,4,2,1,5,4,6,6,1,1,5,5,4,2,13,3,10,3,1,B03,7,9,1,8,2,1,,59,59,1,12,4,120.712694,24.247587,2
4192,66000,387130000C,(04)23274275,(04)23288582,2025,06,12,12,6,臺中市,潭子區,0,1,0,6,3,6,50,4,1,1,5,4,6,6,1,1,5,4,4,1,15,2,9,2,1,C03,7,9,3,19,2,14,,21,21,1,13,4,120.706284,24.211548,2
4193,66000,387130000C,(04)23274275,(04)23288582,2025,06,12,12,15,臺中市,北屯區,0,0,0,7,,,50,,,,,,,,,,,,,,17,,,,,B03,,,1,,1,,,58,58,1,6,4,120.665389,24.183542,4
4194,66000,387130000C,(04)23274275,(04)23288582,2025,06,12,12,16,臺中市,北屯區,0,1,0,7,2,6,50,4,2,1,5,4,6,6,2,1,1,4,4,2,13,2,9,1,1,C03,7,9,1,10,2,11,,7,7,1,6,4,120.721811,24.181854,2
4195,66000,387130000C,(04)23274275,(04)23288582,2025,06,12,12,17,臺中市,大雅區,0,1,0,7,3,6,30,13,9,1,5,4,6,6,4,4,10,5,5,2,27,2,8,3,1,B03,7,9,3,19,2,1,,84,84,1,12,4,120.631715,24.205974,2
4196,66000,387130000C,(04)23274275,(04)23288582,2025,06,12,12,17,臺中市,西區,0,0,0,7,,,50,,,,,,,,,,,,,,17,,,,,B03,,,1,,1,,,84,84,1,13,4,120.667028,24.132209,3
4197,66000,387130000C,(04)23274275,(04)23288582,2025,06,12,12,20,臺中市,沙鹿區,0,0,0,7,,,60,,,,,,,,,,,,,,14,,,,,B03,,,1,,9,,,49,49,1,6,4,120.575715,24.226834,3
4198,66000,387130000C,(04)23274275,(04)23288582,2025,06,12,12,21,臺中市,后里區,0,1,0,7,3,6,50,4,1,1,5,4,6,6,1,1,5,5,5,1,16,3,10,3,1,B03,7,6,1,8,2,2,,11,11,1,6,4,120.717663,24.306913,2
4199,66000,387130000C,(04)23274275,(04)23288582,2025,06,12,12,23,臺中市,大雅區,0,1,0,7,3,6,0,13,9,1,5,4,6,6,4,4,10,5,5,1,17,3,10,3,1,B03,7,2,1,8,2,3,,49,49,1,12,4,120.634201,24.219354,2
4200,66000,387130000C,(04)23274275,(04)23288582,2025,06,12,12,25,臺中市,大甲區,0,2,0,7,2,6,50,4,1,1,5,4,6,6,4,4,10,5,5,2,15,2,7,3,1,B12,7,9,1,8,2,1,,15,15,1,6,4,120.614263,24.374533,2
4201,66000,387130000C,(04)23274275,(04)23288582,2025,06,12,12,27,臺中市,西區,0,0,0,7,,,50,,,,,,,,,,,,,,13,,,,,B03,,,1,,1,,,7,7,1,12,4,120.6529,24.147096,3
4202,66000,387130000C,(04)23274275,(04)23288582,2025,06,12,12,28,臺中市,中區,0,1,0,7,2,6,50,3,1,1,5,4,6,6,4,4,10,5,5,2,17,2,9,1,1,C03,7,11,3,19,2,12,,20,20,1,6,4,120.675077,24.142136,2
4203,66000,387130000C,(04)23274275,(04)23288582,2025,06,12,12,28,臺中市,大甲區,0,0,0,7,,,50,,,,,,,,,,,,,,14,,,,,A42,,,1,,1,,,49,49,1,6,4,120.625746,24.342378,3
4204,66000,387130000C,(04)23274275,(04)23288582,2025,06,12,12,29,臺中市,西區,0,0,0,7,,,50,,,,,,,,,,,,,,,,,,,B03,,,1,,1,,,40,40,1,12,4,120.661211,24.159807,3
4205,66000,387130000C,(04)23274275,(04)23288582,2025,06,12,12,30,臺中市,北屯區,0,2,0,7,2,6,30,4,1,1,5,4,6,6,4,4,10,5,5,2,16,2,8,1,1,C03,7,9,1,10,2,11,,12,12,1,6,2,120.673378,24.181451,2
4206,66000,387130000C,(04)23274275,(04)23288582,2025,06,12,12,31,臺中市,中區,0,1,0,5,1,6,50,13,9,1,4,4,6,6,4,4,10,5,5,1,30,2,9,5,4,F01,7,9,7,21,2,12,,84,84,1,12,4,120.680235,24.140406,2
4207,66000,387130000C,(04)23274275,(04)23288582,2025,06,12,12,34,臺中市,北區,0,0,0,7,,,50,,,,,,,,,,,,,,11,,,,,B12,,,1,,1,,,8,8,1,12,4,120.68243,24.158552,3
4208,66000,387130000C,(04)23274275,(04)23288582,2025,06,12,12,34,臺中市,霧峰區,0,0,0,7,,,50,,,,,,,,,,,,,,,,,,,C03,,,1,,2,,,1,1,1,12,4,120.697514,24.062664,3
4209,66000,387130000C,(04)23274275,(04)23288582,2025,06,12,12,44,臺中市,太平區,0,1,0,5,2,6,50,4,1,1,4,4,6,6,1,1,10,5,5,2,16,3,10,3,1,B02,7,5,1,4,2,2,,84,84,1,12,4,120.703068,24.153517,2
4210,66000,387130000C,(04)23274275,(04)23288582,2025,06,12,12,48,臺中市,龍井區,0,0,0,7,,,50,,,,,,,,,,,,,,17,,,,,C03,,,1,,1,,,7,7,1,6,4,120.583255,24.180069,3
4211,66000,387130000C,(04)23274275,(04)23288582,2025,06,12,12,52,臺中市,豐原區,0,0,0,7,2,6,40,13,8,1,5,4,6,6,4,4,5,5,4,2,12,3,10,3,1,B03,7,3,1,8,9,2,,8,8,1,12,4,120.724169,24.247121,3
4212,66000,387130000C,(04)23274275,(04)23288582,2025,06,12,12,59,臺中市,梧棲區,0,0,0,7,,,30,,,,,,,,,,,,,,12,,,,,B03,,,1,,2,,,7,7,1,12,4,120.533794,24.262473,3
4213,66000,387130000C,(04)23274275,(04)23288582,2025,06,12,13,0,臺中市,清水區,0,1,0,7,3,6,60,4,2,1,5,4,6,6,1,1,1,4,5,1,13,3,10,3,1,A31,7,9,1,1,2,1,,7,7,1,12,4,120.536703,24.281205,2
4214,66000,387130000C,(04)23274275,(04)23288582,2025,06,12,13,6,臺中市,太平區,0,0,0,7,,,30,,,,,,,,,,,,,,12,,,,,A12,,,1,,2,,,8,8,1,6,4,120.715974,24.144046,3
4215,66000,387130000C,(04)23274275,(04)23288582,2025,06,12,13,8,臺中市,西區,0,0,0,6,,,50,,,,,,,,,,,,,,17,,,,,B03,,,1,,11,,,87,87,1,13,4,120.670218,24.148315,3
4216,66000,387130000C,(04)23274275,(04)23288582,2025,06,12,13,10,臺中市,北屯區,0,0,0,5,,,50,,,,,,,,,,,,,,12,,,,,B03,,,1,8,1,,,40,40,1,6,4,120.670769,24.175177,3
4217,66000,387130000C,(04)23274275,(04)23288582,2025,06,12,13,15,臺中市,西區,0,2,0,7,2,6,40,13,8,1,5,4,6,6,4,4,1,4,4,2,17,2,8,1,1,C03,7,1,1,10,2,14,,51,51,1,12,4,120.657565,24.145925,2
4218,66000,387130000C,(04)23274275,(04)23288582,2025,06,12,13,18,臺中市,潭子區,0,0,0,7,,,50,,,,,,,,,,,,,,,,,,,B11,,,1,,2,,,8,8,1,13,4,120.705329,24.224945,3
4219,66000,387130000C,(04)23274275,(04)23288582,2025,06,12,13,20,臺中市,西屯區,0,0,0,7,,,0,,,,,,,,,,,,,,14,,,,,B12,,,1,,2,,,49,49,1,13,4,120.651332,24.207975,3
4220,66000,387130000C,(04)23274275,(04)23288582,2025,06,12,13,23,臺中市,南區,0,0,0,5,,,40,,,,,,,,,,,,,,12,,,,,,,,,,,,,85,85,1,,,120.659764,24.119059,3
4221,66000,387130000C,(04)23274275,(04)23288582,2025,06,12,13,25,臺中市,西區,0,0,0,7,,,50,,,,,,,,,,,,,,,,,,,B03,,,1,,2,,,51,51,1,6,4,120.665322,24.130851,3
4222,66000,387130000C,(04)23274275,(04)23288582,2025,06,12,13,25,臺中市,南區,0,0,0,7,,,50,,,,,,,,,,,,,,17,,,,,B03,,,1,,2,,,84,84,1,12,4,120.667192,24.114346,3
4223,66000,387130000C,(04)23274275,(04)23288582,2025,06,12,13,28,臺中市,南屯區,0,0,0,7,,,50,,,,,,,,,,,,,,17,,,,,B03,,,1,,2,,,50,50,1,6,4,120.649698,24.137597,3
4224,66000,387130000C,(04)23274275,(04)23288582,2025,06,12,13,28,臺中市,北屯區,0,1,0,7,2,6,50,3,1,1,5,4,6,6,4,4,10,5,4,2,14,3,10,3,1,B12,7,2,1,10,2,3,,49,49,1,6,4,120.670524,24.184353,2
4225,66000,387130000C,(04)23274275,(04)23288582,2025,06,12,13,29,臺中市,后里區,0,0,0,7,3,6,50,13,14,1,5,4,6,6,4,4,9,5,5,1,17,3,10,3,1,B12,7,7,1,8,2,6,,8,8,1,6,4,120.723466,24.308906,3
4226,66000,387130000C,(04)23274275,(04)23288582,2025,06,12,13,38,臺中市,南屯區,0,0,0,6,,,50,,,,,,,,,,,,,,,,,,,B03,,,1,,1,,,59,59,1,13,4,120.633034,24.157892,3
4227,66000,387130000C,(04)23274275,(04)23288582,2025,06,12,13,40,臺中市,豐原區,0,0,0,7,,,30,,,,,,,,,,,,,,14,,,,,B12,,,1,,1,,,49,49,1,12,4,120.722897,24.26523,3
4228,66000,387130000C,(04)23274275,(04)23288582,2025,06,12,13,45,臺中市,沙鹿區,0,1,0,7,2,6,40,5,8,1,5,4,6,6,1,1,1,3,1,1,12,3,10,3,1,B02,7,5,1,8,2,2,,47,47,1,12,4,120.570052,24.237022,2
4229,66000,387130000C,(04)23274275,(04)23288582,2025,06,12,13,46,臺中市,南區,0,1,0,5,2,6,50,4,1,1,4,4,6,6,4,4,10,5,5,2,15,2,9,1,1,C03,7,9,1,10,2,12,,13,13,1,12,4,120.67615,24.130093,2
4230,66000,387130000C,(04)23274275,(04)23288582,2025,06,12,13,51,臺中市,梧棲區,0,0,0,7,,,30,,,,,,,,,,,,,,14,,,,,B03,,,1,,2,,,49,49,1,6,4,120.540072,24.259331,3
4231,66000,387130000C,(04)23274275,(04)23288582,2025,06,12,13,55,臺中市,南區,0,2,0,7,3,6,50,13,8,1,5,4,6,6,4,4,9,4,4,2,12,3,10,2,1,C03,7,6,1,10,2,12,,20,20,1,6,4,120.661802,24.117007,2
4232,66000,387130000C,(04)23274275,(04)23288582,2025,06,12,13,58,臺中市,大肚區,0,0,0,7,,,50,,,,,,,,,,,,,,13,,,,,B03,,,1,,2,,,7,7,1,6,4,120.579256,24.168972,3
4233,66000,387130000C,(04)23274275,(04)23288582,2025,06,12,14,0,臺中市,南區,0,1,0,5,2,6,40,13,8,1,4,4,6,6,4,4,3,4,4,2,18,2,9,2,1,C03,7,9,1,10,2,14,,84,84,1,13,4,120.655075,24.114755,2
4234,66000,387130000C,(04)23274275,(04)23288582,2025,06,12,14,3,臺中市,西區,0,0,0,5,,,50,,,,,,,,,,,,,,,,,,,B03,,,1,,1,,,84,84,1,12,4,120.657484,24.140678,3
4235,66000,387130000C,(04)23274275,(04)23288582,2025,06,12,14,14,臺中市,龍井區,0,1,0,6,2,6,30,3,1,1,5,4,6,6,4,4,10,5,5,2,14,3,10,3,1,B01,7,2,1,4,2,7,,49,49,1,6,4,120.544717,24.179049,2