﻿序號,縣市別代碼,機關代碼,市話,傳真,年,月,日,時,分,縣市,區,死亡數量,受傷數量,2-30,天候,道路照明設備,道路類別,道路速限,道路型態,事故位置,路面鋪裝,路面狀態,路面缺陷,障礙物,視距,號誌種類,號誌動作,分向設施,快車道或一般車道間,快慢車道間,路面邊線,事故類型及型態,受傷程度,主要傷處,保護裝備,行動電話或功能裝置,當事者區分_類別,車輛用途,當事者行動狀態,駕照狀態,駕照種類,飲酒情形,車輛撞擊部位最初,車輛撞擊部位其他,肇事因素個別,肇事因素主要,肇事逃逸,職業,共享經濟或外送平台,GPS座標X,GPS座標Y,事故類別
4236,66000,387130000C,(04)23274275,(04)23288582,2025,06,12,14,17,臺中市,西區,0,1,0,5,1,6,50,4,1,1,4,4,6,6,1,1,10,5,5,1,17,3,10,3,1,B03,7,14,1,10,2,1,,84,84,1,12,4,120.660199,24.145527,2
4237,66000,387130000C,(04)23274275,(04)23288582,2025,06,12,14,18,臺中市,東區,0,1,0,5,2,6,50,4,1,1,4,4,6,6,2,1,10,5,5,2,18,2,9,1,1,C03,7,9,1,10,2,14,,84,84,1,12,4,120.695208,24.141603,2
4238,66000,387130000C,(04)23274275,(04)23288582,2025,06,12,14,23,臺中市,北屯區,0,0,0,7,,,50,,,,,,,,,,,,,,,,,,,B03,,,1,,1,,,7,7,1,12,4,120.685651,24.201082,3
4239,66000,387130000C,(04)23274275,(04)23288582,2025,06,12,14,26,臺中市,梧棲區,0,1,0,7,2,6,50,3,9,1,5,4,6,6,4,4,9,4,5,2,11,3,10,3,1,B03,7,9,1,8,2,8,,34,34,1,12,4,120.532044,24.26587,2
4240,66000,387130000C,(04)23274275,(04)23288582,2025,06,12,14,29,臺中市,西區,0,0,0,5,,,50,,,,,,,,,,,,,,12,,,,,B03,,,1,,2,,,40,40,1,13,4,120.671247,24.145505,3
4241,66000,387130000C,(04)23274275,(04)23288582,2025,06,12,14,35,臺中市,西區,0,0,0,7,,,50,,,,,,,,,,,,,,17,,,,,B03,,,1,,1,,,20,20,1,12,4,120.651292,24.146749,3
4242,66000,387130000C,(04)23274275,(04)23288582,2025,06,12,14,38,臺中市,沙鹿區,0,1,0,6,3,6,50,3,1,1,5,4,6,6,3,1,10,5,5,1,17,3,10,3,1,B12,7,11,1,8,2,16,,11,11,1,6,4,120.561108,24.206728,2
4243,66000,387130000C,(04)23274275,(04)23288582,2025,06,12,14,40,臺中市,太平區,0,1,0,6,2,6,50,3,1,1,5,4,6,6,1,1,10,5,5,2,17,2,9,5,4,C03,7,9,1,10,2,14,,58,58,1,6,4,120.728617,24.134729,2
4244,66000,387130000C,(04)23274275,(04)23288582,2025,06,12,14,47,臺中市,北區,0,1,0,5,2,6,40,18,24,1,4,4,6,6,1,1,1,4,4,2,17,2,9,5,4,C03,7,15,1,10,2,14,,4,4,1,13,4,120.677484,24.153185,2
4245,66000,387130000C,(04)23274275,(04)23288582,2025,06,12,14,50,臺中市,豐原區,0,0,0,7,,,50,,,,,,,,,,,,,,13,,,,,B03,,,3,,2,,,59,59,1,12,4,120.707486,24.244585,3
4246,66000,387130000C,(04)23274275,(04)23288582,2025,06,12,14,56,臺中市,北屯區,0,0,0,7,,,50,,,,,,,,,,,,,,12,,,,,B03,,,1,,1,,,40,40,1,6,4,120.733552,24.160396,3
4247,66000,387130000C,(04)23274275,(04)23288582,2025,06,12,14,56,臺中市,豐原區,0,0,0,7,,,50,,,,,,,,,,,,,,17,,,,,B03,,,1,,2,,,84,84,1,12,4,120.706601,24.255081,3
4248,66000,387130000C,(04)23274275,(04)23288582,2025,06,12,15,1,臺中市,西屯區,0,0,0,5,,,50,,,,,,,,,,,,,,12,,,,,B12,,,1,,1,,,76,76,1,13,4,120.599719,24.174763,3
4249,66000,387130000C,(04)23274275,(04)23288582,2025,06,12,15,3,臺中市,北區,0,0,0,7,,,50,,,,,,,,,,,,,,,,,,,B03,,,1,,2,,,7,7,1,12,4,120.682656,24.163084,3
4250,66000,387130000C,(04)23274275,(04)23288582,2025,06,12,15,9,臺中市,西區,0,1,0,5,2,6,50,13,9,1,4,4,1,6,4,4,5,5,5,2,18,2,9,1,1,C03,7,9,1,10,2,12,,43,43,1,6,4,120.668668,24.152786,2
4251,66000,387130000C,(04)23274275,(04)23288582,2025,06,12,15,10,臺中市,南屯區,0,0,0,5,,,50,,,,,,,,,,,,,,,,,,,B12,,,1,,1,,,7,7,1,13,4,120.624312,24.14496,3
4252,66000,387130000C,(04)23274275,(04)23288582,2025,06,12,15,10,臺中市,豐原區,0,1,0,6,2,6,60,13,9,1,5,4,6,6,2,1,1,2,4,1,13,3,10,3,1,B03,7,15,1,8,2,1,,84,84,1,12,4,120.720553,24.26416,2
4253,66000,387130000C,(04)23274275,(04)23288582,2025,06,12,15,15,臺中市,北屯區,0,1,0,5,3,6,50,4,1,1,4,4,6,6,2,1,10,5,5,2,18,2,8,4,1,F01,7,5,7,21,2,12,,84,84,1,12,4,120.694093,24.164873,2
4254,66000,387130000C,(04)23274275,(04)23288582,2025,06,12,15,18,臺中市,神岡區,0,1,0,7,2,6,50,3,1,1,5,4,6,6,2,1,5,2,4,2,16,3,10,1,1,C03,7,11,1,10,2,11,,23,23,1,12,4,120.681956,24.247104,2
4255,66000,387130000C,(04)23274275,(04)23288582,2025,06,12,15,19,臺中市,北屯區,0,0,0,5,,,40,,,,,,,,,,,,,,13,,,,,B03,,,1,,1,,,84,84,1,6,4,120.721014,24.17437,3
4256,66000,387130000C,(04)23274275,(04)23288582,2025,06,12,15,20,臺中市,神岡區,0,1,0,7,2,6,40,13,7,1,5,4,6,6,4,4,9,5,4,2,17,3,10,3,1,B12,7,1,1,8,3,8,,51,51,1,12,4,120.656715,24.262559,2
4257,66000,387130000C,(04)23274275,(04)23288582,2025,06,12,15,26,臺中市,潭子區,0,2,0,5,3,6,50,4,1,1,4,4,6,6,1,1,3,4,4,1,17,2,3,1,1,C03,7,6,1,10,2,11,,11,11,1,12,4,120.709016,24.233109,2
4258,66000,387130000C,(04)23274275,(04)23288582,2025,06,12,15,26,臺中市,北區,0,1,0,5,2,6,50,4,1,1,4,4,6,6,4,4,5,5,5,2,15,2,9,1,1,C03,7,9,1,10,2,12,14,15,15,1,13,4,120.677627,24.15819,2
4259,66000,387130000C,(04)23274275,(04)23288582,2025,06,12,15,26,臺中市,東區,0,1,0,5,2,6,50,4,1,1,4,4,6,6,2,1,10,5,5,2,16,3,10,1,1,C03,7,6,1,10,2,11,,11,11,1,12,4,120.711238,24.144433,2
4260,66000,387130000C,(04)23274275,(04)23288582,2025,06,12,15,33,臺中市,大里區,0,1,0,5,3,6,50,3,2,1,4,4,6,6,3,1,5,4,5,1,13,2,1,1,1,C05,7,15,1,10,2,12,,7,7,1,13,4,120.686523,24.121055,2
4261,66000,387130000C,(04)23274275,(04)23288582,2025,06,12,15,34,臺中市,西區,0,1,0,5,1,6,50,4,1,1,4,4,6,6,1,1,10,5,5,1,17,2,9,5,4,C03,7,9,1,10,2,14,,84,84,1,12,4,120.657257,24.150851,2
4262,66000,387130000C,(04)23274275,(04)23288582,2025,06,12,15,36,臺中市,南區,0,0,0,5,,,50,,,,,,,,,,,,,,13,,,,,B03,,,1,,1,,,84,84,1,12,4,120.679399,24.12341,3
4263,66000,387130000C,(04)23274275,(04)23288582,2025,06,12,15,38,臺中市,西區,0,1,0,6,2,6,50,4,1,1,5,4,6,6,1,1,10,5,5,2,13,2,9,1,1,C03,7,9,1,10,2,11,,7,7,1,12,4,120.657105,24.136509,2
4264,66000,387130000C,(04)23274275,(04)23288582,2025,06,12,15,39,臺中市,西屯區,0,0,0,5,,,50,,,,,,,,,,,,,,,,,,,B03,,,1,,1,,,7,7,1,13,4,120.635817,24.171095,3
4265,66000,387130000C,(04)23274275,(04)23288582,2025,06,12,15,40,臺中市,西區,0,1,0,5,2,6,50,5,2,1,4,4,6,6,4,4,10,5,5,1,18,2,9,2,1,C03,7,12,1,10,2,16,,84,84,1,13,4,120.671227,24.146894,2
4266,66000,387130000C,(04)23274275,(04)23288582,2025,06,12,15,40,臺中市,龍井區,0,0,0,7,,,50,,,,,,,,,,,,,,15,,,,,B12,,,1,,2,,,15,15,1,6,4,120.514561,24.222137,3
4267,66000,387130000C,(04)23274275,(04)23288582,2025,06,12,15,43,臺中市,南區,0,0,0,7,,,50,,,,,,,,,,,,,,,,,,,C03,,,1,,1,,,7,7,1,13,4,120.680312,24.129086,3
4268,66000,387130000C,(04)23274275,(04)23288582,2025,06,12,15,45,臺中市,南屯區,0,0,0,7,,,50,,,,,,,,,,,,,,,,,,,B03,,,1,,1,,,8,8,1,12,4,120.628928,24.145016,3
4269,66000,387130000C,(04)23274275,(04)23288582,2025,06,12,15,45,臺中市,太平區,0,1,0,5,2,6,50,3,1,1,4,4,6,6,4,4,10,5,5,2,13,2,7,1,1,C03,7,9,1,10,2,11,14,7,7,1,12,4,120.725251,24.133992,2
4270,66000,387130000C,(04)23274275,(04)23288582,2025,06,12,15,47,臺中市,北區,0,1,0,5,3,6,50,18,9,1,4,4,6,6,1,1,5,5,5,2,17,2,9,1,1,C03,7,6,1,10,2,14,,84,84,1,12,4,120.664731,24.164654,2
4271,66000,387130000C,(04)23274275,(04)23288582,2025,06,12,15,48,臺中市,潭子區,0,0,0,5,,,50,,,,,,,,,,,,,,,,,,,B12,,,1,,1,,,8,8,1,13,4,120.711141,24.213211,3
4272,66000,387130000C,(04)23274275,(04)23288582,2025,06,12,15,48,臺中市,南屯區,0,0,0,5,,,50,,,,,,,,,,,,,,17,,,,,B03,,,1,,1,,,76,76,1,6,4,120.625768,24.148031,3
4273,66000,387130000C,(04)23274275,(04)23288582,2025,06,12,15,50,臺中市,東區,0,0,0,7,1,6,50,4,9,1,5,4,6,6,1,1,5,4,5,2,17,3,10,3,1,B03,7,9,1,8,1,1,,84,84,1,12,4,120.687565,24.143022,3
4274,66000,387130000C,(04)23274275,(04)23288582,2025,06,12,15,50,臺中市,烏日區,0,0,0,7,,,50,,,,,,,,,,,,,,9,,,,,B03,,,1,,2,,,84,84,1,6,4,120.645646,24.109906,3
4275,66000,387130000C,(04)23274275,(04)23288582,2025,06,12,15,50,臺中市,神岡區,0,0,0,7,,,50,,,,,,,,,,,,,,2,,,,,B03,,,1,,1,,,59,59,1,12,4,120.691542,24.247794,3
4276,66000,387130000C,(04)23274275,(04)23288582,2025,06,12,15,54,臺中市,東區,0,1,0,5,2,6,50,5,1,1,4,4,6,6,2,1,10,5,5,2,12,2,9,1,1,C03,7,8,1,10,2,14,,40,40,1,12,4,120.694551,24.142711,2
4277,66000,387130000C,(04)23274275,(04)23288582,2025,06,12,15,54,臺中市,烏日區,0,3,0,5,2,6,40,3,2,1,4,4,6,6,4,4,1,4,5,1,17,2,9,5,4,C03,7,9,3,19,2,12,,84,84,1,13,4,120.588047,24.113156,2
4278,66000,387130000C,(04)23274275,(04)23288582,2025,06,12,16,0,臺中市,潭子區,0,1,0,5,3,6,60,13,14,1,4,4,6,6,4,4,1,4,4,1,17,2,9,2,1,C03,7,9,1,10,2,12,,84,84,1,13,4,120.706253,24.216361,2
4279,66000,387130000C,(04)23274275,(04)23288582,2025,06,12,16,0,臺中市,西屯區,0,0,0,7,,,50,,,,,,,,,,,,,,17,,,,,B03,,,1,,9,,,51,51,1,12,4,120.642905,24.169673,3
4280,66000,387130000C,(04)23274275,(04)23288582,2025,06,12,16,2,臺中市,北屯區,0,1,0,5,2,3,80,13,9,1,4,4,6,6,4,4,1,4,5,1,13,3,10,3,1,B12,7,9,1,8,2,1,,7,7,1,6,4,120.67703,24.200926,2
4281,66000,387130000C,(04)23274275,(04)23288582,2025,06,12,16,4,臺中市,西區,0,1,0,5,2,6,50,4,1,1,4,4,6,6,1,1,10,5,5,2,17,3,10,3,1,B03,7,6,1,8,2,1,,48,48,1,12,4,120.655083,24.140025,2
4282,66000,387130000C,(04)23274275,(04)23288582,2025,06,12,16,7,臺中市,大里區,0,1,0,5,2,6,50,4,1,1,4,4,6,6,1,1,10,5,5,2,17,3,10,3,1,B03,7,1,1,8,2,16,,51,51,1,6,4,120.695917,24.088177,2
4283,66000,387130000C,(04)23274275,(04)23288582,2025,06,12,16,8,臺中市,西屯區,0,0,0,5,,,30,,,,,,,,,,,,,,17,,,,,B01,,,1,,1,,,58,58,1,13,4,120.645416,24.181788,3
4284,66000,387130000C,(04)23274275,(04)23288582,2025,06,12,16,10,臺中市,霧峰區,0,0,0,5,,,40,,,,,,,,,,,,,,,,,,,A12,,,1,,1,,,8,8,1,13,4,120.662944,24.063028,3
4285,66000,387130000C,(04)23274275,(04)23288582,2025,06,12,16,14,臺中市,中區,0,0,0,7,,,50,,,,,,,,,,,,,,,,,,,B03,,,1,,2,,,40,40,1,6,4,120.676938,24.144553,3
4286,66000,387130000C,(04)23274275,(04)23288582,2025,06,12,16,20,臺中市,西屯區,0,1,0,5,2,6,50,13,9,1,4,4,6,6,4,4,1,4,5,2,13,2,9,1,1,C03,7,9,1,10,2,11,,7,7,1,12,4,120.617498,24.185346,2
4287,66000,387130000C,(04)23274275,(04)23288582,2025,06,12,16,21,臺中市,西屯區,0,1,0,5,2,6,50,11,9,1,4,4,6,6,4,4,9,4,5,2,17,2,7,2,4,C03,7,9,1,10,2,11,,68,68,1,12,4,120.59745,24.191535,2
4288,66000,387130000C,(04)23274275,(04)23288582,2025,06,12,16,21,臺中市,太平區,0,0,0,7,,,50,,,,,,,,,,,,,,13,,,,,B03,,,1,,1,,,59,59,1,6,4,120.717735,24.152393,3
4289,66000,387130000C,(04)23274275,(04)23288582,2025,06,12,16,23,臺中市,西屯區,0,1,0,5,2,6,50,3,2,1,4,4,6,6,1,1,5,4,5,2,12,3,10,5,4,B03,7,1,1,8,1,4,,51,51,1,12,4,120.621291,24.185254,2
4290,66000,387130000C,(04)23274275,(04)23288582,2025,06,12,16,25,臺中市,北屯區,0,1,0,7,2,6,50,4,1,1,5,4,6,6,2,1,10,5,5,2,16,3,10,3,1,B03,7,5,1,8,2,2,,47,47,1,12,4,120.690464,24.190526,2
4291,66000,387130000C,(04)23274275,(04)23288582,2025,06,12,16,27,臺中市,西區,0,1,0,6,2,6,50,13,9,1,5,4,6,6,4,4,4,4,5,2,17,2,9,1,1,C03,7,9,1,10,2,11,12,59,59,1,12,4,120.661818,24.142561,2
4292,66000,387130000C,(04)23274275,(04)23288582,2025,06,12,16,32,臺中市,西區,0,0,0,5,,,50,,,,,,,,,,,,,,,,,,,B12,,,1,,1,,,84,84,1,12,4,120.657391,24.15063,3
4293,66000,387130000C,(04)23274275,(04)23288582,2025,06,12,16,32,臺中市,南屯區,0,0,0,7,,,50,,,,,,,,,,,,,,,,,,,C03,,,1,,2,,,50,50,2,13,4,120.647003,24.149733,3
4294,66000,387130000C,(04)23274275,(04)23288582,2025,06,12,16,36,臺中市,西屯區,0,0,0,7,,,50,,,,,,,,,,,,,,12,,,,,B03,,,1,,1,,,59,59,1,13,4,120.640085,24.186784,3
4295,66000,387130000C,(04)23274275,(04)23288582,2025,06,12,16,38,臺中市,東區,0,0,0,5,,,30,,,,,,,,,,,,,,11,,,,,B03,,,5,,2,,,8,8,1,6,4,120.694502,24.124237,3
4296,66000,387130000C,(04)23274275,(04)23288582,2025,06,12,16,40,臺中市,北區,0,0,0,7,,,50,,,,,,,,,,,,,,9,,,,,B03,,,1,,2,,,8,8,1,13,4,120.682996,24.161532,3
4297,66000,387130000C,(04)23274275,(04)23288582,2025,06,12,16,41,臺中市,太平區,0,1,0,6,2,6,50,3,1,1,5,4,6,6,1,1,10,5,5,2,17,3,10,5,4,B03,7,6,1,8,2,1,,11,11,1,6,4,120.708748,24.159116,2
4298,66000,387130000C,(04)23274275,(04)23288582,2025,06,12,16,42,臺中市,大里區,0,0,0,6,,,50,,,,,,,,,,,,,,17,,,,,B03,,,1,,2,,,50,50,1,12,4,120.688203,24.097697,3
4299,66000,387130000C,(04)23274275,(04)23288582,2025,06,12,16,43,臺中市,南屯區,0,0,0,7,,,50,,,,,,,,,,,,,,,,,,,B03,,,1,,1,,,56,56,1,12,4,120.637429,24.150225,3
4300,66000,387130000C,(04)23274275,(04)23288582,2025,06,12,16,48,臺中市,南屯區,0,0,0,5,,,50,,,,,,,,,,,,,,16,,,,,B02,,,1,,1,,,14,14,1,6,4,120.629986,24.156161,3
4301,66000,387130000C,(04)23274275,(04)23288582,2025,06,12,16,50,臺中市,沙鹿區,0,0,0,7,,,50,,,,,,,,,,,,,,11,,,,,B03,,,1,,2,,,4,4,1,12,4,120.565078,24.2291,4
4302,66000,387130000C,(04)23274275,(04)23288582,2025,06,12,16,50,臺中市,大甲區,0,1,0,7,3,6,50,13,9,1,5,4,6,6,4,4,9,5,5,1,27,2,9,5,4,B03,7,9,1,8,2,1,,84,84,1,6,4,120.638376,24.391126,2
4303,66000,387130000C,(04)23274275,(04)23288582,2025,06,12,16,52,臺中市,南屯區,0,1,0,7,2,6,50,13,9,1,5,4,6,6,4,4,9,5,5,2,17,2,9,2,1,C03,7,9,1,10,2,11,,84,84,1,13,4,120.638314,24.147912,2
4304,66000,387130000C,(04)23274275,(04)23288582,2025,06,12,16,55,臺中市,東區,0,1,0,5,3,6,50,4,2,1,4,4,6,6,1,1,5,5,5,2,13,3,10,3,1,B03,7,9,1,8,2,1,,7,7,1,13,4,120.695208,24.141603,2
4305,66000,387130000C,(04)23274275,(04)23288582,2025,06,12,16,55,臺中市,西屯區,0,0,0,5,,,50,,,,,,,,,,,,,,,,,,,B03,,,1,,2,,,8,8,1,13,4,120.639132,24.177197,4
4306,66000,387130000C,(04)23274275,(04)23288582,2025,06,12,16,55,臺中市,大里區,0,0,0,7,,,,,,,,,,,,,,,,,12,,,,,,,,,,,,,86,86,1,,,120.68065,24.115209,3
4307,66000,387130000C,(04)23274275,(04)23288582,2025,06,12,16,56,臺中市,豐原區,0,0,0,7,,,50,,,,,,,,,,,,,,17,,,,,B03,,,1,,2,,,59,59,1,12,4,120.725085,24.245506,3
4308,66000,387130000C,(04)23274275,(04)23288582,2025,06,12,17,0,臺中市,北區,0,0,0,7,,,50,,,,,,,,,,,,,,,,,,,B03,,,1,,1,,,7,7,1,12,4,120.671201,24.162781,3
4309,66000,387130000C,(04)23274275,(04)23288582,2025,06,12,17,0,臺中市,東區,0,0,0,7,1,6,50,4,1,1,5,4,6,6,1,1,10,5,5,2,17,3,10,3,1,B03,7,1,1,8,1,8,,51,51,1,12,4,120.711268,24.144465,3
4310,66000,387130000C,(04)23274275,(04)23288582,2025,06,12,17,0,臺中市,烏日區,0,0,0,7,2,6,50,3,1,1,5,4,6,6,4,4,1,4,5,2,16,3,10,3,1,B02,7,6,1,8,1,5,,14,14,1,6,4,120.647395,24.109997,3
4311,66000,387130000C,(04)23274275,(04)23288582,2025,06,12,17,1,臺中市,大雅區,0,0,0,6,,,50,,,,,,,,,,,,,,,,,,,B03,,,1,,1,,,84,84,1,13,4,120.653374,24.224102,3
4312,66000,387130000C,(04)23274275,(04)23288582,2025,06,12,17,5,臺中市,龍井區,0,1,0,7,3,6,30,4,1,1,5,4,6,6,1,1,10,5,5,2,16,3,10,3,1,B03,7,6,1,8,2,5,,20,20,1,6,4,120.512304,24.208439,2
4313,66000,387130000C,(04)23274275,(04)23288582,2025,06,12,17,8,臺中市,沙鹿區,0,2,0,7,1,6,50,4,1,1,5,4,6,6,4,4,4,4,4,2,16,2,9,1,1,F01,7,6,7,21,1,14,,48,48,1,12,4,120.574086,24.222245,2
4314,66000,387130000C,(04)23274275,(04)23288582,2025,06,12,17,10,臺中市,西屯區,0,0,0,6,,,30,,,,,,,,,,,,,,13,,,,,B03,,,1,,1,,,7,7,1,12,4,120.612707,24.186793,3
4315,66000,387130000C,(04)23274275,(04)23288582,2025,06,12,17,10,臺中市,豐原區,0,1,0,6,2,6,50,13,7,1,5,4,6,6,1,1,5,4,4,2,17,3,10,3,1,B03,7,7,1,8,2,5,,40,40,1,12,4,120.745916,24.262522,2
4316,66000,387130000C,(04)23274275,(04)23288582,2025,06,12,17,11,臺中市,西區,0,1,0,6,2,6,50,4,1,1,5,4,6,6,4,4,10,5,5,2,15,3,10,3,1,B03,7,9,1,8,2,8,1,12,12,1,12,4,120.664534,24.155804,2
4317,66000,387130000C,(04)23274275,(04)23288582,2025,06,12,17,13,臺中市,沙鹿區,0,0,0,6,,,50,,,,,,,,,,,,,,13,,,,,B03,,,1,,2,,,7,7,1,11,4,120.570535,24.217277,3
4318,66000,387130000C,(04)23274275,(04)23288582,2025,06,12,17,16,臺中市,北屯區,0,2,0,7,2,6,50,3,1,1,5,4,6,6,2,1,10,5,5,2,13,2,9,1,1,C03,7,15,1,10,2,13,,45,45,1,6,4,120.709603,24.176009,2
4319,66000,387130000C,(04)23274275,(04)23288582,2025,06,12,17,18,臺中市,大里區,0,0,0,7,2,6,50,13,9,1,5,4,6,6,4,4,9,5,5,2,14,,,,,B12,,,1,,2,,,49,49,1,6,4,120.682784,24.080418,3
4320,66000,387130000C,(04)23274275,(04)23288582,2025,06,12,17,20,臺中市,潭子區,0,2,0,6,2,6,50,3,1,1,5,4,6,6,4,4,5,5,5,1,16,2,8,2,1,C03,7,6,1,10,2,12,,14,14,1,13,4,120.690716,24.233215,2
4321,66000,387130000C,(04)23274275,(04)23288582,2025,06,12,17,20,臺中市,沙鹿區,0,0,0,7,,,40,,,,,,,,,,,,,,12,,,,,C03,,,1,,2,,,48,48,1,12,4,120.554722,24.223235,4
4322,66000,387130000C,(04)23274275,(04)23288582,2025,06,12,17,22,臺中市,西區,0,0,0,7,,,50,,,,,,,,,,,,,,,,,,,B03,,,1,,1,,,8,8,1,12,4,120.670201,24.141629,3
4323,66000,387130000C,(04)23274275,(04)23288582,2025,06,12,17,23,臺中市,龍井區,0,0,0,7,,,50,,,,,,,,,,,,,,12,,,,,B03,,,1,,1,,,8,8,1,6,4,120.583233,24.186999,3
4324,66000,387130000C,(04)23274275,(04)23288582,2025,06,12,17,24,臺中市,烏日區,0,0,0,5,,,50,,,,,,,,,,,,,,17,,,,,C03,,,1,,2,,,51,51,1,13,4,120.64452,24.085056,3
4325,66000,387130000C,(04)23274275,(04)23288582,2025,06,12,17,25,臺中市,西屯區,0,1,0,7,2,6,50,4,1,1,5,4,6,6,2,1,10,5,5,2,16,3,10,5,4,B03,7,6,1,8,2,2,,25,25,1,13,4,120.648203,24.160369,2
4326,66000,387130000C,(04)23274275,(04)23288582,2025,06,12,17,27,臺中市,西屯區,0,0,0,5,,,30,,,,,,,,,,,,,,14,,,,,B03,,,1,,1,,,49,49,1,12,4,120.621995,24.183586,3
4327,66000,387130000C,(04)23274275,(04)23288582,2025,06,12,17,28,臺中市,南屯區,0,1,0,5,1,6,50,4,1,1,4,4,6,6,2,1,1,4,1,2,13,3,10,5,4,B03,7,9,1,6,2,5,,7,7,1,13,4,120.615231,24.147953,2
4328,66000,387130000C,(04)23274275,(04)23288582,2025,06,12,17,30,臺中市,太平區,0,0,0,7,2,6,50,,,,,,,,,,,,,,,,,,,B12,,,1,,9,7,,49,49,2,12,4,120.721828,24.147965,3
4329,66000,387130000C,(04)23274275,(04)23288582,2025,06,12,17,30,臺中市,大甲區,0,1,0,7,2,6,50,3,2,1,5,4,6,6,4,4,5,5,5,1,3,3,10,2,1,C03,7,9,1,10,2,11,,34,34,1,6,4,120.618697,24.351192,2
4330,66000,387130000C,(04)23274275,(04)23288582,2025,06,12,17,34,臺中市,南屯區,0,0,0,7,,,50,,,,,,,,,,,,,,,,,,,B03,,,1,,10,,,49,49,1,12,4,120.625818,24.140633,3
4331,66000,387130000C,(04)23274275,(04)23288582,2025,06,12,17,34,臺中市,北屯區,0,1,0,7,2,6,50,13,9,1,5,4,6,6,2,1,1,4,5,2,13,3,10,3,1,B01,7,9,1,4,2,1,,7,7,1,12,4,120.685489,24.171885,2
4332,66000,387130000C,(04)23274275,(04)23288582,2025,06,12,17,35,臺中市,大雅區,0,2,0,7,3,6,30,4,1,1,5,4,6,6,3,1,10,5,5,2,15,2,8,2,1,C03,7,9,1,10,2,11,,24,24,1,12,4,120.66722,24.239471,2
4333,66000,387130000C,(04)23274275,(04)23288582,2025,06,12,17,35,臺中市,東區,0,0,0,7,,,50,,,,,,,,,,,,,,12,,,,,B12,,,1,,1,,,84,84,1,13,4,120.703727,24.144688,3
4334,66000,387130000C,(04)23274275,(04)23288582,2025,06,12,17,36,臺中市,大雅區,0,0,0,6,,,70,,,,,,,,,,,,,,17,,,,,B03,,,1,,2,,,90,90,1,12,4,120.644809,24.226492,3
4335,66000,387130000C,(04)23274275,(04)23288582,2025,06,12,17,39,臺中市,西區,0,0,0,5,,,50,,,,,,,,,,,,,,17,,,,,C03,,,1,,1,,,40,40,1,13,4,120.661638,24.146198,3
4336,66000,387130000C,(04)23274275,(04)23288582,2025,06,12,17,39,臺中市,北區,0,0,0,6,,,50,,,,,,,,,,,,,,13,,,,,C03,,,1,,1,,,7,7,1,13,4,120.685725,24.155948,3
4337,66000,387130000C,(04)23274275,(04)23288582,2025,06,12,17,40,臺中市,南屯區,0,0,0,5,,,50,,,,,,,,,,,,,,14,,,,,B03,,,1,,1,,,49,49,1,12,4,120.647618,24.134905,4
4338,66000,387130000C,(04)23274275,(04)23288582,2025,06,12,17,43,臺中市,南區,0,0,0,5,,,30,,,,,,,,,,,,,,13,,,,,B03,,,1,,1,,,7,7,1,6,4,120.671781,24.116649,3
4339,66000,387130000C,(04)23274275,(04)23288582,2025,06,12,17,48,臺中市,大里區,0,0,0,5,,,50,,,,,,,,,,,,,,17,,,,,C03,,,1,,1,,,7,7,1,12,4,120.678123,24.10405,3
4340,66000,387130000C,(04)23274275,(04)23288582,2025,06,12,17,49,臺中市,南屯區,0,0,0,5,,,50,,,,,,,,,,,,,,,,,,,C03,,,1,,1,,,59,59,1,13,4,120.6148,24.145995,3
4341,66000,387130000C,(04)23274275,(04)23288582,2025,06,12,17,50,臺中市,太平區,0,1,0,6,2,6,50,13,24,1,5,4,6,6,4,4,5,5,4,1,13,3,10,2,1,C03,7,9,1,10,1,11,,7,7,1,6,4,120.726203,24.149712,2
4342,66000,387130000C,(04)23274275,(04)23288582,2025,06,12,17,52,臺中市,西區,0,0,0,5,,,50,,,,,,,,,,,,,,,,,,,A11,,,1,,2,,,84,84,1,12,4,120.655225,24.155943,3
4343,66000,387130000C,(04)23274275,(04)23288582,2025,06,12,17,57,臺中市,太平區,0,0,0,5,2,6,40,,,,,,,,,,,,,,,,,,,C03,,,1,,2,13,,48,48,1,12,4,120.707007,24.12889,3
4344,66000,387130000C,(04)23274275,(04)23288582,2025,06,12,17,58,臺中市,大里區,0,1,0,5,3,6,50,3,2,1,4,4,6,6,4,4,5,5,5,1,16,3,10,3,1,B03,7,6,1,8,2,4,,48,48,1,13,4,120.685642,24.100675,2
4345,66000,387130000C,(04)23274275,(04)23288582,2025,06,12,17,58,臺中市,梧棲區,0,0,0,7,,,50,,,,,,,,,,,,,,17,,,,,B03,,,1,,2,,,50,50,1,6,4,120.534667,24.259193,3
4346,66000,387130000C,(04)23274275,(04)23288582,2025,06,12,18,0,臺中市,東區,0,1,0,5,3,6,40,3,2,1,4,4,6,6,4,4,9,5,4,2,17,2,8,2,1,C03,7,9,1,10,1,11,,59,59,1,13,4,120.698781,24.144834,2