﻿序號,縣市別代碼,機關代碼,市話,傳真,年,月,日,時,分,縣市,區,死亡數量,受傷數量,2-30,天候,道路照明設備,道路類別,道路速限,道路型態,事故位置,路面鋪裝,路面狀態,路面缺陷,障礙物,視距,號誌種類,號誌動作,分向設施,快車道或一般車道間,快慢車道間,路面邊線,事故類型及型態,受傷程度,主要傷處,保護裝備,行動電話或功能裝置,當事者區分_類別,車輛用途,當事者行動狀態,駕照狀態,駕照種類,飲酒情形,車輛撞擊部位最初,車輛撞擊部位其他,肇事因素個別,肇事因素主要,肇事逃逸,職業,共享經濟或外送平台,GPS座標X,GPS座標Y,事故類別
4457,66000,387130000C,(04)23274275,(04)23288582,2025,06,12,21,38,臺中市,北區,0,0,0,5,,,50,,,,,,,,,,,,,,17,,,,,B12,,,1,,1,,,84,84,1,13,4,120.68666,24.166614,3
4458,66000,387130000C,(04)23274275,(04)23288582,2025,06,12,21,38,臺中市,神岡區,0,0,0,5,,,50,,,,,,,,,,,,,,12,,,,,B03,,,1,,1,,,8,8,1,12,4,120.683525,24.24967,3
4459,66000,387130000C,(04)23274275,(04)23288582,2025,06,12,21,40,臺中市,西區,0,0,0,6,,,50,,,,,,,,,,,,,,,,,,,B02,,,1,8,1,,,84,84,1,13,4,120.66151,24.145635,3
4460,66000,387130000C,(04)23274275,(04)23288582,2025,06,12,21,45,臺中市,神岡區,0,0,0,5,,,30,,,,,,,,,,,,,,17,,,,,A11,,,1,,2,,,8,8,1,12,4,120.688188,24.239775,3
4461,66000,387130000C,(04)23274275,(04)23288582,2025,06,12,21,46,臺中市,西屯區,0,1,0,5,1,6,50,3,1,1,4,4,6,6,4,4,10,5,5,1,17,3,10,3,1,B03,7,5,1,8,2,16,,12,12,1,12,4,120.647365,24.169389,2
4462,66000,387130000C,(04)23274275,(04)23288582,2025,06,12,21,52,臺中市,北區,0,1,0,5,1,6,50,4,1,1,4,4,6,6,1,1,10,5,5,2,17,2,9,1,1,C03,7,9,1,10,2,14,,84,84,1,12,4,120.668242,24.156407,2
4463,66000,387130000C,(04)23274275,(04)23288582,2025,06,12,21,52,臺中市,清水區,0,0,0,5,,,60,,,,,,,,,,,,,,,,,,,B12,,,1,,2,,,68,68,1,12,4,120.551262,24.291182,3
4464,66000,387130000C,(04)23274275,(04)23288582,2025,06,12,21,53,臺中市,東區,0,0,0,5,,,50,,,,,,,,,,,,,,12,,,,,B03,,,1,,1,,,40,40,1,12,4,120.690009,24.137917,3
4465,66000,387130000C,(04)23274275,(04)23288582,2025,06,12,21,55,臺中市,北屯區,0,1,0,7,1,6,50,13,8,1,4,4,6,6,4,4,5,4,4,2,12,3,10,1,1,C03,7,9,1,10,2,14,,7,7,1,12,4,120.699399,24.164974,2
4466,66000,387130000C,(04)23274275,(04)23288582,2025,06,12,21,56,臺中市,太平區,0,0,0,5,,,40,,,,,,,,,,,,,,14,,,,,B03,,,1,,1,,,49,49,1,12,4,120.724209,24.15647,3
4467,66000,387130000C,(04)23274275,(04)23288582,2025,06,12,22,5,臺中市,北屯區,0,1,0,6,1,6,50,4,1,1,4,4,6,6,1,1,10,5,5,2,13,2,9,1,1,C03,7,9,1,10,2,11,,84,84,1,12,4,120.699571,24.16042,2
4468,66000,387130000C,(04)23274275,(04)23288582,2025,06,12,22,19,臺中市,南屯區,0,1,0,6,1,6,50,13,9,1,5,4,6,6,1,1,5,4,5,2,12,3,10,3,1,B03,7,6,1,8,2,5,,7,7,1,12,4,120.65302,24.139642,2
4469,66000,387130000C,(04)23274275,(04)23288582,2025,06,12,22,30,臺中市,西屯區,0,0,0,5,,,50,,,,,,,,,,,,,,12,,,,,B03,,,1,,1,,,8,8,1,13,4,120.640939,24.170539,3
4470,66000,387130000C,(04)23274275,(04)23288582,2025,06,12,22,36,臺中市,北屯區,0,1,0,5,1,6,40,13,8,1,4,4,6,6,4,4,1,4,4,2,13,3,10,2,1,C03,7,5,1,10,2,11,,84,84,1,6,4,120.670471,24.176095,2
4471,66000,387130000C,(04)23274275,(04)23288582,2025,06,12,22,42,臺中市,中區,0,0,0,7,,,50,,,,,,,,,,,,,,,,,,,B01,,,1,,1,,,40,40,1,12,4,120.683292,24.142007,3
4472,66000,387130000C,(04)23274275,(04)23288582,2025,06,12,23,6,臺中市,西區,0,0,0,5,,,50,,,,,,,,,,,,,,17,,,,,C03,,,1,,2,,,45,45,1,12,4,120.661639,24.143401,3
4473,66000,387130000C,(04)23274275,(04)23288582,2025,06,12,23,7,臺中市,大里區,0,2,0,7,1,6,50,13,9,1,5,4,6,6,4,4,9,4,5,1,12,2,9,2,1,C03,7,5,1,10,2,13,,47,47,1,12,4,120.677751,24.115238,2
4474,66000,387130000C,(04)23274275,(04)23288582,2025,06,12,23,29,臺中市,北屯區,0,0,0,7,,,50,,,,,,,,,,,,,,30,,,,,B03,,,1,,2,,,26,26,1,12,4,120.699551,24.160481,3
4475,66000,387130000C,(04)23274275,(04)23288582,2025,06,12,23,45,臺中市,北屯區,0,1,0,7,1,6,50,4,1,1,5,4,6,6,2,1,1,4,5,2,15,3,10,2,1,C03,7,9,1,10,2,11,,21,21,1,12,4,120.66065,24.191436,2
4476,66000,387130000C,(04)23274275,(04)23288582,2025,06,13,0,18,臺中市,北區,0,0,0,7,1,6,50,13,8,1,5,4,6,6,4,4,5,4,4,2,17,,,,,,,,,,,,,84,84,1,,,120.675539,24.163659,3
4477,66000,387130000C,(04)23274275,(04)23288582,2025,06,13,0,24,臺中市,大里區,0,0,0,7,,,50,,,,,,,,,,,,,,17,,,,,B03,,,1,,2,,,43,43,1,12,4,120.708733,24.086189,3
4478,66000,387130000C,(04)23274275,(04)23288582,2025,06,13,0,44,臺中市,西區,0,0,0,6,1,6,50,4,1,1,5,4,6,6,1,1,10,5,5,2,23,,,,,B03,,,1,,2,,,84,84,1,13,4,120.673367,24.147592,3
4479,66000,387130000C,(04)23274275,(04)23288582,2025,06,13,0,47,臺中市,南區,0,0,0,7,,,50,,,,,,,,,,,,,,9,,,,,,,,,,,,,118,118,1,,,120.681904,24.129546,3
4480,66000,387130000C,(04)23274275,(04)23288582,2025,06,13,1,20,臺中市,龍井區,0,0,0,7,,,30,,,,,,,,,,,,,,,,,,,C03,,,1,,11,,,87,87,1,5,4,120.592082,24.182255,3
4481,66000,387130000C,(04)23274275,(04)23288582,2025,06,13,1,31,臺中市,潭子區,0,1,0,7,1,6,50,13,9,1,5,4,6,6,4,4,5,4,5,1,28,,,,,,,,,,,,,118,118,1,,,120.724055,24.221126,2
4482,66000,387130000C,(04)23274275,(04)23288582,2025,06,13,1,44,臺中市,中區,0,0,0,6,,,40,,,,,,,,,,,,,,17,,,,,H01,,,7,,10,,,109,109,1,12,4,120.674435,24.143255,3
4483,66000,387130000C,(04)23274275,(04)23288582,2025,06,13,2,21,臺中市,北區,0,0,0,7,,,50,,,,,,,,,,,,,,17,,,,,B01,,,1,,1,,,59,59,1,12,4,120.678332,24.152611,3
4484,66000,387130000C,(04)23274275,(04)23288582,2025,06,13,2,30,臺中市,東區,0,0,0,7,,,50,,,,,,,,,,,,,,14,,,,,B02,,,1,,1,,,49,49,1,12,4,120.706224,24.144323,3
4485,66000,387130000C,(04)23274275,(04)23288582,2025,06,13,2,40,臺中市,太平區,0,3,0,7,3,6,50,4,1,1,5,4,6,6,4,4,10,5,5,2,15,2,8,1,1,F03,7,9,7,21,2,14,,12,12,1,12,4,120.728539,24.155185,2
4486,66000,387130000C,(04)23274275,(04)23288582,2025,06,13,2,47,臺中市,南區,0,0,0,7,,,50,,,,,,,,,,,,,,17,,,,,B03,,,2,,2,,,84,84,1,13,4,120.675026,24.132129,3
4487,66000,387130000C,(04)23274275,(04)23288582,2025,06,13,3,3,臺中市,清水區,0,1,0,7,3,6,40,11,9,1,5,4,6,6,4,4,1,4,4,2,17,2,9,2,1,C03,7,9,3,19,2,11,,84,84,1,12,4,120.577273,24.273695,2
4488,66000,387130000C,(04)23274275,(04)23288582,2025,06,13,5,19,臺中市,石岡區,0,0,0,7,,,70,,,,,,,,,,,,,,,,,,,A11,,,1,,1,,,59,59,1,12,4,120.773702,24.274666,3
4489,66000,387130000C,(04)23274275,(04)23288582,2025,06,13,6,34,臺中市,外埔區,0,0,0,7,,,50,,,,,,,,,,,,,,12,,,,,B12,,,1,,2,,,8,8,1,12,4,120.638317,24.341841,3
4490,66000,387130000C,(04)23274275,(04)23288582,2025,06,13,6,35,臺中市,東區,0,0,0,7,,,50,,,,,,,,,,,,,,13,,,,,B02,,,1,,1,,,84,84,1,12,4,120.692789,24.138868,3
4491,66000,387130000C,(04)23274275,(04)23288582,2025,06,13,6,55,臺中市,西屯區,0,1,0,7,2,6,50,4,1,1,5,4,6,6,2,1,10,5,5,2,12,3,10,3,4,A04,7,9,1,2,2,2,,8,8,1,12,4,120.65182,24.20652,2
4492,66000,387130000C,(04)23274275,(04)23288582,2025,06,13,6,57,臺中市,石岡區,0,0,0,7,,,50,,,,,,,,,,,,,,,,,,,B03,,,1,,1,,,40,40,1,12,4,120.780991,24.286005,3
4493,66000,387130000C,(04)23274275,(04)23288582,2025,06,13,7,2,臺中市,梧棲區,0,0,0,7,,,50,,,,,,,,,,,,,,13,,,,,B03,,,1,,2,,,55,55,1,12,4,120.536061,24.249967,3
4494,66000,387130000C,(04)23274275,(04)23288582,2025,06,13,7,10,臺中市,沙鹿區,0,0,0,6,,,50,,,,,,,,,,,,,,,,,,,B03,,,1,,1,,,59,59,1,13,4,120.614821,24.243426,3
4495,66000,387130000C,(04)23274275,(04)23288582,2025,06,13,7,10,臺中市,大甲區,0,0,0,7,,,50,,,,,,,,,,,,,,,,,,,B03,,,1,,1,,,84,84,1,6,4,120.651156,24.381249,3
4496,66000,387130000C,(04)23274275,(04)23288582,2025,06,13,7,11,臺中市,豐原區,0,2,0,6,2,6,50,3,1,1,5,4,6,6,4,4,5,5,4,2,12,2,9,5,4,C03,7,9,1,10,2,15,,1,1,1,13,4,120.724131,24.24413,2
4497,66000,387130000C,(04)23274275,(04)23288582,2025,06,13,7,14,臺中市,太平區,0,1,0,5,2,6,50,4,1,1,4,4,6,6,4,4,10,5,5,2,16,2,9,1,1,C03,7,6,1,10,2,12,,14,14,1,12,4,120.712305,24.125109,2
4498,66000,387130000C,(04)23274275,(04)23288582,2025,06,13,7,17,臺中市,西屯區,0,0,0,7,,,40,,,,,,,,,,,,,,17,,,,,,,,,,,,,87,87,1,,,120.664409,24.181763,3
4499,66000,387130000C,(04)23274275,(04)23288582,2025,06,13,7,19,臺中市,北屯區,0,2,0,7,2,6,50,3,7,1,5,4,6,6,4,4,5,4,4,2,17,2,8,1,1,C03,7,15,1,10,2,14,,13,13,1,6,4,120.690469,24.177583,2
4500,66000,387130000C,(04)23274275,(04)23288582,2025,06,13,7,20,臺中市,西屯區,0,0,0,5,,,50,,,,,,,,,,,,,,13,,,,,C03,,,1,,2,,,7,7,1,13,4,120.657617,24.163366,3
4501,66000,387130000C,(04)23274275,(04)23288582,2025,06,13,7,20,臺中市,太平區,0,0,0,5,,,50,,,,,,,,,,,,,,13,,,,,B03,,,1,,2,,,8,8,1,12,4,120.710678,24.140807,3
4502,66000,387130000C,(04)23274275,(04)23288582,2025,06,13,7,23,臺中市,南屯區,0,2,0,5,3,6,50,13,9,1,4,4,6,6,4,4,5,4,5,2,13,2,8,2,4,C03,7,9,1,10,2,11,,7,7,1,6,4,120.616669,24.153878,2
4503,66000,387130000C,(04)23274275,(04)23288582,2025,06,13,7,23,臺中市,北屯區,0,1,0,5,2,6,50,4,1,1,4,4,6,6,2,1,10,5,5,2,16,3,10,4,1,F01,7,11,7,21,2,14,,45,45,1,2,1,120.682064,24.194064,2
4504,66000,387130000C,(04)23274275,(04)23288582,2025,06,13,7,25,臺中市,北區,0,0,0,5,,,30,,,,,,,,,,,,,,30,,,,,B03,,,1,,2,,,50,50,1,13,4,120.688637,24.166806,3
4505,66000,387130000C,(04)23274275,(04)23288582,2025,06,13,7,26,臺中市,北屯區,0,3,0,5,3,6,50,4,1,1,4,4,6,6,1,1,10,5,5,2,16,3,10,3,1,B03,7,5,1,8,2,8,,20,20,1,12,4,120.720527,24.159079,2
4506,66000,387130000C,(04)23274275,(04)23288582,2025,06,13,7,29,臺中市,潭子區,0,0,0,5,,,40,,,,,,,,,,,,,,9,,,,,B03,,,1,,2,,,85,85,1,12,4,120.717835,24.194358,3
4507,66000,387130000C,(04)23274275,(04)23288582,2025,06,13,7,30,臺中市,南屯區,0,0,0,5,3,6,60,13,7,1,4,4,6,6,4,4,3,4,2,2,13,,,,,B12,,,5,,1,,,84,84,1,12,4,120.585281,24.166767,3
4508,66000,387130000C,(04)23274275,(04)23288582,2025,06,13,7,30,臺中市,西屯區,0,2,0,5,2,6,40,13,8,1,4,4,6,6,1,1,1,4,1,2,17,2,7,2,1,C03,7,1,1,10,2,12,,51,51,1,12,4,120.613517,24.172724,2
4509,66000,387130000C,(04)23274275,(04)23288582,2025,06,13,7,30,臺中市,西屯區,0,1,0,5,2,6,40,3,1,1,4,4,6,6,4,4,10,4,5,2,16,3,10,5,4,B03,7,5,1,8,1,2,,84,84,1,12,4,120.637493,24.170552,2
4510,66000,387130000C,(04)23274275,(04)23288582,2025,06,13,7,30,臺中市,大安區,0,0,0,7,,,50,,,,,,,,,,,,,,,,,,,B03,,,1,,2,,,51,51,1,6,4,120.568877,24.340209,3
4511,66000,387130000C,(04)23274275,(04)23288582,2025,06,13,7,30,臺中市,神岡區,0,1,0,6,2,6,30,13,9,1,5,4,6,6,4,4,10,5,5,2,13,2,9,2,1,C03,7,9,1,10,2,11,,7,7,1,6,4,120.701655,24.254057,2
4512,66000,387130000C,(04)23274275,(04)23288582,2025,06,13,7,33,臺中市,南屯區,0,1,0,7,2,6,50,4,2,1,4,4,6,6,2,1,1,2,1,2,13,3,10,3,1,B03,7,9,1,8,2,1,,7,7,1,12,4,120.623418,24.144814,2
4513,66000,387130000C,(04)23274275,(04)23288582,2025,06,13,7,35,臺中市,大里區,0,1,0,5,3,6,50,4,1,1,4,4,6,6,4,4,5,4,5,1,15,2,9,5,4,C03,7,9,1,10,2,13,,15,15,1,13,4,120.697184,24.101397,2
4514,66000,387130000C,(04)23274275,(04)23288582,2025,06,13,7,35,臺中市,龍井區,0,0,0,5,,,50,,,,,,,,,,,,,,13,,,,,B03,,,1,,2,,,7,7,1,6,4,120.582607,24.178712,3
4515,66000,387130000C,(04)23274275,(04)23288582,2025,06,13,7,36,臺中市,東區,0,3,0,5,3,6,50,4,9,1,4,4,6,6,2,1,5,5,5,2,17,2,9,5,4,C03,7,15,1,10,2,12,,84,84,1,6,4,120.692483,24.147958,2
4516,66000,387130000C,(04)23274275,(04)23288582,2025,06,13,7,38,臺中市,潭子區,0,2,0,5,3,6,50,5,1,1,4,4,6,6,1,1,5,5,5,2,17,2,9,2,1,C03,7,9,1,10,2,12,,7,7,1,13,4,120.686647,24.210283,2
4517,66000,387130000C,(04)23274275,(04)23288582,2025,06,13,7,38,臺中市,太平區,0,2,0,5,2,6,50,13,9,1,4,4,6,6,4,4,5,5,5,1,17,2,9,2,1,C03,7,11,1,10,2,14,,39,39,1,12,4,120.703016,24.111275,2
4518,66000,387130000C,(04)23274275,(04)23288582,2025,06,13,7,39,臺中市,清水區,0,0,0,5,,,30,,,,,,,,,,,,,,14,,,,,A12,,,1,,2,,,49,49,1,6,4,120.557259,24.264928,3
4519,66000,387130000C,(04)23274275,(04)23288582,2025,06,13,7,41,臺中市,中區,0,0,0,7,,,50,,,,,,,,,,,,,,17,,,,,B03,,,1,,1,,,40,40,1,12,4,120.681309,24.146355,3
4520,66000,387130000C,(04)23274275,(04)23288582,2025,06,13,7,41,臺中市,北區,0,1,0,5,2,6,50,13,9,1,4,4,6,6,4,4,5,4,5,2,17,2,8,6,1,F01,7,9,7,21,1,11,,84,84,1,12,4,120.678724,24.155574,2
4521,66000,387130000C,(04)23274275,(04)23288582,2025,06,13,7,41,臺中市,北區,0,1,0,5,2,6,50,3,1,1,4,4,6,6,1,1,3,4,5,2,18,2,9,5,1,C03,7,9,1,10,2,12,,84,84,1,13,4,120.694446,24.158399,2
4522,66000,387130000C,(04)23274275,(04)23288582,2025,06,13,7,41,臺中市,北屯區,0,0,0,5,,,50,,,,,,,,,,,,,,13,,,,,B03,,,1,,1,,,59,59,1,13,4,120.684784,24.177718,3
4523,66000,387130000C,(04)23274275,(04)23288582,2025,06,13,7,43,臺中市,太平區,0,2,0,5,2,6,50,3,1,1,4,4,6,6,4,4,10,5,5,2,16,2,9,2,1,C03,7,6,1,10,2,11,,14,14,1,12,4,120.722665,24.103778,2
4524,66000,387130000C,(04)23274275,(04)23288582,2025,06,13,7,44,臺中市,霧峰區,0,1,0,7,2,6,50,3,1,1,5,4,6,6,3,1,10,5,5,2,15,3,10,3,1,B03,7,1,1,8,2,1,,51,51,1,12,4,120.702072,24.071057,2
4525,66000,387130000C,(04)23274275,(04)23288582,2025,06,13,7,44,臺中市,沙鹿區,0,1,0,5,1,6,40,13,14,1,4,4,6,6,4,4,1,4,4,1,17,2,9,2,1,C03,7,7,1,10,2,12,,7,7,1,13,4,120.583054,24.249926,2
4526,66000,387130000C,(04)23274275,(04)23288582,2025,06,13,7,45,臺中市,北屯區,0,1,0,5,2,6,50,13,9,1,4,4,6,6,4,4,1,3,5,2,17,,,,,,,21,,,,,,86,86,2,,,120.701607,24.16474,2
4527,66000,387130000C,(04)23274275,(04)23288582,2025,06,13,7,45,臺中市,霧峰區,0,0,0,5,,,50,,,,,,,,,,,,,,13,,,,,B03,,,1,,1,,,7,7,1,12,4,120.693972,24.059219,3
4528,66000,387130000C,(04)23274275,(04)23288582,2025,06,13,7,45,臺中市,烏日區,0,1,0,5,2,6,50,3,1,1,4,4,6,6,3,1,10,5,5,2,17,3,10,5,4,B03,7,6,1,8,2,8,,59,59,1,13,4,120.6367,24.110762,2
4529,66000,387130000C,(04)23274275,(04)23288582,2025,06,13,7,45,臺中市,烏日區,0,1,0,5,2,6,50,3,1,1,4,4,6,6,2,1,5,4,4,2,16,3,10,3,1,B03,7,11,1,8,2,2,,11,11,1,6,4,120.634745,24.105193,2
4530,66000,387130000C,(04)23274275,(04)23288582,2025,06,13,7,45,臺中市,豐原區,0,1,0,5,2,6,40,3,1,1,4,4,6,6,4,4,5,5,5,1,16,3,10,5,4,B03,7,6,1,8,2,1,,14,14,1,6,4,120.724423,24.227406,2
4531,66000,387130000C,(04)23274275,(04)23288582,2025,06,13,7,46,臺中市,大雅區,0,1,0,5,3,6,30,3,2,1,4,4,6,6,4,4,5,5,5,2,17,3,10,3,1,B03,7,5,1,8,2,8,,14,14,1,12,4,120.628161,24.22833,2
4532,66000,387130000C,(04)23274275,(04)23288582,2025,06,13,7,46,臺中市,龍井區,0,0,0,5,,,60,,,,,,,,,,,,,,14,,,,,B03,,,1,,9,,,78,78,1,6,4,120.5734,24.188494,3
4533,66000,387130000C,(04)23274275,(04)23288582,2025,06,13,7,47,臺中市,霧峰區,0,1,0,5,3,6,30,4,1,1,4,4,6,6,4,4,10,5,5,2,16,3,10,3,1,B03,7,9,1,8,2,4,,65,65,1,12,4,120.694999,24.043177,2
4534,66000,387130000C,(04)23274275,(04)23288582,2025,06,13,7,47,臺中市,豐原區,0,0,0,5,2,6,50,13,2,1,4,4,6,6,4,4,5,4,5,1,14,3,10,3,1,B03,7,2,1,8,2,3,,49,49,1,12,4,120.724306,24.2279,3
4535,66000,387130000C,(04)23274275,(04)23288582,2025,06,13,7,48,臺中市,大雅區,0,0,0,5,,,30,,,,,,,,,,,,,,,,,,,B03,,,1,,1,,,21,21,1,13,4,120.64899,24.217339,3
4536,66000,387130000C,(04)23274275,(04)23288582,2025,06,13,7,48,臺中市,西屯區,0,1,0,5,3,6,50,3,1,1,4,4,6,6,4,4,1,4,4,2,13,2,9,5,4,C03,7,9,1,10,2,11,,7,7,1,12,4,120.659994,24.174734,2
4537,66000,387130000C,(04)23274275,(04)23288582,2025,06,13,7,49,臺中市,西屯區,0,0,0,5,,,50,,,,,,,,,,,,,,16,,,,,B03,,,1,,2,,,51,51,1,12,4,120.609208,24.185423,3
4538,66000,387130000C,(04)23274275,(04)23288582,2025,06,13,7,50,臺中市,大甲區,0,1,0,5,2,6,70,13,8,1,4,4,6,6,4,4,1,4,4,1,13,2,9,2,1,C03,7,9,1,10,2,11,,7,7,1,6,4,120.634853,24.361664,2
4539,66000,387130000C,(04)23274275,(04)23288582,2025,06,13,7,51,臺中市,西屯區,0,0,0,5,,,50,,,,,,,,,,,,,,15,,,,,C03,,,1,,1,,,51,51,1,13,4,120.613517,24.172724,3
4540,66000,387130000C,(04)23274275,(04)23288582,2025,06,13,7,52,臺中市,南屯區,0,0,0,5,,,50,,,,,,,,,,,,,,13,,,,,B03,,,1,,1,,,7,7,1,6,4,120.612056,24.136938,3
4541,66000,387130000C,(04)23274275,(04)23288582,2025,06,13,7,52,臺中市,西屯區,0,1,0,5,2,6,30,3,1,1,4,4,6,6,4,4,10,4,5,2,16,3,10,5,4,B03,7,8,1,8,2,3,,20,20,1,12,4,120.629456,24.163991,2
4542,66000,387130000C,(04)23274275,(04)23288582,2025,06,13,7,52,臺中市,太平區,0,2,0,5,2,6,50,3,1,1,4,4,6,6,4,4,10,5,5,2,16,2,8,2,1,C03,7,6,1,10,2,11,,14,14,1,12,4,120.731745,24.113598,2
4543,66000,387130000C,(04)23274275,(04)23288582,2025,06,13,7,53,臺中市,太平區,0,0,0,5,2,6,50,,,,,,,,,,,,,,,,,,,B03,,,1,,2,5,,84,84,1,12,4,120.709622,24.154445,3
4544,66000,387130000C,(04)23274275,(04)23288582,2025,06,13,7,55,臺中市,大里區,0,0,0,5,,,50,,,,,,,,,,,,,,,,,,,C03,,,1,,2,,,84,84,1,12,4,120.695705,24.099801,3
4545,66000,387130000C,(04)23274275,(04)23288582,2025,06,13,7,56,臺中市,霧峰區,0,0,0,7,,,50,,,,,,,,,,,,,,,,,,,B03,,,1,,1,,,84,84,1,13,4,120.697446,24.069109,3
4546,66000,387130000C,(04)23274275,(04)23288582,2025,06,13,7,56,臺中市,大里區,0,0,0,5,,,50,,,,,,,,,,,,,,12,,,,,B03,,,1,,2,,,8,8,1,13,4,120.687655,24.115405,3
4547,66000,387130000C,(04)23274275,(04)23288582,2025,06,13,7,57,臺中市,豐原區,0,1,0,7,2,6,50,4,9,1,5,4,6,6,4,4,5,5,4,2,17,3,10,5,4,C03,7,1,1,10,2,16,,51,51,1,13,4,120.715771,24.249093,2
4548,66000,387130000C,(04)23274275,(04)23288582,2025,06,13,8,0,臺中市,南屯區,0,1,0,5,2,6,50,4,2,1,4,4,6,6,2,1,5,2,5,2,18,2,9,2,1,C03,7,9,1,10,2,16,,59,59,1,6,4,120.649956,24.134835,2
4549,66000,387130000C,(04)23274275,(04)23288582,2025,06,13,8,0,臺中市,西屯區,0,0,0,5,3,6,30,13,9,1,4,4,6,6,4,4,10,5,5,2,11,,,,,B03,,,1,,2,,,8,8,1,12,4,120.617848,24.195697,3
4550,66000,387130000C,(04)23274275,(04)23288582,2025,06,13,8,1,臺中市,南區,0,1,0,5,3,6,30,3,2,1,4,4,6,6,4,4,10,5,5,2,17,2,9,1,1,C03,7,9,1,10,2,14,,84,84,1,12,4,120.656935,24.122917,2
4551,66000,387130000C,(04)23274275,(04)23288582,2025,06,13,8,2,臺中市,潭子區,0,0,0,5,,,60,,,,,,,,,,,,,,,,,,,B03,,,1,,2,,,7,7,1,13,4,120.70342,24.19983,3
4552,66000,387130000C,(04)23274275,(04)23288582,2025,06,13,8,3,臺中市,大雅區,0,0,0,5,,,50,,,,,,,,,,,,,,,,,,,B03,,,1,,1,,,11,11,1,12,4,120.62993,24.20982,3
4553,66000,387130000C,(04)23274275,(04)23288582,2025,06,13,8,3,臺中市,南區,0,1,0,5,2,6,50,3,1,1,4,4,6,6,1,1,10,5,5,2,16,3,10,3,1,B12,7,5,1,8,2,5,,11,11,1,12,4,120.659724,24.118757,2
4554,66000,387130000C,(04)23274275,(04)23288582,2025,06,13,8,3,臺中市,西屯區,0,1,0,5,2,6,50,13,9,1,4,4,6,6,4,4,10,4,5,2,18,2,9,2,1,C03,7,9,1,10,2,12,,84,84,1,12,4,120.594001,24.165385,2
4555,66000,387130000C,(04)23274275,(04)23288582,2025,06,13,8,5,臺中市,西屯區,0,0,0,5,,,50,,,,,,,,,,,,,,13,,,,,B03,,,1,,1,,,7,7,1,13,4,120.636073,24.171003,3
4556,66000,387130000C,(04)23274275,(04)23288582,2025,06,13,8,7,臺中市,龍井區,0,0,0,5,,,40,,,,,,,,,,,,,,,,,,,B03,,,1,,2,,,49,49,1,6,4,120.543304,24.17594,3
4557,66000,387130000C,(04)23274275,(04)23288582,2025,06,13,8,9,臺中市,大雅區,0,1,0,5,3,6,60,3,1,2,4,4,6,5,1,1,10,5,5,2,17,3,10,2,1,C03,7,6,1,10,2,13,,23,23,1,12,4,120.636817,24.234859,2
4558,66000,387130000C,(04)23274275,(04)23288582,2025,06,13,8,9,臺中市,北屯區,0,1,0,5,2,6,50,3,1,1,4,4,6,6,2,1,10,5,5,2,17,3,10,1,1,C03,7,9,1,10,9,16,,21,21,1,12,4,120.676394,24.176982,2
4559,66000,387130000C,(04)23274275,(04)23288582,2025,06,13,8,9,臺中市,太平區,0,0,0,5,2,6,50,4,2,1,4,4,6,6,1,1,5,2,5,2,17,3,10,5,4,B03,7,5,1,8,5,5,2,84,84,1,12,4,120.705371,24.148458,3
4560,66000,387130000C,(04)23274275,(04)23288582,2025,06,13,8,10,臺中市,南屯區,0,1,0,5,3,6,50,13,9,1,4,4,6,6,1,1,5,2,5,2,18,2,9,1,1,C03,7,9,1,10,2,12,,59,59,1,12,4,120.640383,24.146897,2
4561,66000,387130000C,(04)23274275,(04)23288582,2025,06,13,8,10,臺中市,西屯區,0,1,0,5,2,6,50,13,9,1,4,4,6,6,4,4,1,4,5,2,13,2,9,2,1,C03,7,9,1,10,2,12,,37,37,1,13,4,120.653327,24.167679,2
4562,66000,387130000C,(04)23274275,(04)23288582,2025,06,13,8,12,臺中市,北區,0,0,0,5,,,50,,,,,,,,,,,,,,17,,,,,B03,,,1,,1,,,78,78,1,13,4,120.6874,24.149465,3
4563,66000,387130000C,(04)23274275,(04)23288582,2025,06,13,8,12,臺中市,北屯區,0,0,0,5,,,50,,,,,,,,,,,,,,17,,,,,B03,,,3,,11,,,84,84,1,12,4,120.692124,24.180168,3
4564,66000,387130000C,(04)23274275,(04)23288582,2025,06,13,8,13,臺中市,西屯區,0,0,0,5,,,50,,,,,,,,,,,,,,13,,,,,C03,,,1,,1,,,7,7,1,12,4,120.637023,24.172144,3
4565,66000,387130000C,(04)23274275,(04)23288582,2025,06,13,8,13,臺中市,太平區,0,0,0,5,,,50,,,,,,,,,,,,,,14,,,,,B03,,,1,,2,,,78,78,1,12,4,120.7139,24.145009,3
4566,66000,387130000C,(04)23274275,(04)23288582,2025,06,13,8,13,臺中市,神岡區,0,0,0,5,,,30,,,,,,,,,,,,,,17,,,,,B03,,,1,,2,,,84,84,1,6,4,120.680051,24.244793,3
4567,66000,387130000C,(04)23274275,(04)23288582,2025,06,13,8,15,臺中市,北屯區,0,1,0,5,2,6,50,3,1,1,4,4,6,6,4,4,10,5,5,2,16,2,7,1,1,C03,7,6,1,10,2,12,,14,14,1,12,4,120.689115,24.181142,2
4568,66000,387130000C,(04)23274275,(04)23288582,2025,06,13,8,17,臺中市,北區,0,1,0,5,2,6,50,13,9,1,4,4,6,6,4,4,9,5,5,2,16,3,10,3,1,B03,7,6,1,8,2,8,,48,48,1,12,4,120.680491,24.153338,2