﻿序號,縣市別代碼,機關代碼,市話,傳真,年,月,日,時,分,縣市,區,死亡數量,受傷數量,2-30,天候,道路照明設備,道路類別,道路速限,道路型態,事故位置,路面鋪裝,路面狀態,路面缺陷,障礙物,視距,號誌種類,號誌動作,分向設施,快車道或一般車道間,快慢車道間,路面邊線,事故類型及型態,受傷程度,主要傷處,保護裝備,行動電話或功能裝置,當事者區分_類別,車輛用途,當事者行動狀態,駕照狀態,駕照種類,飲酒情形,車輛撞擊部位最初,車輛撞擊部位其他,肇事因素個別,肇事因素主要,肇事逃逸,職業,共享經濟或外送平台,GPS座標X,GPS座標Y,事故類別
4569,66000,387130000C,(04)23274275,(04)23288582,2025,06,13,8,20,臺中市,烏日區,0,0,0,5,,,40,,,,,,,,,,,,,,13,,,,,C03,,,1,,2,,,7,7,1,13,4,120.650414,24.093803,3
4570,66000,387130000C,(04)23274275,(04)23288582,2025,06,13,8,22,臺中市,太平區,0,1,0,5,2,6,50,4,1,1,4,4,6,6,4,4,10,5,5,2,9,2,9,2,1,C03,7,9,1,10,2,16,,84,84,1,12,4,120.71601,24.141736,2
4571,66000,387130000C,(04)23274275,(04)23288582,2025,06,13,8,24,臺中市,西屯區,0,1,0,5,3,6,50,4,1,1,4,4,6,6,1,1,5,4,4,2,16,3,10,2,4,C03,7,5,1,10,2,13,,47,47,1,12,4,120.646886,24.173162,2
4572,66000,387130000C,(04)23274275,(04)23288582,2025,06,13,8,24,臺中市,清水區,0,0,0,5,,,70,,,,,,,,,,,,,,13,,,,,B03,,,1,,2,,,59,59,1,13,4,120.552866,24.294021,3
4573,66000,387130000C,(04)23274275,(04)23288582,2025,06,13,8,27,臺中市,豐原區,0,2,0,7,2,6,50,13,7,1,5,4,6,6,4,4,5,5,4,2,12,3,10,5,4,B03,7,8,1,8,2,8,,42,42,1,12,4,120.724183,24.244415,2
4574,66000,387130000C,(04)23274275,(04)23288582,2025,06,13,8,28,臺中市,西屯區,0,0,0,5,,,30,,,,,,,,,,,,,,17,,,,,B03,,,1,,1,,,8,8,1,13,4,120.641594,24.172254,3
4575,66000,387130000C,(04)23274275,(04)23288582,2025,06,13,8,28,臺中市,西屯區,0,1,0,5,2,6,50,13,9,1,4,4,6,6,4,4,1,4,5,2,17,2,9,2,1,C03,7,8,1,10,2,11,,59,59,1,12,4,120.654038,24.167953,2
4576,66000,387130000C,(04)23274275,(04)23288582,2025,06,13,8,30,臺中市,西屯區,0,1,0,5,2,6,50,13,9,1,4,4,6,6,1,1,5,5,5,2,18,2,9,2,1,C03,7,6,1,10,2,14,,59,59,1,12,4,120.648482,24.182062,2
4577,66000,387130000C,(04)23274275,(04)23288582,2025,06,13,8,30,臺中市,烏日區,0,0,0,5,,,30,,,,,,,,,,,,,,16,,,,,B02,,,1,,2,,,12,12,1,6,4,120.644957,24.073211,3
4578,66000,387130000C,(04)23274275,(04)23288582,2025,06,13,8,33,臺中市,后里區,0,1,0,5,2,6,30,4,2,1,4,4,6,6,4,4,10,5,5,2,18,2,9,1,1,C03,7,6,1,10,2,12,,59,59,1,12,4,120.663783,24.323039,2
4579,66000,387130000C,(04)23274275,(04)23288582,2025,06,13,8,34,臺中市,北屯區,0,2,0,5,3,6,30,4,1,1,4,4,6,6,4,4,10,5,5,2,15,2,8,1,1,C03,7,9,1,10,2,11,,15,15,1,12,4,120.665227,24.178811,2
4580,66000,387130000C,(04)23274275,(04)23288582,2025,06,13,8,35,臺中市,西屯區,0,1,0,5,2,6,50,5,1,1,4,4,6,6,2,1,10,5,5,2,12,3,10,3,1,B03,7,5,1,8,2,6,,84,84,1,12,4,120.619299,24.16845,2
4581,66000,387130000C,(04)23274275,(04)23288582,2025,06,13,8,35,臺中市,烏日區,0,0,0,5,,,50,,,,,,,,,,,,,,14,,,,,B12,,,1,,1,,,49,49,1,13,4,120.618349,24.105511,3
4582,66000,387130000C,(04)23274275,(04)23288582,2025,06,13,8,37,臺中市,太平區,0,1,0,5,2,6,30,11,9,1,4,4,6,6,4,4,10,5,5,2,17,2,9,1,1,C03,7,9,1,10,2,14,,84,84,1,12,4,120.748696,24.122806,2
4583,66000,387130000C,(04)23274275,(04)23288582,2025,06,13,8,40,臺中市,北屯區,0,0,0,5,,,50,,,,,,,,,,,,,,12,,,,,B03,,,1,,1,,,84,84,1,6,4,120.693224,24.168119,3
4584,66000,387130000C,(04)23274275,(04)23288582,2025,06,13,8,41,臺中市,北區,0,0,0,5,,,50,,,,,,,,,,,,,,17,,,,,B03,,,1,,1,,,59,59,1,13,4,120.680889,24.157592,3
4585,66000,387130000C,(04)23274275,(04)23288582,2025,06,13,8,43,臺中市,北區,0,1,0,5,2,6,50,4,1,1,4,4,6,6,1,1,5,4,5,2,17,3,10,5,1,B03,7,5,1,8,2,2,,47,47,1,13,4,120.668167,24.173221,2
4586,66000,387130000C,(04)23274275,(04)23288582,2025,06,13,8,45,臺中市,北屯區,0,0,0,5,,,50,,,,,,,,,,,,,,13,,,,,B03,,,1,,1,,,59,59,1,13,4,120.719263,24.162542,3
4587,66000,387130000C,(04)23274275,(04)23288582,2025,06,13,8,47,臺中市,東區,0,1,0,5,3,6,50,13,9,1,4,4,6,6,4,4,5,5,5,2,18,2,9,2,1,C03,7,9,1,10,1,15,,84,84,1,6,4,120.688323,24.135687,2
4588,66000,387130000C,(04)23274275,(04)23288582,2025,06,13,8,47,臺中市,大里區,0,1,0,5,3,6,60,13,8,1,4,4,6,6,4,4,1,4,4,2,18,2,9,1,1,C03,7,9,1,10,2,12,,84,84,1,12,4,120.669674,24.103723,2
4589,66000,387130000C,(04)23274275,(04)23288582,2025,06,13,8,49,臺中市,西屯區,0,1,0,5,2,6,40,13,8,1,4,4,6,6,4,4,1,4,4,2,18,2,9,5,4,C03,7,9,1,10,2,14,,59,59,1,12,4,120.601052,24.18277,2
4590,66000,387130000C,(04)23274275,(04)23288582,2025,06,13,8,50,臺中市,后里區,0,0,0,5,,,70,,,,,,,,,,,,,,13,3,10,3,1,B12,7,9,1,8,1,1,,7,7,1,13,4,120.722341,24.303049,3
4591,66000,387130000C,(04)23274275,(04)23288582,2025,06,13,8,51,臺中市,北區,0,0,0,5,,,50,,,,,,,,,,,,,,13,,,,,B03,,,1,,1,,,59,59,1,13,4,120.690003,24.152656,3
4592,66000,387130000C,(04)23274275,(04)23288582,2025,06,13,8,54,臺中市,西區,0,1,0,5,2,6,50,13,8,1,4,4,6,6,4,4,1,4,4,2,17,2,8,1,1,C03,7,15,1,10,2,11,,43,43,1,12,4,120.660019,24.14023,2
4593,66000,387130000C,(04)23274275,(04)23288582,2025,06,13,8,54,臺中市,北屯區,0,0,0,5,,,50,,,,,,,,,,,,,,12,,,,,B03,,,1,,2,,,84,84,1,12,4,120.685665,24.167125,3
4594,66000,387130000C,(04)23274275,(04)23288582,2025,06,13,8,55,臺中市,北屯區,0,2,0,5,2,6,50,13,9,1,4,4,6,6,4,4,1,4,5,2,12,2,8,1,1,C03,7,9,1,10,2,14,,85,85,1,6,4,120.694027,24.171628,2
4595,66000,387130000C,(04)23274275,(04)23288582,2025,06,13,8,55,臺中市,大里區,0,1,0,5,2,6,50,4,1,1,4,4,6,6,1,1,10,5,5,2,16,3,10,3,1,B03,7,6,1,8,2,4,,48,48,1,12,4,120.71364,24.094248,2
4596,66000,387130000C,(04)23274275,(04)23288582,2025,06,13,8,55,臺中市,大肚區,0,1,0,5,2,6,50,11,9,1,4,4,6,6,4,4,4,5,5,2,18,2,9,2,1,C03,7,5,1,10,2,14,,84,84,1,5,4,120.561187,24.154871,2
4597,66000,387130000C,(04)23274275,(04)23288582,2025,06,13,9,1,臺中市,南屯區,0,0,0,5,,,50,,,,,,,,,,,,,,12,,,,,B03,,,1,,1,,,84,84,1,12,4,120.64748,24.155607,3
4598,66000,387130000C,(04)23274275,(04)23288582,2025,06,13,9,1,臺中市,西屯區,0,1,0,5,3,6,50,4,1,1,4,4,6,6,1,1,5,4,5,2,13,2,9,2,4,C03,7,9,1,10,2,11,,7,7,1,12,4,120.642535,24.164224,2
4599,66000,387130000C,(04)23274275,(04)23288582,2025,06,13,9,2,臺中市,豐原區,0,1,0,5,2,6,50,3,2,1,4,4,6,6,2,1,5,5,4,1,17,3,10,3,1,B03,7,6,1,8,2,4,,84,84,1,12,4,120.727976,24.24482,2
4600,66000,387130000C,(04)23274275,(04)23288582,2025,06,13,9,4,臺中市,西屯區,0,0,0,5,,,50,,,,,,,,,,,,,,13,,,,,C03,,,1,,1,,,7,7,1,13,4,120.641188,24.168281,3
4601,66000,387130000C,(04)23274275,(04)23288582,2025,06,13,9,10,臺中市,大里區,0,1,0,5,3,6,50,3,1,1,4,4,6,6,4,4,10,5,5,2,11,3,10,5,4,B03,7,9,1,8,2,4,,8,8,1,13,4,120.664618,24.097992,2
4602,66000,387130000C,(04)23274275,(04)23288582,2025,06,13,9,15,臺中市,豐原區,0,0,0,5,,,50,,,,,,,,,,,,,,15,,,,,B12,,,1,,2,,,84,84,1,13,4,120.725224,24.251434,3
4603,66000,387130000C,(04)23274275,(04)23288582,2025,06,13,9,17,臺中市,北屯區,0,1,0,5,2,6,50,5,1,1,4,4,6,6,2,1,10,5,5,2,16,3,10,3,1,B03,7,9,1,8,2,4,,21,21,1,6,4,120.69497,24.177748,2
4604,66000,387130000C,(04)23274275,(04)23288582,2025,06,13,9,18,臺中市,霧峰區,0,1,0,5,3,6,50,3,1,1,4,4,6,6,1,1,10,5,5,2,16,3,10,3,1,B12,7,5,1,8,2,2,,65,65,1,12,4,120.702752,24.070345,2
4605,66000,387130000C,(04)23274275,(04)23288582,2025,06,13,9,19,臺中市,南屯區,0,2,0,5,2,6,50,4,1,1,4,4,6,6,1,1,5,5,5,2,16,2,8,2,1,C03,7,6,1,9,2,11,,11,11,1,6,4,120.611003,24.145837,2
4606,66000,387130000C,(04)23274275,(04)23288582,2025,06,13,9,21,臺中市,北屯區,0,0,0,5,,,50,,,,,,,,,,,,,,12,,,,,C03,,,1,,9,,,8,8,2,12,4,120.671349,24.174075,3
4607,66000,387130000C,(04)23274275,(04)23288582,2025,06,13,9,25,臺中市,石岡區,0,0,0,5,,,70,,,,,,,,,,,,,,,,,,,B03,,,1,,1,,,40,40,1,12,4,120.791553,24.272782,3
4608,66000,387130000C,(04)23274275,(04)23288582,2025,06,13,9,29,臺中市,北屯區,0,0,0,5,,,50,,,,,,,,,,,,,,11,,,,,B03,,,1,,1,,,8,8,1,12,4,120.670968,24.175013,3
4609,66000,387130000C,(04)23274275,(04)23288582,2025,06,13,9,34,臺中市,大雅區,0,1,0,5,3,6,0,18,24,5,4,4,6,6,4,4,10,5,5,1,17,3,10,3,1,B03,7,2,1,8,2,3,,49,49,1,12,4,120.654611,24.234328,2
4610,66000,387130000C,(04)23274275,(04)23288582,2025,06,13,9,34,臺中市,太平區,0,0,0,5,,,50,,,,,,,,,,,,,,17,,,,,C03,,,1,,1,,,39,39,1,12,4,120.707105,24.118326,3
4611,66000,387130000C,(04)23274275,(04)23288582,2025,06,13,9,36,臺中市,西區,0,0,0,5,,,30,,,,,,,,,,,,,,,,,,,B03,,,1,,1,,,49,49,1,6,4,120.663573,24.148333,3
4612,66000,387130000C,(04)23274275,(04)23288582,2025,06,13,9,41,臺中市,中區,0,2,0,5,2,6,50,4,2,1,4,4,6,6,2,1,5,5,5,2,17,2,9,2,1,C03,7,9,1,10,2,14,12,84,84,1,12,4,120.676064,24.141299,2
4613,66000,387130000C,(04)23274275,(04)23288582,2025,06,13,9,42,臺中市,沙鹿區,0,0,0,5,,,50,,,,,,,,,,,,,,,,,,,B03,,,1,,2,,,39,39,1,13,4,120.564974,24.249537,3
4614,66000,387130000C,(04)23274275,(04)23288582,2025,06,13,9,44,臺中市,西區,0,1,0,7,2,6,50,4,1,1,4,4,6,6,1,1,10,5,5,2,17,2,9,1,1,C03,7,9,1,10,2,11,,7,7,1,12,4,120.665287,24.150867,2
4615,66000,387130000C,(04)23274275,(04)23288582,2025,06,13,9,44,臺中市,大里區,0,1,0,5,2,6,50,4,1,1,4,4,6,6,1,1,10,5,5,2,16,2,8,1,1,C03,7,9,1,10,1,14,,84,84,1,12,4,120.695668,24.096539,2
4616,66000,387130000C,(04)23274275,(04)23288582,2025,06,13,9,45,臺中市,北屯區,0,0,0,5,,,50,,,,,,,,,,,,,,13,,,,,B03,,,1,,1,,,59,59,1,6,4,120.680147,24.188885,3
4617,66000,387130000C,(04)23274275,(04)23288582,2025,06,13,9,48,臺中市,西屯區,0,0,0,5,,,80,,,,,,,,,,,,,,13,,,,,B12,,,1,,2,,,7,7,1,13,4,120.634948,24.179291,3
4618,66000,387130000C,(04)23274275,(04)23288582,2025,06,13,9,50,臺中市,太平區,0,0,0,5,,,80,,,,,,,,,,,,,,17,,,,,B03,,,1,,1,,,84,84,1,6,4,120.717375,24.157743,3
4619,66000,387130000C,(04)23274275,(04)23288582,2025,06,13,9,55,臺中市,北屯區,0,1,0,5,2,6,50,3,1,1,4,4,6,6,2,1,10,5,5,2,16,3,10,3,1,B01,7,5,1,4,1,5,,84,84,1,6,4,120.698786,24.170272,2
4620,66000,387130000C,(04)23274275,(04)23288582,2025,06,13,9,55,臺中市,大甲區,0,1,0,5,3,6,50,13,9,1,4,4,6,6,4,4,5,5,4,1,18,2,9,5,4,C03,7,9,1,10,2,12,,84,84,1,6,4,120.6272,24.340344,2
4621,66000,387130000C,(04)23274275,(04)23288582,2025,06,13,9,56,臺中市,西屯區,0,0,0,5,,,50,,,,,,,,,,,,,,12,,,,,C03,,,1,,1,,,8,8,1,12,4,120.638539,24.181993,3
4622,66000,387130000C,(04)23274275,(04)23288582,2025,06,13,10,0,臺中市,東區,0,0,0,5,,,30,,,,,,,,,,,,,,17,,,,,C03,,,1,,2,,,48,48,1,12,4,120.703752,24.126579,3
4623,66000,387130000C,(04)23274275,(04)23288582,2025,06,13,10,0,臺中市,西屯區,0,0,0,5,,,50,,,,,,,,,,,,,,,,,,,B03,,,1,,1,,,8,8,1,12,4,120.639132,24.177197,4
4624,66000,387130000C,(04)23274275,(04)23288582,2025,06,13,10,2,臺中市,北區,0,1,0,5,2,6,50,4,1,1,4,4,6,6,1,1,5,4,5,2,17,3,10,5,1,B03,7,6,1,8,2,8,,11,11,1,13,4,120.667555,24.166819,2
4625,66000,387130000C,(04)23274275,(04)23288582,2025,06,13,10,6,臺中市,潭子區,0,1,0,5,3,6,50,4,1,1,4,4,6,6,1,1,5,4,4,2,15,2,9,2,1,C03,7,9,1,10,2,12,,21,21,1,13,4,120.707179,24.210329,2
4626,66000,387130000C,(04)23274275,(04)23288582,2025,06,13,10,8,臺中市,西屯區,0,1,0,5,3,6,50,4,1,1,4,4,6,6,1,1,5,4,5,2,17,3,10,5,4,A11,7,5,1,3,1,16,,47,47,1,12,4,120.636604,24.171412,2
4627,66000,387130000C,(04)23274275,(04)23288582,2025,06,13,10,12,臺中市,西屯區,0,0,0,5,,,30,,,,,,,,,,,,,,10,,,,,C03,,,1,,2,,,4,4,1,13,4,120.645855,24.159445,3
4628,66000,387130000C,(04)23274275,(04)23288582,2025,06,13,10,16,臺中市,大雅區,0,1,0,5,3,6,40,4,2,1,4,4,6,6,4,4,5,2,4,1,17,2,9,1,1,C03,7,9,1,10,2,14,,85,85,1,12,4,120.644172,24.209163,2
4629,66000,387130000C,(04)23274275,(04)23288582,2025,06,13,10,17,臺中市,南屯區,0,0,0,5,,,50,,,,,,,,,,,,,,14,,,,,B12,,,1,,1,,,49,49,1,6,4,120.650162,24.129985,3
4630,66000,387130000C,(04)23274275,(04)23288582,2025,06,13,10,19,臺中市,新社區,0,1,0,5,2,6,50,4,1,1,4,4,6,6,1,1,10,5,5,1,17,3,10,5,4,B12,7,5,1,8,9,6,,47,47,1,13,4,120.807421,24.242326,2
4631,66000,387130000C,(04)23274275,(04)23288582,2025,06,13,10,30,臺中市,北屯區,0,0,0,5,,,80,,,,,,,,,,,,,,13,,,,,B03,,,1,,1,,,7,7,1,6,4,120.717899,24.159624,3
4632,66000,387130000C,(04)23274275,(04)23288582,2025,06,13,10,32,臺中市,南屯區,0,0,0,5,3,6,50,13,9,1,4,4,6,6,4,4,3,4,5,2,12,,,,,B03,,,1,,2,,,77,77,1,12,4,120.639417,24.142066,3
4633,66000,387130000C,(04)23274275,(04)23288582,2025,06,13,10,32,臺中市,太平區,0,0,0,5,2,6,50,,,,,,,,,,,,,,,,,,,B03,,,1,,1,1,,84,84,1,12,4,120.718542,24.158433,3
4634,66000,387130000C,(04)23274275,(04)23288582,2025,06,13,10,34,臺中市,西區,0,1,0,5,2,6,50,3,1,1,4,4,6,6,1,1,10,5,5,2,13,2,8,2,1,C03,7,6,1,10,2,12,,65,65,1,12,4,120.669806,24.146727,2
4635,66000,387130000C,(04)23274275,(04)23288582,2025,06,13,10,36,臺中市,北屯區,0,0,0,5,,,50,,,,,,,,,,,,,,30,,,,,A11,,,1,,1,,,49,49,1,12,4,120.721047,24.167736,3
4636,66000,387130000C,(04)23274275,(04)23288582,2025,06,13,10,40,臺中市,霧峰區,0,1,0,5,3,6,30,13,9,1,4,4,6,6,4,4,10,5,5,1,18,2,9,1,1,C03,7,9,1,10,2,16,,84,84,1,12,4,120.664944,24.063601,2
4637,66000,387130000C,(04)23274275,(04)23288582,2025,06,13,10,41,臺中市,北區,0,0,0,5,,,50,,,,,,,,,,,,,,17,,,,,B12,,,1,,1,,,51,51,1,13,4,120.671934,24.163333,3
4638,66000,387130000C,(04)23274275,(04)23288582,2025,06,13,10,41,臺中市,西屯區,0,0,0,5,,,50,,,,,,,,,,,,,,15,,,,,B03,,,1,,1,,,21,21,1,12,4,120.642607,24.190738,3
4639,66000,387130000C,(04)23274275,(04)23288582,2025,06,13,10,41,臺中市,龍井區,0,1,0,5,1,6,30,5,1,1,4,4,6,6,3,1,10,5,5,2,16,3,10,3,1,B03,7,1,1,8,2,8,,24,24,1,6,4,120.59261,24.181484,2
4640,66000,387130000C,(04)23274275,(04)23288582,2025,06,13,10,42,臺中市,南屯區,0,1,0,5,2,6,50,3,1,1,4,4,6,6,2,1,5,5,5,2,16,3,10,3,1,B03,7,6,1,8,2,1,,11,11,1,12,4,120.609883,24.140483,2
4641,66000,387130000C,(04)23274275,(04)23288582,2025,06,13,10,43,臺中市,南區,0,1,0,5,2,6,50,13,7,1,4,4,6,6,4,4,10,5,4,2,17,3,10,3,1,B03,7,11,1,8,2,7,,45,45,1,12,4,120.681343,24.129172,2
4642,66000,387130000C,(04)23274275,(04)23288582,2025,06,13,10,45,臺中市,太平區,0,0,0,5,,,30,,,,,,,,,,,,,,13,,,,,C03,,,1,,2,,,84,84,1,12,4,120.72977,24.140461,3
4643,66000,387130000C,(04)23274275,(04)23288582,2025,06,13,10,46,臺中市,豐原區,0,0,0,5,,,50,,,,,,,,,,,,,,17,,,,,B03,,,1,,2,,,8,8,1,12,4,120.720186,24.250626,3
4644,66000,387130000C,(04)23274275,(04)23288582,2025,06,13,10,50,臺中市,沙鹿區,0,0,0,5,,,40,,,,,,,,,,,,,,12,,,,,B02,,,1,,2,,,8,8,1,13,4,120.563854,24.239665,3
4645,66000,387130000C,(04)23274275,(04)23288582,2025,06,13,10,51,臺中市,西區,0,0,0,5,,,50,,,,,,,,,,,,,,,,,,,B03,,,1,,1,,,84,84,1,6,4,120.658808,24.156291,3
4646,66000,387130000C,(04)23274275,(04)23288582,2025,06,13,10,51,臺中市,北屯區,0,1,0,5,3,6,30,3,1,1,4,4,6,6,4,4,10,5,5,2,16,3,10,3,1,A12,7,6,1,1,2,8,,12,12,1,13,4,120.74195,24.17774,2
4647,66000,387130000C,(04)23274275,(04)23288582,2025,06,13,10,51,臺中市,西屯區,0,0,0,5,,,50,,,,,,,,,,,,,,17,,,,,C03,,,1,,2,,,71,71,1,13,4,120.636707,24.164113,3
4648,66000,387130000C,(04)23274275,(04)23288582,2025,06,13,10,56,臺中市,北屯區,0,1,0,5,2,6,50,13,7,1,4,4,6,6,4,4,5,5,4,2,13,3,10,1,1,C03,7,9,1,10,2,14,,59,59,1,12,4,120.66151,24.182703,2
4649,66000,387130000C,(04)23274275,(04)23288582,2025,06,13,10,56,臺中市,新社區,0,1,0,5,2,6,50,4,1,1,4,4,6,6,4,4,10,5,5,2,17,3,10,5,4,B12,7,1,1,7,2,4,,51,51,1,13,4,120.808376,24.244323,2
4650,66000,387130000C,(04)23274275,(04)23288582,2025,06,13,11,0,臺中市,西屯區,0,0,0,5,,,50,,,,,,,,,,,,,,13,,,,,B03,,,1,,1,,,7,7,1,12,4,120.656295,24.196152,3
4651,66000,387130000C,(04)23274275,(04)23288582,2025,06,13,11,4,臺中市,西屯區,0,1,0,5,3,6,50,4,1,1,4,4,6,6,1,1,5,4,5,2,16,3,10,5,4,B03,7,5,1,8,2,5,,11,11,1,10,4,120.636604,24.171412,2
4652,66000,387130000C,(04)23274275,(04)23288582,2025,06,13,11,5,臺中市,西屯區,0,0,0,5,,,30,,,,,,,,,,,,,,17,,,,,B01,,,1,,1,,,14,14,1,13,4,120.651394,24.163942,3
4653,66000,387130000C,(04)23274275,(04)23288582,2025,06,13,11,5,臺中市,太平區,0,1,0,5,2,6,50,4,2,1,4,4,6,6,1,1,5,2,4,1,12,3,10,3,1,B03,7,6,1,8,2,5,,84,84,1,12,4,120.730835,24.112027,2
4654,66000,387130000C,(04)23274275,(04)23288582,2025,06,13,11,10,臺中市,北區,0,1,0,5,2,6,50,4,1,1,4,4,6,6,1,1,10,5,5,2,23,2,9,3,1,B03,7,6,1,8,2,8,,59,59,1,13,4,120.678313,24.163112,2
4655,66000,387130000C,(04)23274275,(04)23288582,2025,06,13,11,13,臺中市,神岡區,0,1,0,5,2,6,30,4,1,1,4,4,6,6,4,4,10,5,5,2,15,2,9,5,4,C03,7,9,1,10,2,11,,15,15,1,12,4,120.660603,24.269936,2
4656,66000,387130000C,(04)23274275,(04)23288582,2025,06,13,11,16,臺中市,西屯區,0,1,0,5,2,6,40,4,1,1,4,4,6,6,2,1,10,5,5,2,18,2,9,2,1,C03,7,9,1,10,1,16,,59,59,1,13,4,120.649796,24.162755,2
4657,66000,387130000C,(04)23274275,(04)23288582,2025,06,13,11,17,臺中市,西屯區,0,1,0,5,2,6,40,3,1,1,4,4,6,6,4,4,10,5,5,2,16,3,10,3,4,B03,7,5,1,8,2,5,,14,14,1,12,4,120.641244,24.156306,2
4658,66000,387130000C,(04)23274275,(04)23288582,2025,06,13,11,21,臺中市,北區,0,1,0,5,2,6,50,3,2,1,4,4,6,6,4,4,9,5,4,2,13,2,1,3,1,B03,7,9,1,8,2,1,,84,84,1,12,4,120.679249,24.159312,2
4659,66000,387130000C,(04)23274275,(04)23288582,2025,06,13,11,21,臺中市,南區,0,1,0,5,3,6,50,4,2,1,4,4,6,6,2,1,3,4,4,2,12,2,9,2,1,C03,7,9,1,10,2,11,,7,7,1,6,4,120.675176,24.126498,2
4660,66000,387130000C,(04)23274275,(04)23288582,2025,06,13,11,28,臺中市,北區,0,0,0,5,,,50,,,,,,,,,,,,,,17,,,,,B03,,,1,,2,,,59,59,1,13,4,120.665394,24.154123,3
4661,66000,387130000C,(04)23274275,(04)23288582,2025,06,13,11,30,臺中市,中區,0,1,0,5,2,6,50,13,9,1,4,4,6,6,4,4,5,4,5,2,18,2,9,1,1,C03,7,9,1,10,2,11,,59,59,1,6,4,120.680566,24.137469,2
4662,66000,387130000C,(04)23274275,(04)23288582,2025,06,13,11,30,臺中市,北區,0,0,0,5,,,30,,,,,,,,,,,,,,14,,,,,B03,,,1,,2,,,49,49,1,13,4,120.666665,24.161132,3
4663,66000,387130000C,(04)23274275,(04)23288582,2025,06,13,11,30,臺中市,大里區,0,0,0,5,3,6,50,13,9,1,4,4,6,6,4,4,5,5,5,1,13,,,,,B02,,,1,,2,,,59,59,1,12,4,120.699736,24.110277,3
4664,66000,387130000C,(04)23274275,(04)23288582,2025,06,13,11,30,臺中市,清水區,0,0,0,7,,,50,,,,,,,,,,,,,,,,,,,B03,,,1,,1,,,20,20,1,12,4,120.571089,24.277921,3
4665,66000,387130000C,(04)23274275,(04)23288582,2025,06,13,11,31,臺中市,北屯區,0,0,0,5,,,50,,,,,,,,,,,,,,13,,,,,B02,,,1,,1,,,84,84,1,6,4,120.686543,24.195005,3
4666,66000,387130000C,(04)23274275,(04)23288582,2025,06,13,11,33,臺中市,龍井區,0,0,0,5,,,50,,,,,,,,,,,,,,,,,,,B03,,,1,,1,,,84,84,1,6,4,120.50556,24.210216,3
4667,66000,387130000C,(04)23274275,(04)23288582,2025,06,13,11,35,臺中市,清水區,0,1,0,5,2,6,50,3,1,1,4,4,6,6,4,4,5,2,5,1,17,3,10,3,1,B03,7,6,1,8,2,1,,12,12,1,13,4,120.600177,24.303203,2
4668,66000,387130000C,(04)23274275,(04)23288582,2025,06,13,11,41,臺中市,霧峰區,0,1,0,7,2,6,50,13,9,1,4,4,6,6,1,1,5,5,5,1,13,2,9,1,1,C03,7,9,1,10,2,11,,7,7,1,12,4,120.700561,24.075755,2
4669,66000,387130000C,(04)23274275,(04)23288582,2025,06,13,11,42,臺中市,大肚區,0,1,0,5,2,6,50,3,1,1,4,4,6,6,4,4,5,4,4,1,16,3,10,3,1,B03,7,11,1,8,2,4,,39,39,1,6,4,120.547161,24.145028,2
4670,66000,387130000C,(04)23274275,(04)23288582,2025,06,13,11,46,臺中市,東區,0,0,0,5,,,50,,,,,,,,,,,,,,13,,,,,B03,,,1,,1,,,84,84,1,12,4,120.706523,24.136469,3
4671,66000,387130000C,(04)23274275,(04)23288582,2025,06,13,11,49,臺中市,西屯區,0,1,0,5,2,6,40,4,1,1,4,4,6,6,2,1,1,5,5,2,16,3,10,5,4,B03,7,5,1,8,1,2,,11,11,1,12,4,120.624289,24.17845,2
4672,66000,387130000C,(04)23274275,(04)23288582,2025,06,13,11,50,臺中市,大甲區,0,0,0,5,,,50,,,,,,,,,,,,,,,,,,,B03,,,1,,1,,,84,84,1,6,4,120.620657,24.350555,3
4673,66000,387130000C,(04)23274275,(04)23288582,2025,06,13,11,54,臺中市,南屯區,0,2,0,5,2,6,50,4,1,1,4,4,6,6,2,1,1,5,5,2,13,2,9,1,1,C03,7,5,1,10,2,11,,7,7,1,6,4,120.633248,24.124221,2
4674,66000,387130000C,(04)23274275,(04)23288582,2025,06,13,11,54,臺中市,西屯區,0,0,0,5,,,50,,,,,,,,,,,,,,,,,,,B03,,,1,,1,,,50,50,1,12,4,120.654818,24.168816,3
4675,66000,387130000C,(04)23274275,(04)23288582,2025,06,13,11,55,臺中市,南屯區,0,1,0,5,3,6,50,13,9,1,4,4,6,6,4,4,1,4,5,2,17,3,10,2,4,C03,7,14,1,10,9,16,,84,84,1,6,4,120.646784,24.135753,2
4676,66000,387130000C,(04)23274275,(04)23288582,2025,06,13,11,57,臺中市,豐原區,0,1,0,5,2,6,50,3,9,1,4,4,6,6,4,4,5,5,5,2,11,3,10,3,1,B03,7,6,1,8,2,2,,14,14,1,12,4,120.715632,24.260131,2
4677,66000,387130000C,(04)23274275,(04)23288582,2025,06,13,12,0,臺中市,北區,0,1,0,5,2,6,50,4,1,1,4,4,6,6,1,1,1,4,5,2,16,3,10,3,1,B03,7,5,1,8,2,2,,47,47,1,12,4,120.682433,24.163188,2
4678,66000,387130000C,(04)23274275,(04)23288582,2025,06,13,12,0,臺中市,北區,0,1,0,5,2,6,50,4,1,1,4,4,6,6,1,1,10,5,5,2,16,3,10,3,1,B02,7,5,1,8,2,2,,11,11,1,13,4,120.677536,24.150592,2