﻿序號,縣市別代碼,機關代碼,市話,傳真,年,月,日,時,分,縣市,區,死亡數量,受傷數量,2-30,天候,道路照明設備,道路類別,道路速限,道路型態,事故位置,路面鋪裝,路面狀態,路面缺陷,障礙物,視距,號誌種類,號誌動作,分向設施,快車道或一般車道間,快慢車道間,路面邊線,事故類型及型態,受傷程度,主要傷處,保護裝備,行動電話或功能裝置,當事者區分_類別,車輛用途,當事者行動狀態,駕照狀態,駕照種類,飲酒情形,車輛撞擊部位最初,車輛撞擊部位其他,肇事因素個別,肇事因素主要,肇事逃逸,職業,共享經濟或外送平台,GPS座標X,GPS座標Y,事故類別
4679,66000,387130000C,(04)23274275,(04)23288582,2025,06,13,12,1,臺中市,外埔區,0,0,0,5,2,6,50,3,2,1,4,4,6,6,1,1,5,4,4,1,12,3,10,3,1,B03,7,9,1,8,1,5,,8,8,1,12,4,120.637281,24.34144,3
4680,66000,387130000C,(04)23274275,(04)23288582,2025,06,13,12,2,臺中市,西區,0,0,0,5,,,50,,,,,,,,,,,,,,,,,,,C03,,,1,,1,,,51,51,1,12,4,120.669603,24.139724,3
4681,66000,387130000C,(04)23274275,(04)23288582,2025,06,13,12,6,臺中市,潭子區,0,0,0,5,,,50,,,,,,,,,,,,,,,,,,,B03,,,1,,2,,,8,8,1,12,4,120.709422,24.200329,3
4682,66000,387130000C,(04)23274275,(04)23288582,2025,06,13,12,13,臺中市,北區,0,0,0,5,,,50,,,,,,,,,,,,,,17,,,,,B03,,,1,,1,,,59,59,1,13,4,120.68704,24.154639,3
4683,66000,387130000C,(04)23274275,(04)23288582,2025,06,13,12,13,臺中市,南屯區,0,1,0,5,3,6,50,13,9,1,4,4,6,6,4,4,9,4,5,2,13,2,9,1,1,C03,7,9,1,10,2,11,,7,7,1,12,4,120.653508,24.13575,2
4684,66000,387130000C,(04)23274275,(04)23288582,2025,06,13,12,14,臺中市,南屯區,0,1,0,7,2,6,50,4,2,1,4,4,6,6,2,1,5,4,5,2,17,2,9,2,1,C03,7,9,1,10,2,11,,59,59,1,12,4,120.633922,24.146058,2
4685,66000,387130000C,(04)23274275,(04)23288582,2025,06,13,12,30,臺中市,北屯區,0,0,0,5,,,50,,,,,,,,,,,,,,12,,,,,,,,,,,,,85,85,1,,,120.691485,24.171231,3
4686,66000,387130000C,(04)23274275,(04)23288582,2025,06,13,12,30,臺中市,烏日區,0,1,0,5,2,6,40,4,1,1,4,4,6,6,2,1,1,4,4,2,18,2,9,1,1,C03,7,9,1,10,2,12,,84,84,1,6,4,120.613744,24.106764,2
4687,66000,387130000C,(04)23274275,(04)23288582,2025,06,13,12,31,臺中市,龍井區,0,1,0,5,2,6,40,13,8,1,4,4,6,6,4,4,1,3,1,1,18,2,9,5,4,C03,7,9,1,10,2,15,,87,87,1,13,4,120.504882,24.207991,2
4688,66000,387130000C,(04)23274275,(04)23288582,2025,06,13,12,32,臺中市,中區,0,1,0,5,1,6,50,13,9,1,4,4,6,6,4,4,9,5,5,1,14,3,10,5,4,B03,7,2,1,8,2,3,,49,49,1,12,4,120.678952,24.139018,2
4689,66000,387130000C,(04)23274275,(04)23288582,2025,06,13,12,33,臺中市,西區,0,0,0,7,,,50,,,,,,,,,,,,,,9,,,,,C03,,,1,,1,,,7,7,1,12,4,120.662076,24.145487,3
4690,66000,387130000C,(04)23274275,(04)23288582,2025,06,13,12,33,臺中市,西屯區,0,1,0,5,3,6,50,4,1,1,4,4,6,6,1,1,1,4,5,2,12,3,10,5,4,B03,7,7,1,8,2,5,2,85,85,1,12,4,120.617498,24.185346,2
4691,66000,387130000C,(04)23274275,(04)23288582,2025,06,13,12,37,臺中市,北屯區,0,0,0,5,,,40,,,,,,,,,,,,,,13,,,,,B12,,,5,,1,,,7,7,1,6,4,120.682883,24.200779,3
4692,66000,387130000C,(04)23274275,(04)23288582,2025,06,13,12,38,臺中市,神岡區,0,0,0,5,,,1,,,,,,,,,,,,,,17,,,,,B03,,,1,,2,,,51,51,1,6,4,120.692355,24.254266,3
4693,66000,387130000C,(04)23274275,(04)23288582,2025,06,13,12,40,臺中市,大雅區,0,0,0,5,,,0,,,,,,,,,,,,,,,,,,,B12,,,1,,2,,,49,49,1,13,4,120.654158,24.224286,3
4694,66000,387130000C,(04)23274275,(04)23288582,2025,06,13,12,42,臺中市,沙鹿區,0,0,0,5,,,50,,,,,,,,,,,,,,14,,,,,B03,,,1,,2,,,49,49,1,13,4,120.575256,24.226615,3
4695,66000,387130000C,(04)23274275,(04)23288582,2025,06,13,12,43,臺中市,北屯區,0,0,0,6,,,30,,,,,,,,,,,,,,30,,,,,B03,,,1,,9,,,84,84,2,12,4,120.683681,24.192895,3
4696,66000,387130000C,(04)23274275,(04)23288582,2025,06,13,12,44,臺中市,北區,0,1,0,7,3,6,0,5,23,4,5,4,6,6,4,4,10,5,5,2,9,3,10,1,1,C03,7,15,1,10,2,13,,84,84,1,13,4,120.690446,24.157179,2
4697,66000,387130000C,(04)23274275,(04)23288582,2025,06,13,12,44,臺中市,西屯區,0,0,0,5,,,50,,,,,,,,,,,,,,13,,,,,B01,,,1,,2,,,59,59,1,13,4,120.660075,24.169147,3
4698,66000,387130000C,(04)23274275,(04)23288582,2025,06,13,12,45,臺中市,東區,0,0,0,5,,,50,,,,,,,,,,,,,,,,,,,B03,,,1,,9,,,7,7,1,9,4,120.692307,24.14342,3
4699,66000,387130000C,(04)23274275,(04)23288582,2025,06,13,12,50,臺中市,南屯區,0,1,0,5,2,6,50,13,9,1,4,4,6,6,4,4,5,4,5,2,17,3,10,3,1,B03,7,11,1,8,2,4,,45,45,1,6,4,120.608223,24.138652,2
4700,66000,387130000C,(04)23274275,(04)23288582,2025,06,13,12,52,臺中市,大里區,0,0,0,5,,,50,,,,,,,,,,,,,,,,,,,B03,,,1,,1,,,84,84,1,12,4,120.682039,24.104903,4
4701,66000,387130000C,(04)23274275,(04)23288582,2025,06,13,12,53,臺中市,南屯區,0,1,0,5,3,6,40,13,8,1,4,4,6,6,4,4,9,5,4,2,17,3,10,2,4,C03,7,1,1,10,2,16,,51,51,1,6,4,120.636562,24.14616,2
4702,66000,387130000C,(04)23274275,(04)23288582,2025,06,13,12,53,臺中市,北屯區,0,2,0,7,3,6,50,3,1,1,5,4,6,6,1,1,10,5,5,2,16,3,10,3,1,A05,7,6,1,2,2,4,,48,48,1,13,4,120.682346,24.186911,2
4703,66000,387130000C,(04)23274275,(04)23288582,2025,06,13,12,57,臺中市,梧棲區,0,1,0,5,3,6,40,3,1,1,4,4,6,6,4,4,1,4,1,1,12,3,10,3,1,B03,7,4,1,8,2,2,,8,8,1,6,4,120.553165,24.244065,2
4704,66000,387130000C,(04)23274275,(04)23288582,2025,06,13,12,58,臺中市,北區,0,0,0,7,,,50,,,,,,,,,,,,,,17,,,,,B01,,,1,,1,,,51,51,1,13,4,120.685558,24.153591,3
4705,66000,387130000C,(04)23274275,(04)23288582,2025,06,13,13,5,臺中市,后里區,0,0,0,5,2,6,50,13,2,1,4,4,6,6,1,1,1,2,5,1,13,3,10,3,1,B03,7,14,1,8,1,1,,7,7,1,12,4,120.722433,24.308587,3
4706,66000,387130000C,(04)23274275,(04)23288582,2025,06,13,13,9,臺中市,西區,0,1,0,5,3,6,40,4,1,1,4,4,6,6,1,1,10,5,5,2,18,2,9,1,1,C03,7,9,1,10,2,12,,84,84,1,6,4,120.661685,24.135131,2
4707,66000,387130000C,(04)23274275,(04)23288582,2025,06,13,13,9,臺中市,北屯區,0,1,0,5,2,6,50,3,2,1,4,4,6,6,1,1,5,4,5,2,18,2,9,1,1,C03,7,9,1,10,2,14,,82,82,1,6,4,120.755341,24.199964,2
4708,66000,387130000C,(04)23274275,(04)23288582,2025,06,13,13,13,臺中市,西屯區,0,1,0,5,2,6,50,13,8,1,4,4,6,6,4,4,1,4,4,2,16,3,10,5,4,B11,7,5,1,8,2,3,,47,47,1,12,4,120.65098,24.208216,2
4709,66000,387130000C,(04)23274275,(04)23288582,2025,06,13,13,14,臺中市,后里區,0,0,0,5,,,50,,,,,,,,,,,,,,15,,,,,B03,,,1,,1,,,84,84,1,12,5,120.720737,24.306515,3
4710,66000,387130000C,(04)23274275,(04)23288582,2025,06,13,13,16,臺中市,龍井區,0,1,0,5,1,6,40,13,8,1,4,4,6,6,4,4,8,3,4,2,17,2,9,1,1,C03,7,9,1,10,2,12,,59,59,1,6,4,120.573121,24.188808,2
4711,66000,387130000C,(04)23274275,(04)23288582,2025,06,13,13,21,臺中市,清水區,0,0,0,5,,,30,,,,,,,,,,,,,,16,,,,,B03,,,1,,2,,,51,51,1,13,4,120.636251,24.292701,3
4712,66000,387130000C,(04)23274275,(04)23288582,2025,06,13,13,22,臺中市,南區,0,0,0,7,,,50,,,,,,,,,,,,,,,,,,,B03,,,1,,2,,,20,20,1,6,4,120.662652,24.127438,3
4713,66000,387130000C,(04)23274275,(04)23288582,2025,06,13,13,22,臺中市,北屯區,0,0,0,5,,,50,,,,,,,,,,,,,,16,,,,,C03,,,1,,1,,,11,11,1,6,4,120.692242,24.164941,3
4714,66000,387130000C,(04)23274275,(04)23288582,2025,06,13,13,25,臺中市,西區,0,1,0,5,2,6,50,4,1,1,4,4,6,6,4,4,10,5,5,2,18,2,9,5,4,C03,7,9,1,10,2,12,,84,84,1,12,4,120.671397,24.147893,2
4715,66000,387130000C,(04)23274275,(04)23288582,2025,06,13,13,27,臺中市,北區,0,0,0,5,,,50,,,,,,,,,,,,,,17,,,,,C03,,,1,,9,,,59,59,1,13,4,120.684111,24.157028,3
4716,66000,387130000C,(04)23274275,(04)23288582,2025,06,13,13,45,臺中市,北屯區,0,0,0,6,,,50,,,,,,,,,,,,,,13,,,,,B12,,,1,,1,,,84,84,1,12,4,120.670961,24.200236,3
4717,66000,387130000C,(04)23274275,(04)23288582,2025,06,13,13,47,臺中市,南屯區,0,0,0,5,3,6,60,13,7,1,4,4,6,6,1,1,1,2,1,2,13,,,,,B03,,,1,,1,,,84,84,1,12,4,120.623434,24.135716,3
4718,66000,387130000C,(04)23274275,(04)23288582,2025,06,13,13,48,臺中市,大雅區,0,1,0,5,3,6,30,13,9,1,4,4,6,6,4,4,10,5,5,2,18,2,7,1,1,F03,7,9,7,21,2,16,,84,84,1,13,4,120.663125,24.220299,2
4719,66000,387130000C,(04)23274275,(04)23288582,2025,06,13,13,50,臺中市,北屯區,0,1,0,5,2,6,30,4,1,1,4,4,6,6,2,1,10,5,5,2,18,2,9,1,1,C03,7,9,1,10,9,12,,43,43,1,6,4,120.672566,24.181009,2
4720,66000,387130000C,(04)23274275,(04)23288582,2025,06,13,13,50,臺中市,大里區,0,0,0,5,,,,,,,,,,,,,,,,,12,,,,,,,,,,,,,119,119,1,,,120.694597,24.111591,4
4721,66000,387130000C,(04)23274275,(04)23288582,2025,06,13,13,50,臺中市,烏日區,0,0,0,7,,,50,,,,,,,,,,,,,,2,,,,,B02,,,1,,2,,,40,40,1,6,4,120.647875,24.110578,3
4722,66000,387130000C,(04)23274275,(04)23288582,2025,06,13,13,52,臺中市,大里區,0,0,0,5,,,50,,,,,,,,,,,,,,14,,,,,A12,,,1,,2,,,49,49,1,13,4,120.683474,24.119178,3
4723,66000,387130000C,(04)23274275,(04)23288582,2025,06,13,13,53,臺中市,太平區,0,1,0,7,2,6,40,4,2,1,4,4,6,6,1,1,5,2,4,1,16,3,10,3,1,B03,7,1,1,8,2,4,,51,51,1,12,4,120.713894,24.158953,2
4724,66000,387130000C,(04)23274275,(04)23288582,2025,06,13,13,55,臺中市,大里區,0,0,0,5,,,50,,,,,,,,,,,,,,15,,,,,B03,,,1,,2,,,13,13,1,12,4,120.688116,24.086029,3
4725,66000,387130000C,(04)23274275,(04)23288582,2025,06,13,13,58,臺中市,南區,0,1,0,5,2,6,50,3,1,1,4,4,6,6,1,1,10,5,5,2,16,2,9,1,1,C03,7,6,1,10,2,14,,48,48,1,12,4,120.68473,24.128989,2
4726,66000,387130000C,(04)23274275,(04)23288582,2025,06,13,14,0,臺中市,南屯區,0,0,0,5,,,50,,,,,,,,,,,,,,,,,,,B03,,,1,,1,,,84,84,1,6,4,120.635711,24.143383,4
4727,66000,387130000C,(04)23274275,(04)23288582,2025,06,13,14,7,臺中市,西區,0,1,0,5,2,6,50,4,2,1,4,4,6,6,1,1,5,4,5,2,18,2,9,1,1,C03,7,9,1,10,2,14,,84,84,1,12,4,120.662962,24.146906,2
4728,66000,387130000C,(04)23274275,(04)23288582,2025,06,13,14,9,臺中市,大里區,0,1,0,5,3,6,50,4,1,1,4,4,6,6,1,1,10,5,5,2,15,3,10,3,1,B03,7,9,1,8,2,8,,21,21,1,12,4,120.678368,24.0975,2
4729,66000,387130000C,(04)23274275,(04)23288582,2025,06,13,14,11,臺中市,西屯區,0,2,0,5,2,6,50,3,1,1,4,4,6,6,4,4,10,5,5,2,16,2,8,2,1,C03,7,1,3,19,2,11,,20,20,1,12,4,120.6676,24.174672,2
4730,66000,387130000C,(04)23274275,(04)23288582,2025,06,13,14,12,臺中市,南區,0,1,0,5,2,6,50,4,1,1,4,4,6,6,4,4,10,5,5,2,18,2,9,1,1,C03,7,9,1,10,2,12,,84,84,1,5,4,120.682536,24.127447,2
4731,66000,387130000C,(04)23274275,(04)23288582,2025,06,13,14,12,臺中市,北屯區,0,0,0,5,,,50,,,,,,,,,,,,,,17,,,,,B02,,,1,,2,,,48,48,1,13,4,120.699599,24.1648,3
4732,66000,387130000C,(04)23274275,(04)23288582,2025,06,13,14,13,臺中市,西屯區,0,0,0,5,3,6,50,4,2,1,4,4,6,6,1,1,5,5,5,2,13,,,,,B03,,,1,,1,,,59,59,1,12,4,120.659017,24.160248,3
4733,66000,387130000C,(04)23274275,(04)23288582,2025,06,13,14,15,臺中市,北區,0,0,0,5,,,50,,,,,,,,,,,,,,17,,,,,B02,,,1,,1,,,8,8,1,13,4,120.687342,24.149336,3
4734,66000,387130000C,(04)23274275,(04)23288582,2025,06,13,14,15,臺中市,西屯區,0,1,0,5,2,6,0,13,9,1,4,4,6,6,4,4,9,5,5,2,17,3,10,3,4,B03,7,1,1,8,1,8,,51,51,1,13,4,120.643623,24.183444,2
4735,66000,387130000C,(04)23274275,(04)23288582,2025,06,13,14,16,臺中市,梧棲區,0,0,0,5,,,50,,,,,,,,,,,,,,17,,,,,B03,,,1,,1,,,59,59,1,6,4,120.536329,24.265941,3
4736,66000,387130000C,(04)23274275,(04)23288582,2025,06,13,14,16,臺中市,外埔區,0,0,0,5,2,6,50,13,7,1,4,4,6,6,4,4,4,4,4,1,13,3,10,3,1,B13,7,9,1,8,2,1,,7,7,1,12,4,120.638976,24.341761,3
4737,66000,387130000C,(04)23274275,(04)23288582,2025,06,13,14,17,臺中市,太平區,0,1,0,5,3,6,50,3,2,1,4,4,6,6,4,4,5,5,5,1,13,2,9,1,1,C03,7,9,1,10,2,11,,59,59,1,6,2,120.725127,24.134119,2
4738,66000,387130000C,(04)23274275,(04)23288582,2025,06,13,14,18,臺中市,北屯區,0,1,0,5,2,6,50,4,2,1,4,4,6,6,2,1,1,4,5,2,13,3,10,1,1,C03,7,9,1,10,2,11,,7,7,1,12,4,120.679603,24.172815,2
4739,66000,387130000C,(04)23274275,(04)23288582,2025,06,13,14,20,臺中市,南屯區,0,1,0,5,2,6,50,4,2,2,3,4,6,6,2,1,5,4,4,2,17,2,9,2,1,C03,7,9,1,10,1,11,,84,84,1,12,4,120.642806,24.148794,2
4740,66000,387130000C,(04)23274275,(04)23288582,2025,06,13,14,36,臺中市,南屯區,0,1,0,5,2,6,50,3,1,1,4,4,6,6,4,4,5,4,5,2,13,3,10,3,1,B03,7,9,1,8,1,1,,59,59,1,6,4,120.634348,24.146397,2
4741,66000,387130000C,(04)23274275,(04)23288582,2025,06,13,14,40,臺中市,北屯區,0,0,0,5,,3,80,,,,,,,,,,,,,,13,,,,,B12,,,1,,1,,,59,59,1,6,4,120.720736,24.171982,3
4742,66000,387130000C,(04)23274275,(04)23288582,2025,06,13,14,40,臺中市,北屯區,0,0,0,5,,,80,,,,,,,,,,,,,,13,,,,,B03,,,1,,2,,,7,7,1,6,4,120.720762,24.170718,3
4743,66000,387130000C,(04)23274275,(04)23288582,2025,06,13,14,40,臺中市,梧棲區,0,1,0,5,2,6,50,3,1,1,4,4,6,6,4,4,10,5,5,2,16,3,10,3,1,B03,7,6,1,8,2,5,,14,14,1,12,4,120.53076,24.253411,2
4744,66000,387130000C,(04)23274275,(04)23288582,2025,06,13,14,41,臺中市,梧棲區,0,0,0,5,,,40,,,,,,,,,,,,,,13,,,,,B03,,,1,,1,,,84,84,1,6,4,120.537084,24.251225,3
4745,66000,387130000C,(04)23274275,(04)23288582,2025,06,13,14,45,臺中市,西屯區,0,1,0,5,2,6,50,13,7,1,4,4,6,6,4,4,5,5,4,2,18,2,9,2,1,C03,7,9,1,10,2,16,,84,84,1,13,4,120.645777,24.175931,2
4746,66000,387130000C,(04)23274275,(04)23288582,2025,06,13,14,50,臺中市,東勢區,0,0,0,5,,,30,,,,,,,,,,,,,,15,,,,,B03,,,1,,2,,,15,15,1,13,4,120.831797,24.244551,3
4747,66000,387130000C,(04)23274275,(04)23288582,2025,06,13,14,50,臺中市,豐原區,0,0,0,5,,,50,,,,,,,,,,,,,,17,,,,,B03,,,1,,1,,,87,87,1,12,4,120.718674,24.252397,4
4748,66000,387130000C,(04)23274275,(04)23288582,2025,06,13,14,53,臺中市,大雅區,0,0,0,5,,,30,,,,,,,,,,,,,,,,,,,C03,,,1,,2,,,84,84,1,13,4,120.67153,24.222242,3
4749,66000,387130000C,(04)23274275,(04)23288582,2025,06,13,14,55,臺中市,北區,0,0,0,5,,,50,,,,,,,,,,,,,,,,,,,C03,,,1,,1,,,84,84,1,13,4,120.685093,24.162653,3
4750,66000,387130000C,(04)23274275,(04)23288582,2025,06,13,14,56,臺中市,北區,0,0,0,7,,,50,,,,,,,,,,,,,,17,,,,,C03,,,1,,2,,,84,84,1,13,4,120.66714,24.153991,3
4751,66000,387130000C,(04)23274275,(04)23288582,2025,06,13,14,56,臺中市,北屯區,0,2,0,5,3,6,50,13,9,1,4,4,6,6,4,4,5,5,5,2,17,2,8,1,1,C03,7,9,1,10,2,11,,59,59,1,12,4,120.683479,24.172702,2
4752,66000,387130000C,(04)23274275,(04)23288582,2025,06,13,14,58,臺中市,西屯區,0,1,0,5,2,6,50,3,9,1,4,4,6,6,4,4,1,4,5,2,13,2,9,5,4,C03,7,9,1,10,2,11,,7,7,1,12,4,120.611083,24.186956,2
4753,66000,387130000C,(04)23274275,(04)23288582,2025,06,13,14,59,臺中市,太平區,0,0,0,5,,,80,,,,,,,,,,,,,,13,,,,,B03,,,1,,2,,,7,7,1,12,4,120.716993,24.154919,3
4754,66000,387130000C,(04)23274275,(04)23288582,2025,06,13,15,0,臺中市,北屯區,0,0,0,5,,,60,,,,,,,,,,,,,,13,,,,,B12,,,1,,1,,,84,84,1,6,4,120.720075,24.164323,3
4755,66000,387130000C,(04)23274275,(04)23288582,2025,06,13,15,0,臺中市,西屯區,0,1,0,5,2,6,50,4,1,1,4,4,6,6,2,1,5,4,5,2,18,2,8,5,4,C03,7,5,1,10,2,12,,59,59,1,13,4,120.651959,24.182,2
4756,66000,387130000C,(04)23274275,(04)23288582,2025,06,13,15,3,臺中市,北屯區,0,0,0,5,,,30,,,,,,,,,,,,,,16,,,,,B03,,,1,,1,,,14,14,1,12,4,120.72628,24.156784,3
4757,66000,387130000C,(04)23274275,(04)23288582,2025,06,13,15,4,臺中市,潭子區,0,0,0,5,,,50,,,,,,,,,,,,,,,,,,,B03,,,1,,9,,,8,8,1,13,4,120.712236,24.21306,3
4758,66000,387130000C,(04)23274275,(04)23288582,2025,06,13,15,7,臺中市,西屯區,0,1,0,5,2,6,30,4,1,1,4,4,6,6,2,1,10,5,5,2,13,3,10,3,1,B01,7,9,1,4,2,5,,7,7,1,13,4,120.651933,24.178103,2
4759,66000,387130000C,(04)23274275,(04)23288582,2025,06,13,15,10,臺中市,南區,0,0,0,5,,,30,,,,,,,,,,,,,,17,,,,,B03,,,1,,9,,,84,84,1,13,4,120.680162,24.119491,3
4760,66000,387130000C,(04)23274275,(04)23288582,2025,06,13,15,10,臺中市,西屯區,0,0,0,5,,,50,,,,,,,,,,,,,,,,,,,B03,,,1,,2,,,8,8,1,12,4,120.617929,24.188403,3
4761,66000,387130000C,(04)23274275,(04)23288582,2025,06,13,15,11,臺中市,南屯區,0,0,0,5,,,50,,,,,,,,,,,,,,,,,,,C03,,,1,,2,,,59,59,1,13,4,120.653951,24.14496,3
4762,66000,387130000C,(04)23274275,(04)23288582,2025,06,13,15,11,臺中市,太平區,0,0,0,5,2,6,40,,,,,,,,,,,,,,,,,,,B03,,,1,,1,6,,49,49,1,12,4,120.702602,24.148248,3
4763,66000,387130000C,(04)23274275,(04)23288582,2025,06,13,15,12,臺中市,太平區,0,1,0,5,3,6,50,3,1,1,4,4,6,6,1,1,10,5,5,2,16,3,10,1,1,C03,7,9,1,10,2,12,,59,59,1,6,4,120.71825,24.122987,2
4764,66000,387130000C,(04)23274275,(04)23288582,2025,06,13,15,16,臺中市,北區,0,0,0,5,,,50,,,,,,,,,,,,,,,,,,,C03,,,1,,1,,,84,84,1,12,4,120.686794,24.153109,3
4765,66000,387130000C,(04)23274275,(04)23288582,2025,06,13,15,17,臺中市,東區,0,1,0,5,2,6,50,5,1,1,4,4,6,6,2,1,10,5,5,2,15,3,10,3,1,B03,7,9,1,8,1,1,,21,21,1,12,4,120.692441,24.140098,2
4766,66000,387130000C,(04)23274275,(04)23288582,2025,06,13,15,17,臺中市,大甲區,0,0,0,5,,,30,,,,,,,,,,,,,,,,,,,B03,,,1,,1,,,49,49,1,6,4,120.618753,24.371149,3
4767,66000,387130000C,(04)23274275,(04)23288582,2025,06,13,15,25,臺中市,大雅區,0,0,0,5,,,60,,,,,,,,,,,,,,13,,,,,C03,,,1,,2,,,7,7,1,12,4,120.64647,24.222877,3
4768,66000,387130000C,(04)23274275,(04)23288582,2025,06,13,15,25,臺中市,西屯區,0,0,0,5,,,60,,,,,,,,,,,,,,,,,,,B03,,,1,,1,,,35,35,1,12,4,120.64084,24.167537,3
4769,66000,387130000C,(04)23274275,(04)23288582,2025,06,13,15,26,臺中市,烏日區,0,1,0,5,3,6,80,13,7,1,4,4,6,6,4,4,1,4,5,1,20,2,9,3,1,B12,7,9,1,10,2,5,,82,82,1,6,4,120.616521,24.107356,2
4770,66000,387130000C,(04)23274275,(04)23288582,2025,06,13,15,28,臺中市,南屯區,0,0,0,7,,,50,,,,,,,,,,,,,,,,,,,B03,,,1,,1,,,7,7,1,12,4,120.646564,24.134687,3
4771,66000,387130000C,(04)23274275,(04)23288582,2025,06,13,15,32,臺中市,西屯區,0,0,0,5,,,50,,,,,,,,,,,,,,16,,,,,B03,,,1,,2,,,51,51,1,13,4,120.615185,24.182384,3
4772,66000,387130000C,(04)23274275,(04)23288582,2025,06,13,15,33,臺中市,北屯區,0,1,0,5,2,6,50,4,1,1,4,4,6,6,1,1,10,5,5,2,17,3,10,3,1,B03,7,5,1,8,2,2,,85,85,1,12,4,120.668672,24.178276,2
4773,66000,387130000C,(04)23274275,(04)23288582,2025,06,13,15,38,臺中市,南屯區,0,0,0,5,,,50,,,,,,,,,,,,,,16,,,,,B03,,,1,,1,,,47,47,1,6,4,120.646564,24.134687,3
4774,66000,387130000C,(04)23274275,(04)23288582,2025,06,13,15,40,臺中市,南屯區,0,0,0,5,,,40,,,,,,,,,,,,,,,,,,,B03,,,1,,2,,,58,58,1,6,4,120.639258,24.151129,3
4775,66000,387130000C,(04)23274275,(04)23288582,2025,06,13,15,42,臺中市,西區,0,0,0,5,,,50,,,,,,,,,,,,,,,,,,,B03,,,1,,1,,,84,84,1,12,4,120.661827,24.15135,4
4776,66000,387130000C,(04)23274275,(04)23288582,2025,06,13,15,42,臺中市,后里區,0,0,0,5,2,6,50,4,1,1,4,4,6,6,1,1,1,2,4,1,16,3,10,3,1,B03,7,9,1,8,2,5,,21,21,1,12,4,120.723692,24.294721,3
4777,66000,387130000C,(04)23274275,(04)23288582,2025,06,13,15,43,臺中市,北區,0,0,0,5,,,50,,,,,,,,,,,,,,,,,,,B03,,,1,,9,,,85,85,1,12,4,120.669331,24.172897,3
4778,66000,387130000C,(04)23274275,(04)23288582,2025,06,13,15,46,臺中市,西屯區,0,1,0,5,2,6,50,4,1,1,4,4,6,6,2,1,10,5,5,2,16,3,10,5,4,B12,7,6,1,3,2,16,,11,11,1,13,4,120.615468,24.189164,2
4779,66000,387130000C,(04)23274275,(04)23288582,2025,06,13,15,48,臺中市,南屯區,0,0,0,5,,,50,,,,,,,,,,,,,,,,,,,B03,,,1,,2,,,45,45,1,13,4,120.648335,24.13335,3
4780,66000,387130000C,(04)23274275,(04)23288582,2025,06,13,15,53,臺中市,大里區,0,0,0,5,,,30,,,,,,,,,,,,,,14,,,,,A12,,,1,,9,,,49,49,1,6,4,120.707617,24.109385,3
4781,66000,387130000C,(04)23274275,(04)23288582,2025,06,13,15,54,臺中市,大雅區,0,0,0,5,,,50,,,,,,,,,,,,,,13,,,,,C03,,,1,,2,,,7,7,1,12,2,120.653629,24.222058,3
4782,66000,387130000C,(04)23274275,(04)23288582,2025,06,13,16,0,臺中市,西屯區,0,1,0,5,2,6,40,3,1,1,4,4,6,6,4,4,10,5,5,2,12,3,10,3,1,B03,7,5,1,8,2,5,,85,85,1,13,4,120.644674,24.15773,2
4783,66000,387130000C,(04)23274275,(04)23288582,2025,06,13,16,2,臺中市,南區,0,1,0,5,2,6,50,13,8,1,3,4,6,6,4,4,1,4,4,2,17,3,10,3,1,B03,7,13,1,8,2,4,,76,76,1,6,4,120.653394,24.113504,2
4784,66000,387130000C,(04)23274275,(04)23288582,2025,06,13,16,4,臺中市,西屯區,0,0,0,5,,,30,,,,,,,,,,,,,,,,,,,C03,,,1,,2,,,12,12,1,12,4,120.644934,24.175421,3
4785,66000,387130000C,(04)23274275,(04)23288582,2025,06,13,16,5,臺中市,西屯區,0,0,0,5,,,60,,,,,,,,,,,,,,,,,,,B03,,,1,,1,,,7,7,1,12,4,120.646487,24.165079,3
4786,66000,387130000C,(04)23274275,(04)23288582,2025,06,13,16,5,臺中市,沙鹿區,0,1,0,5,3,6,60,3,1,1,4,4,6,6,1,1,10,5,5,2,17,3,10,3,1,A21,7,9,1,1,2,5,,7,7,1,6,4,120.578874,24.249864,2
4787,66000,387130000C,(04)23274275,(04)23288582,2025,06,13,16,6,臺中市,北區,0,0,0,5,,,50,,,,,,,,,,,,,,13,,,,,B03,,,1,,1,,,59,59,1,13,4,120.677971,24.163,3
4788,66000,387130000C,(04)23274275,(04)23288582,2025,06,13,16,7,臺中市,西屯區,0,1,0,5,2,6,50,4,1,1,4,4,6,6,2,1,4,3,5,2,18,2,9,5,4,C03,7,12,1,10,2,14,,6,6,1,13,4,120.621921,24.186405,2
4789,66000,387130000C,(04)23274275,(04)23288582,2025,06,13,16,10,臺中市,潭子區,0,0,0,5,,,60,,,,,,,,,,,,,,,,,,,C03,,,1,,2,,,21,21,1,13,4,120.705925,24.217854,3
4790,66000,387130000C,(04)23274275,(04)23288582,2025,06,13,16,11,臺中市,神岡區,0,0,0,5,,,50,,,,,,,,,,,,,,13,,,,,B03,,,1,,1,,,84,84,1,12,4,120.69672,24.253827,3