﻿序號,縣市別代碼,機關代碼,市話,傳真,年,月,日,時,分,縣市,區,死亡數量,受傷數量,2-30,天候,道路照明設備,道路類別,道路速限,道路型態,事故位置,路面鋪裝,路面狀態,路面缺陷,障礙物,視距,號誌種類,號誌動作,分向設施,快車道或一般車道間,快慢車道間,路面邊線,事故類型及型態,受傷程度,主要傷處,保護裝備,行動電話或功能裝置,當事者區分_類別,車輛用途,當事者行動狀態,駕照狀態,駕照種類,飲酒情形,車輛撞擊部位最初,車輛撞擊部位其他,肇事因素個別,肇事因素主要,肇事逃逸,職業,共享經濟或外送平台,GPS座標X,GPS座標Y,事故類別
4903,66000,387130000C,(04)23274275,(04)23288582,2025,06,13,18,27,臺中市,北屯區,0,0,0,5,,,50,,,,,,,,,,,,,,13,,,,,B03,,,1,,9,,,35,35,2,12,4,120.685283,24.172033,3
4904,66000,387130000C,(04)23274275,(04)23288582,2025,06,13,18,29,臺中市,西屯區,0,1,0,5,1,6,40,13,8,1,4,4,6,6,4,4,1,4,3,2,13,3,10,2,1,C03,7,9,1,10,2,11,,7,7,1,12,4,120.655092,24.159971,2
4905,66000,387130000C,(04)23274275,(04)23288582,2025,06,13,18,29,臺中市,西屯區,0,0,0,5,,,50,,,,,,,,,,,,,,12,,,,,B12,,,1,,1,,,40,40,1,13,4,120.606736,24.193464,3
4906,66000,387130000C,(04)23274275,(04)23288582,2025,06,13,18,30,臺中市,北屯區,0,1,0,5,1,6,40,13,8,1,4,4,6,6,4,4,10,5,5,2,18,2,9,2,1,C03,7,12,1,10,2,16,,82,82,1,6,4,120.721645,24.183825,2
4907,66000,387130000C,(04)23274275,(04)23288582,2025,06,13,18,30,臺中市,大肚區,0,0,0,5,,,40,,,,,,,,,,,,,,,,,,,C03,,,1,,2,,,84,84,1,6,4,120.547389,24.155422,3
4908,66000,387130000C,(04)23274275,(04)23288582,2025,06,13,18,31,臺中市,西屯區,0,0,0,5,,,40,,,,,,,,,,,,,,13,,,,,B03,,,1,,1,,,7,7,1,13,4,120.645191,24.162759,3
4909,66000,387130000C,(04)23274275,(04)23288582,2025,06,13,18,31,臺中市,西屯區,0,1,0,5,1,6,50,13,9,1,4,4,6,6,4,4,10,4,5,2,26,2,9,3,1,B03,7,9,1,8,2,1,,84,84,1,13,4,120.594843,24.194457,2
4910,66000,387130000C,(04)23274275,(04)23288582,2025,06,13,18,36,臺中市,西屯區,0,1,0,5,1,6,50,3,1,1,4,4,6,6,4,4,10,5,5,1,12,3,10,3,1,B03,7,9,5,8,2,5,,39,39,1,12,4,120.639285,24.183026,2
4911,66000,387130000C,(04)23274275,(04)23288582,2025,06,13,18,38,臺中市,沙鹿區,0,0,0,7,,,1,,,,,,,,,,,,,,17,,,,,B12,,,1,,2,,,8,8,1,6,4,120.560878,24.20681,3
4912,66000,387130000C,(04)23274275,(04)23288582,2025,06,13,18,40,臺中市,霧峰區,0,0,0,5,,,50,,,,,,,,,,,,,,17,,,,,C03,,,1,10,2,,,84,84,1,13,4,120.700025,24.077394,3
4913,66000,387130000C,(04)23274275,(04)23288582,2025,06,13,18,43,臺中市,大里區,0,0,0,5,,,50,,,,,,,,,,,,,,12,,,,,B03,,,1,,1,,,77,77,1,12,4,120.690432,24.092344,3
4914,66000,387130000C,(04)23274275,(04)23288582,2025,06,13,18,44,臺中市,沙鹿區,0,0,0,5,,,50,,,,,,,,,,,,,,17,,,,,B03,,,1,,2,,,4,4,1,6,4,120.566583,24.235749,3
4915,66000,387130000C,(04)23274275,(04)23288582,2025,06,13,18,45,臺中市,太平區,0,1,0,5,1,6,50,4,1,1,4,4,6,6,2,1,10,5,5,2,17,2,8,2,1,C03,7,9,1,10,2,12,,84,84,1,12,4,120.713834,24.158994,2
4916,66000,387130000C,(04)23274275,(04)23288582,2025,06,13,18,45,臺中市,清水區,0,1,0,5,3,6,40,13,8,1,4,4,6,6,4,4,1,4,4,2,12,2,9,2,1,F01,7,15,7,21,1,15,,84,84,1,12,4,120.536557,24.272195,2
4917,66000,387130000C,(04)23274275,(04)23288582,2025,06,13,18,46,臺中市,中區,0,0,0,5,,,50,,,,,,,,,,,,,,12,,,,,B03,,,1,,2,,,8,8,1,13,4,120.685721,24.143193,3
4918,66000,387130000C,(04)23274275,(04)23288582,2025,06,13,18,49,臺中市,大里區,0,1,0,5,2,6,50,13,9,1,4,4,6,6,4,4,5,4,5,1,18,2,9,1,1,C03,7,9,1,10,2,11,,87,87,1,12,4,120.687727,24.101144,2
4919,66000,387130000C,(04)23274275,(04)23288582,2025,06,13,18,52,臺中市,大里區,0,2,0,5,1,6,30,13,9,1,4,4,6,6,4,4,10,5,5,2,11,2,9,1,1,C03,7,9,5,19,2,11,,84,84,1,12,4,120.690414,24.118289,2
4920,66000,387130000C,(04)23274275,(04)23288582,2025,06,13,18,54,臺中市,烏日區,0,0,0,7,,,80,,,,,,,,,,,,,,13,,,,,B03,,,1,,2,,,7,7,1,6,4,120.616521,24.107356,3
4921,66000,387130000C,(04)23274275,(04)23288582,2025,06,13,18,55,臺中市,豐原區,0,0,0,5,,,50,,,,,,,,,,,,,,13,,,,,B03,,,1,,2,,,84,84,1,13,4,120.708038,24.250443,3
4922,66000,387130000C,(04)23274275,(04)23288582,2025,06,13,19,3,臺中市,北屯區,0,0,0,5,,3,80,,,,,,,,,,,,,,,,,,,B03,,,1,,2,,,7,7,1,12,4,120.676588,24.200934,3
4923,66000,387130000C,(04)23274275,(04)23288582,2025,06,13,19,5,臺中市,南屯區,0,1,0,5,1,6,50,4,1,1,4,4,6,6,2,1,10,5,5,2,16,3,10,3,1,B03,7,5,1,8,2,2,,11,11,1,12,4,120.637184,24.15155,2
4924,66000,387130000C,(04)23274275,(04)23288582,2025,06,13,19,5,臺中市,沙鹿區,0,0,0,5,,,60,,,,,,,,,,,,,,12,,,,,B03,,,1,,2,,,8,8,1,12,4,120.580966,24.201586,3
4925,66000,387130000C,(04)23274275,(04)23288582,2025,06,13,19,6,臺中市,東區,0,1,0,7,1,6,50,4,1,1,4,4,6,6,2,1,10,5,5,2,17,3,10,3,1,B03,7,6,1,8,2,2,,11,11,1,13,4,120.689069,24.134083,2
4926,66000,387130000C,(04)23274275,(04)23288582,2025,06,13,19,10,臺中市,西屯區,0,0,0,5,,,50,,,,,,,,,,,,,,13,,,,,B03,,,1,,1,,,59,59,1,13,4,120.666796,24.175136,3
4927,66000,387130000C,(04)23274275,(04)23288582,2025,06,13,19,11,臺中市,沙鹿區,0,1,0,5,1,6,30,5,1,1,4,4,6,6,3,1,10,5,5,2,17,2,9,1,1,C03,7,6,1,10,2,12,,24,24,1,12,4,120.564279,24.236543,2
4928,66000,387130000C,(04)23274275,(04)23288582,2025,06,13,19,12,臺中市,西區,0,1,0,7,3,6,50,4,1,1,4,4,6,6,4,4,10,5,5,2,15,2,9,1,1,C03,7,9,1,10,2,12,,15,15,1,13,4,120.661096,24.148861,2
4929,66000,387130000C,(04)23274275,(04)23288582,2025,06,13,19,12,臺中市,北屯區,0,0,0,5,,,50,,,,,,,,,,,,,,17,,,,,B03,,,1,,1,,,14,14,1,12,4,120.671074,24.182708,3
4930,66000,387130000C,(04)23274275,(04)23288582,2025,06,13,19,12,臺中市,太平區,0,0,0,5,,,40,,,,,,,,,,,,,,12,,,,,B03,,,1,,2,,,51,51,1,6,4,120.715287,24.158896,3
4931,66000,387130000C,(04)23274275,(04)23288582,2025,06,13,19,13,臺中市,北區,0,1,0,5,1,6,50,4,7,1,4,4,6,6,2,1,3,4,4,2,18,2,9,1,1,C03,7,12,1,10,2,12,,84,84,1,13,2,120.677477,24.153731,2
4932,66000,387130000C,(04)23274275,(04)23288582,2025,06,13,19,17,臺中市,中區,0,1,0,5,1,6,30,4,1,1,4,4,6,6,4,4,10,5,5,2,15,2,9,1,1,C03,7,9,1,10,2,12,,15,15,1,12,4,120.681104,24.137584,2
4933,66000,387130000C,(04)23274275,(04)23288582,2025,06,13,19,17,臺中市,西屯區,0,0,0,5,,,80,,,,,,,,,,,,,,17,,,,,B03,,,1,,1,,,40,40,1,13,4,120.632719,24.171544,3
4934,66000,387130000C,(04)23274275,(04)23288582,2025,06,13,19,19,臺中市,大雅區,0,1,0,5,1,6,50,5,2,1,4,4,6,6,2,1,1,4,5,1,12,3,10,3,1,A05,7,5,1,2,2,5,,84,84,1,12,4,120.667759,24.215867,2
4935,66000,387130000C,(04)23274275,(04)23288582,2025,06,13,19,24,臺中市,西屯區,0,1,0,5,1,6,50,4,1,1,4,4,6,6,1,1,10,5,5,1,16,3,10,3,1,B03,7,6,1,8,2,8,,48,48,1,12,4,120.65681,24.184602,2
4936,66000,387130000C,(04)23274275,(04)23288582,2025,06,13,19,24,臺中市,霧峰區,0,2,0,5,1,6,50,13,9,1,4,4,6,6,4,4,9,5,5,1,8,2,9,5,4,C03,7,9,1,10,2,11,,84,84,1,13,4,120.707806,24.074029,2
4937,66000,387130000C,(04)23274275,(04)23288582,2025,06,13,19,25,臺中市,西屯區,0,0,0,5,,,50,,,,,,,,,,,,,,,,,,,B03,,,1,,1,,,11,11,1,13,4,120.660864,24.172447,3
4938,66000,387130000C,(04)23274275,(04)23288582,2025,06,13,19,26,臺中市,北屯區,0,0,0,5,,,80,,,,,,,,,,,,,,13,,,,,B03,,,1,,1,,,7,7,1,12,4,120.718981,24.1623,3
4939,66000,387130000C,(04)23274275,(04)23288582,2025,06,13,19,27,臺中市,東區,0,0,0,5,,,50,,,,,,,,,,,,,,12,,,,,B03,,,1,,2,,,40,40,1,13,4,120.685344,24.129724,3
4940,66000,387130000C,(04)23274275,(04)23288582,2025,06,13,19,27,臺中市,大里區,0,0,0,5,,,30,,,,,,,,,,,,,,11,,,,,B03,,,1,,2,,,8,8,1,6,4,120.703075,24.104305,3
4941,66000,387130000C,(04)23274275,(04)23288582,2025,06,13,19,33,臺中市,霧峰區,0,2,0,5,1,6,50,3,1,1,4,4,6,6,4,4,5,5,5,2,16,2,8,1,1,C03,7,6,1,10,2,11,,14,14,1,12,4,120.697017,24.064484,2
4942,66000,387130000C,(04)23274275,(04)23288582,2025,06,13,19,34,臺中市,西屯區,0,0,0,6,,,60,,,,,,,,,,,,,,,,,,,B03,,,1,,1,,,49,49,1,12,4,120.638467,24.168039,3
4943,66000,387130000C,(04)23274275,(04)23288582,2025,06,13,19,35,臺中市,大甲區,0,1,0,5,1,6,50,13,9,1,4,4,6,6,4,4,5,5,5,1,18,2,9,3,1,B03,7,9,1,8,7,1,,53,53,1,12,4,120.663012,24.374647,2
4944,66000,387130000C,(04)23274275,(04)23288582,2025,06,13,19,38,臺中市,北屯區,0,1,0,5,2,6,50,4,1,1,4,4,6,6,2,1,10,5,5,2,12,2,8,1,1,C03,7,9,1,10,2,11,,7,7,1,12,4,120.696122,24.167847,2
4945,66000,387130000C,(04)23274275,(04)23288582,2025,06,13,19,39,臺中市,太平區,0,0,0,5,,,80,,,,,,,,,,,,,,13,,,,,B03,,,1,,2,,,7,7,1,6,4,120.717367,24.157693,3
4946,66000,387130000C,(04)23274275,(04)23288582,2025,06,13,19,43,臺中市,烏日區,0,0,0,7,,,50,,,,,,,,,,,,,,13,,,,,B03,,,1,,2,,,7,7,1,6,4,120.618815,24.115264,3
4947,66000,387130000C,(04)23274275,(04)23288582,2025,06,13,19,46,臺中市,豐原區,0,1,0,5,1,6,50,4,1,1,4,4,6,6,2,1,5,4,4,2,17,3,10,5,4,B03,7,6,1,8,2,2,,11,11,1,12,4,120.712658,24.250852,2
4948,66000,387130000C,(04)23274275,(04)23288582,2025,06,13,19,47,臺中市,龍井區,0,0,0,6,,,50,,,,,,,,,,,,,,13,,,,,B03,,,1,,1,,,7,7,1,12,4,120.584117,24.181516,3
4949,66000,387130000C,(04)23274275,(04)23288582,2025,06,13,19,50,臺中市,北屯區,0,0,0,7,,,50,,,,,,,,,,,,,,9,,,,,B03,,,1,8,9,,,8,8,1,12,4,120.695653,24.170439,3
4950,66000,387130000C,(04)23274275,(04)23288582,2025,06,13,19,50,臺中市,北屯區,0,0,0,5,,,80,,,,,,,,,,,,,,13,,,,,B03,,,1,,1,,,7,7,1,12,4,120.719235,24.162855,3
4951,66000,387130000C,(04)23274275,(04)23288582,2025,06,13,19,51,臺中市,西區,0,1,0,7,1,6,50,4,1,1,4,4,6,6,4,4,10,5,5,1,17,3,10,5,4,B01,7,6,1,4,1,16,,84,84,1,6,4,120.66185,24.139526,2
4952,66000,387130000C,(04)23274275,(04)23288582,2025,06,13,20,0,臺中市,西區,0,0,0,5,,,50,,,,,,,,,,,,,,9,,,,,B03,,,1,,2,,,50,50,1,13,4,120.666617,24.146233,3
4953,66000,387130000C,(04)23274275,(04)23288582,2025,06,13,20,0,臺中市,豐原區,0,0,0,6,,,50,,,,,,,,,,,,,,13,,,,,B03,,,1,,2,,,56,56,1,13,4,120.745501,24.263323,3
4954,66000,387130000C,(04)23274275,(04)23288582,2025,06,13,20,2,臺中市,西屯區,0,1,0,5,1,6,40,13,8,1,4,4,6,6,4,4,1,3,1,2,13,2,9,5,4,C03,7,12,1,10,2,11,,84,84,1,13,4,120.642864,24.201458,2
4955,66000,387130000C,(04)23274275,(04)23288582,2025,06,13,20,10,臺中市,沙鹿區,0,1,0,5,1,6,50,3,1,1,4,4,6,6,4,4,1,4,4,2,16,3,10,3,1,B03,7,5,1,8,2,2,,47,47,1,12,4,120.558762,24.231661,2
4956,66000,387130000C,(04)23274275,(04)23288582,2025,06,13,20,15,臺中市,北屯區,0,0,0,5,,3,80,,,,,,,,,,,,,,,,,,,B02,,,1,,1,,,7,7,1,12,4,120.720724,24.168041,3
4957,66000,387130000C,(04)23274275,(04)23288582,2025,06,13,20,20,臺中市,烏日區,0,0,0,7,,,50,,,,,,,,,,,,,,14,,,,,B03,,,1,,1,,,7,7,1,12,4,120.643134,24.072838,3
4958,66000,387130000C,(04)23274275,(04)23288582,2025,06,13,20,25,臺中市,后里區,0,2,0,5,1,6,50,5,1,1,4,4,6,6,1,1,5,5,4,1,17,2,9,2,1,C03,7,9,1,10,7,12,,84,84,1,12,4,120.709878,24.30378,2
4959,66000,387130000C,(04)23274275,(04)23288582,2025,06,13,20,28,臺中市,太平區,0,1,0,6,1,6,50,4,1,1,5,4,6,6,1,1,10,5,5,2,16,3,10,3,1,B03,7,11,1,8,2,5,,45,45,1,12,4,120.722009,24.14929,2
4960,66000,387130000C,(04)23274275,(04)23288582,2025,06,13,20,29,臺中市,西屯區,0,0,0,5,,,50,,,,,,,,,,,,,,13,,,,,C03,,,1,,1,,,7,7,1,12,4,120.64574,24.170086,3
4961,66000,387130000C,(04)23274275,(04)23288582,2025,06,13,20,47,臺中市,南區,0,1,0,5,1,6,50,4,1,1,4,4,6,6,2,1,10,5,5,2,23,2,9,3,1,B03,7,6,1,8,2,1,,59,59,1,12,4,120.659681,24.130024,2
4962,66000,387130000C,(04)23274275,(04)23288582,2025,06,13,20,50,臺中市,西屯區,0,0,0,5,,,,,,,,,,,,,,,,,,,,,,,,,,,,,,86,86,1,,,120.634948,24.179291,3
4963,66000,387130000C,(04)23274275,(04)23288582,2025,06,13,20,56,臺中市,烏日區,0,0,0,7,,,30,,,,,,,,,,,,,,14,,,,,A41,,,1,,1,,,8,8,1,6,4,120.587833,24.113847,4
4964,66000,387130000C,(04)23274275,(04)23288582,2025,06,13,20,59,臺中市,后里區,0,0,0,5,,,60,,,,,,,,,,,,,,13,,,,,B12,,,1,,1,,,84,84,1,13,4,120.723074,24.287771,3
4965,66000,387130000C,(04)23274275,(04)23288582,2025,06,13,21,1,臺中市,烏日區,0,1,0,7,2,6,40,10,9,1,5,4,6,6,4,4,10,4,5,2,18,2,9,1,1,C03,7,9,1,10,2,11,14,84,84,1,6,4,120.642204,24.114806,2
4966,66000,387130000C,(04)23274275,(04)23288582,2025,06,13,21,7,臺中市,龍井區,0,0,0,6,,,30,,,,,,,,,,,,,,,,,,,B03,,,1,,1,,,8,8,1,6,4,120.533983,24.214563,3
4967,66000,387130000C,(04)23274275,(04)23288582,2025,06,13,21,9,臺中市,西屯區,0,0,0,5,,,50,,,,,,,,,,,,,,13,,,,,C03,,,1,,1,,,7,7,1,13,4,120.654097,24.167492,3
4968,66000,387130000C,(04)23274275,(04)23288582,2025,06,13,21,9,臺中市,太平區,0,0,0,7,,,50,,,,,,,,,,,,,,,,,,,B03,,,1,,1,,,84,84,1,12,4,120.710896,24.151066,3
4969,66000,387130000C,(04)23274275,(04)23288582,2025,06,13,21,13,臺中市,西區,0,1,0,5,1,6,50,5,1,1,4,4,6,6,4,4,9,4,5,2,12,3,10,3,1,B12,7,11,1,8,2,4,,45,45,1,12,4,120.67081,24.149462,2
4970,66000,387130000C,(04)23274275,(04)23288582,2025,06,13,21,15,臺中市,西區,0,0,0,7,,,50,,,,,,,,,,,,,,12,,,,,B03,,,1,,1,,,40,40,1,12,4,120.657829,24.146711,3
4971,66000,387130000C,(04)23274275,(04)23288582,2025,06,13,21,19,臺中市,南屯區,0,0,0,6,,,50,,,,,,,,,,,,,,,,,,,B03,,,1,,2,,,58,58,1,12,4,120.647309,24.123992,3
4972,66000,387130000C,(04)23274275,(04)23288582,2025,06,13,21,22,臺中市,大肚區,0,1,0,7,1,6,60,13,8,1,5,4,6,6,4,4,1,4,4,1,17,3,10,3,1,B02,7,13,1,2,2,4,,76,76,1,6,4,120.542274,24.168181,2
4973,66000,387130000C,(04)23274275,(04)23288582,2025,06,13,21,26,臺中市,西屯區,0,0,0,7,,,60,,,,,,,,,,,,,,,,,,,B03,,,1,,1,,,11,11,1,12,4,120.665314,24.166746,3
4974,66000,387130000C,(04)23274275,(04)23288582,2025,06,13,21,32,臺中市,南區,0,0,0,5,,,50,,,,,,,,,,,,,,14,,,,,B03,,,1,,1,,,49,49,1,6,4,120.675093,24.124627,3
4975,66000,387130000C,(04)23274275,(04)23288582,2025,06,13,21,35,臺中市,神岡區,0,1,0,7,2,6,50,13,9,1,5,4,6,6,4,4,5,4,5,1,18,2,9,5,4,C03,7,15,1,10,8,11,,59,59,1,13,4,120.6782,24.260466,2
4976,66000,387130000C,(04)23274275,(04)23288582,2025,06,13,21,36,臺中市,豐原區,0,0,0,7,,,30,,,,,,,,,,,,,,17,,,,,B03,,,1,,2,,,84,84,1,12,4,120.719291,24.265392,3
4977,66000,387130000C,(04)23274275,(04)23288582,2025,06,13,21,40,臺中市,南屯區,0,0,0,6,1,6,50,13,9,1,5,4,6,6,1,1,3,4,5,2,13,,,,,B03,,,1,,1,,,59,59,1,12,4,120.63286,24.145334,3
4978,66000,387130000C,(04)23274275,(04)23288582,2025,06,13,21,40,臺中市,太平區,0,0,0,7,,,50,,,,,,,,,,,,,,,,,,,B03,,,1,,2,,,7,7,1,12,4,120.717108,24.131415,3
4979,66000,387130000C,(04)23274275,(04)23288582,2025,06,13,21,45,臺中市,太平區,0,2,0,7,1,6,50,3,1,1,5,4,6,6,4,4,10,5,5,2,3,2,9,2,1,C03,7,9,1,10,2,11,,10,10,1,12,4,120.734194,24.145065,2
4980,66000,387130000C,(04)23274275,(04)23288582,2025,06,13,21,50,臺中市,南區,0,0,0,7,,,50,,,,,,,,,,,,,,,,,,,B03,,,1,,1,,,7,7,1,13,4,120.663897,24.124894,3
4981,66000,387130000C,(04)23274275,(04)23288582,2025,06,13,22,9,臺中市,豐原區,0,0,0,7,,,0,,,,,,,,,,,,,,17,,,,,B03,,,1,,1,,,85,85,1,12,4,120.720463,24.252893,3
4982,66000,387130000C,(04)23274275,(04)23288582,2025,06,13,22,11,臺中市,北區,0,1,1,7,1,6,50,13,9,1,5,4,6,6,4,4,9,5,5,2,3,2,9,2,1,C03,7,9,2,19,2,11,,59,59,1,12,4,120.688112,24.160334,2
4983,66000,387130000C,(04)23274275,(04)23288582,2025,06,13,22,18,臺中市,龍井區,0,1,0,6,1,6,50,13,9,1,5,4,6,6,4,4,5,5,5,1,30,2,8,2,1,C03,7,9,1,10,9,11,,59,59,1,6,4,120.525371,24.213753,2
4984,66000,387130000C,(04)23274275,(04)23288582,2025,06,13,22,37,臺中市,西屯區,0,0,0,7,,,50,,,,,,,,,,,,,,13,,,,,C02,,,1,,1,,,7,7,1,12,4,120.641233,24.168328,3
4985,66000,387130000C,(04)23274275,(04)23288582,2025,06,13,22,40,臺中市,東區,0,1,0,7,1,6,50,3,1,1,5,4,6,6,4,4,10,5,5,2,17,3,10,3,1,B03,7,15,1,8,2,8,,84,84,1,13,4,120.686914,24.14311,2
4986,66000,387130000C,(04)23274275,(04)23288582,2025,06,13,22,43,臺中市,石岡區,0,1,0,6,1,6,40,13,8,1,4,4,6,6,4,4,1,4,4,1,18,2,9,1,1,C03,7,9,1,10,2,14,,84,84,1,12,4,120.805859,24.266693,2
4987,66000,387130000C,(04)23274275,(04)23288582,2025,06,13,22,51,臺中市,中區,0,2,0,7,1,6,50,4,2,1,5,4,6,6,2,1,5,4,5,2,13,2,9,1,1,C03,7,9,1,10,2,11,,59,59,1,13,3,120.679166,24.147102,2
4988,66000,387130000C,(04)23274275,(04)23288582,2025,06,13,22,56,臺中市,北區,0,0,0,5,,,40,,,,,,,,,,,,,,17,,,,,,,,,,,,,119,119,1,,,120.694582,24.156267,3
4989,66000,387130000C,(04)23274275,(04)23288582,2025,06,13,23,11,臺中市,神岡區,0,2,0,7,2,6,50,13,9,1,5,4,5,6,4,4,9,5,5,1,21,2,9,5,4,B03,7,9,1,8,2,1,,43,43,1,13,4,120.644442,24.253795,2
4990,66000,387130000C,(04)23274275,(04)23288582,2025,06,13,23,15,臺中市,西區,0,2,0,7,1,6,50,4,1,1,5,4,6,6,4,4,10,5,5,2,15,2,9,2,1,C03,7,9,1,10,2,12,,15,15,1,12,4,120.658844,24.149628,2
4991,66000,387130000C,(04)23274275,(04)23288582,2025,06,13,23,20,臺中市,北區,0,0,0,7,,,50,,,,,,,,,,,,,,17,,,,,C03,,,1,,9,,,85,85,1,13,4,120.682249,24.161399,3
4992,66000,387130000C,(04)23274275,(04)23288582,2025,06,13,23,28,臺中市,烏日區,0,0,0,7,,,70,,,,,,,,,,,,,,14,,,,,B03,,,1,,2,,,49,49,1,6,4,120.598287,24.110882,3
4993,66000,387130000C,(04)23274275,(04)23288582,2025,06,13,23,30,臺中市,沙鹿區,0,0,0,7,,,50,,,,,,,,,,,,,,23,,,,,B01,,,1,,2,,,59,59,1,6,4,120.559828,24.238001,3
4994,66000,387130000C,(04)23274275,(04)23288582,2025,06,13,23,46,臺中市,北區,0,0,0,5,,,30,,,,,,,,,,,,,,17,,,,,,,,,,,,,119,119,1,,,120.681796,24.162587,3
4995,66000,387130000C,(04)23274275,(04)23288582,2025,06,13,23,47,臺中市,外埔區,0,0,0,7,1,6,50,3,9,1,5,4,6,6,1,1,4,4,4,1,17,3,10,3,1,B12,7,1,3,19,2,8,,51,51,1,12,4,120.638696,24.341664,3
4996,66000,387130000C,(04)23274275,(04)23288582,2025,06,13,23,50,臺中市,中區,0,1,0,7,1,6,50,4,1,1,5,4,6,6,1,1,10,5,5,2,17,3,10,3,1,B03,7,11,1,8,2,8,,45,45,1,12,4,120.677269,24.145735,2
4997,66000,387130000C,(04)23274275,(04)23288582,2025,06,13,23,50,臺中市,大里區,0,1,0,7,1,6,60,3,1,1,5,4,6,6,1,1,10,5,5,2,16,2,9,1,1,C03,7,6,1,10,2,14,,48,48,1,6,4,120.687356,24.087292,2
4998,66000,387130000C,(04)23274275,(04)23288582,2025,06,13,23,55,臺中市,大雅區,0,0,0,7,,,,,,,,,,,,,,,,,25,,,,,,,,,,,,,119,119,1,,,120.620747,24.225511,3
4999,66000,387130000C,(04)23274275,(04)23288582,2025,06,14,0,0,臺中市,西屯區,0,0,0,7,,,50,,,,,,,,,,,,,,,,,,,B03,,,1,,2,,,50,50,1,12,4,120.608053,24.194779,3
5000,66000,387130000C,(04)23274275,(04)23288582,2025,06,14,0,26,臺中市,西屯區,0,0,0,7,,,50,,,,,,,,,,,,,,17,,,,,B03,,,1,,2,,,59,59,1,13,4,120.649986,24.175776,3
5001,66000,387130000C,(04)23274275,(04)23288582,2025,06,14,0,52,臺中市,北屯區,0,0,0,7,,,40,,,,,,,,,,,,,,,,,,,A12,,,1,,1,,,56,56,1,6,4,120.686952,24.201243,3
5002,66000,387130000C,(04)23274275,(04)23288582,2025,06,14,1,10,臺中市,中區,0,1,0,6,1,6,50,13,7,1,5,4,6,6,4,4,9,4,4,2,17,2,9,1,1,C03,7,6,1,10,2,11,,39,39,1,12,4,120.677904,24.146166,2
5003,66000,387130000C,(04)23274275,(04)23288582,2025,06,14,1,20,臺中市,西區,0,2,0,7,1,6,30,4,1,1,5,4,6,6,4,4,10,5,5,2,15,2,9,2,1,C03,7,9,1,10,2,12,,15,15,1,12,4,120.660894,24.149686,2
5004,66000,387130000C,(04)23274275,(04)23288582,2025,06,14,2,15,臺中市,北區,0,2,0,7,1,6,50,13,7,1,5,4,6,6,4,4,5,4,4,2,17,2,9,5,1,C03,7,1,1,10,2,14,,51,51,1,13,4,120.671391,24.159057,2
5005,66000,387130000C,(04)23274275,(04)23288582,2025,06,14,3,1,臺中市,沙鹿區,0,0,0,7,,,30,,,,,,,,,,,,,,17,,,,,C03,,,1,,11,,,59,59,1,12,4,120.583445,24.223438,3
5006,66000,387130000C,(04)23274275,(04)23288582,2025,06,14,3,59,臺中市,東區,0,0,0,7,,,50,,,,,,,,,,,,,,12,,,,,B12,,,1,,1,,,84,84,1,13,4,120.694166,24.134788,3
5007,66000,387130000C,(04)23274275,(04)23288582,2025,06,14,4,55,臺中市,太平區,0,1,0,7,1,6,50,11,9,1,5,4,6,6,4,4,9,4,5,1,17,3,10,3,1,B12,7,9,1,8,2,1,,39,39,1,12,4,120.71707,24.125284,2
5008,66000,387130000C,(04)23274275,(04)23288582,2025,06,14,4,57,臺中市,北屯區,0,2,0,7,1,6,50,4,1,1,5,4,6,6,2,1,10,5,5,2,16,2,9,2,1,C03,7,5,1,10,2,13,,65,65,1,6,4,120.692835,24.168127,2
5009,66000,387130000C,(04)23274275,(04)23288582,2025,06,14,5,10,臺中市,大雅區,0,0,0,7,,,30,,,,,,,,,,,,,,,,,,,B03,,,1,,2,,,49,49,1,13,4,120.655106,24.222435,3
5010,66000,387130000C,(04)23274275,(04)23288582,2025,06,14,5,28,臺中市,北區,0,2,0,7,2,6,30,4,1,1,5,4,6,6,4,4,10,5,5,2,15,2,9,1,1,C03,7,9,1,10,2,11,,12,12,1,13,4,120.668303,24.17278,2
5011,66000,387130000C,(04)23274275,(04)23288582,2025,06,14,6,5,臺中市,西屯區,0,0,0,7,,,30,,,,,,,,,,,,,,,,,,,C03,,,3,,9,,,50,50,1,12,4,120.645778,24.179839,3
5012,66000,387130000C,(04)23274275,(04)23288582,2025,06,14,6,38,臺中市,大雅區,0,2,0,7,3,6,30,4,1,1,5,4,6,6,4,4,10,5,5,2,15,2,8,2,1,C03,7,9,3,19,2,12,,15,15,1,13,4,120.668928,24.233493,2
5013,66000,387130000C,(04)23274275,(04)23288582,2025,06,14,6,40,臺中市,北區,0,0,0,7,,,50,,,,,,,,,,,,,,13,,,,,B03,,,1,,2,,,7,7,1,13,4,120.67192,24.171681,4
5014,66000,387130000C,(04)23274275,(04)23288582,2025,06,14,6,44,臺中市,外埔區,0,1,0,7,2,6,50,3,2,1,5,4,6,6,4,4,1,3,5,2,20,2,9,3,1,B03,7,9,1,8,2,5,,84,84,1,12,4,120.642451,24.337981,2