﻿序號,縣市別代碼,機關代碼,市話,傳真,年,月,日,時,分,縣市,區,死亡數量,受傷數量,2-30,天候,道路照明設備,道路類別,道路速限,道路型態,事故位置,路面鋪裝,路面狀態,路面缺陷,障礙物,視距,號誌種類,號誌動作,分向設施,快車道或一般車道間,快慢車道間,路面邊線,事故類型及型態,受傷程度,主要傷處,保護裝備,行動電話或功能裝置,當事者區分_類別,車輛用途,當事者行動狀態,駕照狀態,駕照種類,飲酒情形,車輛撞擊部位最初,車輛撞擊部位其他,肇事因素個別,肇事因素主要,肇事逃逸,職業,共享經濟或外送平台,GPS座標X,GPS座標Y,事故類別
5015,66000,387130000C,(04)23274275,(04)23288582,2025,06,14,7,20,臺中市,豐原區,0,1,0,7,1,6,50,4,2,1,5,4,6,6,1,1,5,4,4,1,17,3,10,3,1,B03,7,8,1,8,2,2,,84,84,1,6,4,120.720232,24.258959,2
5016,66000,387130000C,(04)23274275,(04)23288582,2025,06,14,7,39,臺中市,西屯區,0,2,0,6,2,6,40,3,2,1,5,4,6,6,1,1,5,4,4,2,13,2,8,5,4,C03,7,9,1,10,2,11,,7,7,1,12,4,120.592514,24.167894,2
5017,66000,387130000C,(04)23274275,(04)23288582,2025,06,14,7,45,臺中市,西屯區,0,1,0,7,2,6,40,4,2,1,5,4,6,6,2,1,1,4,1,2,13,3,10,3,4,B03,7,9,1,8,2,5,,59,59,1,12,4,120.644164,24.201417,2
5018,66000,387130000C,(04)23274275,(04)23288582,2025,06,14,7,48,臺中市,潭子區,0,0,0,7,,,50,,,,,,,,,,,,,,,,,,,B03,,,1,,2,,,59,59,1,13,4,120.680968,24.207486,3
5019,66000,387130000C,(04)23274275,(04)23288582,2025,06,14,7,56,臺中市,大雅區,0,1,0,7,3,6,30,13,9,1,5,4,6,6,4,4,10,5,5,2,21,2,9,1,1,C03,7,9,1,10,2,11,,84,84,1,13,4,120.638708,24.226225,2
5020,66000,387130000C,(04)23274275,(04)23288582,2025,06,14,8,0,臺中市,西屯區,0,1,0,7,2,6,50,4,1,1,5,4,6,6,2,1,10,5,5,2,15,3,10,3,1,B03,7,9,1,8,2,1,,21,21,1,13,4,120.646847,24.173372,2
5021,66000,387130000C,(04)23274275,(04)23288582,2025,06,14,8,0,臺中市,大甲區,0,1,0,7,2,6,50,13,9,1,5,4,6,6,4,4,10,5,5,2,18,2,9,2,1,C03,7,6,1,10,2,14,,59,59,1,6,4,120.635434,24.354502,2
5022,66000,387130000C,(04)23274275,(04)23288582,2025,06,14,8,4,臺中市,潭子區,0,2,0,7,2,6,50,3,1,1,5,4,6,6,4,4,5,4,4,2,17,2,8,1,1,C03,7,6,1,10,2,11,,13,13,1,13,4,120.691575,24.217223,2
5023,66000,387130000C,(04)23274275,(04)23288582,2025,06,14,8,4,臺中市,西屯區,0,1,0,6,3,6,40,5,8,1,5,4,6,6,2,1,5,5,4,2,17,2,9,1,1,C03,7,6,1,10,2,11,,59,59,1,13,4,120.657768,24.16315,2
5024,66000,387130000C,(04)23274275,(04)23288582,2025,06,14,8,9,臺中市,太平區,0,0,0,7,2,6,50,13,9,1,5,4,6,6,4,4,5,5,5,2,17,3,10,3,1,B03,7,9,1,8,4,2,,84,84,1,12,4,120.715778,24.160145,3
5025,66000,387130000C,(04)23274275,(04)23288582,2025,06,14,8,14,臺中市,太平區,0,2,0,7,2,6,50,4,1,1,5,4,6,6,1,1,10,5,5,2,16,2,3,2,1,C03,7,6,1,10,2,12,,11,11,1,13,4,120.719431,24.131456,2
5026,66000,387130000C,(04)23274275,(04)23288582,2025,06,14,8,20,臺中市,大雅區,0,0,0,7,,,60,,,,,,,,,,,,,,,,,,,B03,,,1,,1,,,7,7,1,13,4,120.650589,24.211072,3
5027,66000,387130000C,(04)23274275,(04)23288582,2025,06,14,8,20,臺中市,烏日區,0,1,0,6,2,6,40,12,8,1,4,4,6,6,4,4,1,5,1,1,18,2,9,2,1,C03,7,9,1,10,2,12,,59,59,1,6,4,120.586564,24.111802,2
5028,66000,387130000C,(04)23274275,(04)23288582,2025,06,14,8,28,臺中市,西屯區,0,0,0,6,,,80,,,,,,,,,,,,,,13,,,,,B03,,,1,,1,,,7,7,1,12,4,120.634948,24.179291,3
5029,66000,387130000C,(04)23274275,(04)23288582,2025,06,14,8,28,臺中市,龍井區,0,1,0,6,3,6,30,4,9,5,5,4,6,6,4,4,10,5,5,2,15,2,9,1,1,C03,7,9,1,8,2,12,,20,20,1,6,4,120.564291,24.194261,2
5030,66000,387130000C,(04)23274275,(04)23288582,2025,06,14,8,29,臺中市,北區,0,1,0,7,2,6,50,13,7,1,5,4,6,6,4,4,5,5,4,2,14,3,10,5,4,B03,7,2,1,8,2,3,,49,49,1,12,4,120.666743,24.155543,2
5031,66000,387130000C,(04)23274275,(04)23288582,2025,06,14,8,31,臺中市,霧峰區,0,0,0,6,,,50,,,,,,,,,,,,,,17,,,,,B03,,,1,,2,,,7,7,1,13,4,120.695997,24.053483,3
5032,66000,387130000C,(04)23274275,(04)23288582,2025,06,14,8,39,臺中市,大肚區,0,1,0,6,2,6,30,4,1,1,5,4,6,6,4,4,10,5,5,2,15,3,10,2,1,C03,7,9,1,10,2,12,,15,15,1,6,4,120.577968,24.174603,2
5033,66000,387130000C,(04)23274275,(04)23288582,2025,06,14,8,40,臺中市,東區,0,2,0,7,3,6,50,4,1,1,5,4,6,6,1,1,10,5,5,2,13,3,10,3,1,B03,7,1,1,8,2,5,,51,51,1,6,4,120.709269,24.135319,2
5034,66000,387130000C,(04)23274275,(04)23288582,2025,06,14,8,47,臺中市,太平區,0,0,0,7,,,30,,,,,,,,,,,,,,14,,,,,B03,,,1,,1,,,49,49,1,13,4,120.712818,24.155268,3
5035,66000,387130000C,(04)23274275,(04)23288582,2025,06,14,8,49,臺中市,太平區,0,0,0,7,,,30,,,,,,,,,,,,,,,,,,,B03,,,1,,2,,,50,50,1,12,4,120.717932,24.119288,3
5036,66000,387130000C,(04)23274275,(04)23288582,2025,06,14,8,50,臺中市,沙鹿區,0,1,0,6,1,6,30,13,9,1,5,4,6,6,4,4,10,5,5,2,17,4,11,1,1,C03,7,9,3,19,2,14,,41,41,1,13,4,120.596925,24.220919,2
5037,66000,387130000C,(04)23274275,(04)23288582,2025,06,14,8,51,臺中市,北屯區,0,2,0,7,2,6,50,3,1,1,5,4,6,6,2,1,10,5,5,2,17,2,9,1,1,C03,7,9,1,10,2,11,,85,85,1,6,4,120.678248,24.200795,2
5038,66000,387130000C,(04)23274275,(04)23288582,2025,06,14,8,51,臺中市,豐原區,0,1,0,7,2,6,50,13,9,1,5,4,6,6,4,4,5,4,5,2,12,3,10,5,4,B03,7,7,1,8,2,2,,40,40,1,13,4,120.720196,24.259382,2
5039,66000,387130000C,(04)23274275,(04)23288582,2025,06,14,8,54,臺中市,清水區,0,0,0,7,,,70,,,,,,,,,,,,,,13,,,,,B03,,,1,,1,,,84,84,1,13,4,120.56266,24.263312,3
5040,66000,387130000C,(04)23274275,(04)23288582,2025,06,14,8,55,臺中市,大甲區,0,1,0,7,3,6,50,4,1,1,5,4,6,6,4,4,10,5,5,2,27,2,9,5,4,C03,7,9,1,10,2,11,,84,84,1,6,4,120.614746,24.356894,2
5041,66000,387130000C,(04)23274275,(04)23288582,2025,06,14,9,3,臺中市,大肚區,0,0,0,7,,,50,,,,,,,,,,,,,,,,,,,B03,,,1,,2,,,59,59,1,6,4,120.543069,24.162551,3
5042,66000,387130000C,(04)23274275,(04)23288582,2025,06,14,9,4,臺中市,太平區,0,0,0,7,,,50,,,,,,,,,,,,,,,,,,,B03,,,4,,10,,,85,85,1,12,4,120.716144,24.134867,3
5043,66000,387130000C,(04)23274275,(04)23288582,2025,06,14,9,5,臺中市,西區,0,1,0,6,2,6,40,3,1,1,5,4,6,6,4,4,10,5,5,2,17,2,9,6,1,F01,7,1,7,21,2,11,,51,51,1,12,4,120.675282,24.138677,2
5044,66000,387130000C,(04)23274275,(04)23288582,2025,06,14,9,5,臺中市,西屯區,0,0,0,7,,,50,,,,,,,,,,,,,,,,,,,B03,,,1,,1,,,59,59,1,12,4,120.612718,24.192604,4
5045,66000,387130000C,(04)23274275,(04)23288582,2025,06,14,9,6,臺中市,大里區,0,1,0,7,2,6,50,13,9,1,5,4,6,6,4,4,1,4,5,1,16,3,10,3,1,B03,7,5,1,8,2,5,,47,47,1,12,4,120.67879,24.113307,2
5046,66000,387130000C,(04)23274275,(04)23288582,2025,06,14,9,7,臺中市,南屯區,0,0,0,7,,,50,,,,,,,,,,,,,,17,,,,,C03,,,1,,2,,,54,54,1,12,4,120.653003,24.136701,3
5047,66000,387130000C,(04)23274275,(04)23288582,2025,06,14,9,16,臺中市,北屯區,0,0,0,7,,,50,,,,,,,,,,,,,,12,,,,,B03,,,1,,2,,,84,84,1,12,4,120.699462,24.183738,3
5048,66000,387130000C,(04)23274275,(04)23288582,2025,06,14,9,22,臺中市,西屯區,0,0,0,7,,,50,,,,,,,,,,,,,,13,,,,,B03,,,1,,1,,,59,59,1,13,4,120.636047,24.160479,3
5049,66000,387130000C,(04)23274275,(04)23288582,2025,06,14,9,22,臺中市,西屯區,0,1,0,6,2,6,30,3,1,1,5,4,6,6,4,4,1,4,5,2,16,3,10,5,4,B03,7,5,1,8,2,4,,13,13,1,12,4,120.65349,24.167347,2
5050,66000,387130000C,(04)23274275,(04)23288582,2025,06,14,9,23,臺中市,南區,0,0,0,7,,,50,,,,,,,,,,,,,,,,,,,B03,,,1,,1,,,7,7,1,6,4,120.673652,24.129776,4
5051,66000,387130000C,(04)23274275,(04)23288582,2025,06,14,9,28,臺中市,東區,0,1,0,7,2,6,50,4,1,1,5,4,6,6,1,1,10,5,5,2,17,3,10,3,1,B12,7,1,1,8,2,8,,51,51,1,12,4,120.705875,24.137122,2
5052,66000,387130000C,(04)23274275,(04)23288582,2025,06,14,9,28,臺中市,豐原區,0,0,0,7,,,50,,,,,,,,,,,,,,17,,,,,C03,,,1,,2,,,51,51,1,12,4,120.723202,24.240097,3
5053,66000,387130000C,(04)23274275,(04)23288582,2025,06,14,9,30,臺中市,南屯區,0,1,0,7,3,6,50,4,1,1,5,4,6,6,2,1,10,5,5,2,12,2,9,2,4,C03,7,6,1,10,2,14,,84,84,1,6,4,120.643922,24.138187,2
5054,66000,387130000C,(04)23274275,(04)23288582,2025,06,14,9,40,臺中市,烏日區,0,1,0,7,2,6,50,5,1,1,5,4,6,6,1,1,10,5,5,2,17,2,9,1,1,C03,7,6,3,19,2,14,,84,84,1,12,4,120.643892,24.083485,2
5055,66000,387130000C,(04)23274275,(04)23288582,2025,06,14,9,42,臺中市,北屯區,0,1,0,7,3,6,50,4,1,1,5,4,6,6,1,1,10,5,5,2,16,3,10,3,1,B03,7,5,1,8,2,2,,20,20,1,13,4,120.691287,24.170528,2
5056,66000,387130000C,(04)23274275,(04)23288582,2025,06,14,9,45,臺中市,南屯區,0,1,0,7,3,6,50,13,9,1,5,4,6,6,4,4,9,5,5,2,12,3,10,3,1,B03,7,9,1,8,1,2,,8,8,1,12,4,120.639076,24.13937,2
5057,66000,387130000C,(04)23274275,(04)23288582,2025,06,14,9,46,臺中市,北區,0,0,0,7,,,50,,,,,,,,,,,,,,13,,,,,B03,,,1,,2,,,59,59,1,13,4,120.668112,24.173201,3
5058,66000,387130000C,(04)23274275,(04)23288582,2025,06,14,10,0,臺中市,西屯區,0,0,0,7,,,50,,,,,,,,,,,,,,17,,,,,A11,,,1,,2,,,8,8,1,12,4,120.622274,24.178083,3
5059,66000,387130000C,(04)23274275,(04)23288582,2025,06,14,10,0,臺中市,沙鹿區,0,0,0,7,,,60,,,,,,,,,,,,,,,,,,,B03,,,1,,1,,,84,84,1,12,4,120.569447,24.237655,3
5060,66000,387130000C,(04)23274275,(04)23288582,2025,06,14,10,5,臺中市,南屯區,0,1,0,7,2,6,50,4,1,1,5,4,6,6,2,1,1,4,5,2,16,3,10,3,1,B03,7,5,1,8,2,5,,11,11,1,12,4,120.623293,24.140684,2
5061,66000,387130000C,(04)23274275,(04)23288582,2025,06,14,10,5,臺中市,西屯區,0,0,0,7,,,50,,,,,,,,,,,,,,13,,,,,B03,,,1,,1,,,7,7,1,13,4,120.635143,24.172003,3
5062,66000,387130000C,(04)23274275,(04)23288582,2025,06,14,10,6,臺中市,大雅區,0,0,0,7,,,30,,,,,,,,,,,,,,,,,,,B03,,,1,,2,,,84,84,1,13,4,120.63146,24.228436,3
5063,66000,387130000C,(04)23274275,(04)23288582,2025,06,14,10,10,臺中市,北屯區,0,0,0,7,,3,80,,,,,,,,,,,,,,17,,,,,A12,,,1,,9,,,84,84,1,6,4,120.722492,24.189478,3
5064,66000,387130000C,(04)23274275,(04)23288582,2025,06,14,10,14,臺中市,北屯區,0,0,0,7,,,40,,,,,,,,,,,,,,13,,,,,B03,,,1,,1,,,7,7,1,12,4,120.681962,24.20088,3
5065,66000,387130000C,(04)23274275,(04)23288582,2025,06,14,10,15,臺中市,大甲區,0,1,0,7,3,6,50,3,1,1,5,4,6,6,4,4,10,5,5,2,17,2,9,5,4,C03,7,4,1,10,2,12,,2,2,1,6,4,120.646762,24.384091,2
5066,66000,387130000C,(04)23274275,(04)23288582,2025,06,14,10,15,臺中市,豐原區,0,2,0,7,1,6,50,4,1,1,5,4,6,6,1,1,5,4,4,2,17,3,10,3,1,B03,7,6,1,8,2,2,,11,11,1,6,4,120.712753,24.25084,2
5067,66000,387130000C,(04)23274275,(04)23288582,2025,06,14,10,16,臺中市,大里區,0,1,0,7,3,6,50,3,1,1,5,4,6,6,3,1,5,4,5,1,18,2,9,5,4,F01,7,9,7,21,2,12,,84,84,1,13,4,120.698224,24.10414,2
5068,66000,387130000C,(04)23274275,(04)23288582,2025,06,14,10,22,臺中市,西屯區,0,2,0,6,3,6,30,11,9,1,5,4,6,6,4,4,10,5,5,2,11,2,9,1,1,C03,7,9,1,10,2,11,,41,41,1,13,4,120.625377,24.169515,2
5069,66000,387130000C,(04)23274275,(04)23288582,2025,06,14,10,22,臺中市,烏日區,0,0,0,7,,,60,,,,,,,,,,,,,,13,,,,,C03,,,1,,2,,,7,7,1,6,4,120.618106,24.105695,3
5070,66000,387130000C,(04)23274275,(04)23288582,2025,06,14,10,24,臺中市,東區,0,1,0,7,2,6,50,3,1,1,5,4,6,6,2,1,10,5,5,2,12,3,10,3,1,A02,7,9,1,1,2,4,,85,85,1,12,4,120.69096,24.140038,2
5071,66000,387130000C,(04)23274275,(04)23288582,2025,06,14,10,26,臺中市,大里區,0,1,0,7,3,6,50,13,9,1,5,4,6,6,4,4,9,4,5,1,16,2,9,5,4,F03,7,8,7,21,2,14,,40,40,1,13,4,120.674989,24.109173,2
5072,66000,387130000C,(04)23274275,(04)23288582,2025,06,14,10,29,臺中市,南屯區,0,1,0,7,3,6,30,4,1,1,5,4,6,6,4,4,10,5,5,2,17,2,9,5,4,C03,7,5,1,10,2,11,14,20,20,1,6,4,120.635584,24.117606,2
5073,66000,387130000C,(04)23274275,(04)23288582,2025,06,14,10,31,臺中市,西區,0,1,0,7,2,6,50,4,2,1,5,4,6,6,2,1,1,4,5,1,16,3,10,3,1,B03,7,5,1,8,2,2,,84,84,1,13,4,120.675855,24.133176,2
5074,66000,387130000C,(04)23274275,(04)23288582,2025,06,14,10,34,臺中市,大里區,0,4,0,7,2,6,30,4,1,1,5,4,6,6,4,4,10,5,5,2,15,2,8,2,1,C03,7,9,1,10,2,11,,12,12,1,6,4,120.701111,24.087172,2
5075,66000,387130000C,(04)23274275,(04)23288582,2025,06,14,10,36,臺中市,烏日區,0,1,0,7,2,6,50,13,9,1,5,4,6,6,4,4,5,5,5,1,2,3,10,5,4,B03,7,9,1,8,2,5,,84,84,1,12,4,120.638351,24.107338,2
5076,66000,387130000C,(04)23274275,(04)23288582,2025,06,14,10,36,臺中市,石岡區,0,0,0,7,,,50,,,,,,,,,,,,,,12,,,,,A12,,,1,,9,,,8,8,2,13,4,120.77682,24.276463,3
5077,66000,387130000C,(04)23274275,(04)23288582,2025,06,14,10,39,臺中市,西區,0,1,0,6,2,6,50,4,1,1,5,4,6,6,1,1,10,5,5,2,17,3,10,3,1,B03,7,11,1,8,2,2,,45,45,1,12,4,120.661695,24.14553,2
5078,66000,387130000C,(04)23274275,(04)23288582,2025,06,14,10,41,臺中市,大雅區,0,1,0,7,1,6,50,11,9,1,5,4,6,6,4,4,9,5,5,1,27,2,9,1,1,F03,7,9,7,21,2,11,,58,58,1,13,4,120.655079,24.235796,2
5079,66000,387130000C,(04)23274275,(04)23288582,2025,06,14,10,44,臺中市,北區,0,0,0,7,,,50,,,,,,,,,,,,,,17,,,,,C03,,,1,,2,,,84,84,1,13,4,120.684633,24.142499,3
5080,66000,387130000C,(04)23274275,(04)23288582,2025,06,14,10,44,臺中市,大里區,0,1,0,7,2,6,50,4,1,1,5,4,6,6,4,4,1,4,4,1,15,2,8,2,1,C03,7,11,1,10,2,14,,46,46,1,13,4,120.689231,24.101567,2
5081,66000,387130000C,(04)23274275,(04)23288582,2025,06,14,10,47,臺中市,南屯區,0,0,0,7,,,60,,,,,,,,,,,,,,12,,,,,B03,,,1,,1,,,40,40,1,12,4,120.648227,24.123346,3
5082,66000,387130000C,(04)23274275,(04)23288582,2025,06,14,10,49,臺中市,南屯區,0,1,0,6,3,6,50,4,1,1,5,4,6,6,2,1,10,5,5,2,16,3,10,5,4,B03,7,6,1,8,2,6,,11,11,1,6,4,120.649945,24.136684,2
5083,66000,387130000C,(04)23274275,(04)23288582,2025,06,14,10,49,臺中市,西屯區,0,0,0,7,,,50,,,,,,,,,,,,,,,,,,,B03,,,1,,1,,,7,7,1,12,4,120.611752,24.184465,3
5084,66000,387130000C,(04)23274275,(04)23288582,2025,06,14,10,49,臺中市,豐原區,0,1,0,6,2,6,50,3,1,1,5,4,6,6,1,1,5,5,4,2,16,2,9,5,4,C04,7,9,1,10,2,12,,59,59,1,13,4,120.719806,24.251817,2
5085,66000,387130000C,(04)23274275,(04)23288582,2025,06,14,10,51,臺中市,太平區,0,0,0,7,,,50,,,,,,,,,,,,,,,,,,,B03,,,1,,2,,,7,7,1,12,4,120.705194,24.14837,3
5086,66000,387130000C,(04)23274275,(04)23288582,2025,06,14,10,58,臺中市,烏日區,0,3,0,7,2,6,30,13,9,1,5,4,6,6,4,4,10,5,5,2,13,3,10,3,1,A04,7,9,1,2,2,1,,7,7,1,6,4,120.617959,24.110911,2
5087,66000,387130000C,(04)23274275,(04)23288582,2025,06,14,11,1,臺中市,東區,0,1,0,7,2,6,50,13,9,1,5,4,6,6,4,4,5,5,5,2,13,2,9,1,1,C03,7,9,1,10,2,11,,7,7,1,12,4,120.687556,24.141546,2
5088,66000,387130000C,(04)23274275,(04)23288582,2025,06,14,11,1,臺中市,霧峰區,0,1,0,7,2,6,50,5,1,1,5,4,6,6,1,1,10,5,5,1,17,3,10,3,1,B03,7,5,1,8,2,6,,47,47,1,13,4,120.662299,24.072388,2
5089,66000,387130000C,(04)23274275,(04)23288582,2025,06,14,11,2,臺中市,北區,0,1,0,7,2,6,50,3,1,1,5,4,6,6,4,4,10,5,5,2,16,3,10,3,1,B03,7,5,1,8,2,8,,13,13,1,13,4,120.682479,24.166132,2
5090,66000,387130000C,(04)23274275,(04)23288582,2025,06,14,11,9,臺中市,西屯區,0,0,0,7,,,50,,,,,,,,,,,,,,,,,,,A11,,,1,,1,,,78,78,1,12,4,120.639896,24.185495,3
5091,66000,387130000C,(04)23274275,(04)23288582,2025,06,14,11,11,臺中市,豐原區,0,1,0,7,2,6,50,3,1,1,5,4,6,6,4,4,10,5,5,2,17,3,10,5,4,B03,7,5,1,8,2,16,,14,14,1,12,4,120.727608,24.256239,2
5092,66000,387130000C,(04)23274275,(04)23288582,2025,06,14,11,15,臺中市,南區,0,1,0,7,3,6,30,3,1,1,5,4,6,6,4,4,10,5,5,2,11,3,10,3,1,B03,7,9,1,8,2,7,,41,41,1,6,4,120.670853,24.113448,2
5093,66000,387130000C,(04)23274275,(04)23288582,2025,06,14,11,15,臺中市,北屯區,0,1,0,7,2,6,30,13,9,1,5,4,6,6,4,4,10,5,5,2,10,3,10,3,1,B03,7,9,1,8,2,8,,84,84,1,6,4,120.693546,24.165715,2
5094,66000,387130000C,(04)23274275,(04)23288582,2025,06,14,11,19,臺中市,北區,0,0,0,7,,,50,,,,,,,,,,,,,,17,,,,,B03,,,1,,1,,,85,85,1,13,4,120.700553,24.154022,3
5095,66000,387130000C,(04)23274275,(04)23288582,2025,06,14,11,20,臺中市,太平區,0,0,0,7,,,50,,,,,,,,,,,,,,17,,,,,B03,,,1,,2,,,56,56,1,13,4,120.716997,24.148505,3
5096,66000,387130000C,(04)23274275,(04)23288582,2025,06,14,11,20,臺中市,太平區,0,2,0,7,2,6,50,13,7,1,5,4,6,6,4,4,10,4,4,1,16,2,9,2,1,C03,7,9,1,10,2,12,,34,34,1,13,4,120.713984,24.145379,2
5097,66000,387130000C,(04)23274275,(04)23288582,2025,06,14,11,21,臺中市,西屯區,0,1,0,7,3,6,50,13,9,1,5,4,6,6,4,4,5,4,5,2,18,2,9,5,4,C03,7,21,1,10,2,16,,84,84,1,13,4,120.615832,24.177602,2
5098,66000,387130000C,(04)23274275,(04)23288582,2025,06,14,11,25,臺中市,太平區,0,0,0,7,,,50,,,,,,,,,,,,,,,,,,,B03,,,1,,2,,,21,21,1,12,4,120.7071,24.129128,3
5099,66000,387130000C,(04)23274275,(04)23288582,2025,06,14,11,26,臺中市,北區,0,2,0,7,2,6,50,4,2,1,5,4,6,6,1,1,5,4,5,2,17,2,9,5,4,C03,7,5,1,10,2,12,,84,84,1,12,4,120.680972,24.159024,2
5100,66000,387130000C,(04)23274275,(04)23288582,2025,06,14,11,27,臺中市,東區,0,0,0,7,,,50,,,,,,,,,,,,,,16,,,,,B03,,,1,,1,,,48,48,1,6,4,120.68809,24.133661,3
5101,66000,387130000C,(04)23274275,(04)23288582,2025,06,14,11,30,臺中市,北區,0,0,0,7,,,40,,,,,,,,,,,,,,17,,,,,B03,,,1,,2,,,84,84,1,13,4,120.671828,24.171354,3
5102,66000,387130000C,(04)23274275,(04)23288582,2025,06,14,11,31,臺中市,北區,0,0,0,7,,,50,,,,,,,,,,,,,,13,,,,,B03,,,1,,1,,,59,59,1,13,4,120.682297,24.163027,3
5103,66000,387130000C,(04)23274275,(04)23288582,2025,06,14,11,33,臺中市,沙鹿區,0,1,0,7,3,6,50,4,1,1,5,4,6,6,1,1,10,5,5,2,12,3,10,3,1,B03,7,1,1,8,2,8,,51,51,1,13,4,120.579865,24.215445,2
5104,66000,387130000C,(04)23274275,(04)23288582,2025,06,14,11,35,臺中市,大雅區,0,1,0,6,1,6,50,4,1,1,5,4,6,6,4,4,5,5,5,1,18,2,7,2,1,C03,7,9,1,10,2,12,,84,84,1,12,4,120.64853,24.226061,2
5105,66000,387130000C,(04)23274275,(04)23288582,2025,06,14,11,39,臺中市,西區,0,1,0,7,2,6,50,3,1,1,5,4,6,6,4,4,10,5,5,2,17,3,10,3,1,B01,7,7,1,4,2,6,,40,40,1,12,4,120.670429,24.137984,2
5106,66000,387130000C,(04)23274275,(04)23288582,2025,06,14,11,39,臺中市,梧棲區,0,0,0,7,,,70,,,,,,,,,,,,,,13,,,,,B03,,,1,,1,,,7,7,1,6,4,120.556184,24.252098,3
5107,66000,387130000C,(04)23274275,(04)23288582,2025,06,14,11,39,臺中市,新社區,0,0,0,7,,,30,,,,,,,,,,,,,,11,,,,,B03,,,1,,2,,,41,41,1,13,4,120.806641,24.202749,3
5108,66000,387130000C,(04)23274275,(04)23288582,2025,06,14,11,42,臺中市,西屯區,0,0,0,7,,,50,,,,,,,,,,,,,,17,,,,,B03,,,1,,1,,,8,8,1,13,4,120.647481,24.17467,3
5109,66000,387130000C,(04)23274275,(04)23288582,2025,06,14,11,42,臺中市,太平區,0,1,0,7,2,6,40,11,9,1,5,4,6,6,4,4,5,4,5,1,30,2,9,1,1,C03,7,9,1,10,2,11,,84,84,1,4,4,120.780107,24.108525,2
5110,66000,387130000C,(04)23274275,(04)23288582,2025,06,14,11,47,臺中市,大里區,0,0,0,7,,,50,,,,,,,,,,,,,,13,,,,,B03,,,1,,1,,,7,7,1,6,4,120.682174,24.081444,3
5111,66000,387130000C,(04)23274275,(04)23288582,2025,06,14,11,50,臺中市,北屯區,0,2,0,7,2,6,50,4,1,1,5,4,6,6,2,1,10,5,5,2,11,3,10,1,1,C03,7,6,1,10,2,11,,25,25,1,6,4,120.70396,24.182162,2
5112,66000,387130000C,(04)23274275,(04)23288582,2025,06,14,11,52,臺中市,北屯區,0,2,0,7,3,6,40,4,2,1,5,4,6,6,1,1,5,5,4,2,16,2,9,1,1,F03,7,1,7,21,2,14,,51,51,1,12,4,120.688179,24.175632,2
5113,66000,387130000C,(04)23274275,(04)23288582,2025,06,14,12,0,臺中市,北區,0,0,0,7,2,6,50,13,9,1,5,4,6,6,4,4,5,5,5,2,17,3,10,6,5,C03,8,13,7,21,10,12,,87,87,1,12,5,120.669473,24.169132,3
5114,66000,387130000C,(04)23274275,(04)23288582,2025,06,14,12,2,臺中市,南屯區,0,0,0,7,3,6,50,13,7,1,5,4,6,6,1,1,5,5,4,2,14,,,,,B03,,,1,,1,,,49,49,1,12,4,120.637974,24.142458,3
5115,66000,387130000C,(04)23274275,(04)23288582,2025,06,14,12,4,臺中市,大甲區,0,0,0,7,,,70,,,,,,,,,,,,,,13,,,,,B03,,,5,,1,,,7,7,1,6,4,120.60804,24.326358,3
5116,66000,387130000C,(04)23274275,(04)23288582,2025,06,14,12,11,臺中市,北區,0,0,0,7,,,50,,,,,,,,,,,,,,17,,,,,B03,,,1,,2,,,40,40,1,12,4,120.676016,24.145499,3
5117,66000,387130000C,(04)23274275,(04)23288582,2025,06,14,12,16,臺中市,沙鹿區,0,1,0,7,2,6,30,4,1,1,5,4,6,6,4,4,10,5,5,2,15,2,9,1,1,C03,7,9,1,10,2,11,,15,15,1,13,4,120.563769,24.246542,2
5118,66000,387130000C,(04)23274275,(04)23288582,2025,06,14,12,19,臺中市,南屯區,0,0,0,7,3,6,50,4,1,1,5,4,6,6,2,1,10,5,5,2,18,3,10,5,4,C03,7,9,1,10,2,14,,84,84,1,6,4,120.633979,24.146171,4
5119,66000,387130000C,(04)23274275,(04)23288582,2025,06,14,12,19,臺中市,北屯區,0,1,0,7,3,6,50,13,7,1,5,4,6,6,4,4,9,5,4,2,16,3,10,3,1,B03,7,7,3,19,2,2,,84,84,1,13,4,120.687743,24.177016,2
5120,66000,387130000C,(04)23274275,(04)23288582,2025,06,14,12,20,臺中市,龍井區,0,1,0,7,3,6,30,4,1,1,5,4,6,6,4,4,10,5,5,2,15,2,9,1,1,C03,7,9,1,8,2,11,,20,20,1,5,4,120.53063,24.179213,2
5121,66000,387130000C,(04)23274275,(04)23288582,2025,06,14,12,20,臺中市,豐原區,0,0,0,7,,,50,,,,,,,,,,,,,,13,,,,,C03,,,1,,2,,,7,7,1,12,4,120.716239,24.239236,3
5122,66000,387130000C,(04)23274275,(04)23288582,2025,06,14,12,25,臺中市,西屯區,0,0,0,7,,,60,,,,,,,,,,,,,,12,,,,,B03,,,1,,1,,,59,59,1,12,4,120.648537,24.163133,3
5123,66000,387130000C,(04)23274275,(04)23288582,2025,06,14,12,26,臺中市,北屯區,0,1,0,7,2,6,50,13,9,1,5,4,6,6,4,4,7,5,5,2,12,3,10,1,1,C03,7,1,1,10,2,14,,51,51,1,6,4,120.699828,24.166601,2