﻿序號,縣市別代碼,機關代碼,市話,傳真,年,月,日,時,分,縣市,區,死亡數量,受傷數量,2-30,天候,道路照明設備,道路類別,道路速限,道路型態,事故位置,路面鋪裝,路面狀態,路面缺陷,障礙物,視距,號誌種類,號誌動作,分向設施,快車道或一般車道間,快慢車道間,路面邊線,事故類型及型態,受傷程度,主要傷處,保護裝備,行動電話或功能裝置,當事者區分_類別,車輛用途,當事者行動狀態,駕照狀態,駕照種類,飲酒情形,車輛撞擊部位最初,車輛撞擊部位其他,肇事因素個別,肇事因素主要,肇事逃逸,職業,共享經濟或外送平台,GPS座標X,GPS座標Y,事故類別
5124,66000,387130000C,(04)23274275,(04)23288582,2025,06,14,12,30,臺中市,西區,0,1,0,6,2,6,25,13,9,1,5,4,6,6,4,4,5,4,5,2,17,2,7,6,1,F02,7,15,7,21,2,11,,82,82,1,12,4,120.65147,24.146652,2
5125,66000,387130000C,(04)23274275,(04)23288582,2025,06,14,12,30,臺中市,西區,0,0,0,7,,,50,,,,,,,,,,,,,,,,,,,B03,,,1,,1,,,40,40,1,13,4,120.656265,24.151013,3
5126,66000,387130000C,(04)23274275,(04)23288582,2025,06,14,12,30,臺中市,大里區,0,1,0,7,2,6,50,4,1,1,5,4,6,6,1,1,10,5,5,1,18,2,9,1,1,C03,7,9,1,10,2,14,,84,84,1,12,4,120.694909,24.112652,2
5127,66000,387130000C,(04)23274275,(04)23288582,2025,06,14,12,39,臺中市,大甲區,0,1,0,7,2,6,50,4,2,1,5,4,6,6,1,1,10,5,5,2,17,3,10,4,1,B03,7,13,1,8,2,4,,76,76,1,6,4,120.620303,24.34476,2
5128,66000,387130000C,(04)23274275,(04)23288582,2025,06,14,12,40,臺中市,西屯區,0,0,0,7,,,50,,,,,,,,,,,,,,13,,,,,B03,,,1,,1,,,7,7,1,13,4,120.615116,24.18491,3
5129,66000,387130000C,(04)23274275,(04)23288582,2025,06,14,12,40,臺中市,大甲區,0,0,0,7,,,50,,,,,,,,,,,,,,12,,,,,C03,,,1,,2,,,84,84,1,6,4,120.620894,24.346435,3
5130,66000,387130000C,(04)23274275,(04)23288582,2025,06,14,12,43,臺中市,北區,0,0,0,7,,,50,,,,,,,,,,,,,,17,,,,,B01,,,1,,1,,,85,85,1,13,4,120.682386,24.163183,4
5131,66000,387130000C,(04)23274275,(04)23288582,2025,06,14,12,51,臺中市,西區,0,0,0,7,,,50,,,,,,,,,,,,,,,,,,,B03,,,1,,1,,,84,84,1,12,4,120.660187,24.140158,3
5132,66000,387130000C,(04)23274275,(04)23288582,2025,06,14,12,52,臺中市,西屯區,0,1,0,7,3,6,50,4,1,1,5,4,6,6,2,1,10,5,5,2,16,2,8,1,1,C03,7,6,1,10,1,11,,48,48,1,13,4,120.617498,24.185346,2
5133,66000,387130000C,(04)23274275,(04)23288582,2025,06,14,12,55,臺中市,北區,0,0,0,7,,,50,,,,,,,,,,,,,,12,,,,,B01,,,1,,2,,,84,84,1,12,4,120.687108,24.157012,3
5134,66000,387130000C,(04)23274275,(04)23288582,2025,06,14,12,55,臺中市,神岡區,0,0,0,7,,,50,,,,,,,,,,,,,,12,,,,,B03,,,1,,1,,,7,7,1,12,4,120.655431,24.258675,3
5135,66000,387130000C,(04)23274275,(04)23288582,2025,06,14,12,58,臺中市,北區,0,0,0,7,,,30,,,,,,,,,,,,,,17,,,,,B02,,,1,,1,,,84,84,1,12,4,120.682738,24.16441,3
5136,66000,387130000C,(04)23274275,(04)23288582,2025,06,14,13,1,臺中市,烏日區,0,0,0,7,,,50,,,,,,,,,,,,,,,,,,,C03,,,1,,2,,,50,50,1,13,4,120.638602,24.106273,3
5137,66000,387130000C,(04)23274275,(04)23288582,2025,06,14,13,2,臺中市,中區,0,2,0,7,3,6,50,3,1,1,5,4,6,6,4,4,10,5,5,2,17,2,9,1,1,C03,7,6,1,10,2,14,,48,48,1,13,4,120.678049,24.142302,2
5138,66000,387130000C,(04)23274275,(04)23288582,2025,06,14,13,6,臺中市,大甲區,0,1,0,7,3,6,50,4,1,1,5,4,6,6,4,4,5,5,5,1,15,3,10,3,1,B03,7,9,1,8,2,5,,12,12,1,6,4,120.621288,24.347173,2
5139,66000,387130000C,(04)23274275,(04)23288582,2025,06,14,13,9,臺中市,西屯區,0,2,0,7,2,6,50,13,7,1,5,4,6,6,2,1,5,4,4,1,13,3,10,3,1,B02,7,1,1,8,2,1,,51,51,1,12,4,120.613216,24.171574,2
5140,66000,387130000C,(04)23274275,(04)23288582,2025,06,14,13,10,臺中市,西屯區,0,1,0,7,2,6,50,4,1,1,5,4,6,6,1,1,3,2,4,2,13,3,10,2,1,C03,7,6,1,10,2,14,,7,7,1,12,4,120.637465,24.179054,2
5141,66000,387130000C,(04)23274275,(04)23288582,2025,06,14,13,10,臺中市,西屯區,0,0,0,7,,,50,,,,,,,,,,,,,,,,,,,B03,,,1,,1,,,39,39,1,12,4,120.642745,24.1583,3
5142,66000,387130000C,(04)23274275,(04)23288582,2025,06,14,13,15,臺中市,西屯區,0,2,0,6,2,6,60,4,1,1,5,4,6,6,2,1,10,5,5,2,16,3,10,5,4,B03,7,6,1,8,2,2,,25,25,1,12,4,120.635172,24.179435,2
5143,66000,387130000C,(04)23274275,(04)23288582,2025,06,14,13,17,臺中市,南區,0,1,0,7,2,6,50,4,1,1,5,4,6,6,4,4,10,5,5,2,16,2,9,1,1,C03,7,5,1,10,2,12,,85,85,1,12,4,120.662325,24.128039,2
5144,66000,387130000C,(04)23274275,(04)23288582,2025,06,14,13,17,臺中市,霧峰區,0,0,0,7,,,50,,,,,,,,,,,,,,17,,,,,B03,,,1,,2,,,51,51,1,6,4,120.687797,24.045886,3
5145,66000,387130000C,(04)23274275,(04)23288582,2025,06,14,13,18,臺中市,烏日區,0,2,0,7,3,6,50,11,9,1,5,4,6,6,4,4,10,5,5,1,18,2,9,2,1,C03,7,6,1,10,2,16,,43,43,1,6,4,120.59001,24.124101,2
5146,66000,387130000C,(04)23274275,(04)23288582,2025,06,14,13,20,臺中市,西屯區,0,0,0,7,,,30,,,,,,,,,,,,,,,,,,,B03,,,1,,2,,,7,7,1,13,4,120.62954,24.163199,3
5147,66000,387130000C,(04)23274275,(04)23288582,2025,06,14,13,20,臺中市,大甲區,0,0,0,7,,,50,,,,,,,,,,,,,,14,,,,,B03,,,1,,1,,,50,50,1,13,4,120.628073,24.349729,3
5148,66000,387130000C,(04)23274275,(04)23288582,2025,06,14,13,24,臺中市,北屯區,0,1,0,7,2,6,50,4,1,1,5,4,6,6,4,4,10,5,5,2,16,3,10,3,1,B03,7,9,1,8,2,4,,12,12,1,6,4,120.680364,24.179335,2
5149,66000,387130000C,(04)23274275,(04)23288582,2025,06,14,13,28,臺中市,烏日區,0,0,0,7,,,30,,,,,,,,,,,,,,,,,,,A12,,,1,,2,,,84,84,1,12,4,120.633948,24.109858,3
5150,66000,387130000C,(04)23274275,(04)23288582,2025,06,14,13,29,臺中市,南屯區,0,0,0,7,,,50,,,,,,,,,,,,,,12,,,,,B01,,,1,,2,,,40,40,1,12,4,120.645662,24.134688,3
5151,66000,387130000C,(04)23274275,(04)23288582,2025,06,14,13,30,臺中市,西區,0,1,0,7,3,6,50,4,1,1,5,4,6,6,4,4,10,5,5,2,16,2,9,1,1,C03,7,6,1,10,2,12,,13,13,1,13,4,120.676826,24.137804,2
5152,66000,387130000C,(04)23274275,(04)23288582,2025,06,14,13,30,臺中市,烏日區,0,0,0,7,,,50,,,,,,,,,,,,,,,,,,,B03,,,1,,1,,,87,87,1,13,4,120.647545,24.097984,3
5153,66000,387130000C,(04)23274275,(04)23288582,2025,06,14,13,30,臺中市,豐原區,0,0,0,7,,,50,,,,,,,,,,,,,,13,,,,,B03,,,1,,2,,,7,7,1,13,4,120.729395,24.252399,3
5154,66000,387130000C,(04)23274275,(04)23288582,2025,06,14,13,35,臺中市,大甲區,0,1,0,7,2,6,50,13,9,1,5,4,6,6,4,4,5,5,5,1,17,3,10,3,1,B03,7,15,1,8,2,2,,76,76,1,6,4,120.625479,24.346104,2
5155,66000,387130000C,(04)23274275,(04)23288582,2025,06,14,13,36,臺中市,大里區,0,0,0,7,,,30,,,,,,,,,,,,,,,,,,,B03,,,1,,1,,,50,50,1,12,4,120.679148,24.110843,3
5156,66000,387130000C,(04)23274275,(04)23288582,2025,06,14,13,38,臺中市,神岡區,0,2,0,7,2,6,50,5,1,1,5,4,6,6,4,4,10,5,5,2,16,2,9,5,4,C03,7,6,1,10,2,11,,12,12,1,13,4,120.69902,24.252522,2
5157,66000,387130000C,(04)23274275,(04)23288582,2025,06,14,13,38,臺中市,豐原區,0,1,0,6,2,9,30,5,9,1,5,4,6,6,4,4,10,5,5,2,9,2,1,6,5,H01,8,18,7,21,10,17,,109,109,1,13,5,120.726568,24.269729,2
5158,66000,387130000C,(04)23274275,(04)23288582,2025,06,14,13,40,臺中市,西屯區,0,2,0,7,2,6,50,4,2,1,5,4,6,6,2,1,5,5,5,1,16,2,9,1,1,C03,7,6,1,10,2,14,,48,48,1,12,4,120.642519,24.181538,2
5159,66000,387130000C,(04)23274275,(04)23288582,2025,06,14,13,43,臺中市,大里區,0,1,0,7,3,6,50,3,1,1,5,4,3,3,4,4,10,4,5,2,15,2,9,5,4,C03,7,1,1,10,2,14,,51,51,1,13,4,120.6896,24.108786,2
5160,66000,387130000C,(04)23274275,(04)23288582,2025,06,14,13,50,臺中市,豐原區,0,0,0,7,,,50,,,,,,,,,,,,,,13,,,,,B03,,,1,,2,,,7,7,1,12,4,120.749411,24.267975,3
5161,66000,387130000C,(04)23274275,(04)23288582,2025,06,14,13,52,臺中市,南屯區,0,0,0,6,,,60,,,,,,,,,,,,,,13,,,,,B03,,,1,,1,,,59,59,1,5,4,120.652998,24.150687,3
5162,66000,387130000C,(04)23274275,(04)23288582,2025,06,14,13,55,臺中市,北屯區,0,0,0,7,,,30,,,,,,,,,,,,,,9,,,,,B12,,,1,,1,,,8,8,1,6,4,120.709835,24.17085,3
5163,66000,387130000C,(04)23274275,(04)23288582,2025,06,14,13,56,臺中市,北區,0,0,0,7,,,50,,,,,,,,,,,,,,13,,,,,B03,,,1,,1,,,84,84,1,13,4,120.684352,24.158759,3
5164,66000,387130000C,(04)23274275,(04)23288582,2025,06,14,13,57,臺中市,烏日區,0,0,0,7,,,50,,,,,,,,,,,,,,13,,,,,B03,,,1,,2,,,7,7,1,6,4,120.647583,24.073247,3
5165,66000,387130000C,(04)23274275,(04)23288582,2025,06,14,13,58,臺中市,中區,0,2,0,6,2,6,50,13,9,1,5,4,6,6,4,4,10,4,5,2,16,2,8,1,1,C03,7,8,1,10,2,11,14,40,40,1,12,4,120.683118,24.138217,2
5166,66000,387130000C,(04)23274275,(04)23288582,2025,06,14,13,59,臺中市,大雅區,0,0,0,6,,,30,,,,,,,,,,,,,,16,,,,,C03,,,1,,1,,,14,14,1,12,4,120.645877,24.227697,3
5167,66000,387130000C,(04)23274275,(04)23288582,2025,06,14,14,2,臺中市,東區,0,0,0,7,,,50,,,,,,,,,,,,,,,,,,,B01,,,1,,2,,,42,42,1,12,4,120.688484,24.135263,3
5168,66000,387130000C,(04)23274275,(04)23288582,2025,06,14,14,9,臺中市,東區,0,0,0,7,,,30,,,,,,,,,,,,,,13,,,,,B03,,,1,,1,,,7,7,1,12,4,120.68891,24.128824,3
5169,66000,387130000C,(04)23274275,(04)23288582,2025,06,14,14,9,臺中市,南屯區,0,1,0,6,3,6,50,3,8,1,5,4,6,6,4,4,5,5,4,2,16,3,10,5,4,B03,7,11,3,19,2,5,,45,45,1,6,4,120.637532,24.143018,2
5170,66000,387130000C,(04)23274275,(04)23288582,2025,06,14,14,12,臺中市,南區,0,1,0,7,2,6,0,13,21,1,5,4,6,6,4,4,10,5,5,2,17,2,8,1,1,C03,7,1,1,10,9,11,,84,84,1,12,4,120.680245,24.132119,2
5171,66000,387130000C,(04)23274275,(04)23288582,2025,06,14,14,13,臺中市,大雅區,0,1,0,6,2,6,30,4,1,1,5,4,6,6,1,1,10,5,5,1,12,3,10,3,1,B03,7,9,1,8,2,2,,84,84,1,13,4,120.647916,24.222978,2
5172,66000,387130000C,(04)23274275,(04)23288582,2025,06,14,14,14,臺中市,西區,0,0,0,7,,,50,,,,,,,,,,,,,,,,,,,B03,,,1,,1,,,49,49,1,12,4,120.670888,24.151626,3
5173,66000,387130000C,(04)23274275,(04)23288582,2025,06,14,14,15,臺中市,北區,0,0,0,7,,,50,,,,,,,,,,,,,,12,,,,,B03,,,1,,2,,,84,84,1,12,4,120.674211,24.163313,3
5174,66000,387130000C,(04)23274275,(04)23288582,2025,06,14,14,17,臺中市,南屯區,0,0,0,7,,,50,,,,,,,,,,,,,,17,,,,,B13,,,1,,2,,,73,73,1,13,4,120.64647,24.15459,3
5175,66000,387130000C,(04)23274275,(04)23288582,2025,06,14,14,23,臺中市,沙鹿區,0,0,0,7,,,50,,,,,,,,,,,,,,17,,,,,B03,,,1,,2,,,59,59,1,6,4,120.570084,24.198031,3
5176,66000,387130000C,(04)23274275,(04)23288582,2025,06,14,14,30,臺中市,南屯區,0,0,0,7,,,50,,,,,,,,,,,,,,,,,,,B03,,,1,,1,,,59,59,1,6,4,120.650647,24.148829,3
5177,66000,387130000C,(04)23274275,(04)23288582,2025,06,14,14,30,臺中市,太平區,0,0,0,6,,,30,,,,,,,,,,,,,,,,,,,B12,,,1,,2,,,58,58,1,12,4,120.723901,24.153092,3
5178,66000,387130000C,(04)23274275,(04)23288582,2025,06,14,14,36,臺中市,龍井區,0,0,0,7,,,30,,,,,,,,,,,,,,11,,,,,B03,,,1,,1,,,8,8,1,6,4,120.575786,24.183149,3
5179,66000,387130000C,(04)23274275,(04)23288582,2025,06,14,14,38,臺中市,南屯區,0,0,0,7,,,50,,,,,,,,,,,,,,,,,,,B03,,,1,,1,,,8,8,1,12,4,120.649546,24.142697,3
5180,66000,387130000C,(04)23274275,(04)23288582,2025,06,14,14,38,臺中市,大甲區,0,0,0,7,,,50,,,,,,,,,,,,,,13,,,,,B03,,,1,,1,,,84,84,1,6,4,120.633497,24.345041,3
5181,66000,387130000C,(04)23274275,(04)23288582,2025,06,14,14,40,臺中市,南屯區,0,0,0,7,,,50,,,,,,,,,,,,,,13,,,,,C03,,,1,,1,,,58,58,1,5,4,120.623115,24.14989,3
5182,66000,387130000C,(04)23274275,(04)23288582,2025,06,14,14,42,臺中市,西屯區,0,1,0,7,2,6,50,13,9,1,5,4,6,6,4,4,1,4,5,2,12,3,10,3,4,B03,7,7,1,8,2,5,,40,40,1,12,4,120.65019,24.163724,2
5183,66000,387130000C,(04)23274275,(04)23288582,2025,06,14,14,46,臺中市,北區,0,1,0,7,2,6,40,4,1,1,5,4,6,6,1,1,1,4,4,2,16,2,9,1,1,C03,7,9,1,10,2,11,,21,21,1,12,4,120.694253,24.161269,2
5184,66000,387130000C,(04)23274275,(04)23288582,2025,06,14,14,48,臺中市,大雅區,0,0,0,7,,,50,,,,,,,,,,,,,,9,,,,,B03,,,1,,9,,,8,8,1,13,4,120.644536,24.221136,3
5185,66000,387130000C,(04)23274275,(04)23288582,2025,06,14,14,50,臺中市,大雅區,0,0,0,7,,,30,,,,,,,,,,,,,,,,,,,E03,,,1,,2,,,84,84,1,12,4,120.647566,24.22126,3
5186,66000,387130000C,(04)23274275,(04)23288582,2025,06,14,14,54,臺中市,西屯區,0,0,0,7,,,50,,,,,,,,,,,,,,12,,,,,C03,,,1,,1,,,59,59,1,13,4,120.647894,24.174161,3
5187,66000,387130000C,(04)23274275,(04)23288582,2025,06,14,14,55,臺中市,沙鹿區,0,1,0,7,3,6,50,5,1,1,5,4,6,6,1,1,1,4,4,2,17,2,9,1,1,C03,7,11,1,10,2,12,,36,36,1,13,4,120.558681,24.233563,2
5188,66000,387130000C,(04)23274275,(04)23288582,2025,06,14,14,56,臺中市,西區,0,0,0,7,,,50,,,,,,,,,,,,,,,,,,,B03,,,1,,1,,,84,84,1,12,4,120.670492,24.153412,3
5189,66000,387130000C,(04)23274275,(04)23288582,2025,06,14,14,57,臺中市,西屯區,0,0,0,7,,,50,,,,,,,,,,,,,,14,,,,,B03,,,1,,2,,,49,49,1,13,4,120.609717,24.18832,3
5190,66000,387130000C,(04)23274275,(04)23288582,2025,06,14,14,58,臺中市,霧峰區,0,1,0,7,2,6,50,13,9,1,5,4,6,6,4,4,5,5,5,1,13,3,10,3,1,B03,7,9,5,19,2,1,,7,7,1,12,4,120.698623,24.043263,2
5191,66000,387130000C,(04)23274275,(04)23288582,2025,06,14,15,6,臺中市,西屯區,0,0,0,6,,,40,,,,,,,,,,,,,,17,,,,,B03,,,1,,2,,,50,50,1,12,4,120.635804,24.168699,3
5192,66000,387130000C,(04)23274275,(04)23288582,2025,06,14,15,7,臺中市,北屯區,0,1,0,7,1,6,50,4,1,1,5,4,6,6,4,4,10,5,5,2,15,3,10,5,4,C03,7,9,1,9,1,11,,15,15,1,13,4,120.70286,24.168944,2
5193,66000,387130000C,(04)23274275,(04)23288582,2025,06,14,15,8,臺中市,烏日區,0,0,0,7,,,50,,,,,,,,,,,,,,13,,,,,C03,,,1,,2,,,84,84,1,6,4,120.610676,24.113578,3
5194,66000,387130000C,(04)23274275,(04)23288582,2025,06,14,15,12,臺中市,潭子區,0,0,0,6,,,50,,,,,,,,,,,,,,,,,,,B03,,,1,,2,,,48,48,1,13,4,120.709422,24.200329,3
5195,66000,387130000C,(04)23274275,(04)23288582,2025,06,14,15,12,臺中市,后里區,0,0,0,7,,,50,,,,,,,,,,,,,,,,,,,B03,,,1,,2,,,15,15,1,6,4,120.681,24.305401,3
5196,66000,387130000C,(04)23274275,(04)23288582,2025,06,14,15,13,臺中市,南區,0,0,0,7,,,50,,,,,,,,,,,,,,17,,,,,B12,,,1,,2,,,51,51,1,12,4,120.674002,24.124593,3
5197,66000,387130000C,(04)23274275,(04)23288582,2025,06,14,15,17,臺中市,東區,0,0,0,7,,,50,,,,,,,,,,,,,,16,,,,,F01,,,7,,1,,,48,48,1,2,4,120.706049,24.144484,3
5198,66000,387130000C,(04)23274275,(04)23288582,2025,06,14,15,20,臺中市,北屯區,0,0,0,7,,,50,,,,,,,,,,,,,,10,,,,,C03,,,1,,1,,,41,41,1,12,4,120.742449,24.191943,3
5199,66000,387130000C,(04)23274275,(04)23288582,2025,06,14,15,21,臺中市,北區,0,0,0,7,,,50,,,,,,,,,,,,,,,,,,,B03,,,1,,1,,,84,84,1,13,4,120.674616,24.162533,3
5200,66000,387130000C,(04)23274275,(04)23288582,2025,06,14,15,24,臺中市,北區,0,0,0,7,,,40,,,,,,,,,,,,,,,,,,,B03,,,1,,1,,,49,49,1,12,4,120.682492,24.14517,3
5201,66000,387130000C,(04)23274275,(04)23288582,2025,06,14,15,27,臺中市,南屯區,0,1,0,7,3,6,50,4,1,1,5,4,6,6,2,1,10,5,5,2,15,2,7,5,4,C03,7,9,1,10,2,11,,21,21,1,6,4,120.648253,24.129518,2
5202,66000,387130000C,(04)23274275,(04)23288582,2025,06,14,15,29,臺中市,梧棲區,0,0,0,7,,,40,,,,,,,,,,,,,,13,,,,,B12,,,1,,1,,,7,7,1,6,4,120.534589,24.250407,3
5203,66000,387130000C,(04)23274275,(04)23288582,2025,06,14,15,33,臺中市,北區,0,1,0,7,2,6,50,4,1,1,5,4,6,6,4,4,5,5,5,2,15,2,9,1,1,C03,7,9,1,10,2,11,,15,15,1,12,4,120.678817,24.158193,2
5204,66000,387130000C,(04)23274275,(04)23288582,2025,06,14,15,37,臺中市,后里區,0,0,0,7,,,50,,,,,,,,,,,,,,,,,,,B03,,,1,,2,,,51,51,1,6,4,120.712815,24.310445,3
5205,66000,387130000C,(04)23274275,(04)23288582,2025,06,14,15,38,臺中市,北區,0,0,0,7,,,50,,,,,,,,,,,,,,,,,,,B03,,,1,,2,,,87,87,1,13,4,120.674112,24.155734,3
5206,66000,387130000C,(04)23274275,(04)23288582,2025,06,14,15,41,臺中市,霧峰區,0,0,0,7,,,50,,,,,,,,,,,,,,17,,,,,B03,,,1,8,2,,,85,85,1,13,4,120.70234,24.070838,3
5207,66000,387130000C,(04)23274275,(04)23288582,2025,06,14,15,50,臺中市,西屯區,0,1,0,7,2,6,40,3,1,1,5,4,6,6,4,4,10,5,5,2,13,2,9,1,1,C03,7,9,1,10,2,11,,7,7,1,13,4,120.647016,24.170606,2
5208,66000,387130000C,(04)23274275,(04)23288582,2025,06,14,15,53,臺中市,北屯區,0,1,0,7,3,6,40,13,8,1,5,4,6,6,4,4,1,4,1,2,17,2,1,3,1,B02,7,9,4,8,6,5,,53,53,1,12,4,120.730161,24.161093,2
5209,66000,387130000C,(04)23274275,(04)23288582,2025,06,14,15,56,臺中市,神岡區,0,0,0,7,,,50,,,,,,,,,,,,,,30,,,,,A11,,,1,,2,,,59,59,1,13,4,120.65873,24.256543,3
5210,66000,387130000C,(04)23274275,(04)23288582,2025,06,14,16,5,臺中市,西區,0,0,0,7,,,50,,,,,,,,,,,,,,,,,,,B03,,,1,,1,,,84,84,1,12,4,120.665275,24.147883,3
5211,66000,387130000C,(04)23274275,(04)23288582,2025,06,14,16,6,臺中市,神岡區,0,0,0,7,,,60,,,,,,,,,,,,,,12,,,,,B03,,,1,,2,,,84,84,1,13,4,120.692608,24.248189,3
5212,66000,387130000C,(04)23274275,(04)23288582,2025,06,14,16,10,臺中市,北區,0,0,0,5,2,6,50,13,9,1,4,4,6,6,4,4,5,4,5,2,17,,,,,B03,,,1,,1,,,50,50,1,12,4,120.675208,24.146,3
5213,66000,387130000C,(04)23274275,(04)23288582,2025,06,14,16,12,臺中市,大里區,0,0,0,7,,,50,,,,,,,,,,,,,,,,,,,B03,,,1,,2,,,1,1,1,12,4,120.699534,24.096373,3
5214,66000,387130000C,(04)23274275,(04)23288582,2025,06,14,16,16,臺中市,太平區,0,2,0,6,2,6,50,4,4,1,5,4,6,6,1,1,5,4,5,2,13,2,9,1,1,C03,7,9,1,10,2,11,,7,7,1,12,4,120.701848,24.153605,2
5215,66000,387130000C,(04)23274275,(04)23288582,2025,06,14,16,24,臺中市,大里區,0,1,0,7,2,6,50,4,1,1,5,4,6,6,1,1,10,5,5,2,17,3,10,5,4,B03,7,5,1,8,2,2,,87,87,1,13,4,120.715726,24.099169,2
5216,66000,387130000C,(04)23274275,(04)23288582,2025,06,14,16,24,臺中市,豐原區,0,1,0,7,2,6,50,13,8,1,5,4,6,6,1,1,1,4,4,1,17,3,10,5,4,B03,7,7,1,8,2,5,,59,59,1,12,4,120.742555,24.263713,2
5217,66000,387130000C,(04)23274275,(04)23288582,2025,06,14,16,26,臺中市,豐原區,0,0,0,7,,,50,,,,,,,,,,,,,,17,,,,,B03,,,1,,2,,,84,84,1,13,4,120.713301,24.254337,3
5218,66000,387130000C,(04)23274275,(04)23288582,2025,06,14,16,29,臺中市,沙鹿區,0,1,0,7,2,6,40,3,1,1,5,4,6,6,1,1,3,3,3,2,17,2,9,1,1,C03,7,9,1,10,2,11,,7,7,1,13,4,120.574615,24.228355,2
5219,66000,387130000C,(04)23274275,(04)23288582,2025,06,14,16,30,臺中市,豐原區,0,0,0,7,,,50,,,,,,,,,,,,,,13,,,,,B13,,,1,,2,,,59,59,1,13,4,120.749853,24.268327,3
5220,66000,387130000C,(04)23274275,(04)23288582,2025,06,14,16,31,臺中市,西屯區,0,1,0,7,2,6,40,4,1,1,5,4,6,6,1,1,10,5,5,2,12,3,10,3,4,B03,7,5,1,8,2,2,,20,20,1,13,4,120.624293,24.178419,2
5221,66000,387130000C,(04)23274275,(04)23288582,2025,06,14,16,32,臺中市,北屯區,0,0,0,7,,,50,,,,,,,,,,,,,,12,,,,,B03,,,1,,1,,,40,40,1,6,4,120.724333,24.161911,3
5222,66000,387130000C,(04)23274275,(04)23288582,2025,06,14,16,34,臺中市,南區,0,0,0,7,,,50,,,,,,,,,,,,,,17,,,,,C03,,,1,,1,,,49,49,1,5,4,120.679492,24.120829,3
5223,66000,387130000C,(04)23274275,(04)23288582,2025,06,14,16,35,臺中市,北區,0,2,0,7,2,6,50,4,1,1,5,4,6,6,1,1,5,5,5,2,17,2,9,2,1,C03,7,6,1,10,2,12,,11,11,1,12,4,120.677601,24.159187,2
5224,66000,387130000C,(04)23274275,(04)23288582,2025,06,14,16,36,臺中市,新社區,0,0,0,7,,,30,,,,,,,,,,,,,,,,,,,C01,,,1,,2,,,41,41,1,12,4,120.770808,24.237459,3
5225,66000,387130000C,(04)23274275,(04)23288582,2025,06,14,16,37,臺中市,大雅區,0,2,0,7,1,6,50,4,1,1,5,4,6,6,1,1,10,5,5,2,16,2,9,2,1,C03,7,6,1,10,2,11,,11,11,1,12,4,120.648289,24.226613,2
5226,66000,387130000C,(04)23274275,(04)23288582,2025,06,14,16,38,臺中市,西區,0,0,0,7,,,50,,,,,,,,,,,,,,,,,,,B03,,,1,,1,,,84,84,1,13,4,120.666792,24.141224,3
5227,66000,387130000C,(04)23274275,(04)23288582,2025,06,14,16,41,臺中市,霧峰區,0,1,0,7,2,6,50,4,1,1,5,4,6,6,4,4,10,5,5,2,17,3,10,3,1,B03,7,14,1,8,2,4,,76,76,1,12,4,120.698357,24.062445,2
5228,66000,387130000C,(04)23274275,(04)23288582,2025,06,14,16,42,臺中市,外埔區,0,0,0,7,2,6,30,13,9,1,5,4,6,6,4,4,10,5,5,2,14,3,10,3,1,B03,7,2,1,8,2,7,,49,49,1,12,4,120.621638,24.321046,3
5229,66000,387130000C,(04)23274275,(04)23288582,2025,06,14,16,45,臺中市,潭子區,0,1,0,7,2,8,20,13,13,1,5,4,6,6,4,4,10,5,5,1,2,3,10,6,1,F01,7,9,7,21,2,11,,84,84,1,12,4,120.706542,24.219898,2
5230,66000,387130000C,(04)23274275,(04)23288582,2025,06,14,16,47,臺中市,北屯區,0,2,0,7,1,6,50,4,1,1,5,4,6,6,2,1,10,5,5,2,17,3,10,5,4,B03,7,5,1,8,2,5,,11,11,1,13,4,120.671321,24.193079,2
5231,66000,387130000C,(04)23274275,(04)23288582,2025,06,14,16,48,臺中市,潭子區,0,1,0,6,3,6,60,13,14,1,5,4,6,6,4,4,1,4,4,1,17,2,9,2,1,C03,7,9,1,10,2,12,,84,84,1,13,4,120.706366,24.219466,2
5232,66000,387130000C,(04)23274275,(04)23288582,2025,06,14,16,48,臺中市,南屯區,0,0,0,7,,,50,,,,,,,,,,,,,,,,,,,B03,,,1,,1,,,50,50,1,12,4,120.654575,24.140311,3
5233,66000,387130000C,(04)23274275,(04)23288582,2025,06,14,16,50,臺中市,東區,0,0,0,7,,,50,,,,,,,,,,,,,,12,,,,,B03,,,1,,1,,,76,76,1,12,4,120.694166,24.134788,3
5234,66000,387130000C,(04)23274275,(04)23288582,2025,06,14,16,51,臺中市,西屯區,0,1,0,7,2,6,50,4,1,1,5,4,6,6,4,4,10,5,5,2,16,3,10,5,1,B02,7,9,1,8,2,2,,4,4,1,12,4,120.646517,24.167576,2
5235,66000,387130000C,(04)23274275,(04)23288582,2025,06,14,16,52,臺中市,南屯區,0,0,0,7,,,50,,,,,,,,,,,,,,16,,,,,B03,,,1,,2,,,20,20,1,13,4,120.630787,24.144785,3
5236,66000,387130000C,(04)23274275,(04)23288582,2025,06,14,16,53,臺中市,沙鹿區,0,1,0,7,2,6,40,13,8,1,5,4,6,6,4,4,1,5,5,2,18,2,9,4,1,F01,7,9,7,21,2,14,,59,59,1,6,1,120.581048,24.201336,2