﻿序號,縣市別代碼,機關代碼,市話,傳真,年,月,日,時,分,縣市,區,死亡數量,受傷數量,2-30,天候,道路照明設備,道路類別,道路速限,道路型態,事故位置,路面鋪裝,路面狀態,路面缺陷,障礙物,視距,號誌種類,號誌動作,分向設施,快車道或一般車道間,快慢車道間,路面邊線,事故類型及型態,受傷程度,主要傷處,保護裝備,行動電話或功能裝置,當事者區分_類別,車輛用途,當事者行動狀態,駕照狀態,駕照種類,飲酒情形,車輛撞擊部位最初,車輛撞擊部位其他,肇事因素個別,肇事因素主要,肇事逃逸,職業,共享經濟或外送平台,GPS座標X,GPS座標Y,事故類別
5237,66000,387130000C,(04)23274275,(04)23288582,2025,06,14,16,54,臺中市,豐原區,0,3,0,7,2,6,30,13,9,4,5,4,6,6,4,4,10,5,5,2,11,4,11,1,1,C03,7,9,3,19,9,14,,8,8,1,13,4,120.738231,24.266363,2
5238,66000,387130000C,(04)23274275,(04)23288582,2025,06,14,17,0,臺中市,西區,0,0,0,7,,,50,,,,,,,,,,,,,,,,,,,B03,,,1,,2,,,14,14,1,12,4,120.66097,24.154839,3
5239,66000,387130000C,(04)23274275,(04)23288582,2025,06,14,17,2,臺中市,北屯區,0,1,0,7,2,6,40,5,1,1,5,4,6,6,1,1,10,5,5,2,16,3,10,5,4,C03,7,5,1,10,2,12,,47,47,1,12,4,120.690629,24.172802,2
5240,66000,387130000C,(04)23274275,(04)23288582,2025,06,14,17,7,臺中市,霧峰區,0,1,0,7,2,6,30,3,1,1,5,4,6,6,4,4,10,5,5,2,17,2,7,5,4,C03,7,6,3,19,9,11,,84,84,1,13,4,120.673542,24.07599,2
5241,66000,387130000C,(04)23274275,(04)23288582,2025,06,14,17,10,臺中市,大里區,0,0,0,7,,,50,,,,,,,,,,,,,,,,,,,,,,,,,,,86,86,1,,,120.690366,24.084438,3
5242,66000,387130000C,(04)23274275,(04)23288582,2025,06,14,17,16,臺中市,東區,0,1,0,7,2,6,50,4,2,1,5,4,6,6,1,1,9,4,5,2,17,3,10,3,1,B03,7,5,1,8,1,5,,47,47,1,12,4,120.688521,24.139731,2
5243,66000,387130000C,(04)23274275,(04)23288582,2025,06,14,17,19,臺中市,東勢區,0,0,0,7,,,50,,,,,,,,,,,,,,,,,,,B12,,,1,,1,,,87,87,1,12,4,120.76949,24.315338,3
5244,66000,387130000C,(04)23274275,(04)23288582,2025,06,14,17,20,臺中市,北屯區,0,2,0,7,2,6,50,3,2,1,5,4,6,6,4,4,10,5,5,2,16,3,10,3,1,B03,7,5,1,8,2,1,,12,12,1,12,4,120.686935,24.18825,2
5245,66000,387130000C,(04)23274275,(04)23288582,2025,06,14,17,23,臺中市,南區,0,0,0,7,,,50,,,,,,,,,,,,,,12,,,,,B03,,,1,,2,,,40,40,1,13,4,120.65094,24.120247,3
5246,66000,387130000C,(04)23274275,(04)23288582,2025,06,14,17,24,臺中市,大里區,0,0,0,7,,,80,,,,,,,,,,,,,,13,,,,,B12,,,1,,2,,,7,7,1,6,4,120.684096,24.076017,3
5247,66000,387130000C,(04)23274275,(04)23288582,2025,06,14,17,25,臺中市,東區,0,1,0,7,2,6,50,3,2,1,5,4,6,6,1,1,5,5,5,2,13,2,8,1,1,C03,7,9,1,10,1,11,,59,59,1,12,4,120.695023,24.134822,2
5248,66000,387130000C,(04)23274275,(04)23288582,2025,06,14,17,25,臺中市,北屯區,0,1,0,7,3,6,40,13,8,1,5,4,6,6,4,4,1,4,4,2,13,2,8,1,1,C03,7,9,1,10,2,11,,7,7,1,12,4,120.666641,24.180788,2
5249,66000,387130000C,(04)23274275,(04)23288582,2025,06,14,17,25,臺中市,大里區,0,0,0,7,,,50,,,,,,,,,,,,,,17,,,,,B03,,,1,,2,,,84,84,1,6,4,120.671702,24.105487,3
5250,66000,387130000C,(04)23274275,(04)23288582,2025,06,14,17,25,臺中市,神岡區,0,0,0,7,,,50,,,,,,,,,,,,,,2,,,,,B03,,,1,,1,,,59,59,1,12,4,120.697553,24.279442,3
5251,66000,387130000C,(04)23274275,(04)23288582,2025,06,14,17,27,臺中市,西區,0,1,0,7,2,6,40,5,1,1,5,4,6,6,1,1,10,5,5,2,17,2,2,1,1,C03,7,9,1,10,2,11,,7,7,1,12,4,120.668626,24.132086,2
5252,66000,387130000C,(04)23274275,(04)23288582,2025,06,14,17,27,臺中市,北屯區,0,1,0,7,2,6,50,4,1,1,5,4,6,6,1,1,10,5,5,2,17,3,10,3,1,B03,7,6,1,8,2,2,,11,11,1,12,4,120.706947,24.189144,2
5253,66000,387130000C,(04)23274275,(04)23288582,2025,06,14,17,29,臺中市,梧棲區,0,1,0,7,3,6,70,3,1,1,5,4,6,6,4,4,10,5,5,2,16,3,10,3,1,B03,7,5,1,8,2,2,,20,20,1,6,4,120.550417,24.240722,2
5254,66000,387130000C,(04)23274275,(04)23288582,2025,06,14,17,30,臺中市,豐原區,0,1,0,7,2,6,30,13,9,1,5,4,3,6,4,4,10,5,5,2,1,3,10,5,4,B03,7,9,1,8,2,2,,59,59,1,13,4,120.725956,24.261641,2
5255,66000,387130000C,(04)23274275,(04)23288582,2025,06,14,17,33,臺中市,中區,0,0,0,7,,,50,,,,,,,,,,,,,,,,,,,B03,,,1,,1,,,84,84,1,12,4,120.682075,24.136437,3
5256,66000,387130000C,(04)23274275,(04)23288582,2025,06,14,17,33,臺中市,外埔區,0,0,0,7,,,50,,,,,,,,,,,,,,,,,,,B03,,,1,,2,,,7,7,1,6,4,120.638796,24.341832,3
5257,66000,387130000C,(04)23274275,(04)23288582,2025,06,14,17,38,臺中市,豐原區,0,1,0,7,2,6,50,3,1,1,5,4,6,6,4,4,5,4,4,2,17,2,9,2,1,C03,7,6,1,10,2,11,,84,84,1,12,4,120.719286,24.253478,2
5258,66000,387130000C,(04)23274275,(04)23288582,2025,06,14,17,40,臺中市,南屯區,0,1,0,7,1,6,50,13,9,1,5,4,6,6,4,4,5,5,5,2,17,2,3,1,1,C03,7,15,1,10,2,12,,39,39,1,6,4,120.633327,24.152627,2
5259,66000,387130000C,(04)23274275,(04)23288582,2025,06,14,17,46,臺中市,西區,0,0,0,5,,,50,,,,,,,,,,,,,,,,,,,B01,,,1,,11,,,84,84,1,12,4,120.664529,24.156024,3
5260,66000,387130000C,(04)23274275,(04)23288582,2025,06,14,17,46,臺中市,東區,0,0,0,7,,,30,,,,,,,,,,,,,,17,,,,,B02,,,1,,2,,,59,59,1,12,4,120.696239,24.147958,3
5261,66000,387130000C,(04)23274275,(04)23288582,2025,06,14,17,47,臺中市,南區,0,0,0,7,,,50,,,,,,,,,,,,,,13,,,,,C03,,,1,,1,,,7,7,1,6,4,120.651303,24.115133,3
5262,66000,387130000C,(04)23274275,(04)23288582,2025,06,14,17,51,臺中市,梧棲區,0,0,0,7,,,50,,,,,,,,,,,,,,16,,,,,C03,,,1,,1,,,40,40,1,6,4,120.533254,24.263887,3
5263,66000,387130000C,(04)23274275,(04)23288582,2025,06,14,17,52,臺中市,西屯區,0,0,0,7,,,50,,,,,,,,,,,,,,14,,,,,B13,,,1,,2,,,8,8,1,12,4,120.595186,24.16529,3
5264,66000,387130000C,(04)23274275,(04)23288582,2025,06,14,17,54,臺中市,北區,0,1,0,7,2,6,50,4,19,1,5,4,6,6,1,1,1,4,5,2,9,3,10,3,1,B12,7,6,1,8,2,4,,10,10,1,12,4,120.676524,24.163238,2
5265,66000,387130000C,(04)23274275,(04)23288582,2025,06,14,17,58,臺中市,北區,0,1,0,7,3,6,50,4,2,1,5,4,6,6,1,1,5,2,5,2,12,3,10,5,4,B12,7,9,1,7,2,2,,84,84,1,13,4,120.682788,24.146225,2
5266,66000,387130000C,(04)23274275,(04)23288582,2025,06,14,18,1,臺中市,太平區,0,0,0,7,,,50,,,,,,,,,,,,,,13,,,,,F03,,,1,,2,,,84,84,1,12,4,120.713045,24.125552,3
5267,66000,387130000C,(04)23274275,(04)23288582,2025,06,14,18,4,臺中市,沙鹿區,0,1,0,7,2,6,30,3,1,1,5,4,6,2,4,4,10,5,5,2,16,3,10,3,1,B03,7,6,1,8,2,1,,12,12,1,12,4,120.560724,24.246291,2
5268,66000,387130000C,(04)23274275,(04)23288582,2025,06,14,18,5,臺中市,西屯區,0,0,0,7,,,50,,,,,,,,,,,,,,13,,,,,B03,,,1,,1,,,59,59,1,13,4,120.64296,24.169841,3
5269,66000,387130000C,(04)23274275,(04)23288582,2025,06,14,18,16,臺中市,大甲區,0,1,0,7,3,6,50,4,1,1,5,4,6,6,1,1,5,5,5,1,16,3,10,3,1,B03,7,6,1,8,2,16,,11,11,1,10,4,120.620464,24.34815,2
5270,66000,387130000C,(04)23274275,(04)23288582,2025,06,14,18,18,臺中市,東區,0,3,0,7,2,6,50,4,1,1,5,4,6,6,1,1,9,4,4,2,17,2,3,1,1,C03,7,11,1,10,2,16,,39,39,1,12,4,120.701623,24.138767,2
5271,66000,387130000C,(04)23274275,(04)23288582,2025,06,14,18,20,臺中市,南區,0,0,0,7,,,50,,,,,,,,,,,,,,12,,,,,B03,,,1,,1,,,40,40,1,13,4,120.6575,24.129812,3
5272,66000,387130000C,(04)23274275,(04)23288582,2025,06,14,18,21,臺中市,北屯區,0,0,0,7,,,50,,,,,,,,,,,,,,16,,,,,C03,,,1,,1,,,11,11,1,6,4,120.722559,24.161416,4
5273,66000,387130000C,(04)23274275,(04)23288582,2025,06,14,18,23,臺中市,南區,0,0,0,7,,,30,,,,,,,,,,,,,,17,,,,,,,,,,,,,86,86,1,,,120.682638,24.130642,3
5274,66000,387130000C,(04)23274275,(04)23288582,2025,06,14,18,24,臺中市,豐原區,0,1,0,7,2,6,30,13,9,1,5,4,6,6,4,4,10,5,5,1,17,3,10,3,1,B03,7,1,1,8,2,8,,51,51,1,13,4,120.725143,24.269735,2
5275,66000,387130000C,(04)23274275,(04)23288582,2025,06,14,18,25,臺中市,沙鹿區,0,1,0,7,1,6,50,4,1,1,5,4,6,6,1,1,10,5,5,2,16,3,10,3,1,B03,7,5,1,8,2,2,,47,47,1,6,4,120.563713,24.206393,2
5276,66000,387130000C,(04)23274275,(04)23288582,2025,06,14,18,26,臺中市,中區,0,2,0,7,2,6,30,4,1,1,5,4,6,6,4,4,10,5,5,2,15,2,9,2,1,C03,7,9,1,10,2,12,,15,15,1,13,4,120.681046,24.137549,2
5277,66000,387130000C,(04)23274275,(04)23288582,2025,06,14,18,28,臺中市,大甲區,0,0,0,7,,,50,,,,,,,,,,,,,,,,,,,B03,,,1,,1,,,51,51,1,6,4,120.625795,24.346644,3
5278,66000,387130000C,(04)23274275,(04)23288582,2025,06,14,18,32,臺中市,霧峰區,0,1,0,7,2,6,40,13,17,1,5,4,6,6,4,4,10,5,5,1,17,3,10,5,4,B12,7,9,1,8,2,5,,84,84,1,13,4,120.664004,24.07526,2
5279,66000,387130000C,(04)23274275,(04)23288582,2025,06,14,18,37,臺中市,南區,0,1,0,7,2,6,50,4,1,1,5,4,6,6,2,1,10,5,5,2,16,3,10,3,1,B03,7,6,1,8,2,1,,11,11,1,6,4,120.653899,24.122333,2
5280,66000,387130000C,(04)23274275,(04)23288582,2025,06,14,18,43,臺中市,西屯區,0,0,0,6,,,50,,,,,,,,,,,,,,,,,,,B02,,,1,,2,,,7,7,1,13,4,120.661208,24.16379,4
5281,66000,387130000C,(04)23274275,(04)23288582,2025,06,14,18,55,臺中市,東區,0,0,0,7,,,50,,,,,,,,,,,,,,17,,,,,B03,,,1,,1,,,40,40,1,12,4,120.683726,24.134986,3
5282,66000,387130000C,(04)23274275,(04)23288582,2025,06,14,18,56,臺中市,烏日區,0,1,0,7,1,6,30,13,9,1,5,4,6,6,4,4,10,5,5,2,10,2,9,2,1,F03,7,9,7,21,5,11,,53,53,1,6,4,120.642803,24.087653,2
5283,66000,387130000C,(04)23274275,(04)23288582,2025,06,14,19,0,臺中市,沙鹿區,0,1,0,7,1,6,50,13,9,1,5,4,6,6,4,4,9,5,5,2,17,3,10,2,1,C03,7,1,3,19,2,14,,51,51,1,6,4,120.577811,24.222366,2
5284,66000,387130000C,(04)23274275,(04)23288582,2025,06,14,19,5,臺中市,沙鹿區,0,0,0,7,,,40,,,,,,,,,,,,,,17,,,,,B03,,,1,,1,,,50,50,1,6,4,120.566825,24.229907,3
5285,66000,387130000C,(04)23274275,(04)23288582,2025,06,14,19,9,臺中市,西屯區,0,2,0,7,1,6,50,4,1,1,5,4,6,6,2,1,10,5,5,2,3,2,8,1,1,C03,7,9,1,10,2,12,14,10,10,1,12,4,120.647894,24.174161,2
5286,66000,387130000C,(04)23274275,(04)23288582,2025,06,14,19,18,臺中市,豐原區,0,0,0,7,,,50,,,,,,,,,,,,,,14,,,,,A11,,,1,,2,,,49,49,1,12,4,120.72091,24.253632,3
5287,66000,387130000C,(04)23274275,(04)23288582,2025,06,14,19,20,臺中市,豐原區,0,1,0,7,1,6,30,13,9,1,5,4,6,6,4,4,10,5,5,1,16,3,10,5,4,B03,7,5,1,8,2,2,,84,84,1,13,4,120.720993,24.227796,2
5288,66000,387130000C,(04)23274275,(04)23288582,2025,06,14,19,21,臺中市,北屯區,0,0,0,7,,,30,,,,,,,,,,,,,,,,,,,B03,,,1,,1,,,49,49,1,13,4,120.701875,24.168187,3
5289,66000,387130000C,(04)23274275,(04)23288582,2025,06,14,19,28,臺中市,南區,0,0,0,7,,,50,,,,,,,,,,,,,,13,,,,,B03,,,1,,1,,,84,84,1,13,4,120.653432,24.123315,3
5290,66000,387130000C,(04)23274275,(04)23288582,2025,06,14,19,29,臺中市,烏日區,0,0,0,7,,,30,,,,,,,,,,,,,,17,,,,,B03,,,1,,1,,,84,84,1,6,4,120.632225,24.10808,3
5291,66000,387130000C,(04)23274275,(04)23288582,2025,06,14,19,38,臺中市,中區,0,0,0,7,,,50,,,,,,,,,,,,,,,,,,,B03,,,1,,2,,,49,49,1,13,4,120.678052,24.145058,3
5292,66000,387130000C,(04)23274275,(04)23288582,2025,06,14,19,41,臺中市,南屯區,1,1,0,7,1,6,50,3,1,1,5,4,6,6,4,4,10,5,5,2,17,2,9,3,1,B03,7,11,1,8,2,2,,45,45,1,12,4,120.611248,24.133496,1
5293,66000,387130000C,(04)23274275,(04)23288582,2025,06,14,19,47,臺中市,清水區,0,2,0,7,1,6,70,13,7,1,5,4,6,6,4,4,1,4,4,1,12,2,9,2,1,F03,7,9,7,21,2,12,,84,84,1,12,4,120.568736,24.273182,2
5294,66000,387130000C,(04)23274275,(04)23288582,2025,06,14,19,49,臺中市,東區,0,0,0,7,,,30,,,,,,,,,,,,,,12,,,,,A12,,,1,,9,,,76,76,1,12,4,120.69395,24.128334,3
5295,66000,387130000C,(04)23274275,(04)23288582,2025,06,14,19,51,臺中市,太平區,0,1,0,7,1,6,50,13,9,1,5,4,6,6,4,4,5,4,5,1,17,3,10,5,4,B03,7,15,1,8,2,4,,76,76,1,10,4,120.712835,24.15755,2
5296,66000,387130000C,(04)23274275,(04)23288582,2025,06,14,19,52,臺中市,東區,0,0,0,7,,,50,,,,,,,,,,,,,,17,,,,,B01,,,1,,2,,,7,7,1,6,4,120.701059,24.135463,3
5297,66000,387130000C,(04)23274275,(04)23288582,2025,06,14,19,56,臺中市,南屯區,0,0,0,7,,,50,,,,,,,,,,,,,,13,,,,,B03,,,1,,1,,,7,7,1,13,4,120.649423,24.155616,4
5298,66000,387130000C,(04)23274275,(04)23288582,2025,06,14,19,58,臺中市,烏日區,0,1,0,7,1,6,50,13,9,1,5,4,6,6,4,4,5,4,5,1,17,3,10,3,1,B03,7,11,1,8,2,4,,45,45,1,6,4,120.643484,24.080303,2
5299,66000,387130000C,(04)23274275,(04)23288582,2025,06,14,19,59,臺中市,沙鹿區,0,0,0,7,,,0,,,,,,,,,,,,,,14,,,,,C03,,,1,,9,,,49,49,2,6,4,120.56543,24.241087,3
5300,66000,387130000C,(04)23274275,(04)23288582,2025,06,14,20,0,臺中市,西區,0,1,0,6,2,6,50,13,7,1,5,4,6,6,1,1,5,2,5,2,17,2,9,1,1,C03,7,9,1,10,2,11,,7,7,1,12,4,120.676016,24.145499,2
5301,66000,387130000C,(04)23274275,(04)23288582,2025,06,14,20,0,臺中市,太平區,0,3,0,7,1,6,50,5,1,1,5,4,6,6,4,4,10,5,4,2,15,2,9,2,1,C03,7,9,1,10,2,14,,12,12,1,12,4,120.718348,24.153782,2
5302,66000,387130000C,(04)23274275,(04)23288582,2025,06,14,20,1,臺中市,大里區,0,0,0,7,,,50,,,,,,,,,,,,,,13,,,,,C03,,,1,,2,,,84,84,1,6,4,120.679809,24.115078,3
5303,66000,387130000C,(04)23274275,(04)23288582,2025,06,14,20,15,臺中市,西屯區,0,0,0,7,,,50,,,,,,,,,,,,,,17,,,,,,,,,,,,,119,119,1,,,120.605916,24.187623,3
5304,66000,387130000C,(04)23274275,(04)23288582,2025,06,14,20,15,臺中市,大甲區,0,0,0,7,,,40,,,,,,,,,,,,,,,,,,,B03,,,1,,2,,,8,8,1,12,4,120.625068,24.349301,3
5305,66000,387130000C,(04)23274275,(04)23288582,2025,06,14,20,23,臺中市,龍井區,0,0,0,7,,,50,,,,,,,,,,,,,,16,,,,,C03,,,1,,1,,,84,84,1,6,4,120.582248,24.182302,3
5306,66000,387130000C,(04)23274275,(04)23288582,2025,06,14,20,26,臺中市,南區,0,0,0,7,,,50,,,,,,,,,,,,,,17,,,,,B03,,,1,,1,,,76,76,1,12,4,120.65422,24.123306,3
5307,66000,387130000C,(04)23274275,(04)23288582,2025,06,14,20,27,臺中市,后里區,0,0,0,7,1,6,50,3,1,1,5,4,6,6,4,4,5,5,4,2,17,3,10,3,1,B03,7,9,1,8,2,2,,84,84,1,12,4,120.714992,24.30672,3
5308,66000,387130000C,(04)23274275,(04)23288582,2025,06,14,20,32,臺中市,霧峰區,0,1,0,7,1,6,50,18,9,1,5,4,6,6,4,4,5,5,5,1,18,2,9,5,4,C03,7,15,1,10,2,14,,84,84,1,13,4,120.718148,24.070724,2
5309,66000,387130000C,(04)23274275,(04)23288582,2025,06,14,20,33,臺中市,霧峰區,0,1,0,7,1,6,50,4,1,1,5,4,6,6,4,4,10,5,5,2,18,2,9,1,1,C03,7,5,1,10,2,12,,59,59,1,12,4,120.710514,24.072892,2
5310,66000,387130000C,(04)23274275,(04)23288582,2025,06,14,20,35,臺中市,南區,0,0,0,7,,,50,,,,,,,,,,,,,,17,,,,,B03,,,1,,2,,,84,84,1,13,4,120.655104,24.124016,3
5311,66000,387130000C,(04)23274275,(04)23288582,2025,06,14,20,37,臺中市,南屯區,0,0,0,7,,,50,,,,,,,,,,,,,,,,,,,B02,,,1,,1,,,59,59,1,6,4,120.637514,24.135702,3
5312,66000,387130000C,(04)23274275,(04)23288582,2025,06,14,20,39,臺中市,西區,0,0,0,7,1,6,40,3,1,1,5,4,6,6,1,1,10,5,5,2,17,,,,,B03,,,1,,1,,,11,11,1,13,4,120.658977,24.155921,3
5313,66000,387130000C,(04)23274275,(04)23288582,2025,06,14,20,40,臺中市,大里區,0,1,0,7,1,6,40,13,9,1,5,4,6,6,4,4,4,4,5,1,12,3,10,1,1,C03,7,9,5,10,2,14,,84,84,2,13,4,120.693153,24.105443,2
5314,66000,387130000C,(04)23274275,(04)23288582,2025,06,14,20,49,臺中市,西區,0,0,0,7,,,50,,,,,,,,,,,,,,,,,,,B03,,,1,,2,,,84,84,1,13,4,120.65935,24.150974,3
5315,66000,387130000C,(04)23274275,(04)23288582,2025,06,14,20,59,臺中市,北區,0,1,0,7,1,6,50,4,1,1,5,4,6,6,4,4,10,5,5,2,17,3,10,3,1,B01,7,9,1,4,2,16,,15,15,1,12,4,120.677679,24.158207,2
5316,66000,387130000C,(04)23274275,(04)23288582,2025,06,14,21,0,臺中市,潭子區,0,0,0,7,,,30,,,,,,,,,,,,,,9,,,,,B03,,,1,,2,,,84,84,1,12,4,120.709138,24.199089,3
5317,66000,387130000C,(04)23274275,(04)23288582,2025,06,14,21,5,臺中市,西區,0,1,0,7,1,6,50,13,7,1,5,4,6,6,4,4,5,4,4,2,18,2,8,2,1,C03,7,9,1,10,2,12,,84,84,1,12,4,120.67145,24.131895,2
5318,66000,387130000C,(04)23274275,(04)23288582,2025,06,14,21,5,臺中市,北區,0,1,0,7,1,6,50,4,1,1,5,4,6,6,1,1,10,5,5,2,13,2,9,5,4,C03,7,9,1,10,2,11,,7,7,1,13,4,120.677155,24.150953,2
5319,66000,387130000C,(04)23274275,(04)23288582,2025,06,14,21,6,臺中市,中區,0,1,0,7,1,6,50,4,1,1,5,4,6,6,1,1,10,5,5,2,17,3,10,3,1,B03,7,9,1,8,2,2,,42,42,1,12,4,120.677522,24.140169,2
5320,66000,387130000C,(04)23274275,(04)23288582,2025,06,14,21,11,臺中市,西屯區,0,0,0,7,,,50,,,,,,,,,,,,,,13,,,,,C03,,,1,,1,,,7,7,1,12,4,120.64514,24.177648,3
5321,66000,387130000C,(04)23274275,(04)23288582,2025,06,14,21,12,臺中市,清水區,0,0,0,7,,,50,,,,,,,,,,,,,,,,,,,B03,,,1,,2,,,59,59,1,12,4,120.572551,24.262553,3
5322,66000,387130000C,(04)23274275,(04)23288582,2025,06,14,21,20,臺中市,太平區,0,0,0,7,,,30,,,,,,,,,,,,,,17,,,,,B03,,,1,,2,,,58,58,1,6,4,120.702124,24.146476,3
5323,66000,387130000C,(04)23274275,(04)23288582,2025,06,14,21,26,臺中市,南屯區,0,1,0,7,2,6,50,5,2,1,5,4,6,6,2,1,1,4,5,2,12,2,9,4,1,F01,7,1,7,21,4,14,,84,84,1,12,1,120.637722,24.142305,2
5324,66000,387130000C,(04)23274275,(04)23288582,2025,06,14,21,32,臺中市,北區,0,0,0,7,1,6,50,13,9,1,5,4,6,6,4,4,1,4,5,2,13,3,10,3,1,B03,7,9,1,8,2,1,,59,59,1,12,4,120.681899,24.163021,3
5325,66000,387130000C,(04)23274275,(04)23288582,2025,06,14,21,34,臺中市,西屯區,0,0,0,7,,,40,,,,,,,,,,,,,,9,,,,,C03,,,1,,1,,,8,8,1,12,4,120.64219,24.177659,4
5326,66000,387130000C,(04)23274275,(04)23288582,2025,06,14,21,36,臺中市,南區,0,0,0,7,,,50,,,,,,,,,,,,,,12,,,,,B02,,,1,,2,,,40,40,1,12,4,120.669899,24.126629,3
5327,66000,387130000C,(04)23274275,(04)23288582,2025,06,14,21,40,臺中市,潭子區,0,1,0,7,2,6,50,3,1,1,5,4,6,6,4,4,1,4,5,2,17,3,10,3,1,B03,7,5,1,8,2,16,,20,20,1,12,4,120.704321,24.215636,2
5328,66000,387130000C,(04)23274275,(04)23288582,2025,06,14,21,42,臺中市,清水區,0,0,0,7,,,90,,,,,,,,,,,,,,,,,,,B03,,,1,,1,,,84,84,1,12,4,120.565134,24.318502,3
5329,66000,387130000C,(04)23274275,(04)23288582,2025,06,14,21,42,臺中市,梧棲區,0,0,0,7,,,50,,,,,,,,,,,,,,14,,,,,B03,,,1,,1,,,49,49,1,6,4,120.532229,24.259857,3
5330,66000,387130000C,(04)23274275,(04)23288582,2025,06,14,21,44,臺中市,西屯區,0,0,0,7,,,0,,,,,,,,,,,,,,14,,,,,C03,,,1,,2,,,7,7,1,13,4,120.613672,24.175392,3
5331,66000,387130000C,(04)23274275,(04)23288582,2025,06,14,21,45,臺中市,西屯區,0,0,0,6,,,40,,,,,,,,,,,,,,,,,,,B03,,,1,,1,,,47,47,1,13,4,120.620392,24.180944,4
5332,66000,387130000C,(04)23274275,(04)23288582,2025,06,14,21,55,臺中市,沙鹿區,0,0,0,7,,,30,,,,,,,,,,,,,,,,,,,B03,,,1,,2,,,49,49,1,6,4,120.59526,24.227348,3
5333,66000,387130000C,(04)23274275,(04)23288582,2025,06,14,22,3,臺中市,東區,0,0,0,7,,,50,,,,,,,,,,,,,,17,,,,,B01,,,1,,1,,,51,51,1,6,4,120.695498,24.147885,3
5334,66000,387130000C,(04)23274275,(04)23288582,2025,06,14,22,15,臺中市,北區,0,2,0,7,1,6,50,4,1,1,5,4,6,6,1,1,10,5,5,2,15,2,9,5,4,C03,7,9,5,19,2,12,,21,21,1,13,4,120.673085,24.166983,2
5335,66000,387130000C,(04)23274275,(04)23288582,2025,06,14,22,15,臺中市,沙鹿區,0,0,0,7,,,50,,,,,,,,,,,,,,,,,,,B03,,,1,,2,,,55,55,1,6,4,120.571229,24.215954,3
5336,66000,387130000C,(04)23274275,(04)23288582,2025,06,14,22,23,臺中市,南區,0,2,0,7,1,6,50,4,1,1,5,4,6,6,1,1,9,5,4,2,17,2,9,1,1,C03,7,6,1,10,2,11,,42,42,1,12,4,120.658319,24.11709,2
5337,66000,387130000C,(04)23274275,(04)23288582,2025,06,14,22,23,臺中市,西屯區,0,0,0,7,,,50,,,,,,,,,,,,,,13,,,,,C03,,,1,,1,,,7,7,1,10,4,120.640527,24.173681,3
5338,66000,387130000C,(04)23274275,(04)23288582,2025,06,14,22,23,臺中市,西屯區,0,0,0,7,,,30,,,,,,,,,,,,,,,,,,,B03,,,1,,1,,,58,58,1,12,4,120.645341,24.17282,3
5339,66000,387130000C,(04)23274275,(04)23288582,2025,06,14,22,28,臺中市,太平區,0,0,0,7,,,50,,,,,,,,,,,,,,,,,,,B03,,,1,,9,,,8,8,1,12,4,120.717419,24.129844,3
5340,66000,387130000C,(04)23274275,(04)23288582,2025,06,14,22,33,臺中市,北屯區,0,0,0,7,,,50,,,,,,,,,,,,,,12,,,,,B03,,,1,,2,,,40,40,1,12,4,120.665609,24.183361,3
5341,66000,387130000C,(04)23274275,(04)23288582,2025,06,14,22,44,臺中市,龍井區,0,0,0,7,,,60,,,,,,,,,,,,,,,,,,,B03,,,1,,1,,,8,8,1,6,4,120.580157,24.189864,3
5342,66000,387130000C,(04)23274275,(04)23288582,2025,06,14,22,50,臺中市,太平區,0,0,0,7,,,50,,,,,,,,,,,,,,,,,,,B03,,,1,,2,,,84,84,1,12,4,120.711271,24.152865,3
5343,66000,387130000C,(04)23274275,(04)23288582,2025,06,14,22,55,臺中市,沙鹿區,0,1,0,7,1,6,50,13,8,1,5,4,6,6,4,4,1,4,4,2,17,3,10,3,1,B03,7,3,1,8,2,2,,50,50,1,6,4,120.562301,24.246558,2
5344,66000,387130000C,(04)23274275,(04)23288582,2025,06,14,22,58,臺中市,烏日區,0,1,0,7,1,6,30,4,1,1,5,4,6,6,4,4,10,5,5,2,15,2,9,1,1,C03,7,9,1,10,2,12,,20,20,1,6,4,120.626139,24.109385,2
5345,66000,387130000C,(04)23274275,(04)23288582,2025,06,14,22,59,臺中市,西屯區,0,0,0,7,,,60,,,,,,,,,,,,,,,,,,,B03,,,1,,1,,,40,40,1,12,4,120.64156,24.168492,3
5346,66000,387130000C,(04)23274275,(04)23288582,2025,06,14,23,6,臺中市,中區,0,0,0,7,,,50,,,,,,,,,,,,,,13,,,,,B03,,,1,,1,,,7,7,1,12,4,120.678967,24.146818,3
5347,66000,387130000C,(04)23274275,(04)23288582,2025,06,14,23,14,臺中市,西屯區,0,2,0,7,1,6,50,5,1,1,5,4,6,6,4,4,5,4,4,2,10,2,9,1,1,C03,7,9,1,10,2,11,,84,84,1,12,4,120.593534,24.180452,2
5348,66000,387130000C,(04)23274275,(04)23288582,2025,06,14,23,18,臺中市,東區,0,1,0,7,1,6,50,4,1,1,5,4,6,6,1,1,10,5,5,2,16,3,10,5,4,B01,7,5,1,4,2,6,,11,11,1,12,4,120.701504,24.14022,2