﻿序號,縣市別代碼,機關代碼,市話,傳真,年,月,日,時,分,縣市,區,死亡數量,受傷數量,2-30,天候,道路照明設備,道路類別,道路速限,道路型態,事故位置,路面鋪裝,路面狀態,路面缺陷,障礙物,視距,號誌種類,號誌動作,分向設施,快車道或一般車道間,快慢車道間,路面邊線,事故類型及型態,受傷程度,主要傷處,保護裝備,行動電話或功能裝置,當事者區分_類別,車輛用途,當事者行動狀態,駕照狀態,駕照種類,飲酒情形,車輛撞擊部位最初,車輛撞擊部位其他,肇事因素個別,肇事因素主要,肇事逃逸,職業,共享經濟或外送平台,GPS座標X,GPS座標Y,事故類別
5349,66000,387130000C,(04)23274275,(04)23288582,2025,06,14,23,30,臺中市,沙鹿區,0,1,0,7,1,6,60,4,1,1,5,4,6,6,1,1,10,5,5,2,18,2,9,2,1,C03,7,9,1,10,2,12,,87,87,1,6,4,120.568045,24.238617,2
5350,66000,387130000C,(04)23274275,(04)23288582,2025,06,14,23,33,臺中市,南區,0,1,0,7,1,6,50,4,1,1,5,4,6,6,2,1,3,2,4,2,12,2,7,3,1,B12,7,8,1,8,2,4,,40,40,1,13,4,120.670076,24.114792,2
5351,66000,387130000C,(04)23274275,(04)23288582,2025,06,14,23,53,臺中市,南區,0,1,0,7,1,6,40,3,1,1,5,4,6,6,1,1,10,5,5,2,15,2,8,5,4,C03,7,15,3,19,2,15,,21,21,1,12,4,120.657578,24.124635,2
5352,66000,387130000C,(04)23274275,(04)23288582,2025,06,15,0,12,臺中市,南屯區,0,0,0,7,,,50,,,,,,,,,,,,,,,,,,,B03,,,1,,1,,,8,8,1,12,4,120.623884,24.149486,3
5353,66000,387130000C,(04)23274275,(04)23288582,2025,06,15,0,35,臺中市,烏日區,0,0,0,7,,,50,,,,,,,,,,,,,,12,,,,,B03,,,1,,2,,,40,40,1,6,4,120.624949,24.107022,3
5354,66000,387130000C,(04)23274275,(04)23288582,2025,06,15,0,37,臺中市,烏日區,0,0,0,7,,,50,,,,,,,,,,,,,,12,,,,,B03,,,1,,2,,,84,84,1,12,4,120.583902,24.112535,3
5355,66000,387130000C,(04)23274275,(04)23288582,2025,06,15,0,41,臺中市,西區,0,0,0,7,,,50,,,,,,,,,,,,,,17,,,,,B01,,,1,,9,,,43,43,1,12,4,120.662736,24.147959,3
5356,66000,387130000C,(04)23274275,(04)23288582,2025,06,15,1,2,臺中市,西屯區,0,0,0,7,,,50,,,,,,,,,,,,,,,,,,,C03,,,1,,1,,,51,51,1,12,4,120.644847,24.181308,3
5357,66000,387130000C,(04)23274275,(04)23288582,2025,06,15,1,3,臺中市,龍井區,0,2,0,7,1,6,60,4,1,1,5,4,6,6,2,1,10,5,5,2,16,3,10,5,4,B03,7,5,1,8,2,5,,38,38,1,6,4,120.592836,24.182718,2
5358,66000,387130000C,(04)23274275,(04)23288582,2025,06,15,1,31,臺中市,南區,0,1,0,7,1,6,40,13,8,1,5,4,6,6,4,4,9,5,4,2,12,2,9,2,1,C03,7,9,1,10,2,12,,84,84,1,13,4,120.671946,24.120204,2
5359,66000,387130000C,(04)23274275,(04)23288582,2025,06,15,1,39,臺中市,北屯區,0,2,0,7,1,6,50,4,1,1,5,4,6,6,1,1,10,5,5,2,17,3,10,1,1,C03,7,6,1,10,2,11,,36,36,1,12,4,120.698333,24.172948,2
5360,66000,387130000C,(04)23274275,(04)23288582,2025,06,15,1,55,臺中市,北區,0,1,0,7,1,6,50,4,24,1,5,4,6,6,1,1,1,5,5,2,17,2,1,5,4,B03,7,9,1,8,2,1,,84,84,1,13,4,120.676201,24.150493,2
5361,66000,387130000C,(04)23274275,(04)23288582,2025,06,15,2,7,臺中市,大甲區,0,0,0,7,,,50,,,,,,,,,,,,,,,,,,,B03,,,1,,2,,,84,84,1,12,4,120.627428,24.350736,3
5362,66000,387130000C,(04)23274275,(04)23288582,2025,06,15,2,24,臺中市,北區,0,2,0,7,1,6,50,13,9,1,5,4,6,6,4,4,1,4,5,2,17,3,10,3,1,B03,7,7,1,8,2,7,,40,40,1,13,4,120.684855,24.159941,2
5363,66000,387130000C,(04)23274275,(04)23288582,2025,06,15,2,49,臺中市,豐原區,0,1,0,7,2,6,40,13,8,1,5,4,6,6,4,4,5,4,4,2,17,2,9,2,1,C03,7,9,1,10,8,11,,53,53,1,6,4,120.722102,24.248732,2
5364,66000,387130000C,(04)23274275,(04)23288582,2025,06,15,3,7,臺中市,北屯區,0,1,0,7,1,6,50,4,4,1,5,4,6,6,2,1,10,5,5,2,13,3,10,2,1,C03,7,9,3,19,2,11,,58,58,1,6,4,120.677494,24.186482,2
5365,66000,387130000C,(04)23274275,(04)23288582,2025,06,15,3,20,臺中市,豐原區,0,0,0,7,,,50,,,,,,,,,,,,,,17,,,,,B03,,,4,,2,,,84,84,1,6,4,120.755306,24.274351,3
5366,66000,387130000C,(04)23274275,(04)23288582,2025,06,15,4,26,臺中市,沙鹿區,0,0,0,7,,,30,,,,,,,,,,,,,,,,,,,B03,,,1,,2,,,49,49,1,6,4,120.568034,24.25809,3
5367,66000,387130000C,(04)23274275,(04)23288582,2025,06,15,5,3,臺中市,南屯區,0,0,0,7,,,50,,,,,,,,,,,,,,,,,,,B02,,,1,,2,,,24,24,1,13,4,120.648335,24.13335,3
5368,66000,387130000C,(04)23274275,(04)23288582,2025,06,15,5,27,臺中市,北屯區,0,0,0,7,,,50,,,,,,,,,,,,,,30,,,,,B03,,,1,,2,,,59,59,1,12,4,120.697745,24.170349,3
5369,66000,387130000C,(04)23274275,(04)23288582,2025,06,15,5,41,臺中市,霧峰區,0,0,0,7,,,40,,,,,,,,,,,,,,13,,,,,B03,,,1,,2,,,58,58,1,12,4,120.663019,24.072322,3
5370,66000,387130000C,(04)23274275,(04)23288582,2025,06,15,6,5,臺中市,大里區,0,1,0,7,2,6,50,13,8,1,5,4,6,6,4,4,5,5,4,2,17,2,9,1,1,C03,7,9,1,10,2,11,,84,84,1,12,4,120.684814,24.095401,2
5371,66000,387130000C,(04)23274275,(04)23288582,2025,06,15,7,0,臺中市,南屯區,0,1,0,7,2,6,50,4,1,1,5,4,6,6,1,1,8,3,5,1,17,3,10,3,1,B01,7,5,1,4,1,16,,84,84,1,12,4,120.648305,24.132052,2
5372,66000,387130000C,(04)23274275,(04)23288582,2025,06,15,7,0,臺中市,外埔區,0,0,0,7,3,7,,13,9,1,5,4,6,6,4,4,5,5,5,1,17,3,10,5,1,,7,21,,10,,11,,84,84,2,13,4,120.714639,24.332666,3
5373,66000,387130000C,(04)23274275,(04)23288582,2025,06,15,7,9,臺中市,梧棲區,0,0,0,7,,,50,,,,,,,,,,,,,,16,,,,,B03,,,1,,1,,,47,47,1,12,4,120.531417,24.254506,3
5374,66000,387130000C,(04)23274275,(04)23288582,2025,06,15,7,14,臺中市,西屯區,0,1,0,7,2,6,50,13,7,1,5,4,6,6,4,4,5,5,4,2,14,3,10,5,4,C03,7,2,1,10,2,13,,49,49,1,13,4,120.667277,24.175073,2
5375,66000,387130000C,(04)23274275,(04)23288582,2025,06,15,7,15,臺中市,后里區,0,1,0,7,2,6,50,3,2,1,5,4,6,6,1,1,5,5,5,1,13,3,10,3,1,B03,7,9,1,8,2,1,,7,7,1,12,4,120.706345,24.306818,2
5376,66000,387130000C,(04)23274275,(04)23288582,2025,06,15,7,15,臺中市,豐原區,0,0,0,7,,,50,,,,,,,,,,,,,,17,,,,,B03,,,1,,9,,,84,84,1,12,4,120.73027,24.242559,3
5377,66000,387130000C,(04)23274275,(04)23288582,2025,06,15,7,17,臺中市,北屯區,0,0,0,7,,,50,,,,,,,,,,,,,,13,,,,,F03,,,1,,2,,,84,84,1,12,4,120.707673,24.186588,3
5378,66000,387130000C,(04)23274275,(04)23288582,2025,06,15,7,24,臺中市,龍井區,0,0,0,7,2,6,40,,1,1,5,4,6,6,4,4,10,5,5,2,15,3,10,2,1,C03,7,9,1,10,2,11,,6,6,1,6,4,120.5898,24.184229,3
5379,66000,387130000C,(04)23274275,(04)23288582,2025,06,15,7,25,臺中市,神岡區,0,0,0,7,1,6,50,3,1,1,5,4,6,6,4,4,1,5,4,2,12,,,,,B03,,,1,,2,,,8,8,1,12,4,120.685745,24.246504,3
5380,66000,387130000C,(04)23274275,(04)23288582,2025,06,15,7,26,臺中市,大肚區,0,1,0,7,2,6,70,4,7,1,5,4,6,6,1,1,1,3,4,1,13,2,9,2,1,C02,7,12,1,9,2,11,,7,7,1,6,4,120.550606,24.138471,2
5381,66000,387130000C,(04)23274275,(04)23288582,2025,06,15,7,34,臺中市,沙鹿區,0,1,0,7,3,6,50,13,9,1,5,4,6,6,4,4,5,5,5,1,9,3,10,6,5,H01,8,17,7,21,10,17,,109,109,1,12,5,120.601502,24.258541,2
5382,66000,387130000C,(04)23274275,(04)23288582,2025,06,15,7,36,臺中市,西屯區,0,0,0,7,,,40,,,,,,,,,,,,,,12,,,,,B03,,,1,,1,,,27,27,1,12,4,120.616364,24.190958,3
5383,66000,387130000C,(04)23274275,(04)23288582,2025,06,15,7,38,臺中市,東區,0,2,0,7,3,6,50,4,1,1,5,4,6,6,1,1,5,5,5,2,10,2,9,2,1,C03,7,9,3,19,2,11,,4,4,1,13,4,120.692467,24.142724,2
5384,66000,387130000C,(04)23274275,(04)23288582,2025,06,15,7,45,臺中市,西區,0,0,0,7,,,50,,,,,,,,,,,,,,17,,,,,B03,,,1,,2,,,47,47,1,12,4,120.676989,24.134996,3
5385,66000,387130000C,(04)23274275,(04)23288582,2025,06,15,7,45,臺中市,沙鹿區,0,1,0,7,2,6,40,13,9,1,5,4,6,6,4,4,4,3,4,2,16,2,8,2,1,C03,7,1,1,10,2,14,,51,51,1,12,4,120.565907,24.250368,2
5386,66000,387130000C,(04)23274275,(04)23288582,2025,06,15,7,46,臺中市,新社區,0,0,0,7,,,50,,,,,,,,,,,,,,12,,,,,B03,,,1,,2,,,84,84,1,13,4,120.794363,24.205689,3
5387,66000,387130000C,(04)23274275,(04)23288582,2025,06,15,7,54,臺中市,太平區,0,1,0,7,2,6,50,3,1,1,5,4,6,6,4,4,5,2,5,1,13,2,9,1,1,C03,7,9,1,10,2,11,,59,59,1,6,4,120.735295,24.133551,2
5388,66000,387130000C,(04)23274275,(04)23288582,2025,06,15,8,0,臺中市,豐原區,0,0,0,7,,,60,,,,,,,,,,,,,,18,,,,,,,,,,,,,119,119,1,,,120.735811,24.247365,3
5389,66000,387130000C,(04)23274275,(04)23288582,2025,06,15,8,7,臺中市,西區,0,0,0,7,,,30,,,,,,,,,,,,,,,,,,,B03,,,1,,1,,,7,7,1,13,4,120.655707,24.144348,3
5390,66000,387130000C,(04)23274275,(04)23288582,2025,06,15,8,11,臺中市,北屯區,0,1,0,7,2,6,50,13,7,1,5,4,6,6,4,4,5,5,4,2,17,3,10,5,4,C03,7,11,1,10,2,11,,85,85,1,12,4,120.694705,24.175527,2
5391,66000,387130000C,(04)23274275,(04)23288582,2025,06,15,8,12,臺中市,南區,0,0,0,7,,,50,,,,,,,,,,,,,,17,,,,,B03,,,1,,2,,,40,40,1,12,4,120.676913,24.131387,3
5392,66000,387130000C,(04)23274275,(04)23288582,2025,06,15,8,13,臺中市,豐原區,0,1,0,7,2,6,30,13,9,1,5,4,6,6,4,4,10,5,5,2,11,2,9,5,4,C03,7,9,5,19,3,14,,5,5,1,13,4,120.728481,24.262504,2
5393,66000,387130000C,(04)23274275,(04)23288582,2025,06,15,8,18,臺中市,大雅區,0,0,0,7,,,30,,,,,,,,,,,,,,16,,,,,B03,,,1,,2,,,14,14,1,12,4,120.64093,24.232875,3
5394,66000,387130000C,(04)23274275,(04)23288582,2025,06,15,8,20,臺中市,西區,0,1,0,7,2,6,50,4,1,1,5,4,6,6,1,1,10,5,5,2,17,2,9,1,1,C03,7,9,1,10,2,13,,21,21,1,12,4,120.657375,24.146713,2
5395,66000,387130000C,(04)23274275,(04)23288582,2025,06,15,8,28,臺中市,豐原區,0,2,0,7,3,6,50,3,1,1,5,4,6,6,3,1,1,4,5,1,17,2,9,4,1,F01,7,6,7,21,2,13,,36,36,1,12,4,120.708936,24.251138,2
5396,66000,387130000C,(04)23274275,(04)23288582,2025,06,15,8,29,臺中市,龍井區,0,1,0,7,3,6,50,13,9,1,5,4,6,6,4,4,5,5,5,1,18,2,9,5,4,C03,7,9,1,10,2,14,,6,6,1,12,4,120.524933,24.212352,2
5397,66000,387130000C,(04)23274275,(04)23288582,2025,06,15,8,33,臺中市,新社區,0,0,0,7,,,30,,,,,,,,,,,,,,25,,,,,B03,,,1,,11,,,43,43,1,12,4,120.80221,24.245505,3
5398,66000,387130000C,(04)23274275,(04)23288582,2025,06,15,8,34,臺中市,烏日區,0,2,0,7,2,6,50,4,1,1,5,4,6,6,2,1,10,5,5,2,12,3,10,2,1,C03,7,9,1,10,2,14,,39,39,1,6,4,120.614085,24.106776,2
5399,66000,387130000C,(04)23274275,(04)23288582,2025,06,15,8,36,臺中市,西屯區,0,2,0,7,2,6,40,4,1,1,5,4,6,6,2,1,10,5,5,2,16,2,9,2,1,C03,7,9,1,10,2,11,,59,59,1,12,4,120.622185,24.174168,2
5400,66000,387130000C,(04)23274275,(04)23288582,2025,06,15,8,37,臺中市,北屯區,0,1,0,7,2,6,50,4,1,1,5,4,6,6,2,1,10,5,5,2,16,3,10,3,1,B03,7,6,1,8,2,2,,11,11,1,6,4,120.720605,24.167873,2
5401,66000,387130000C,(04)23274275,(04)23288582,2025,06,15,8,39,臺中市,西區,0,0,0,7,,,50,,,,,,,,,,,,,,,,,,,B02,,,1,,1,,,84,84,1,6,4,120.65907,24.155745,3
5402,66000,387130000C,(04)23274275,(04)23288582,2025,06,15,8,40,臺中市,梧棲區,0,1,0,7,2,6,60,4,1,1,5,4,6,6,1,1,10,5,5,2,16,3,10,3,1,B03,7,5,1,8,2,5,,47,47,1,12,4,120.535776,24.248325,2
5403,66000,387130000C,(04)23274275,(04)23288582,2025,06,15,8,45,臺中市,大甲區,0,0,0,7,,,50,,,,,,,,,,,,,,,,,,,B03,,,1,,2,,,59,59,1,6,4,120.630291,24.345708,3
5404,66000,387130000C,(04)23274275,(04)23288582,2025,06,15,8,48,臺中市,北區,0,0,0,7,,,50,,,,,,,,,,,,,,,,,,,C03,,,1,,11,,,84,84,1,13,4,120.689621,24.1589,3
5405,66000,387130000C,(04)23274275,(04)23288582,2025,06,15,8,50,臺中市,北區,0,1,0,7,3,6,50,4,1,1,5,4,6,6,4,4,10,5,5,2,15,2,9,1,1,C03,7,9,1,10,2,12,,20,20,1,12,4,120.666979,24.160323,2
5406,66000,387130000C,(04)23274275,(04)23288582,2025,06,15,8,53,臺中市,南屯區,0,1,0,7,2,6,60,4,2,1,5,4,6,6,2,1,7,2,5,2,12,3,10,3,1,B03,7,12,1,8,2,2,,84,84,1,12,4,120.61211,24.150139,2
5407,66000,387130000C,(04)23274275,(04)23288582,2025,06,15,8,57,臺中市,北區,0,1,0,7,2,6,50,4,1,1,5,4,6,6,1,1,10,5,5,2,15,3,10,5,4,B03,7,9,1,6,2,2,,21,21,1,12,4,120.680829,24.167105,2
5408,66000,387130000C,(04)23274275,(04)23288582,2025,06,15,8,58,臺中市,西屯區,0,0,0,7,,,30,,,,,,,,,,,,,,27,,,,,B02,,,1,,2,,,59,59,1,13,4,120.651019,24.160673,3
5409,66000,387130000C,(04)23274275,(04)23288582,2025,06,15,9,0,臺中市,東區,0,0,0,7,,,50,,,,,,,,,,,,,,17,,,,,B03,,,1,,1,,,85,85,1,12,4,120.685536,24.129767,4
5410,66000,387130000C,(04)23274275,(04)23288582,2025,06,15,9,5,臺中市,東區,0,1,0,7,3,6,50,18,24,1,5,4,6,6,4,4,5,5,5,2,17,2,9,5,4,C03,7,15,1,8,2,11,,84,84,1,6,4,120.689355,24.145723,2
5411,66000,387130000C,(04)23274275,(04)23288582,2025,06,15,9,7,臺中市,南屯區,0,1,0,7,3,6,40,13,8,1,5,4,6,6,4,4,1,4,1,2,17,2,9,2,4,C03,7,9,1,10,2,11,,84,84,1,6,4,120.625426,24.131348,2
5412,66000,387130000C,(04)23274275,(04)23288582,2025,06,15,9,8,臺中市,豐原區,0,0,0,7,,,50,,,,,,,,,,,,,,12,,,,,A12,,,1,,2,,,8,8,1,13,4,120.729622,24.256433,4
5413,66000,387130000C,(04)23274275,(04)23288582,2025,06,15,9,10,臺中市,豐原區,0,2,0,7,2,6,50,4,1,1,5,4,6,6,1,1,10,5,5,2,16,2,9,1,1,F03,7,6,7,21,2,11,,48,48,1,13,4,120.704773,24.246469,2
5414,66000,387130000C,(04)23274275,(04)23288582,2025,06,15,9,12,臺中市,北屯區,0,1,0,7,3,6,50,13,8,1,5,4,6,6,4,4,3,4,4,2,17,3,10,1,1,C03,7,5,1,10,2,13,,85,85,1,12,4,120.712302,24.175946,2
5415,66000,387130000C,(04)23274275,(04)23288582,2025,06,15,9,12,臺中市,北屯區,0,1,0,6,2,6,50,3,1,1,5,4,6,6,2,1,10,5,5,2,12,3,10,3,1,B03,7,4,1,8,2,5,,8,8,1,6,4,120.747301,24.193214,2
5416,66000,387130000C,(04)23274275,(04)23288582,2025,06,15,9,25,臺中市,西區,0,0,0,7,,,50,,,,,,,,,,,,,,,,,,,B03,,,5,,9,,,56,56,1,12,4,120.661885,24.146531,3
5417,66000,387130000C,(04)23274275,(04)23288582,2025,06,15,9,31,臺中市,北屯區,0,1,0,7,2,6,50,13,8,1,5,4,6,6,4,4,9,5,4,2,16,3,10,1,1,C03,7,11,3,19,6,12,,84,84,1,12,4,120.669951,24.177882,2
5418,66000,387130000C,(04)23274275,(04)23288582,2025,06,15,9,34,臺中市,大里區,0,0,0,7,,,30,,,,,,,,,,,,,,19,,,,,B03,,,1,,2,,,84,84,1,12,4,120.705969,24.09155,3
5419,66000,387130000C,(04)23274275,(04)23288582,2025,06,15,9,35,臺中市,后里區,0,1,0,7,3,6,50,4,1,1,5,4,6,6,1,1,10,5,5,2,17,3,10,3,1,B03,7,5,1,8,2,2,,8,8,1,6,4,120.692176,24.316804,2
5420,66000,387130000C,(04)23274275,(04)23288582,2025,06,15,9,40,臺中市,西屯區,0,2,0,7,1,6,50,4,1,1,5,4,6,6,1,1,10,5,5,2,16,2,9,1,1,C03,7,6,1,10,2,14,,11,11,1,12,4,120.639512,24.174659,2
5421,66000,387130000C,(04)23274275,(04)23288582,2025,06,15,9,40,臺中市,大甲區,0,1,0,7,3,6,30,13,9,1,5,4,6,6,4,4,10,5,5,2,17,3,10,1,1,C03,7,1,3,19,2,11,,51,51,1,12,4,120.632791,24.35639,2
5422,66000,387130000C,(04)23274275,(04)23288582,2025,06,15,9,47,臺中市,沙鹿區,0,1,0,7,2,6,50,11,9,1,5,4,6,6,4,4,5,5,5,2,18,2,9,1,1,C03,7,15,1,10,2,14,,87,87,1,12,4,120.562928,24.248354,2
5423,66000,387130000C,(04)23274275,(04)23288582,2025,06,15,9,47,臺中市,梧棲區,0,1,0,7,2,6,50,4,1,1,5,4,6,6,1,1,10,5,5,2,16,2,9,1,1,C03,7,5,1,10,2,12,,11,11,1,12,4,120.534932,24.257678,2
5424,66000,387130000C,(04)23274275,(04)23288582,2025,06,15,9,50,臺中市,西屯區,0,0,0,7,,,50,,,,,,,,,,,,,,,,,,,B03,,,1,,1,,,7,7,1,12,4,120.602967,24.192523,3
5425,66000,387130000C,(04)23274275,(04)23288582,2025,06,15,10,0,臺中市,沙鹿區,0,0,0,7,,,40,,,,,,,,,,,,,,13,,,,,B03,,,1,,2,,,7,7,1,12,4,120.570009,24.205196,3
5426,66000,387130000C,(04)23274275,(04)23288582,2025,06,15,10,5,臺中市,潭子區,0,0,0,7,,,30,,,,,,,,,,,,,,14,,,,,B03,,,1,,2,,,49,49,1,13,4,120.695679,24.191671,3
5427,66000,387130000C,(04)23274275,(04)23288582,2025,06,15,10,12,臺中市,霧峰區,0,1,0,7,2,6,30,13,9,1,5,4,6,6,4,4,10,5,5,2,17,2,8,1,1,C03,7,1,1,10,2,11,,51,51,1,13,4,120.709227,24.07568,2
5428,66000,387130000C,(04)23274275,(04)23288582,2025,06,15,10,15,臺中市,大雅區,0,0,0,7,,,50,,,,,,,,,,,,,,13,,,,,B03,,,1,,1,,,7,7,1,12,4,120.646647,24.226168,3
5429,66000,387130000C,(04)23274275,(04)23288582,2025,06,15,10,16,臺中市,東區,0,1,0,7,3,6,50,4,2,1,5,4,6,6,2,1,1,5,5,2,12,3,10,3,1,B03,7,1,1,8,2,5,,84,84,1,13,4,120.690295,24.131799,2
5430,66000,387130000C,(04)23274275,(04)23288582,2025,06,15,10,18,臺中市,烏日區,0,0,0,7,,,30,,,,,,,,,,,,,,,,,,,B03,,,1,,1,,,40,40,1,13,4,120.616427,24.112868,3
5431,66000,387130000C,(04)23274275,(04)23288582,2025,06,15,10,18,臺中市,東勢區,0,0,0,7,,,50,,,,,,,,,,,,,,13,,,,,B03,,,1,,1,,,7,7,1,13,4,120.832087,24.247062,3
5432,66000,387130000C,(04)23274275,(04)23288582,2025,06,15,10,19,臺中市,北屯區,0,1,0,7,2,6,30,13,9,1,5,4,6,6,4,4,10,5,5,2,17,2,7,1,1,C03,7,9,1,10,9,12,,59,59,2,6,4,120.692842,24.177344,2
5433,66000,387130000C,(04)23274275,(04)23288582,2025,06,15,10,21,臺中市,東區,0,2,0,7,3,6,50,4,9,1,5,4,6,6,4,4,5,5,5,2,16,2,9,5,4,C03,7,6,1,10,2,11,,12,12,1,6,4,120.690251,24.140033,2
5434,66000,387130000C,(04)23274275,(04)23288582,2025,06,15,10,23,臺中市,南區,0,0,0,7,,,30,,,,,,,,,,,,,,17,,,,,C03,,,1,,2,,,41,41,1,6,4,120.678372,24.125988,3
5435,66000,387130000C,(04)23274275,(04)23288582,2025,06,15,10,25,臺中市,西屯區,0,2,0,7,2,6,40,13,8,1,5,4,6,6,1,1,1,5,1,2,13,2,9,2,1,C03,7,9,1,10,2,11,,7,7,1,12,4,120.613874,24.183654,2
5436,66000,387130000C,(04)23274275,(04)23288582,2025,06,15,10,27,臺中市,霧峰區,0,1,0,7,3,6,50,4,1,1,5,4,1,6,1,1,10,4,4,1,12,2,9,1,1,C03,7,7,1,10,2,12,,4,4,1,12,4,120.692519,24.046557,2
5437,66000,387130000C,(04)23274275,(04)23288582,2025,06,15,10,29,臺中市,大肚區,0,0,0,7,2,6,50,13,2,1,5,4,6,6,4,4,10,5,5,2,14,3,10,3,1,B03,7,2,1,8,1,3,,49,49,1,6,4,120.579406,24.172793,3
5438,66000,387130000C,(04)23274275,(04)23288582,2025,06,15,10,32,臺中市,南屯區,0,1,0,7,3,6,40,13,9,1,5,4,6,6,4,4,1,5,1,2,17,3,10,3,1,B03,7,7,1,8,1,16,,39,39,1,12,4,120.640113,24.116946,2
5439,66000,387130000C,(04)23274275,(04)23288582,2025,06,15,10,34,臺中市,南屯區,0,0,0,7,,,50,,,,,,,,,,,,,,14,,,,,B03,,,1,,1,,,49,49,1,6,4,120.627749,24.146864,3
5440,66000,387130000C,(04)23274275,(04)23288582,2025,06,15,10,35,臺中市,北屯區,0,1,0,7,2,6,50,13,9,1,5,4,6,6,4,4,9,4,5,2,12,2,7,6,1,F01,7,9,7,21,2,12,,59,59,1,6,4,120.732326,24.173801,2
5441,66000,387130000C,(04)23274275,(04)23288582,2025,06,15,10,36,臺中市,南屯區,0,1,0,7,2,6,50,3,1,1,5,4,6,6,4,4,8,3,5,1,17,3,10,1,1,C03,7,6,1,10,1,11,,14,14,1,12,4,120.649042,24.129611,2
5442,66000,387130000C,(04)23274275,(04)23288582,2025,06,15,10,41,臺中市,石岡區,0,1,0,7,2,6,70,3,1,1,5,4,6,6,1,1,10,5,5,2,17,3,10,3,1,B03,7,5,1,8,2,6,,47,47,1,12,4,120.782574,24.274691,2
5443,66000,387130000C,(04)23274275,(04)23288582,2025,06,15,10,42,臺中市,北區,0,1,0,7,3,6,50,3,1,1,5,4,6,6,4,4,9,5,5,2,17,3,10,3,1,B03,7,5,1,8,2,8,,14,14,1,12,4,120.683545,24.158582,2
5444,66000,387130000C,(04)23274275,(04)23288582,2025,06,15,10,50,臺中市,沙鹿區,0,0,0,7,,,50,,,,,,,,,,,,,,13,,,,,C03,,,3,,2,,,7,7,1,12,4,120.560459,24.240172,4
5445,66000,387130000C,(04)23274275,(04)23288582,2025,06,15,10,51,臺中市,西區,0,0,0,7,,,50,,,,,,,,,,,,,,9,,,,,B12,,,1,,1,,,20,20,1,12,4,120.663026,24.158046,3
5446,66000,387130000C,(04)23274275,(04)23288582,2025,06,15,10,53,臺中市,龍井區,0,0,0,7,2,6,40,13,9,1,5,4,6,6,4,4,5,2,5,2,12,3,10,3,1,B03,7,9,1,8,2,2,,8,8,1,6,4,120.586846,24.189195,3
5447,66000,387130000C,(04)23274275,(04)23288582,2025,06,15,10,55,臺中市,西屯區,0,0,0,7,,,50,,,,,,,,,,,,,,14,,,,,B03,,,1,,1,,,49,49,1,12,4,120.620132,24.182804,3
5448,66000,387130000C,(04)23274275,(04)23288582,2025,06,15,10,56,臺中市,清水區,0,0,0,7,,,50,,,,,,,,,,,,,,12,,,,,A02,,,1,,1,,,8,8,1,6,4,120.57508,24.267921,3
5449,66000,387130000C,(04)23274275,(04)23288582,2025,06,15,10,58,臺中市,西區,0,1,0,7,2,6,50,13,8,1,5,4,6,6,4,4,1,4,5,2,17,3,10,3,1,B03,7,7,1,8,2,2,,40,40,1,13,4,120.657374,24.145755,2
5450,66000,387130000C,(04)23274275,(04)23288582,2025,06,15,11,3,臺中市,霧峰區,0,0,0,7,,,50,,,,,,,,,,,,,,17,,,,,B03,,,1,,2,,,11,11,1,13,4,120.696292,24.054267,3
5451,66000,387130000C,(04)23274275,(04)23288582,2025,06,15,11,5,臺中市,龍井區,0,0,0,7,2,6,50,13,9,1,5,4,6,6,4,4,10,5,5,2,14,3,10,3,1,B03,7,2,1,8,2,7,,49,49,1,6,4,120.596431,24.189372,3
5452,66000,387130000C,(04)23274275,(04)23288582,2025,06,15,11,7,臺中市,沙鹿區,0,0,0,7,,,70,,,,,,,,,,,,,,,,,,,B03,,,1,,2,,,40,40,1,12,4,120.601358,24.2495,3
5453,66000,387130000C,(04)23274275,(04)23288582,2025,06,15,11,11,臺中市,大甲區,0,0,0,7,,,50,,,,,,,,,,,,,,15,,,,,B03,,,1,,1,,,21,21,1,6,4,120.619146,24.351075,3
5454,66000,387130000C,(04)23274275,(04)23288582,2025,06,15,11,16,臺中市,西屯區,0,1,0,7,2,6,50,4,2,1,5,4,6,6,4,4,5,5,5,2,17,3,10,5,4,C03,7,1,1,10,2,16,,51,51,1,12,4,120.665659,24.174101,2
5455,66000,387130000C,(04)23274275,(04)23288582,2025,06,15,11,17,臺中市,潭子區,0,0,0,7,,,0,,,,,,,,,,,,,,,,,,,B03,,,1,,1,,,78,78,1,12,4,120.711745,24.209382,3
5456,66000,387130000C,(04)23274275,(04)23288582,2025,06,15,11,21,臺中市,西屯區,0,1,0,7,2,6,50,4,1,1,5,4,6,6,2,1,10,5,5,2,16,3,10,3,4,B03,7,5,1,8,2,5,,11,11,1,12,4,120.639083,24.164986,2
5457,66000,387130000C,(04)23274275,(04)23288582,2025,06,15,11,22,臺中市,西屯區,0,0,0,7,,,60,,,,,,,,,,,,,,12,,,,,B02,,,1,,1,,,8,8,1,13,4,120.647847,24.196114,3
5458,66000,387130000C,(04)23274275,(04)23288582,2025,06,15,11,26,臺中市,太平區,0,2,0,7,3,6,50,3,1,1,5,4,6,6,4,4,5,5,4,1,16,2,9,2,1,C03,7,6,3,19,2,12,,14,14,1,12,4,120.717776,24.148768,2