﻿序號,縣市別代碼,機關代碼,市話,傳真,年,月,日,時,分,縣市,區,死亡數量,受傷數量,2-30,天候,道路照明設備,道路類別,道路速限,道路型態,事故位置,路面鋪裝,路面狀態,路面缺陷,障礙物,視距,號誌種類,號誌動作,分向設施,快車道或一般車道間,快慢車道間,路面邊線,事故類型及型態,受傷程度,主要傷處,保護裝備,行動電話或功能裝置,當事者區分_類別,車輛用途,當事者行動狀態,駕照狀態,駕照種類,飲酒情形,車輛撞擊部位最初,車輛撞擊部位其他,肇事因素個別,肇事因素主要,肇事逃逸,職業,共享經濟或外送平台,GPS座標X,GPS座標Y,事故類別
5459,66000,387130000C,(04)23274275,(04)23288582,2025,06,15,11,26,臺中市,神岡區,0,0,0,7,,,50,,,,,,,,,,,,,,12,,,,,C03,,,1,,2,,,8,8,1,13,4,120.670804,24.256297,3
5460,66000,387130000C,(04)23274275,(04)23288582,2025,06,15,11,28,臺中市,西區,0,0,0,7,,,50,,,,,,,,,,,,,,,,,,,B03,,,1,,1,,,50,50,1,6,4,120.66221,24.15074,3
5461,66000,387130000C,(04)23274275,(04)23288582,2025,06,15,11,30,臺中市,烏日區,0,0,0,7,,,50,,,,,,,,,,,,,,13,,,,,B12,,,1,,1,,,84,84,1,6,4,120.618638,24.116206,3
5462,66000,387130000C,(04)23274275,(04)23288582,2025,06,15,11,33,臺中市,南區,0,2,0,7,2,6,40,4,1,1,5,4,6,6,1,1,10,5,5,2,17,2,9,1,1,C03,7,15,1,10,2,12,,42,42,1,12,4,120.670283,24.129527,2
5463,66000,387130000C,(04)23274275,(04)23288582,2025,06,15,11,34,臺中市,大里區,0,0,0,7,,,50,,,,,,,,,,,,,,13,,,,,B01,,,1,,2,,,7,7,1,13,4,120.695172,24.099542,3
5464,66000,387130000C,(04)23274275,(04)23288582,2025,06,15,11,38,臺中市,后里區,0,1,0,7,2,6,50,3,1,1,5,4,6,6,4,4,5,5,5,2,3,3,10,3,1,B03,7,9,1,8,2,8,,84,84,1,12,4,120.712998,24.307331,2
5465,66000,387130000C,(04)23274275,(04)23288582,2025,06,15,11,50,臺中市,西屯區,0,0,0,7,,,80,,,,,,,,,,,,,,13,,,,,B03,,,1,,1,,,7,7,1,13,4,120.651551,24.198048,3
5466,66000,387130000C,(04)23274275,(04)23288582,2025,06,15,11,52,臺中市,南屯區,0,0,0,7,,,60,,,,,,,,,,,,,,13,,,,,B03,,,1,,1,,,59,59,1,12,4,120.647317,24.155533,3
5467,66000,387130000C,(04)23274275,(04)23288582,2025,06,15,11,54,臺中市,東區,0,0,0,7,,,50,,,,,,,,,,,,,,,,,,,C03,,,1,,1,,,51,51,1,6,4,120.709159,24.149445,3
5468,66000,387130000C,(04)23274275,(04)23288582,2025,06,15,11,55,臺中市,北屯區,0,1,0,7,3,6,50,4,2,1,5,4,6,6,1,1,5,4,5,2,9,3,10,3,1,B03,7,14,1,8,2,6,,87,87,1,6,4,120.719473,24.176101,2
5469,66000,387130000C,(04)23274275,(04)23288582,2025,06,15,11,58,臺中市,北屯區,0,1,0,7,3,6,50,4,1,1,5,4,6,6,4,4,10,5,5,2,17,3,10,3,1,B03,7,9,1,8,2,4,,13,13,1,12,4,120.680228,24.178137,2
5470,66000,387130000C,(04)23274275,(04)23288582,2025,06,15,12,1,臺中市,大甲區,0,0,0,7,,,50,,,,,,,,,,,,,,,,,,,B03,,,1,,1,,,84,84,1,6,4,120.626232,24.34806,3
5471,66000,387130000C,(04)23274275,(04)23288582,2025,06,15,12,14,臺中市,西區,0,0,0,7,,,50,,,,,,,,,,,,,,,,,,,B03,,,1,,9,,,84,84,1,13,4,120.674448,24.137508,3
5472,66000,387130000C,(04)23274275,(04)23288582,2025,06,15,12,15,臺中市,北屯區,0,2,0,7,2,6,50,4,1,1,5,4,6,6,1,1,10,5,5,2,17,2,9,1,1,C03,7,1,1,10,2,14,,51,51,1,12,4,120.6921,24.180187,2
5473,66000,387130000C,(04)23274275,(04)23288582,2025,06,15,12,17,臺中市,大里區,0,1,0,7,3,6,40,4,2,1,5,4,6,6,1,1,3,4,4,1,13,3,10,1,1,C03,7,7,3,19,2,12,,65,65,1,12,4,120.691326,24.091713,2
5474,66000,387130000C,(04)23274275,(04)23288582,2025,06,15,12,17,臺中市,豐原區,0,1,0,7,2,6,50,13,8,1,5,4,6,6,4,4,5,5,4,1,17,3,10,2,1,C03,7,1,1,10,2,11,,51,51,1,13,4,120.729862,24.250587,2
5475,66000,387130000C,(04)23274275,(04)23288582,2025,06,15,12,20,臺中市,西屯區,0,0,0,7,,,50,,,,,,,,,,,,,,16,,,,,B03,,,1,,1,,,48,48,1,12,4,120.658712,24.166447,3
5476,66000,387130000C,(04)23274275,(04)23288582,2025,06,15,12,20,臺中市,大里區,0,0,0,7,,,30,,,,,,,,,,,,,,19,,,,,B03,,,1,,2,,,57,57,1,13,4,120.661418,24.098808,3
5477,66000,387130000C,(04)23274275,(04)23288582,2025,06,15,12,20,臺中市,大甲區,0,1,0,7,3,6,50,13,9,1,5,4,6,6,4,4,10,5,5,2,16,3,10,3,1,B03,7,1,1,8,2,8,,51,51,1,6,4,120.617455,24.428479,2
5478,66000,387130000C,(04)23274275,(04)23288582,2025,06,15,12,21,臺中市,西屯區,0,2,0,7,2,6,50,4,1,1,5,4,6,6,1,1,1,4,5,2,16,2,9,2,1,C03,7,1,5,19,2,14,,51,51,1,12,4,120.616558,24.185997,2
5479,66000,387130000C,(04)23274275,(04)23288582,2025,06,15,12,27,臺中市,西屯區,0,0,0,7,2,6,50,13,9,1,5,4,6,6,4,4,10,5,5,2,14,,,,,B03,,,1,,2,,,49,49,1,13,4,120.60907,24.18868,3
5480,66000,387130000C,(04)23274275,(04)23288582,2025,06,15,12,30,臺中市,豐原區,0,0,0,7,,,50,,,,,,,,,,,,,,13,,,,,B03,,,1,,2,,,7,7,1,13,4,120.748672,24.267861,3
5481,66000,387130000C,(04)23274275,(04)23288582,2025,06,15,12,33,臺中市,大里區,0,0,0,7,,,50,,,,,,,,,,,,,,17,,,,,C03,,,1,,1,,,4,4,1,12,4,120.680189,24.1149,3
5482,66000,387130000C,(04)23274275,(04)23288582,2025,06,15,12,33,臺中市,太平區,0,0,0,7,,,50,,,,,,,,,,,,,,,,,,,B03,,,1,,2,,,14,14,1,12,4,120.712769,24.125855,3
5483,66000,387130000C,(04)23274275,(04)23288582,2025,06,15,12,35,臺中市,西屯區,0,0,0,7,,,60,,,,,,,,,,,,,,13,,,,,B03,,,1,,1,,,7,7,1,12,4,120.650637,24.161953,3
5484,66000,387130000C,(04)23274275,(04)23288582,2025,06,15,12,36,臺中市,南屯區,0,0,0,7,,,40,,,,,,,,,,,,,,12,,,,,B01,,,1,,1,,,40,40,1,6,4,120.623679,24.149638,3
5485,66000,387130000C,(04)23274275,(04)23288582,2025,06,15,12,37,臺中市,太平區,0,2,0,7,2,6,50,4,2,1,5,4,6,6,1,1,5,5,5,1,17,2,9,1,1,C03,7,1,5,9,2,12,,51,51,1,6,4,120.719696,24.121245,2
5486,66000,387130000C,(04)23274275,(04)23288582,2025,06,15,12,38,臺中市,西屯區,0,0,0,7,,,60,,,,,,,,,,,,,,13,,,,,B03,,,1,,1,,,56,56,1,12,4,120.63981,24.168592,3
5487,66000,387130000C,(04)23274275,(04)23288582,2025,06,15,12,41,臺中市,太平區,0,0,0,7,,,50,,,,,,,,,,,,,,13,,,,,C03,,,1,,2,,,84,84,1,12,2,120.729425,24.135037,3
5488,66000,387130000C,(04)23274275,(04)23288582,2025,06,15,12,44,臺中市,南區,0,1,0,7,3,6,50,13,9,1,5,4,6,6,4,4,3,5,5,2,17,2,9,5,4,F02,7,9,7,21,2,11,,84,84,1,6,4,120.650118,24.120638,2
5489,66000,387130000C,(04)23274275,(04)23288582,2025,06,15,12,46,臺中市,西區,0,1,0,7,2,6,50,13,9,1,5,4,6,6,4,4,4,4,5,2,18,2,9,5,4,C03,7,9,1,10,2,14,,84,84,1,12,4,120.661453,24.142755,2
5490,66000,387130000C,(04)23274275,(04)23288582,2025,06,15,12,51,臺中市,大里區,0,2,0,7,2,6,50,13,9,1,5,4,6,6,4,4,5,5,5,2,17,2,9,1,1,C03,7,9,1,10,2,12,,84,84,1,13,4,120.694771,24.08768,2
5491,66000,387130000C,(04)23274275,(04)23288582,2025,06,15,12,57,臺中市,南屯區,0,0,0,7,3,6,50,13,9,1,5,4,6,6,4,4,5,5,5,2,14,,,,,B03,,,1,,2,,,49,49,1,12,4,120.632249,24.142134,3
5492,66000,387130000C,(04)23274275,(04)23288582,2025,06,15,13,2,臺中市,南屯區,0,1,0,7,3,6,50,13,9,1,5,4,6,6,1,1,5,5,4,2,9,3,10,3,1,B03,7,6,1,8,2,1,,10,10,1,12,4,120.649739,24.153601,2
5493,66000,387130000C,(04)23274275,(04)23288582,2025,06,15,13,3,臺中市,霧峰區,0,2,0,7,2,6,50,13,9,1,5,4,6,6,4,4,1,4,4,1,17,2,9,2,1,C03,7,6,1,10,2,11,,20,20,1,13,4,120.694432,24.050444,2
5494,66000,387130000C,(04)23274275,(04)23288582,2025,06,15,13,8,臺中市,西區,0,1,0,7,2,6,50,4,1,1,5,4,6,6,1,1,10,5,5,2,17,3,10,3,1,B03,7,5,1,8,2,5,,11,11,1,12,4,120.657453,24.144256,2
5495,66000,387130000C,(04)23274275,(04)23288582,2025,06,15,13,8,臺中市,西屯區,0,0,0,7,,,40,,,,,,,,,,,,,,13,,,,,C03,,,1,,1,,,7,7,1,12,4,120.653155,24.160469,3
5496,66000,387130000C,(04)23274275,(04)23288582,2025,06,15,13,10,臺中市,南屯區,0,1,0,7,2,6,50,13,9,1,5,4,6,6,4,4,4,3,4,2,12,3,10,2,4,C03,7,8,1,10,2,13,,40,40,1,13,4,120.645716,24.129528,2
5497,66000,387130000C,(04)23274275,(04)23288582,2025,06,15,13,14,臺中市,北屯區,0,0,0,7,,,50,,,,,,,,,,,,,,13,,,,,B03,,,6,,1,,,59,59,1,6,4,120.66035,24.193025,3
5498,66000,387130000C,(04)23274275,(04)23288582,2025,06,15,13,17,臺中市,大雅區,0,2,0,7,2,6,50,13,9,1,5,4,6,6,4,4,9,5,5,1,27,2,7,3,1,B03,7,9,1,8,2,1,,84,84,1,13,4,120.672724,24.229964,2
5499,66000,387130000C,(04)23274275,(04)23288582,2025,06,15,13,22,臺中市,西區,0,0,0,7,,,50,,,,,,,,,,,,,,,,,,,B03,,,1,,1,,,49,49,1,13,4,120.66774,24.13095,3
5500,66000,387130000C,(04)23274275,(04)23288582,2025,06,15,13,25,臺中市,大甲區,0,0,0,7,,,50,,,,,,,,,,,,,,12,,,,,B03,,,1,,1,,,84,84,1,13,4,120.630409,24.346133,3
5501,66000,387130000C,(04)23274275,(04)23288582,2025,06,15,13,28,臺中市,太平區,0,0,0,7,,,30,,,,,,,,,,,,,,,,,,,B03,,,1,,2,,,84,84,1,12,4,120.721366,24.148619,3
5502,66000,387130000C,(04)23274275,(04)23288582,2025,06,15,13,34,臺中市,梧棲區,0,0,0,7,,,50,,,,,,,,,,,,,,17,,,,,B03,,,1,,1,,,51,51,1,12,4,120.549215,24.248138,3
5503,66000,387130000C,(04)23274275,(04)23288582,2025,06,15,13,35,臺中市,南區,0,0,0,7,,,50,,,,,,,,,,,,,,17,,,,,B03,,,1,,1,,,84,84,1,12,4,120.66999,24.119723,3
5504,66000,387130000C,(04)23274275,(04)23288582,2025,06,15,13,39,臺中市,西屯區,0,1,0,7,2,6,50,4,1,1,5,4,6,6,2,1,3,4,5,1,13,2,9,1,1,C03,7,9,1,9,2,11,,7,7,1,12,4,120.641103,24.173546,2
5505,66000,387130000C,(04)23274275,(04)23288582,2025,06,15,13,39,臺中市,霧峰區,0,1,0,7,3,6,50,3,2,1,5,4,6,6,1,1,10,5,5,2,13,3,10,3,1,B03,7,9,1,8,2,1,,7,7,1,12,4,120.688183,24.044996,2
5506,66000,387130000C,(04)23274275,(04)23288582,2025,06,15,13,40,臺中市,南屯區,0,0,0,7,,,40,,,,,,,,,,,,,,,,,,,B02,,,1,,1,,,51,51,1,6,4,120.635191,24.150169,3
5507,66000,387130000C,(04)23274275,(04)23288582,2025,06,15,13,40,臺中市,北屯區,0,1,0,7,3,6,50,5,1,1,5,4,6,6,1,1,10,5,5,2,17,3,10,3,1,B03,7,5,1,8,2,5,,47,47,1,12,4,120.686251,24.188697,2
5508,66000,387130000C,(04)23274275,(04)23288582,2025,06,15,13,45,臺中市,北屯區,0,0,0,7,,,30,,,,,,,,,,,,,,9,,,,,B03,,,1,,9,,,87,87,1,6,4,120.668164,24.19331,3
5509,66000,387130000C,(04)23274275,(04)23288582,2025,06,15,13,45,臺中市,龍井區,0,1,0,7,2,6,30,13,9,1,5,4,6,6,4,4,10,5,5,2,19,2,9,2,1,C03,7,9,1,10,2,12,,59,59,1,6,4,120.568697,24.19499,2
5510,66000,387130000C,(04)23274275,(04)23288582,2025,06,15,13,46,臺中市,西區,0,1,0,7,3,6,50,3,2,1,5,4,6,6,4,4,5,4,5,2,13,3,10,3,1,B03,7,9,1,8,2,1,,84,84,1,6,4,120.673908,24.147399,2
5511,66000,387130000C,(04)23274275,(04)23288582,2025,06,15,13,48,臺中市,太平區,0,6,0,7,2,3,80,13,9,1,5,4,6,6,4,4,1,3,5,1,13,3,10,3,1,B03,7,9,1,8,2,1,3,7,7,1,12,4,120.717034,24.155134,2
5512,66000,387130000C,(04)23274275,(04)23288582,2025,06,15,13,50,臺中市,霧峰區,0,1,0,7,2,6,60,4,1,1,5,4,6,6,1,1,10,5,5,1,17,3,10,3,1,B03,7,6,1,8,2,6,,11,11,1,13,4,120.691951,24.041142,2
5513,66000,387130000C,(04)23274275,(04)23288582,2025,06,15,13,51,臺中市,西區,0,1,0,7,3,6,50,4,1,1,5,4,6,6,2,1,10,5,5,2,15,3,10,3,1,B03,7,9,1,8,2,1,,84,84,1,13,4,120.678,24.134074,2
5514,66000,387130000C,(04)23274275,(04)23288582,2025,06,15,13,52,臺中市,豐原區,0,1,0,7,3,6,50,4,1,1,5,4,6,6,1,1,5,4,4,2,16,3,10,5,4,B03,7,5,1,8,2,6,,47,47,1,12,4,120.721575,24.248965,2
5515,66000,387130000C,(04)23274275,(04)23288582,2025,06,15,13,53,臺中市,南屯區,0,0,0,7,,,50,,,,,,,,,,,,,,,,,,,B03,,,1,,1,,,7,7,1,12,4,120.638391,24.151464,3
5516,66000,387130000C,(04)23274275,(04)23288582,2025,06,15,14,2,臺中市,南區,0,0,0,7,,,50,,,,,,,,,,,,,,13,,,,,B03,,,1,,2,,,56,56,1,6,4,120.654919,24.10896,3
5517,66000,387130000C,(04)23274275,(04)23288582,2025,06,15,14,9,臺中市,南區,0,2,0,7,3,6,50,5,9,1,5,4,6,6,1,1,3,5,5,2,16,3,10,5,4,B03,7,6,1,8,2,5,,20,20,1,6,4,120.679293,24.125653,2
5518,66000,387130000C,(04)23274275,(04)23288582,2025,06,15,14,9,臺中市,東區,0,0,0,7,,,50,,,,,,,,,,,,,,,,,,,C03,,,1,,1,,,84,84,1,13,4,120.705846,24.148064,3
5519,66000,387130000C,(04)23274275,(04)23288582,2025,06,15,14,14,臺中市,東區,0,2,0,7,2,6,50,3,1,1,5,4,6,6,4,4,10,5,5,2,16,2,9,1,1,C03,7,8,1,10,2,14,,40,40,1,12,4,120.689243,24.141451,2
5520,66000,387130000C,(04)23274275,(04)23288582,2025,06,15,14,17,臺中市,北區,0,0,0,7,,,50,,,,,,,,,,,,,,12,,,,,C03,,,3,,2,,,42,42,1,13,4,120.685172,24.166052,3
5521,66000,387130000C,(04)23274275,(04)23288582,2025,06,15,14,20,臺中市,龍井區,0,0,0,7,,,40,,,,,,,,,,,,,,,,,,,B12,,,1,,2,,,49,49,1,12,4,120.526938,24.217647,3
5522,66000,387130000C,(04)23274275,(04)23288582,2025,06,15,14,22,臺中市,沙鹿區,0,0,0,7,,,50,,,,,,,,,,,,,,17,,,,,B03,,,1,,2,,,84,84,1,6,4,120.569786,24.257054,3
5523,66000,387130000C,(04)23274275,(04)23288582,2025,06,15,14,25,臺中市,神岡區,0,0,0,7,,,30,,,,,,,,,,,,,,9,,,,,B03,,,1,,1,,,87,87,1,12,4,120.698783,24.253378,4
5524,66000,387130000C,(04)23274275,(04)23288582,2025,06,15,14,27,臺中市,沙鹿區,0,4,0,7,2,6,50,3,2,1,5,4,6,6,4,4,10,5,5,2,13,2,9,2,1,C03,7,9,2,19,2,11,,7,7,1,4,4,120.55472,24.225848,2
5525,66000,387130000C,(04)23274275,(04)23288582,2025,06,15,14,33,臺中市,東區,0,2,0,7,3,6,50,4,1,1,5,4,6,6,4,4,5,5,5,2,15,2,9,2,1,C03,7,9,3,19,2,12,,13,13,1,13,4,120.706045,24.143293,2
5526,66000,387130000C,(04)23274275,(04)23288582,2025,06,15,14,34,臺中市,北區,0,1,0,7,2,6,50,3,2,1,5,4,6,6,4,4,5,2,4,2,17,2,9,1,1,C03,7,1,1,10,2,12,,51,51,1,12,4,120.665541,24.156372,2
5527,66000,387130000C,(04)23274275,(04)23288582,2025,06,15,14,39,臺中市,西區,0,1,0,7,3,6,50,3,1,1,5,4,6,6,4,4,10,5,5,2,17,3,10,3,1,B03,7,5,1,8,2,2,,14,14,1,13,4,120.670246,24.151176,2
5528,66000,387130000C,(04)23274275,(04)23288582,2025,06,15,14,45,臺中市,太平區,0,1,0,7,2,6,30,11,9,1,5,4,6,6,4,4,5,5,5,1,18,2,9,1,1,C03,7,9,1,10,2,12,,84,84,1,6,4,120.808065,24.095749,2
5529,66000,387130000C,(04)23274275,(04)23288582,2025,06,15,14,48,臺中市,東區,0,0,0,7,,,50,,,,,,,,,,,,,,13,,,,,C03,,,1,,2,,,7,7,1,6,4,120.694453,24.151108,3
5530,66000,387130000C,(04)23274275,(04)23288582,2025,06,15,14,50,臺中市,北區,0,3,0,7,2,6,50,13,9,1,5,4,6,6,4,4,1,4,5,1,16,2,9,1,1,C03,7,5,1,11,2,12,,20,20,1,12,4,120.681613,24.163042,2
5531,66000,387130000C,(04)23274275,(04)23288582,2025,06,15,14,58,臺中市,大里區,0,0,0,7,,,40,,,,,,,,,,,,,,13,,,,,B03,,,1,,2,,,7,7,1,13,4,120.69267,24.102954,3
5532,66000,387130000C,(04)23274275,(04)23288582,2025,06,15,15,0,臺中市,后里區,0,0,0,7,,,50,,,,,,,,,,,,,,,,,,,B03,,,1,,1,,,49,49,1,6,4,120.716357,24.306128,3
5533,66000,387130000C,(04)23274275,(04)23288582,2025,06,15,15,3,臺中市,西區,0,1,0,7,3,6,50,4,1,1,5,4,6,6,4,4,10,5,5,2,15,2,9,1,1,C03,7,9,1,10,2,12,,15,15,1,13,4,120.663725,24.13107,2
5534,66000,387130000C,(04)23274275,(04)23288582,2025,06,15,15,11,臺中市,清水區,0,0,0,7,,,60,,,,,,,,,,,,,,,,,,,B03,,,1,,2,,,7,7,1,12,4,120.562233,24.272144,3
5535,66000,387130000C,(04)23274275,(04)23288582,2025,06,15,15,19,臺中市,北屯區,0,1,0,7,2,6,50,13,9,1,5,4,6,6,4,4,10,5,5,2,13,2,9,5,4,C03,7,9,1,10,2,12,,1,1,1,12,4,120.680365,24.1726,2
5536,66000,387130000C,(04)23274275,(04)23288582,2025,06,15,15,19,臺中市,太平區,0,1,0,7,3,6,50,5,2,1,5,4,6,6,1,1,10,5,5,2,16,3,10,3,1,B03,7,1,1,8,2,8,,51,51,1,12,4,120.73393,24.156025,2
5537,66000,387130000C,(04)23274275,(04)23288582,2025,06,15,15,20,臺中市,北屯區,0,0,0,7,,,30,,,,,,,,,,,,,,,,,,,B03,,,1,,2,,,84,84,1,13,4,120.714327,24.171756,3
5538,66000,387130000C,(04)23274275,(04)23288582,2025,06,15,15,25,臺中市,西屯區,0,0,0,7,,,40,,,,,,,,,,,,,,13,,,,,C03,,,1,,1,,,59,59,1,12,4,120.657166,24.163191,3
5539,66000,387130000C,(04)23274275,(04)23288582,2025,06,15,15,34,臺中市,和平區,0,0,0,7,,,40,,,,,,,,,,,,,,30,,,,,H03,,,1,,10,,,112,112,1,6,5,120.92169,24.325157,3
5540,66000,387130000C,(04)23274275,(04)23288582,2025,06,15,15,35,臺中市,北屯區,0,0,0,7,,,50,,,,,,,,,,,,,,17,,,,,C03,,,1,,1,,,39,39,1,12,4,120.720696,24.174503,3
5541,66000,387130000C,(04)23274275,(04)23288582,2025,06,15,15,40,臺中市,南屯區,0,0,0,7,,,40,,,,,,,,,,,,,,13,,,,,B03,,,1,,2,,,7,7,1,6,4,120.634148,24.151307,3
5542,66000,387130000C,(04)23274275,(04)23288582,2025,06,15,15,40,臺中市,烏日區,0,0,0,5,2,6,30,13,7,1,5,4,6,6,4,4,1,4,5,2,12,3,10,3,1,B03,7,7,1,7,1,5,,39,39,1,6,4,120.617391,24.110223,3
5543,66000,387130000C,(04)23274275,(04)23288582,2025,06,15,15,44,臺中市,北屯區,0,1,0,7,3,6,50,4,1,1,5,4,6,6,1,1,10,5,5,2,16,3,10,2,1,C03,7,9,1,10,2,16,,21,21,1,6,4,120.713777,24.161336,2
5544,66000,387130000C,(04)23274275,(04)23288582,2025,06,15,15,48,臺中市,西屯區,0,0,0,7,,,40,,,,,,,,,,,,,,,,,,,B03,,,1,,1,,,81,81,1,12,4,120.638526,24.160036,3
5545,66000,387130000C,(04)23274275,(04)23288582,2025,06,15,15,56,臺中市,太平區,0,0,0,7,2,6,50,4,1,1,5,4,6,6,2,1,1,2,1,2,16,3,10,3,1,B12,7,5,1,8,2,5,,38,38,1,6,4,120.717044,24.156757,3
5546,66000,387130000C,(04)23274275,(04)23288582,2025,06,15,16,1,臺中市,龍井區,0,1,0,7,2,6,40,4,1,1,5,4,6,6,1,1,10,5,5,2,17,2,9,1,1,C03,7,9,1,10,4,14,,25,25,1,6,4,120.575605,24.185021,2
5547,66000,387130000C,(04)23274275,(04)23288582,2025,06,15,16,4,臺中市,太平區,0,2,0,7,3,6,50,4,1,1,5,4,6,6,4,4,10,5,5,2,15,2,9,1,1,C03,7,9,1,10,2,14,,13,13,1,12,4,120.72213,24.106522,2
5548,66000,387130000C,(04)23274275,(04)23288582,2025,06,15,16,4,臺中市,烏日區,0,0,0,7,,,50,,,,,,,,,,,,,,17,,,,,A12,,,1,,2,,,8,8,1,6,4,120.64278,24.072904,3
5549,66000,387130000C,(04)23274275,(04)23288582,2025,06,15,16,6,臺中市,北屯區,0,1,0,7,2,6,50,3,1,1,5,4,6,6,4,4,10,5,5,2,17,2,9,1,1,C03,7,9,1,10,2,11,,41,41,1,12,4,120.666083,24.18571,2
5550,66000,387130000C,(04)23274275,(04)23288582,2025,06,15,16,7,臺中市,南區,0,0,0,7,,,50,,,,,,,,,,,,,,17,,,,,B03,,,1,,1,,,7,7,1,12,4,120.648816,24.111452,3
5551,66000,387130000C,(04)23274275,(04)23288582,2025,06,15,16,17,臺中市,大甲區,0,0,0,7,,,50,,,,,,,,,,,,,,,,,,,C03,,,1,,1,,,51,51,1,6,4,120.632125,24.355393,3
5552,66000,387130000C,(04)23274275,(04)23288582,2025,06,15,16,21,臺中市,大里區,0,0,0,7,,,50,,,,,,,,,,,,,,17,,,,,B03,,,1,,2,,,54,54,1,13,4,120.676038,24.116701,3
5553,66000,387130000C,(04)23274275,(04)23288582,2025,06,15,16,23,臺中市,大甲區,0,3,0,7,3,6,50,3,1,1,5,4,6,6,4,4,5,5,5,1,16,2,9,2,1,C03,7,4,1,10,2,12,14,84,84,1,6,4,120.626055,24.350129,2
5554,66000,387130000C,(04)23274275,(04)23288582,2025,06,15,16,25,臺中市,北屯區,0,0,0,7,,,0,,,,,,,,,,,,,,17,,,,,,,,,,,,,119,119,1,,,120.665794,24.182743,3
5555,66000,387130000C,(04)23274275,(04)23288582,2025,06,15,16,27,臺中市,西屯區,0,3,0,7,2,6,50,4,4,1,5,4,6,6,2,1,10,5,5,2,13,2,9,1,1,C03,7,9,1,10,2,11,,59,59,1,12,4,120.648294,24.167899,2
5556,66000,387130000C,(04)23274275,(04)23288582,2025,06,15,16,28,臺中市,南區,0,3,0,7,2,6,40,3,1,1,5,4,6,6,4,4,10,5,5,2,13,2,9,1,1,C03,7,9,1,10,2,11,,84,84,1,12,4,120.661491,24.116884,2
5557,66000,387130000C,(04)23274275,(04)23288582,2025,06,15,16,28,臺中市,西屯區,0,0,0,7,,,50,,,,,,,,,,,,,,13,,,,,B03,,,1,,1,,,59,59,1,13,4,120.630444,24.165219,3
5558,66000,387130000C,(04)23274275,(04)23288582,2025,06,15,16,29,臺中市,北屯區,0,1,0,7,1,6,30,13,9,1,5,4,6,6,4,4,1,4,5,2,18,2,9,5,4,C03,7,1,1,10,2,14,,51,51,1,13,4,120.699721,24.176222,2
5559,66000,387130000C,(04)23274275,(04)23288582,2025,06,15,16,30,臺中市,西區,0,0,0,7,,,50,,,,,,,,,,,,,,17,,,,,B03,,,1,,1,,,84,84,1,12,4,120.68211,24.135711,3
5560,66000,387130000C,(04)23274275,(04)23288582,2025,06,15,16,31,臺中市,西屯區,0,0,0,7,,,40,,,,,,,,,,,,,,17,,,,,C03,,,1,,2,,,42,42,1,13,4,120.662138,24.165401,4
5561,66000,387130000C,(04)23274275,(04)23288582,2025,06,15,16,37,臺中市,南區,0,0,0,7,,,50,,,,,,,,,,,,,,2,,,,,B03,,,1,,1,,,84,84,1,12,4,120.681637,24.130838,3
5562,66000,387130000C,(04)23274275,(04)23288582,2025,06,15,16,37,臺中市,太平區,0,1,0,7,2,6,40,11,9,1,5,4,6,6,4,4,10,5,5,1,13,2,8,1,1,C03,7,9,1,10,2,11,,7,7,1,12,4,120.729125,24.140932,2
5563,66000,387130000C,(04)23274275,(04)23288582,2025,06,15,16,44,臺中市,龍井區,0,0,0,7,,,50,,,,,,,,,,,,,,,,,,,B03,,,1,,2,,,6,6,1,12,4,120.523448,24.201427,3
5564,66000,387130000C,(04)23274275,(04)23288582,2025,06,15,16,44,臺中市,梧棲區,0,1,0,7,2,6,30,13,14,1,5,4,6,6,4,4,5,4,5,1,17,2,9,6,1,F01,7,9,7,21,1,11,,84,84,1,2,4,120.534509,24.256931,2
5565,66000,387130000C,(04)23274275,(04)23288582,2025,06,15,16,46,臺中市,太平區,0,3,0,7,3,6,30,11,9,1,5,4,6,6,4,4,4,5,5,1,18,2,9,1,1,C03,7,5,1,10,2,14,,84,84,1,12,4,120.819352,24.078155,2
5566,66000,387130000C,(04)23274275,(04)23288582,2025,06,15,16,48,臺中市,西屯區,0,0,0,7,,,30,,,,,,,,,,,,,,15,,,,,C03,,,1,,1,,,15,15,1,12,4,120.643319,24.180167,3
5567,66000,387130000C,(04)23274275,(04)23288582,2025,06,15,16,53,臺中市,后里區,0,0,0,7,,,50,,,,,,,,,,,,,,,,,,,B03,,,1,,2,,,14,14,1,6,4,120.70377,24.297964,3
5568,66000,387130000C,(04)23274275,(04)23288582,2025,06,15,16,56,臺中市,東區,0,0,0,7,,,50,,,,,,,,,,,,,,17,,,,,C03,,,1,,1,,,50,50,1,12,4,120.693024,24.134762,3
5569,66000,387130000C,(04)23274275,(04)23288582,2025,06,15,17,0,臺中市,北屯區,0,0,0,7,,,50,,,,,,,,,,,,,,17,,,,,B03,,,1,,2,,,51,51,1,12,4,120.708466,24.186561,3