﻿序號,縣市別代碼,機關代碼,市話,傳真,年,月,日,時,分,縣市,區,死亡數量,受傷數量,2-30,天候,道路照明設備,道路類別,道路速限,道路型態,事故位置,路面鋪裝,路面狀態,路面缺陷,障礙物,視距,號誌種類,號誌動作,分向設施,快車道或一般車道間,快慢車道間,路面邊線,事故類型及型態,受傷程度,主要傷處,保護裝備,行動電話或功能裝置,當事者區分_類別,車輛用途,當事者行動狀態,駕照狀態,駕照種類,飲酒情形,車輛撞擊部位最初,車輛撞擊部位其他,肇事因素個別,肇事因素主要,肇事逃逸,職業,共享經濟或外送平台,GPS座標X,GPS座標Y,事故類別
5570,66000,387130000C,(04)23274275,(04)23288582,2025,06,15,17,7,臺中市,西區,0,0,0,7,,,50,,,,,,,,,,,,,,,,,,,C03,,,1,,9,,,84,84,1,13,4,120.661422,24.154196,3
5571,66000,387130000C,(04)23274275,(04)23288582,2025,06,15,17,8,臺中市,太平區,0,1,0,7,3,6,30,11,9,1,5,4,6,6,4,4,4,5,5,1,18,2,9,1,1,C03,7,5,3,19,2,12,,84,84,1,12,4,120.815886,24.090766,2
5572,66000,387130000C,(04)23274275,(04)23288582,2025,06,15,17,10,臺中市,南區,0,0,0,7,,,50,,,,,,,,,,,,,,13,,,,,B03,,,1,,1,,,82,82,1,13,4,120.669796,24.114738,3
5573,66000,387130000C,(04)23274275,(04)23288582,2025,06,15,17,10,臺中市,北屯區,0,1,0,7,3,6,50,5,1,1,5,4,6,6,1,1,10,5,5,2,3,3,10,2,1,F01,7,9,7,21,2,11,,21,21,1,6,4,120.681685,24.17266,2
5574,66000,387130000C,(04)23274275,(04)23288582,2025,06,15,17,13,臺中市,太平區,0,0,0,7,,,50,,,,,,,,,,,,,,12,,,,,C02,,,1,,2,,,84,84,1,12,4,120.733183,24.150526,3
5575,66000,387130000C,(04)23274275,(04)23288582,2025,06,15,17,14,臺中市,南區,0,2,0,7,2,6,50,4,1,1,5,4,6,6,4,4,10,5,5,2,15,2,9,1,1,C03,7,9,1,10,2,11,,15,15,1,12,2,120.682539,24.12566,2
5576,66000,387130000C,(04)23274275,(04)23288582,2025,06,15,17,16,臺中市,北屯區,0,0,0,7,,,50,,,,,,,,,,,,,,17,,,,,C01,,,1,,1,,,35,35,1,12,4,120.721341,24.18012,3
5577,66000,387130000C,(04)23274275,(04)23288582,2025,06,15,17,17,臺中市,西屯區,0,2,0,7,2,6,30,4,1,1,5,4,6,6,4,4,5,5,5,2,15,2,9,2,1,C03,7,9,1,10,2,14,,12,12,1,12,4,120.644274,24.180545,2
5578,66000,387130000C,(04)23274275,(04)23288582,2025,06,15,17,24,臺中市,東區,0,0,0,7,,,50,,,,,,,,,,,,,,9,,,,,B03,,,1,,1,,,51,51,1,12,4,120.709028,24.145441,3
5579,66000,387130000C,(04)23274275,(04)23288582,2025,06,15,17,24,臺中市,西屯區,0,0,0,7,,,50,,,,,,,,,,,,,,13,,,,,C03,,,1,,2,,,7,7,1,12,4,120.653455,24.198483,3
5580,66000,387130000C,(04)23274275,(04)23288582,2025,06,15,17,25,臺中市,大雅區,0,1,0,7,2,6,30,3,2,1,5,4,6,6,4,4,9,5,5,2,16,3,10,3,1,B03,7,6,1,8,2,1,,14,14,1,13,4,120.633595,24.227532,2
5581,66000,387130000C,(04)23274275,(04)23288582,2025,06,15,17,25,臺中市,南區,0,0,0,7,,,50,,,,,,,,,,,,,,17,,,,,B03,,,1,,2,,,50,50,1,12,4,120.675675,24.125549,3
5582,66000,387130000C,(04)23274275,(04)23288582,2025,06,15,17,28,臺中市,西區,0,0,0,7,,,50,,,,,,,,,,,,,,,,,,,B03,,,1,,1,,,51,51,1,13,4,120.664027,24.151383,3
5583,66000,387130000C,(04)23274275,(04)23288582,2025,06,15,17,29,臺中市,大里區,0,0,0,7,,,30,,,,,,,,,,,,,,14,,,,,B03,,,1,,2,,,49,49,1,6,4,120.680518,24.115261,3
5584,66000,387130000C,(04)23274275,(04)23288582,2025,06,15,17,32,臺中市,西屯區,0,1,0,7,2,6,50,13,9,1,5,4,6,6,4,4,1,4,5,2,12,2,8,5,4,C03,7,7,1,10,2,11,,40,40,1,13,4,120.624287,24.182242,2
5585,66000,387130000C,(04)23274275,(04)23288582,2025,06,15,17,38,臺中市,烏日區,0,1,0,7,2,6,50,12,8,1,5,4,6,6,4,4,1,4,1,2,18,2,9,5,4,F01,7,9,7,21,2,11,,84,84,1,12,4,120.651132,24.105981,2
5586,66000,387130000C,(04)23274275,(04)23288582,2025,06,15,17,40,臺中市,大安區,0,1,0,7,3,6,50,4,1,1,5,4,6,6,1,1,10,5,5,2,17,3,10,5,4,B03,7,5,1,8,2,6,,11,11,1,6,4,120.603463,24.360925,2
5587,66000,387130000C,(04)23274275,(04)23288582,2025,06,15,17,42,臺中市,后里區,0,0,0,7,2,6,50,3,2,1,5,4,6,6,1,1,1,2,4,1,13,3,10,3,1,B03,7,9,1,8,2,1,,7,7,1,12,4,120.723503,24.298126,3
5588,66000,387130000C,(04)23274275,(04)23288582,2025,06,15,17,50,臺中市,西屯區,0,0,0,7,,,50,,,,,,,,,,,,,,35,,,,,C03,,,3,,1,,,84,84,1,13,4,120.64408,24.175827,3
5589,66000,387130000C,(04)23274275,(04)23288582,2025,06,15,17,55,臺中市,大雅區,0,0,0,7,,,30,,,,,,,,,,,,,,,,,,,B03,,,1,,2,,,20,20,1,13,4,120.66724,24.239525,3
5590,66000,387130000C,(04)23274275,(04)23288582,2025,06,15,17,55,臺中市,大甲區,0,0,0,7,,,50,,,,,,,,,,,,,,14,,,,,B03,,,1,,1,,,49,49,1,6,4,120.620225,24.346973,3
5591,66000,387130000C,(04)23274275,(04)23288582,2025,06,15,18,4,臺中市,豐原區,0,1,0,7,2,6,50,4,4,1,5,4,6,6,1,1,5,5,5,2,13,3,10,3,1,B03,7,9,1,8,2,3,,84,84,1,13,4,120.706129,24.250152,2
5592,66000,387130000C,(04)23274275,(04)23288582,2025,06,15,18,7,臺中市,大雅區,0,1,0,7,2,6,30,4,1,1,5,4,6,6,4,4,10,5,5,1,16,3,10,4,1,F01,7,6,7,21,2,13,,14,14,1,13,4,120.646786,24.23512,2
5593,66000,387130000C,(04)23274275,(04)23288582,2025,06,15,18,7,臺中市,大安區,0,0,0,7,,,40,,,,,,,,,,,,,,9,,,,,B03,,,1,,2,,,84,84,1,13,4,120.586424,24.345827,3
5594,66000,387130000C,(04)23274275,(04)23288582,2025,06,15,18,8,臺中市,南區,0,0,0,7,,,50,,,,,,,,,,,,,,12,,,,,B03,,,1,,2,,,20,20,1,12,4,120.655247,24.12377,3
5595,66000,387130000C,(04)23274275,(04)23288582,2025,06,15,18,11,臺中市,太平區,0,1,0,7,2,6,50,5,1,1,5,4,6,6,2,1,10,5,5,2,16,3,10,3,1,B03,7,5,1,8,2,2,,22,22,1,12,4,120.712977,24.143405,2
5596,66000,387130000C,(04)23274275,(04)23288582,2025,06,15,18,15,臺中市,西區,0,0,0,7,,,50,,,,,,,,,,,,,,,,,,,B03,,,1,,1,,,49,49,1,12,4,120.663766,24.132007,3
5597,66000,387130000C,(04)23274275,(04)23288582,2025,06,15,18,18,臺中市,太平區,0,1,0,7,3,6,30,11,9,1,5,4,6,6,4,4,4,5,5,1,18,2,9,1,1,C03,7,5,1,10,2,12,,5,5,1,12,4,120.816383,24.087966,2
5598,66000,387130000C,(04)23274275,(04)23288582,2025,06,15,18,18,臺中市,外埔區,0,1,0,7,2,6,50,13,9,1,5,4,6,6,4,4,5,5,5,1,18,2,9,1,1,C03,7,9,1,10,8,12,,59,59,1,12,4,120.675353,24.34387,2
5599,66000,387130000C,(04)23274275,(04)23288582,2025,06,15,18,19,臺中市,后里區,0,0,0,7,2,6,50,3,9,1,5,4,6,6,4,4,5,4,5,2,17,3,10,3,1,B03,7,5,1,8,2,6,,84,84,1,12,4,120.701245,24.325333,3
5600,66000,387130000C,(04)23274275,(04)23288582,2025,06,15,18,24,臺中市,新社區,0,1,0,7,3,6,40,3,1,1,5,4,6,6,1,1,5,4,4,1,12,2,9,5,4,F03,7,9,7,21,2,14,,84,84,1,13,4,120.806766,24.238722,2
5601,66000,387130000C,(04)23274275,(04)23288582,2025,06,15,18,29,臺中市,南屯區,0,0,0,7,,,50,,,,,,,,,,,,,,17,,,,,B03,,,1,,1,,,76,76,1,13,4,120.645455,24.151151,3
5602,66000,387130000C,(04)23274275,(04)23288582,2025,06,15,18,33,臺中市,南區,0,0,0,7,,,50,,,,,,,,,,,,,,3,,,,,B03,,,1,,2,,,10,10,1,13,4,120.657269,24.116791,4
5603,66000,387130000C,(04)23274275,(04)23288582,2025,06,15,18,33,臺中市,西屯區,0,0,0,7,,,60,,,,,,,,,,,,,,12,,,,,B03,,,1,,1,,,39,39,1,12,4,120.62904,24.163157,3
5604,66000,387130000C,(04)23274275,(04)23288582,2025,06,15,18,40,臺中市,烏日區,0,1,0,7,1,6,40,13,9,1,5,4,6,6,1,1,1,4,5,2,13,2,4,1,1,C03,7,9,1,10,2,11,,7,7,1,13,4,120.619132,24.110791,2
5605,66000,387130000C,(04)23274275,(04)23288582,2025,06,15,18,45,臺中市,西區,0,2,0,7,1,6,50,4,2,1,5,4,6,6,1,1,9,4,5,2,13,2,8,1,1,F03,7,12,7,21,2,12,,7,7,1,12,4,120.655083,24.140025,2
5606,66000,387130000C,(04)23274275,(04)23288582,2025,06,15,18,51,臺中市,西區,0,0,0,7,,,50,,,,,,,,,,,,,,,,,,,B01,,,1,,1,,,84,84,1,13,4,120.661687,24.146708,3
5607,66000,387130000C,(04)23274275,(04)23288582,2025,06,15,18,55,臺中市,北區,0,0,0,7,,,50,,,,,,,,,,,,,,17,,,,,B03,,,1,,1,,,49,49,1,13,4,120.681122,24.158451,3
5608,66000,387130000C,(04)23274275,(04)23288582,2025,06,15,18,59,臺中市,西屯區,0,2,0,7,1,6,30,13,9,1,5,4,6,6,4,4,10,5,5,2,17,2,7,2,1,C03,7,9,1,10,2,13,,87,87,1,12,4,120.644738,24.175612,2
5609,66000,387130000C,(04)23274275,(04)23288582,2025,06,15,19,0,臺中市,西屯區,0,0,0,7,,,50,,,,,,,,,,,,,,12,,,,,C03,,,1,,2,,,59,59,1,12,4,120.666949,24.17664,3
5610,66000,387130000C,(04)23274275,(04)23288582,2025,06,15,19,0,臺中市,太平區,0,1,0,7,1,6,50,3,2,1,5,4,6,6,4,4,9,4,5,1,17,3,10,3,1,B03,7,9,1,8,2,1,,7,7,1,12,4,120.719104,24.125092,2
5611,66000,387130000C,(04)23274275,(04)23288582,2025,06,15,19,2,臺中市,太平區,0,0,0,7,,,50,,,,,,,,,,,,,,17,,,,,B11,,,1,,2,,,8,8,1,6,4,120.714598,24.141278,3
5612,66000,387130000C,(04)23274275,(04)23288582,2025,06,15,19,8,臺中市,北區,0,2,0,7,1,6,50,4,1,1,5,4,6,6,2,1,10,5,5,2,17,2,9,5,4,C03,7,6,1,10,2,14,,48,48,1,13,4,120.677416,24.165293,2
5613,66000,387130000C,(04)23274275,(04)23288582,2025,06,15,19,10,臺中市,南屯區,0,0,0,7,,,50,,,,,,,,,,,,,,,,,,,B03,,,1,,2,,,7,7,1,6,4,120.636709,24.142299,3
5614,66000,387130000C,(04)23274275,(04)23288582,2025,06,15,19,13,臺中市,南區,0,0,0,7,,,50,,,,,,,,,,,,,,13,,,,,B03,,,1,,2,,,84,84,1,12,4,120.653534,24.122801,3
5615,66000,387130000C,(04)23274275,(04)23288582,2025,06,15,19,19,臺中市,沙鹿區,0,1,0,7,1,6,50,3,1,1,5,4,6,6,3,1,10,5,5,2,16,3,10,2,1,C03,7,6,1,10,2,11,,48,48,1,6,4,120.564521,24.238511,2
5616,66000,387130000C,(04)23274275,(04)23288582,2025,06,15,19,24,臺中市,大里區,0,0,0,7,,,30,,,,,,,,,,,,,,16,,,,,C03,,,1,,2,,,14,14,1,13,4,120.679009,24.096488,3
5617,66000,387130000C,(04)23274275,(04)23288582,2025,06,15,19,24,臺中市,大里區,0,1,0,7,1,6,50,3,2,1,5,4,6,6,1,1,5,5,5,1,13,2,8,1,1,C03,7,9,1,10,2,11,,7,7,1,12,4,120.70076,24.088841,2
5618,66000,387130000C,(04)23274275,(04)23288582,2025,06,15,19,26,臺中市,太平區,0,0,0,7,,,30,,,,,,,,,,,,,,,,,,,C03,,,1,,2,,,6,6,1,12,4,120.730666,24.14293,3
5619,66000,387130000C,(04)23274275,(04)23288582,2025,06,15,19,27,臺中市,北屯區,0,0,0,7,,,50,,,,,,,,,,,,,,,,,,,C03,,,1,,1,,,7,7,1,13,4,120.740012,24.178871,4
5620,66000,387130000C,(04)23274275,(04)23288582,2025,06,15,19,30,臺中市,霧峰區,0,0,0,7,,,50,,,,,,,,,,,,,,,,,,,B12,,,1,,11,,,8,8,1,12,4,120.696916,24.062665,3
5621,66000,387130000C,(04)23274275,(04)23288582,2025,06,15,19,31,臺中市,烏日區,0,0,0,7,1,6,50,13,14,1,5,4,6,6,4,4,9,5,5,1,30,3,10,3,1,B03,7,15,1,8,2,5,,83,83,1,6,4,120.64483,24.05852,3
5622,66000,387130000C,(04)23274275,(04)23288582,2025,06,15,19,32,臺中市,大肚區,0,0,0,6,,,50,,,,,,,,,,,,,,,,,,,B03,,,1,,2,,,49,49,1,6,4,120.544941,24.157745,3
5623,66000,387130000C,(04)23274275,(04)23288582,2025,06,15,19,35,臺中市,北屯區,0,0,0,7,,,50,,,,,,,,,,,,,,12,,,,,B03,,,1,,2,,,40,40,1,12,4,120.670689,24.19982,3
5624,66000,387130000C,(04)23274275,(04)23288582,2025,06,15,19,36,臺中市,北區,0,0,0,7,1,6,50,4,4,1,5,4,6,6,1,1,2,4,5,2,12,3,10,1,1,C03,7,9,1,10,2,12,,7,7,1,12,4,120.682554,24.146182,3
5625,66000,387130000C,(04)23274275,(04)23288582,2025,06,15,19,50,臺中市,沙鹿區,0,0,0,7,,,50,,,,,,,,,,,,,,17,,,,,B03,,,1,,2,,,50,50,1,12,4,120.563795,24.247203,3
5626,66000,387130000C,(04)23274275,(04)23288582,2025,06,15,19,51,臺中市,北屯區,0,0,0,7,,,50,,,,,,,,,,,,,,17,,,,,B03,,,1,,1,,,40,40,1,12,4,120.664063,24.185579,3
5627,66000,387130000C,(04)23274275,(04)23288582,2025,06,15,19,53,臺中市,大里區,0,0,0,7,,,30,,,,,,,,,,,,,,14,,,,,B03,,,1,,2,,,49,49,1,6,4,120.667004,24.093396,3
5628,66000,387130000C,(04)23274275,(04)23288582,2025,06,15,19,55,臺中市,南屯區,0,0,0,7,,,50,,,,,,,,,,,,,,,,,,,B03,,,1,,1,,,8,8,1,12,4,120.642563,24.140449,3
5629,66000,387130000C,(04)23274275,(04)23288582,2025,06,15,20,2,臺中市,龍井區,0,0,0,7,,,40,,,,,,,,,,,,,,,,,,,B03,,,1,,1,,,59,59,1,6,4,120.53516,24.220112,3
5630,66000,387130000C,(04)23274275,(04)23288582,2025,06,15,20,4,臺中市,北屯區,0,1,0,7,1,6,50,4,1,1,5,4,6,6,2,1,10,5,5,2,17,3,10,3,1,B03,7,11,1,8,2,4,,45,45,1,13,4,120.696119,24.167805,2
5631,66000,387130000C,(04)23274275,(04)23288582,2025,06,15,20,5,臺中市,南屯區,0,0,0,7,,,50,,,,,,,,,,,,,,,,,,,B02,,,1,,9,,,50,50,1,12,4,120.643927,24.131156,3
5632,66000,387130000C,(04)23274275,(04)23288582,2025,06,15,20,10,臺中市,南區,0,1,0,7,1,6,50,4,1,1,5,4,6,6,1,1,9,4,4,2,17,3,10,3,1,B03,7,5,1,8,2,2,,47,47,1,12,4,120.679201,24.127259,2
5633,66000,387130000C,(04)23274275,(04)23288582,2025,06,15,20,12,臺中市,南區,0,0,0,7,,,50,,,,,,,,,,,,,,12,,,,,B03,,,1,,1,,,8,8,1,13,4,120.684801,24.13086,4
5634,66000,387130000C,(04)23274275,(04)23288582,2025,06,15,20,16,臺中市,東區,0,0,0,7,,,50,,,,,,,,,,,,,,13,,,,,B03,,,1,,1,,,84,84,1,12,4,120.693103,24.133332,3
5635,66000,387130000C,(04)23274275,(04)23288582,2025,06,15,20,17,臺中市,大里區,0,0,0,7,,,60,,,,,,,,,,,,,,13,,,,,B02,,,1,,2,,,40,40,1,13,1,120.661838,24.108964,3
5636,66000,387130000C,(04)23274275,(04)23288582,2025,06,15,20,20,臺中市,東區,0,2,0,7,1,6,50,4,1,1,5,4,6,6,1,1,10,5,5,2,13,3,10,3,1,B03,7,9,1,8,2,8,,84,84,1,12,4,120.689799,24.132911,2
5637,66000,387130000C,(04)23274275,(04)23288582,2025,06,15,20,34,臺中市,大甲區,0,2,0,7,1,6,40,4,9,1,5,4,6,6,4,4,6,3,5,1,10,2,9,1,1,F03,7,15,7,21,2,11,,48,48,1,12,4,120.618187,24.348527,2
5638,66000,387130000C,(04)23274275,(04)23288582,2025,06,15,20,39,臺中市,西區,0,1,0,7,3,6,50,3,1,1,5,4,6,6,2,1,10,5,5,2,3,2,9,1,1,C03,7,6,1,10,2,11,,10,10,1,13,4,120.669812,24.146865,2
5639,66000,387130000C,(04)23274275,(04)23288582,2025,06,15,20,39,臺中市,西區,0,0,0,7,,,40,,,,,,,,,,,,,,,,,,,B03,,,1,,9,,,84,84,1,12,4,120.669989,24.138051,3
5640,66000,387130000C,(04)23274275,(04)23288582,2025,06,15,20,44,臺中市,西屯區,0,0,0,7,,,50,,,,,,,,,,,,,,30,,,,,B03,,,1,,2,,,59,59,1,13,4,120.606253,24.15724,3
5641,66000,387130000C,(04)23274275,(04)23288582,2025,06,15,20,59,臺中市,東區,0,0,0,7,,,50,,,,,,,,,,,,,,9,,,,,B03,,,1,,1,,,7,7,1,12,4,120.694457,24.147985,3
5642,66000,387130000C,(04)23274275,(04)23288582,2025,06,15,21,1,臺中市,西區,0,1,0,6,1,6,50,3,4,1,5,4,6,6,2,1,5,2,5,2,13,3,10,5,1,B03,7,9,1,8,2,1,,84,84,1,6,4,120.669806,24.146727,2
5643,66000,387130000C,(04)23274275,(04)23288582,2025,06,15,21,8,臺中市,大雅區,0,0,0,7,,,60,,,,,,,,,,,,,,,,,,,B03,,,1,,2,,,40,40,1,13,4,120.646684,24.223,3
5644,66000,387130000C,(04)23274275,(04)23288582,2025,06,15,21,8,臺中市,大雅區,0,1,0,7,1,6,40,13,8,1,5,4,6,6,4,4,1,5,4,2,6,3,10,3,1,B03,7,9,1,8,2,5,,87,87,1,11,4,120.654863,24.220911,2
5645,66000,387130000C,(04)23274275,(04)23288582,2025,06,15,21,8,臺中市,潭子區,0,0,0,7,,,50,,,,,,,,,,,,,,,,,,,C03,,,1,,2,,,51,51,1,13,4,120.701669,24.211663,3
5646,66000,387130000C,(04)23274275,(04)23288582,2025,06,15,21,15,臺中市,豐原區,0,0,0,7,,,50,,,,,,,,,,,,,,14,,,,,B03,,,1,,2,,,50,50,1,13,4,120.72032,24.251759,3
5647,66000,387130000C,(04)23274275,(04)23288582,2025,06,15,21,18,臺中市,霧峰區,0,0,0,7,,,40,,,,,,,,,,,,,,,,,,,B03,,,1,,2,,,47,47,1,13,4,120.664713,24.064359,3
5648,66000,387130000C,(04)23274275,(04)23288582,2025,06,15,21,20,臺中市,西區,0,0,0,7,,,30,,,,,,,,,,,,,,17,,,,,B03,,,1,,2,,,84,84,1,12,4,120.657495,24.155448,3
5649,66000,387130000C,(04)23274275,(04)23288582,2025,06,15,21,27,臺中市,西屯區,0,0,0,7,,,40,,,,,,,,,,,,,,13,,,,,C03,,,1,,1,,,7,7,1,12,4,120.593044,24.183185,4
5650,66000,387130000C,(04)23274275,(04)23288582,2025,06,15,21,30,臺中市,西區,0,0,0,7,,,50,,,,,,,,,,,,,,13,,,,,C03,,,1,,1,,,7,7,1,12,4,120.674373,24.137219,3
5651,66000,387130000C,(04)23274275,(04)23288582,2025,06,15,21,33,臺中市,烏日區,0,0,0,7,,,50,,,,,,,,,,,,,,12,,,,,B03,,,1,,1,,,40,40,1,12,4,120.618724,24.115942,3
5652,66000,387130000C,(04)23274275,(04)23288582,2025,06,15,21,36,臺中市,東區,0,1,0,7,1,6,50,4,1,1,5,4,6,6,1,1,10,5,5,2,16,2,9,2,1,C03,7,6,1,10,2,14,,48,48,1,6,4,120.697168,24.135159,2
5653,66000,387130000C,(04)23274275,(04)23288582,2025,06,15,21,38,臺中市,大里區,0,0,0,7,,,50,,,,,,,,,,,,,,17,,,,,B03,,,1,,2,,,50,50,1,6,4,120.688746,24.110938,3
5654,66000,387130000C,(04)23274275,(04)23288582,2025,06,15,21,38,臺中市,豐原區,0,0,0,7,,,40,,,,,,,,,,,,,,10,,,,,C03,,,1,,2,,,39,39,1,13,4,120.753842,24.261893,3
5655,66000,387130000C,(04)23274275,(04)23288582,2025,06,15,21,45,臺中市,大里區,0,1,0,7,1,6,50,4,1,1,5,4,6,6,1,1,10,5,5,2,3,3,10,3,1,B03,7,6,1,8,2,4,,10,10,1,13,4,120.68633,24.103907,2
5656,66000,387130000C,(04)23274275,(04)23288582,2025,06,15,21,49,臺中市,潭子區,0,2,0,7,1,6,50,3,1,1,5,4,6,6,3,1,10,5,5,2,17,2,9,2,1,C03,7,1,1,10,2,14,,51,51,1,11,4,120.692682,24.215907,2
5657,66000,387130000C,(04)23274275,(04)23288582,2025,06,15,21,54,臺中市,南區,0,2,0,7,1,6,50,4,2,1,5,4,6,6,1,1,5,5,4,2,13,3,10,1,1,C03,7,9,1,10,2,11,,59,59,1,12,4,120.683669,24.130333,2
5658,66000,387130000C,(04)23274275,(04)23288582,2025,06,15,21,57,臺中市,北區,0,2,0,7,2,6,50,18,24,1,5,4,6,6,4,4,10,5,5,2,17,2,9,5,4,C03,7,9,2,19,2,11,,7,7,1,13,4,120.681989,24.1592,2
5659,66000,387130000C,(04)23274275,(04)23288582,2025,06,15,21,58,臺中市,北區,0,0,0,7,,,50,,,,,,,,,,,,,,,,,,,B03,,,1,,2,,,11,11,1,13,4,120.685643,24.154199,3
5660,66000,387130000C,(04)23274275,(04)23288582,2025,06,15,21,59,臺中市,北區,0,0,0,7,,,50,,,,,,,,,,,,,,17,,,,,B03,,,6,,1,,,85,85,1,13,4,120.671302,24.167048,4
5661,66000,387130000C,(04)23274275,(04)23288582,2025,06,15,22,0,臺中市,大肚區,0,1,0,7,1,6,60,13,7,1,5,4,6,6,4,4,1,4,4,1,13,3,10,3,1,B03,7,9,1,8,2,5,,7,7,1,6,4,120.542327,24.169065,2
5662,66000,387130000C,(04)23274275,(04)23288582,2025,06,15,22,5,臺中市,太平區,0,0,0,7,,,50,,,,,,,,,,,,,,,,,,,B03,,,1,,2,,,14,14,1,6,4,120.710824,24.126359,3
5663,66000,387130000C,(04)23274275,(04)23288582,2025,06,15,22,6,臺中市,西屯區,0,0,0,7,,,50,,,,,,,,,,,,,,20,,,,,B03,,,1,,2,,,84,84,1,12,4,120.646076,24.190758,3
5664,66000,387130000C,(04)23274275,(04)23288582,2025,06,15,22,18,臺中市,東區,0,2,0,7,1,6,50,4,1,1,5,4,6,6,1,1,10,5,5,2,18,2,9,2,1,C03,7,9,1,10,2,15,,84,84,1,12,4,120.708917,24.135554,2
5665,66000,387130000C,(04)23274275,(04)23288582,2025,06,15,22,26,臺中市,北區,0,1,0,7,1,6,50,13,7,1,5,4,6,6,4,4,3,4,4,2,30,2,9,5,4,C03,7,9,1,10,2,11,,59,59,1,13,4,120.687707,24.146334,2
5666,66000,387130000C,(04)23274275,(04)23288582,2025,06,15,22,26,臺中市,梧棲區,0,1,0,7,1,6,50,3,1,1,5,4,6,6,4,4,1,4,4,2,16,3,10,3,1,B03,7,5,1,8,2,5,,20,20,1,6,4,120.536404,24.259072,2
5667,66000,387130000C,(04)23274275,(04)23288582,2025,06,15,22,34,臺中市,西屯區,0,0,0,7,,,50,,,,,,,,,,,,,,19,,,,,B02,,,1,,2,,,59,59,1,12,4,120.633215,24.173522,3
5668,66000,387130000C,(04)23274275,(04)23288582,2025,06,15,22,39,臺中市,北屯區,0,1,0,7,1,6,50,4,1,1,5,4,6,6,1,1,10,5,5,2,17,3,10,3,1,B03,7,5,1,8,2,5,,85,85,1,12,4,120.733425,24.160769,2
5669,66000,387130000C,(04)23274275,(04)23288582,2025,06,15,22,40,臺中市,北屯區,0,1,0,7,1,6,50,4,1,1,5,4,6,6,1,1,10,5,5,2,18,2,1,1,4,C04,7,9,1,10,2,14,,85,85,1,12,4,120.671342,24.189352,2
5670,66000,387130000C,(04)23274275,(04)23288582,2025,06,15,22,51,臺中市,沙鹿區,0,0,0,7,,,60,,,,,,,,,,,,,,13,,,,,B03,,,1,,1,,,7,7,1,6,4,120.569956,24.238173,3
5671,66000,387130000C,(04)23274275,(04)23288582,2025,06,15,23,9,臺中市,北區,0,1,0,7,1,6,50,4,1,1,5,4,6,6,2,1,1,5,5,2,17,3,10,3,1,B01,7,5,1,4,2,2,,20,20,1,6,4,120.682429,24.145896,2
5672,66000,387130000C,(04)23274275,(04)23288582,2025,06,15,23,17,臺中市,大里區,0,0,0,7,,,50,,,,,,,,,,,,,,13,,,,,B01,,,1,,2,,,84,84,1,12,4,120.69008,24.101144,3
5673,66000,387130000C,(04)23274275,(04)23288582,2025,06,15,23,29,臺中市,豐原區,0,1,0,7,1,6,50,13,7,1,5,4,6,6,4,4,1,4,5,2,18,2,9,1,1,C03,7,9,1,10,2,14,,84,84,1,13,4,120.707994,24.250414,2
5674,66000,387130000C,(04)23274275,(04)23288582,2025,06,15,23,39,臺中市,北區,0,0,0,7,,,50,,,,,,,,,,,,,,17,,,,,B03,,,1,,2,,,84,84,1,13,4,120.676797,24.15187,3
5675,66000,387130000C,(04)23274275,(04)23288582,2025,06,15,23,39,臺中市,南區,0,0,0,7,,,50,,,,,,,,,,,,,,13,,,,,B03,,,1,8,1,,,7,7,1,12,4,120.655075,24.114755,3
5676,66000,387130000C,(04)23274275,(04)23288582,2025,06,16,0,24,臺中市,西區,0,1,0,7,1,6,50,13,7,1,5,4,6,6,4,4,5,5,4,2,17,3,10,5,1,B03,7,6,1,8,2,8,,43,43,1,6,4,120.66356,24.156669,2
5677,66000,387130000C,(04)23274275,(04)23288582,2025,06,16,0,39,臺中市,北區,0,1,0,7,1,6,50,4,9,1,5,4,6,6,1,1,5,4,5,2,13,2,9,5,4,C03,7,12,1,10,2,12,,58,58,1,13,4,120.69061,24.156812,2
5678,66000,387130000C,(04)23274275,(04)23288582,2025,06,16,0,40,臺中市,北屯區,0,0,0,7,,,50,,,,,,,,,,,,,,,,,,,C03,,,1,,9,,,21,21,1,12,4,120.687477,24.170632,3
5679,66000,387130000C,(04)23274275,(04)23288582,2025,06,16,2,1,臺中市,西屯區,0,0,0,7,,,50,,,,,,,,,,,,,,,,,,,B03,,,1,,2,,,56,56,1,12,4,120.645437,24.172478,3
5680,66000,387130000C,(04)23274275,(04)23288582,2025,06,16,2,30,臺中市,西屯區,0,0,0,7,,,30,,,,,,,,,,,,,,12,,,,,B03,,,1,,1,,,59,59,1,12,4,120.644772,24.180049,3
5681,66000,387130000C,(04)23274275,(04)23288582,2025,06,16,2,45,臺中市,西屯區,0,1,0,7,1,6,40,3,1,1,5,4,6,6,4,4,10,5,5,2,16,3,10,3,1,B03,7,5,1,8,2,6,,47,47,1,12,4,120.636104,24.182324,2
5682,66000,387130000C,(04)23274275,(04)23288582,2025,06,16,2,46,臺中市,南屯區,0,1,0,7,2,6,50,13,8,1,5,4,6,6,4,4,1,4,1,2,12,3,10,2,1,C03,7,8,1,10,2,14,,84,84,1,13,4,120.639015,24.117665,2