﻿序號,縣市別代碼,機關代碼,市話,傳真,年,月,日,時,分,縣市,區,死亡數量,受傷數量,2-30,天候,道路照明設備,道路類別,道路速限,道路型態,事故位置,路面鋪裝,路面狀態,路面缺陷,障礙物,視距,號誌種類,號誌動作,分向設施,快車道或一般車道間,快慢車道間,路面邊線,事故類型及型態,受傷程度,主要傷處,保護裝備,行動電話或功能裝置,當事者區分_類別,車輛用途,當事者行動狀態,駕照狀態,駕照種類,飲酒情形,車輛撞擊部位最初,車輛撞擊部位其他,肇事因素個別,肇事因素主要,肇事逃逸,職業,共享經濟或外送平台,GPS座標X,GPS座標Y,事故類別
5683,66000,387130000C,(04)23274275,(04)23288582,2025,06,16,2,59,臺中市,大雅區,0,0,0,7,,,60,,,,,,,,,,,,,,,,,,,B03,,,1,,2,,,84,84,1,13,4,120.647529,24.220992,3
5684,66000,387130000C,(04)23274275,(04)23288582,2025,06,16,6,5,臺中市,南屯區,0,1,0,5,3,6,30,13,9,1,4,4,6,6,4,4,10,5,5,2,17,2,9,1,1,C03,7,9,1,10,2,14,,6,6,1,12,4,120.639334,24.137603,2
5685,66000,387130000C,(04)23274275,(04)23288582,2025,06,16,6,10,臺中市,沙鹿區,0,0,0,5,2,6,60,4,7,1,4,4,6,6,1,1,1,3,1,2,13,,,,,B12,,,1,,2,,,7,7,1,12,4,120.571621,24.242324,3
5686,66000,387130000C,(04)23274275,(04)23288582,2025,06,16,6,24,臺中市,東區,0,1,0,5,3,6,50,4,1,1,4,4,6,6,1,1,10,5,5,2,16,3,10,5,4,B12,7,6,1,8,2,15,,48,48,1,12,4,120.699644,24.144665,2
5687,66000,387130000C,(04)23274275,(04)23288582,2025,06,16,6,30,臺中市,沙鹿區,0,1,0,5,2,6,50,4,9,1,4,4,6,6,1,1,4,5,5,2,18,2,9,2,1,C03,7,6,1,10,2,14,,84,84,1,12,4,120.562405,24.242348,2
5688,66000,387130000C,(04)23274275,(04)23288582,2025,06,16,6,39,臺中市,大甲區,0,1,0,7,3,6,30,4,9,1,5,4,6,6,4,4,6,5,5,2,15,2,9,1,1,C03,7,9,1,10,2,11,,15,15,1,12,4,120.632254,24.373785,2
5689,66000,387130000C,(04)23274275,(04)23288582,2025,06,16,6,40,臺中市,大雅區,0,1,0,5,2,6,50,4,2,1,4,4,6,6,2,1,5,2,5,1,30,2,9,2,1,C03,7,9,1,10,2,12,,84,84,1,13,4,120.654541,24.229538,2
5690,66000,387130000C,(04)23274275,(04)23288582,2025,06,16,6,58,臺中市,北屯區,0,0,0,7,,,50,,,,,,,,,,,,,,13,,,,,B03,,,1,,1,,,7,7,1,12,4,120.721811,24.181854,3
5691,66000,387130000C,(04)23274275,(04)23288582,2025,06,16,6,58,臺中市,西屯區,0,0,0,5,,,60,,,,,,,,,,,,,,12,,,,,B03,,,1,,2,,,8,8,1,12,4,120.613517,24.172724,3
5692,66000,387130000C,(04)23274275,(04)23288582,2025,06,16,7,2,臺中市,烏日區,0,1,0,5,2,6,50,13,9,1,4,4,6,6,4,4,1,4,5,1,18,2,9,2,2,C03,7,9,1,10,2,14,,58,58,1,6,4,120.634271,24.106457,2
5693,66000,387130000C,(04)23274275,(04)23288582,2025,06,16,7,7,臺中市,外埔區,0,1,0,5,2,6,40,3,2,1,4,4,6,6,4,4,5,4,4,1,18,2,9,1,1,C03,7,9,1,10,2,12,,59,59,1,12,4,120.643401,24.338346,2
5694,66000,387130000C,(04)23274275,(04)23288582,2025,06,16,7,10,臺中市,南區,0,1,0,5,1,6,50,13,8,1,4,4,6,6,4,4,1,4,4,2,17,3,10,3,1,B03,7,15,1,8,2,4,,76,76,1,12,4,120.679159,24.125326,2
5695,66000,387130000C,(04)23274275,(04)23288582,2025,06,16,7,14,臺中市,霧峰區,0,1,0,5,2,6,30,3,1,1,4,4,6,6,4,4,10,5,5,2,17,3,10,5,4,B03,7,5,1,8,2,16,,12,12,1,12,4,120.679196,24.064861,2
5696,66000,387130000C,(04)23274275,(04)23288582,2025,06,16,7,14,臺中市,太平區,0,0,0,5,,,50,,,,,,,,,,,,,,16,,,,,F01,,,7,,1,,,39,39,1,12,4,120.710678,24.140807,3
5697,66000,387130000C,(04)23274275,(04)23288582,2025,06,16,7,18,臺中市,大里區,0,0,0,5,,,50,,,,,,,,,,,,,,30,,,,,B12,,,1,,2,,,84,84,1,12,4,120.694148,24.090956,3
5698,66000,387130000C,(04)23274275,(04)23288582,2025,06,16,7,18,臺中市,烏日區,0,2,0,5,3,6,50,13,9,1,4,4,6,6,4,4,9,5,5,2,12,2,8,1,1,C03,7,9,1,10,2,14,,7,7,1,6,4,120.59638,24.110621,2
5699,66000,387130000C,(04)23274275,(04)23288582,2025,06,16,7,19,臺中市,南區,0,0,0,5,,,50,,,,,,,,,,,,,,,,,,,B03,,,1,,1,,,7,7,1,6,4,120.679144,24.126939,3
5700,66000,387130000C,(04)23274275,(04)23288582,2025,06,16,7,21,臺中市,西屯區,0,0,0,7,,,50,,,,,,,,,,,,,,13,,,,,B03,,,1,,1,,,7,7,1,12,4,120.656697,24.200623,3
5701,66000,387130000C,(04)23274275,(04)23288582,2025,06,16,7,24,臺中市,潭子區,0,0,0,5,,,50,,,,,,,,,,,,,,25,,,,,A11,,,1,,2,,,58,58,1,13,4,120.678351,24.203479,3
5702,66000,387130000C,(04)23274275,(04)23288582,2025,06,16,7,25,臺中市,北區,0,1,0,5,3,9,50,3,1,1,4,4,6,6,4,4,10,5,5,2,16,3,10,3,1,B03,7,5,1,8,2,2,,20,20,1,12,4,120.678134,24.163784,2
5703,66000,387130000C,(04)23274275,(04)23288582,2025,06,16,7,27,臺中市,北區,0,0,0,5,,,30,,,,,,,,,,,,,,14,,,,,B03,,,1,,1,,,49,49,1,12,4,120.671508,24.169504,3
5704,66000,387130000C,(04)23274275,(04)23288582,2025,06,16,7,28,臺中市,大里區,0,0,0,5,,,50,,,,,,,,,,,,,,16,,,,,B03,,,1,,2,,,11,11,1,13,4,120.69447,24.100344,3
5705,66000,387130000C,(04)23274275,(04)23288582,2025,06,16,7,29,臺中市,南屯區,0,1,0,5,1,6,50,4,1,1,4,4,6,6,2,1,1,2,1,2,17,2,9,5,4,C03,7,6,1,10,2,14,,36,36,1,13,4,120.623399,24.135649,2
5706,66000,387130000C,(04)23274275,(04)23288582,2025,06,16,7,30,臺中市,北區,0,1,0,5,2,6,50,13,9,1,4,4,6,6,4,4,1,5,5,2,13,2,8,1,1,C03,7,9,1,10,2,11,,59,59,1,12,4,120.681394,24.165519,2
5707,66000,387130000C,(04)23274275,(04)23288582,2025,06,16,7,30,臺中市,北屯區,0,1,0,5,3,6,40,13,8,1,4,4,6,6,4,4,9,5,4,2,17,3,10,3,1,B03,7,14,1,8,2,4,,76,76,1,13,4,120.689502,24.17066,2
5708,66000,387130000C,(04)23274275,(04)23288582,2025,06,16,7,32,臺中市,西屯區,0,1,0,5,2,6,50,4,1,1,4,4,6,6,2,1,9,5,5,2,11,3,10,5,4,B03,7,6,1,8,2,8,,11,11,1,12,4,120.641712,24.17826,2
5709,66000,387130000C,(04)23274275,(04)23288582,2025,06,16,7,33,臺中市,龍井區,0,1,0,6,3,6,50,4,1,1,5,4,6,6,1,1,10,5,4,2,17,3,10,3,1,B03,7,15,1,5,2,16,,22,22,1,8,4,120.546549,24.196605,2
5710,66000,387130000C,(04)23274275,(04)23288582,2025,06,16,7,34,臺中市,潭子區,0,1,0,5,2,6,50,13,9,1,4,4,6,6,4,4,1,4,5,1,17,2,9,2,1,C03,7,9,1,10,2,14,,84,84,1,13,4,120.710464,24.200988,2
5711,66000,387130000C,(04)23274275,(04)23288582,2025,06,16,7,35,臺中市,太平區,0,0,0,5,,,50,,,,,,,,,,,,,,17,,,,,B03,,,1,,2,,,84,84,1,12,4,120.715738,24.127294,3
5712,66000,387130000C,(04)23274275,(04)23288582,2025,06,16,7,36,臺中市,豐原區,0,0,0,5,,,60,,,,,,,,,,,,,,13,,,,,B12,,,1,,2,,,59,59,1,12,4,120.729763,24.243619,3
5713,66000,387130000C,(04)23274275,(04)23288582,2025,06,16,7,37,臺中市,南屯區,0,0,0,5,,,50,,,,,,,,,,,,,,13,,,,,B03,,,1,,1,,,7,7,1,12,4,120.597872,24.155393,3
5714,66000,387130000C,(04)23274275,(04)23288582,2025,06,16,7,38,臺中市,沙鹿區,0,1,0,5,2,6,50,3,1,1,4,4,6,6,1,1,5,4,4,2,16,3,10,3,1,B03,7,6,1,5,2,5,2,11,11,1,12,4,120.565417,24.201617,2
5715,66000,387130000C,(04)23274275,(04)23288582,2025,06,16,7,39,臺中市,北區,0,0,0,5,,,50,,,,,,,,,,,,,,13,,,,,B03,,,1,,1,,,59,59,1,12,4,120.670329,24.162636,3
5716,66000,387130000C,(04)23274275,(04)23288582,2025,06,16,7,40,臺中市,南屯區,0,0,0,5,,,60,,,,,,,,,,,,,,16,,,,,B03,,,1,,1,,,14,14,1,12,4,120.654573,24.137842,3
5717,66000,387130000C,(04)23274275,(04)23288582,2025,06,16,7,41,臺中市,北區,0,0,0,5,,,30,,,,,,,,,,,,,,14,,,,,B12,,,1,,2,,,59,59,1,12,4,120.695169,24.157812,3
5718,66000,387130000C,(04)23274275,(04)23288582,2025,06,16,7,41,臺中市,太平區,0,1,0,5,3,6,50,13,9,1,4,4,6,6,4,4,5,5,4,1,18,2,8,2,1,C02,7,5,1,9,2,12,,84,84,1,12,4,120.73113,24.150113,2
5719,66000,387130000C,(04)23274275,(04)23288582,2025,06,16,7,42,臺中市,梧棲區,0,1,0,5,3,6,40,3,1,1,4,4,6,6,4,4,1,4,5,2,17,2,9,1,1,C03,7,9,1,10,2,16,,87,87,1,6,4,120.541846,24.24821,2
5720,66000,387130000C,(04)23274275,(04)23288582,2025,06,16,7,43,臺中市,豐原區,0,1,0,5,3,6,50,18,24,1,4,4,6,6,4,4,5,5,4,2,17,2,9,1,4,C03,7,6,1,10,2,13,,48,48,1,12,4,120.699437,24.248034,2
5721,66000,387130000C,(04)23274275,(04)23288582,2025,06,16,7,44,臺中市,大雅區,0,1,0,5,3,6,60,13,7,1,4,4,6,6,4,4,5,2,4,1,17,3,10,3,1,A05,7,9,1,6,2,16,,94,94,1,12,4,120.646203,24.223053,2
5722,66000,387130000C,(04)23274275,(04)23288582,2025,06,16,7,44,臺中市,大雅區,0,1,0,5,2,6,50,3,2,1,4,4,6,6,4,4,5,5,5,1,13,2,9,2,1,C03,7,4,1,10,2,11,,1,1,1,13,4,120.603981,24.227575,2
5723,66000,387130000C,(04)23274275,(04)23288582,2025,06,16,7,44,臺中市,北區,0,1,0,5,2,6,50,4,1,1,4,4,6,6,1,1,10,5,5,2,17,3,10,5,4,B03,7,6,1,8,2,2,,11,11,1,12,4,120.692251,24.161431,2
5724,66000,387130000C,(04)23274275,(04)23288582,2025,06,16,7,45,臺中市,西屯區,0,1,0,7,1,6,50,4,1,1,5,4,6,6,2,1,10,5,5,2,3,,,,,,,21,,,,,,86,86,2,,,120.61582,24.190194,2
5725,66000,387130000C,(04)23274275,(04)23288582,2025,06,16,7,45,臺中市,太平區,0,0,0,5,,,50,,,,,,,,,,,,,,14,,,,,B03,,,1,,1,,,49,49,1,12,4,120.726627,24.152231,3
5726,66000,387130000C,(04)23274275,(04)23288582,2025,06,16,7,45,臺中市,龍井區,0,1,0,5,2,6,40,13,8,1,4,4,6,6,4,4,3,4,3,1,18,2,9,2,1,C03,7,9,1,10,2,14,,59,59,1,6,4,120.580143,24.19664,2
5727,66000,387130000C,(04)23274275,(04)23288582,2025,06,16,7,45,臺中市,清水區,0,1,0,5,3,6,50,11,9,1,4,4,6,6,4,4,10,4,5,2,18,2,9,2,1,C03,7,5,1,10,1,12,,84,84,1,12,4,120.580784,24.267969,2
5728,66000,387130000C,(04)23274275,(04)23288582,2025,06,16,7,46,臺中市,沙鹿區,0,1,0,5,3,6,40,3,8,1,4,4,6,6,4,4,3,4,3,1,18,2,9,2,1,C03,7,9,1,10,2,12,,87,87,1,5,4,120.570776,24.235829,2
5729,66000,387130000C,(04)23274275,(04)23288582,2025,06,16,7,46,臺中市,清水區,0,1,0,5,2,6,50,5,1,1,4,4,6,6,2,1,1,2,4,1,16,3,10,3,1,B03,7,5,1,8,2,2,,47,47,1,13,4,120.575168,24.27812,2
5730,66000,387130000C,(04)23274275,(04)23288582,2025,06,16,7,47,臺中市,南屯區,0,0,0,5,,,50,,,,,,,,,,,,,,13,,,,,C03,,,1,,1,,,7,7,1,6,4,120.646931,24.138532,3
5731,66000,387130000C,(04)23274275,(04)23288582,2025,06,16,7,47,臺中市,大里區,0,1,0,5,2,6,50,3,1,1,4,4,6,6,4,4,10,5,5,2,17,2,9,1,1,C03,7,9,1,10,2,12,,84,84,1,12,4,120.655191,24.088804,2
5732,66000,387130000C,(04)23274275,(04)23288582,2025,06,16,7,47,臺中市,沙鹿區,0,0,0,7,,,30,,,,,,,,,,,,,,15,,,,,B03,,,1,,2,,,12,12,1,12,4,120.567214,24.251837,3
5733,66000,387130000C,(04)23274275,(04)23288582,2025,06,16,7,48,臺中市,西屯區,0,0,0,5,,,50,,,,,,,,,,,,,,12,,,,,B03,,,1,,1,,,26,26,1,12,4,120.655755,24.199611,3
5734,66000,387130000C,(04)23274275,(04)23288582,2025,06,16,7,48,臺中市,清水區,0,0,0,6,,,30,,,,,,,,,,,,,,15,,,,,B03,,,1,,2,,,15,15,1,13,4,120.561939,24.275343,3
5735,66000,387130000C,(04)23274275,(04)23288582,2025,06,16,7,50,臺中市,沙鹿區,0,0,0,5,,,60,,,,,,,,,,,,,,13,,,,,B12,,,1,,2,,,7,7,1,12,4,120.585148,24.250087,3
5736,66000,387130000C,(04)23274275,(04)23288582,2025,06,16,7,51,臺中市,大雅區,0,1,0,5,2,6,60,3,2,1,4,4,6,6,2,1,1,4,4,1,17,3,10,3,1,A05,7,6,1,2,2,16,,85,85,1,13,4,120.647434,24.220989,2
5737,66000,387130000C,(04)23274275,(04)23288582,2025,06,16,7,51,臺中市,南屯區,0,0,0,5,,,50,,,,,,,,,,,,,,13,,,,,B03,,,1,,1,,,7,7,1,6,4,120.646913,24.155612,3
5738,66000,387130000C,(04)23274275,(04)23288582,2025,06,16,7,52,臺中市,大甲區,0,2,0,7,3,6,50,13,9,1,5,4,6,6,4,4,5,5,5,1,17,2,9,5,4,C03,7,6,1,10,2,11,,39,39,1,6,4,120.660768,24.376582,2
5739,66000,387130000C,(04)23274275,(04)23288582,2025,06,16,7,53,臺中市,西屯區,0,1,0,5,2,6,50,4,1,1,4,4,6,6,2,1,10,5,5,2,18,2,9,2,1,C03,7,9,1,10,2,16,,84,84,1,12,4,120.617498,24.185346,2
5740,66000,387130000C,(04)23274275,(04)23288582,2025,06,16,7,53,臺中市,豐原區,0,0,0,5,,,50,,,,,,,,,,,,,,17,,,,,B03,,,1,,2,,,34,34,1,12,4,120.721583,24.254624,3
5741,66000,387130000C,(04)23274275,(04)23288582,2025,06,16,7,55,臺中市,西區,0,0,0,5,,,50,,,,,,,,,,,,,,,,,,,B03,,,1,,2,,,49,49,1,12,4,120.676276,24.137099,3
5742,66000,387130000C,(04)23274275,(04)23288582,2025,06,16,7,56,臺中市,西屯區,0,1,0,5,2,6,50,3,2,1,4,4,6,6,4,4,10,5,5,2,13,3,10,5,4,B02,7,5,1,8,2,1,,58,58,1,12,4,120.629473,24.163279,2
5743,66000,387130000C,(04)23274275,(04)23288582,2025,06,16,7,56,臺中市,豐原區,0,1,0,6,3,6,50,5,1,1,4,4,6,6,1,1,5,5,4,2,17,2,9,1,4,C03,7,9,1,10,2,12,,84,84,1,12,4,120.715806,24.25453,2
5744,66000,387130000C,(04)23274275,(04)23288582,2025,06,16,7,58,臺中市,大里區,0,2,0,5,2,6,50,5,1,1,4,4,6,6,1,1,10,5,5,2,15,2,9,2,1,C03,7,9,1,10,2,11,,84,84,1,12,4,120.661977,24.108997,2
5745,66000,387130000C,(04)23274275,(04)23288582,2025,06,16,8,3,臺中市,大雅區,0,1,0,5,3,6,60,4,1,1,4,4,6,6,2,1,5,5,5,1,17,3,10,3,1,A05,7,9,1,2,2,16,,94,94,1,13,4,120.646571,24.222751,2
5746,66000,387130000C,(04)23274275,(04)23288582,2025,06,16,8,4,臺中市,北區,0,0,0,5,,,50,,,,,,,,,,,,,,12,,,,,B03,,,1,,1,,,40,40,1,12,4,120.672956,24.166709,3
5747,66000,387130000C,(04)23274275,(04)23288582,2025,06,16,8,4,臺中市,北屯區,0,0,0,5,,,50,,,,,,,,,,,,,,13,,,,,B03,,,1,,1,,,59,59,1,12,4,120.716055,24.182306,3
5748,66000,387130000C,(04)23274275,(04)23288582,2025,06,16,8,5,臺中市,中區,0,1,0,5,2,6,50,4,1,1,4,4,6,6,1,1,10,5,5,2,17,3,10,3,1,B03,7,5,1,8,2,5,,84,84,1,12,4,120.677538,24.142711,2
5749,66000,387130000C,(04)23274275,(04)23288582,2025,06,16,8,5,臺中市,南屯區,0,1,0,5,1,6,50,4,2,1,4,4,6,6,2,1,1,2,4,2,17,2,9,5,4,C03,7,7,1,10,2,14,,84,84,1,13,4,120.61653,24.153576,2
5750,66000,387130000C,(04)23274275,(04)23288582,2025,06,16,8,5,臺中市,西屯區,0,2,0,5,2,6,30,4,1,1,4,4,6,6,4,4,10,5,5,2,15,2,9,1,1,C03,7,9,1,10,2,12,,15,15,1,12,4,120.660265,24.166591,2
5751,66000,387130000C,(04)23274275,(04)23288582,2025,06,16,8,5,臺中市,石岡區,0,1,0,5,2,6,50,13,9,1,4,4,6,6,4,4,1,4,5,1,17,2,9,5,4,C03,7,9,1,10,2,11,,84,84,1,13,4,120.762909,24.277011,2
5752,66000,387130000C,(04)23274275,(04)23288582,2025,06,16,8,6,臺中市,西區,0,0,0,5,,,30,,,,,,,,,,,,,,,,,,,B03,,,1,,1,,,49,49,1,6,4,120.670343,24.13144,3
5753,66000,387130000C,(04)23274275,(04)23288582,2025,06,16,8,6,臺中市,大里區,0,0,0,5,,,50,,,,,,,,,,,,,,14,,,,,B03,,,1,,2,,,49,49,1,13,4,120.694519,24.100171,3
5754,66000,387130000C,(04)23274275,(04)23288582,2025,06,16,8,8,臺中市,北屯區,0,0,0,5,,,50,,,,,,,,,,,,,,13,,,,,C03,,,1,,1,,,7,7,1,6,4,120.686546,24.172227,3
5755,66000,387130000C,(04)23274275,(04)23288582,2025,06,16,8,9,臺中市,烏日區,0,1,0,5,2,6,70,4,1,1,4,4,6,6,1,1,10,5,5,2,2,3,10,5,4,B03,7,6,1,8,2,1,,10,10,1,10,4,120.600486,24.110638,2
5756,66000,387130000C,(04)23274275,(04)23288582,2025,06,16,8,11,臺中市,太平區,0,1,0,5,3,6,30,5,1,1,4,4,6,6,4,4,10,5,5,2,16,2,7,2,1,C03,7,6,1,10,2,11,,14,14,1,12,4,120.731579,24.111566,2
5757,66000,387130000C,(04)23274275,(04)23288582,2025,06,16,8,13,臺中市,烏日區,0,0,0,5,,,60,,,,,,,,,,,,,,13,,,,,B03,,,1,,1,,,84,84,1,6,4,120.648134,24.087146,3
5758,66000,387130000C,(04)23274275,(04)23288582,2025,06,16,8,14,臺中市,太平區,0,1,0,5,3,6,50,4,2,1,4,4,6,6,1,1,5,5,5,2,18,2,9,2,1,C03,7,9,1,10,2,14,,84,84,1,12,4,120.722525,24.142371,2
5759,66000,387130000C,(04)23274275,(04)23288582,2025,06,16,8,15,臺中市,西屯區,0,1,0,5,2,6,40,4,1,1,4,4,6,6,2,1,1,5,5,2,18,2,9,1,1,C03,7,9,1,10,2,14,,84,84,1,12,4,120.640845,24.167622,2
5760,66000,387130000C,(04)23274275,(04)23288582,2025,06,16,8,16,臺中市,北區,0,1,0,5,2,6,50,13,9,1,4,4,6,6,4,4,3,4,5,2,13,2,8,5,4,C03,7,9,1,9,2,11,,84,84,1,12,4,120.685227,24.163126,2
5761,66000,387130000C,(04)23274275,(04)23288582,2025,06,16,8,17,臺中市,大雅區,0,0,0,5,,,30,,,,,,,,,,,,,,,,,,,B03,,,1,,2,,,84,84,1,12,4,120.66286,24.220508,3
5762,66000,387130000C,(04)23274275,(04)23288582,2025,06,16,8,17,臺中市,西區,0,1,0,6,2,6,50,13,9,1,4,4,6,6,4,4,5,5,5,2,18,2,9,1,1,C03,7,9,1,10,2,14,,84,84,1,12,4,120.661683,24.161764,2
5763,66000,387130000C,(04)23274275,(04)23288582,2025,06,16,8,17,臺中市,烏日區,0,1,0,5,3,6,70,4,2,1,4,4,6,6,2,1,1,4,5,1,13,2,9,1,1,C03,7,12,1,10,2,11,14,7,7,1,12,4,120.603661,24.109596,2
5764,66000,387130000C,(04)23274275,(04)23288582,2025,06,16,8,18,臺中市,大甲區,0,0,0,7,,,40,,,,,,,,,,,,,,30,,,,,B03,,,1,,1,,,50,50,1,13,4,120.646149,24.408579,3
5765,66000,387130000C,(04)23274275,(04)23288582,2025,06,16,8,19,臺中市,大里區,0,2,0,5,2,6,50,4,1,1,4,4,6,6,4,4,10,5,5,2,10,2,9,1,1,C03,7,9,1,10,2,11,,12,12,1,12,4,120.680625,24.103874,2
5766,66000,387130000C,(04)23274275,(04)23288582,2025,06,16,8,20,臺中市,大里區,0,1,0,5,2,6,50,13,9,1,4,4,6,6,1,1,5,5,5,1,13,2,8,5,4,C03,7,9,1,10,2,11,,84,84,1,12,4,120.710385,24.083984,2
5767,66000,387130000C,(04)23274275,(04)23288582,2025,06,16,8,20,臺中市,沙鹿區,0,0,0,7,2,6,50,4,9,1,5,4,6,6,4,4,4,3,4,2,19,,,,,B12,,,1,,1,,,82,82,1,12,4,120.578742,24.214705,3
5768,66000,387130000C,(04)23274275,(04)23288582,2025,06,16,8,22,臺中市,西區,0,0,0,5,,,50,,,,,,,,,,,,,,,,,,,B03,,,1,,2,,,40,40,1,12,4,120.666117,24.140948,3
5769,66000,387130000C,(04)23274275,(04)23288582,2025,06,16,8,22,臺中市,西區,0,1,0,5,2,6,50,4,1,1,4,4,6,6,2,1,10,5,5,2,16,3,10,3,1,B03,7,5,1,8,2,5,,84,84,1,12,4,120.658939,24.150896,2
5770,66000,387130000C,(04)23274275,(04)23288582,2025,06,16,8,23,臺中市,沙鹿區,0,3,0,5,3,6,40,10,8,1,4,4,6,6,4,4,3,4,3,1,17,2,9,2,1,C03,7,9,1,10,2,13,,85,85,1,12,4,120.550696,24.216556,2
5771,66000,387130000C,(04)23274275,(04)23288582,2025,06,16,8,25,臺中市,南屯區,0,1,0,5,2,6,60,4,1,1,4,4,6,6,1,1,7,4,5,2,16,3,10,3,1,B03,7,6,1,8,2,8,,84,84,1,12,4,120.643879,24.136004,2
5772,66000,387130000C,(04)23274275,(04)23288582,2025,06,16,8,30,臺中市,中區,0,1,0,5,2,6,50,13,9,1,4,4,6,6,4,4,5,4,5,2,17,3,10,2,1,C03,7,6,1,10,2,12,,39,39,1,12,4,120.684437,24.137999,2
5773,66000,387130000C,(04)23274275,(04)23288582,2025,06,16,8,30,臺中市,沙鹿區,0,0,0,5,,,30,,,,,,,,,,,,,,13,,,,,B12,,,1,,1,,,7,7,1,12,4,120.582285,24.249778,3
5774,66000,387130000C,(04)23274275,(04)23288582,2025,06,16,8,32,臺中市,南屯區,0,0,0,5,,,30,,,,,,,,,,,,,,17,,,,,B03,,,1,,1,,,59,59,1,12,4,120.616394,24.153226,3
5775,66000,387130000C,(04)23274275,(04)23288582,2025,06,16,8,33,臺中市,沙鹿區,0,1,0,5,2,6,50,3,1,1,4,4,6,6,4,4,5,4,4,2,16,3,10,3,1,B03,7,6,1,8,2,8,,14,14,1,12,4,120.566119,24.234785,2
5776,66000,387130000C,(04)23274275,(04)23288582,2025,06,16,8,34,臺中市,西屯區,0,0,0,5,,,30,,,,,,,,,,,,,,14,,,,,B03,,,1,,2,,,49,49,1,12,4,120.64106,24.175453,3
5777,66000,387130000C,(04)23274275,(04)23288582,2025,06,16,8,39,臺中市,大里區,0,0,0,5,,,50,,,,,,,,,,,,,,16,,,,,B03,,,1,,2,,,84,84,1,12,4,120.70118,24.100283,3
5778,66000,387130000C,(04)23274275,(04)23288582,2025,06,16,8,40,臺中市,南屯區,0,0,0,5,,,50,,,,,,,,,,,,,,,,,,,B03,,,1,,1,,,11,11,1,6,4,120.653007,24.138905,3
5779,66000,387130000C,(04)23274275,(04)23288582,2025,06,16,8,40,臺中市,沙鹿區,0,0,0,5,2,6,50,3,9,1,4,4,6,6,1,3,4,3,5,2,13,,,,,B03,,,1,,2,,,7,7,1,12,4,120.567181,24.211625,3
5780,66000,387130000C,(04)23274275,(04)23288582,2025,06,16,8,43,臺中市,西屯區,0,0,0,5,2,6,50,13,9,1,4,4,6,6,4,4,1,4,5,2,13,,,,,B03,,,1,,2,,,7,7,1,12,4,120.647217,24.168605,3
5781,66000,387130000C,(04)23274275,(04)23288582,2025,06,16,8,43,臺中市,大甲區,0,0,0,7,,,50,,,,,,,,,,,,,,,,,,,C03,,,1,,1,,,7,7,1,6,4,120.60804,24.326358,4
5782,66000,387130000C,(04)23274275,(04)23288582,2025,06,16,8,44,臺中市,南屯區,0,0,0,5,,,40,,,,,,,,,,,,,,13,,,,,B03,,,1,,1,,,7,7,1,6,4,120.623786,24.151595,3
5783,66000,387130000C,(04)23274275,(04)23288582,2025,06,16,8,44,臺中市,西屯區,0,0,0,5,,,80,,,,,,,,,,,,,,12,,,,,B03,,,1,,1,,,40,40,1,12,4,120.633854,24.174647,3
5784,66000,387130000C,(04)23274275,(04)23288582,2025,06,16,8,45,臺中市,西區,0,2,0,5,3,9,0,18,21,4,4,4,6,6,4,4,10,5,5,2,10,2,8,1,1,C03,7,15,1,10,2,13,,39,39,1,6,4,120.660452,24.157034,2
5785,66000,387130000C,(04)23274275,(04)23288582,2025,06,16,8,45,臺中市,大里區,0,0,0,7,,,50,,,,,,,,,,,,,,,,,,,A42,,,1,,2,,,49,49,1,12,4,120.699471,24.114626,3
5786,66000,387130000C,(04)23274275,(04)23288582,2025,06,16,8,46,臺中市,北區,0,0,0,5,,,50,,,,,,,,,,,,,,13,,,,,B03,,,1,,1,,,7,7,1,13,4,120.676409,24.163381,3
5787,66000,387130000C,(04)23274275,(04)23288582,2025,06,16,8,49,臺中市,霧峰區,0,0,0,5,,,50,,,,,,,,,,,,,,13,,,,,B03,,,1,,2,,,7,7,1,12,4,120.685591,24.054046,4
5788,66000,387130000C,(04)23274275,(04)23288582,2025,06,16,8,50,臺中市,東區,0,1,0,5,3,6,50,13,8,1,4,4,6,6,1,1,5,5,4,2,17,3,10,3,1,B03,7,7,1,8,2,16,,40,40,1,6,4,120.699913,24.142778,2
5789,66000,387130000C,(04)23274275,(04)23288582,2025,06,16,8,50,臺中市,南屯區,0,1,0,5,3,6,50,13,9,1,4,4,6,6,4,4,5,5,5,2,9,3,10,5,4,C03,7,9,1,10,2,11,12,43,43,1,6,4,120.641338,24.138444,2
5790,66000,387130000C,(04)23274275,(04)23288582,2025,06,16,8,51,臺中市,太平區,0,1,0,5,3,6,50,4,1,1,4,4,6,6,1,1,5,5,4,1,18,2,9,2,1,C03,7,9,1,10,2,12,,84,84,1,12,4,120.7139,24.145009,2
5791,66000,387130000C,(04)23274275,(04)23288582,2025,06,16,8,52,臺中市,西區,0,0,0,5,,,50,,,,,,,,,,,,,,,,,,,B03,,,1,,2,,,84,84,1,12,4,120.66092,24.135158,3
5792,66000,387130000C,(04)23274275,(04)23288582,2025,06,16,8,52,臺中市,北屯區,0,0,0,5,,,30,,,,,,,,,,,,,,17,,,,,B03,,,1,,2,,,84,84,1,6,4,120.70037,24.179813,3