﻿序號,縣市別代碼,機關代碼,市話,傳真,年,月,日,時,分,縣市,區,死亡數量,受傷數量,2-30,天候,道路照明設備,道路類別,道路速限,道路型態,事故位置,路面鋪裝,路面狀態,路面缺陷,障礙物,視距,號誌種類,號誌動作,分向設施,快車道或一般車道間,快慢車道間,路面邊線,事故類型及型態,受傷程度,主要傷處,保護裝備,行動電話或功能裝置,當事者區分_類別,車輛用途,當事者行動狀態,駕照狀態,駕照種類,飲酒情形,車輛撞擊部位最初,車輛撞擊部位其他,肇事因素個別,肇事因素主要,肇事逃逸,職業,共享經濟或外送平台,GPS座標X,GPS座標Y,事故類別
5793,66000,387130000C,(04)23274275,(04)23288582,2025,06,16,8,55,臺中市,西屯區,0,0,0,5,,,30,,,,,,,,,,,,,,12,,,,,B03,,,1,,2,,,8,8,1,12,4,120.661223,24.175131,3
5794,66000,387130000C,(04)23274275,(04)23288582,2025,06,16,8,55,臺中市,烏日區,0,1,0,5,2,6,0,13,21,4,4,4,6,6,4,4,10,5,5,2,17,2,8,5,4,C03,7,9,1,10,2,11,,84,84,1,5,4,120.61745,24.111763,2
5795,66000,387130000C,(04)23274275,(04)23288582,2025,06,16,8,55,臺中市,大甲區,0,1,0,7,2,6,50,3,1,1,5,4,6,6,4,4,5,5,4,2,16,2,9,2,1,C03,7,9,1,10,2,12,,39,39,1,6,4,120.625278,24.343701,2
5796,66000,387130000C,(04)23274275,(04)23288582,2025,06,16,8,56,臺中市,東區,0,0,0,5,,,50,,,,,,,,,,,,,,,,,,,B03,,,1,,1,,,7,7,1,6,4,120.70128,24.142716,3
5797,66000,387130000C,(04)23274275,(04)23288582,2025,06,16,8,59,臺中市,大雅區,0,0,0,6,,,30,,,,,,,,,,,,,,1,,,,,B03,,,1,,1,,,8,8,1,13,4,120.667087,24.204028,3
5798,66000,387130000C,(04)23274275,(04)23288582,2025,06,16,8,59,臺中市,南區,0,0,0,5,,,50,,,,,,,,,,,,,,13,,,,,A02,,,1,,1,,,84,84,1,12,4,120.679302,24.124943,3
5799,66000,387130000C,(04)23274275,(04)23288582,2025,06,16,9,0,臺中市,北區,0,1,0,7,2,6,50,13,9,1,4,4,6,6,4,4,8,3,5,2,18,2,9,2,1,C03,7,9,1,10,2,14,,84,84,1,13,4,120.682665,24.146831,2
5800,66000,387130000C,(04)23274275,(04)23288582,2025,06,16,9,2,臺中市,西屯區,0,0,0,5,,,80,,,,,,,,,,,,,,13,,,,,B13,,,1,,1,,,59,59,1,13,4,120.63397,24.17412,3
5801,66000,387130000C,(04)23274275,(04)23288582,2025,06,16,9,4,臺中市,北區,0,0,0,5,,,50,,,,,,,,,,,,,,13,,,,,B03,,,1,,1,,,59,59,1,12,4,120.67644,24.165615,3
5802,66000,387130000C,(04)23274275,(04)23288582,2025,06,16,9,5,臺中市,西屯區,0,0,0,5,,,50,,,,,,,,,,,,,,18,,,,,C03,,,1,,2,,,59,59,1,12,4,120.606247,24.161817,3
5803,66000,387130000C,(04)23274275,(04)23288582,2025,06,16,9,7,臺中市,南屯區,0,1,0,5,1,6,50,13,8,1,4,4,6,6,4,4,9,4,5,2,11,3,10,5,4,B03,7,6,1,8,2,8,,48,48,1,13,4,120.649085,24.153492,2
5804,66000,387130000C,(04)23274275,(04)23288582,2025,06,16,9,7,臺中市,西屯區,0,0,0,5,,,60,,,,,,,,,,,,,,13,,,,,B01,,,1,,1,,,59,59,1,12,4,120.638295,24.159312,3
5805,66000,387130000C,(04)23274275,(04)23288582,2025,06,16,9,13,臺中市,西區,0,0,0,5,,,30,,,,,,,,,,,,,,,,,,,B12,,,1,,2,,,84,84,1,12,4,120.662459,24.161519,3
5806,66000,387130000C,(04)23274275,(04)23288582,2025,06,16,9,15,臺中市,霧峰區,0,0,0,6,,,30,,,,,,,,,,,,,,17,,,,,B03,,,1,,2,,,51,51,1,6,4,120.693194,24.045234,3
5807,66000,387130000C,(04)23274275,(04)23288582,2025,06,16,9,20,臺中市,西區,0,1,0,5,2,6,50,4,1,1,4,4,6,6,4,4,10,5,5,2,17,3,10,3,1,B03,7,11,1,8,2,5,,45,45,1,12,4,120.658803,24.141564,2
5808,66000,387130000C,(04)23274275,(04)23288582,2025,06,16,9,20,臺中市,北屯區,0,1,0,5,2,6,50,13,9,1,4,4,6,6,4,4,1,4,4,2,18,2,8,1,1,C03,7,12,1,10,1,12,,84,84,1,6,4,120.720987,24.169003,2
5809,66000,387130000C,(04)23274275,(04)23288582,2025,06,16,9,20,臺中市,西屯區,0,0,0,5,,,50,,,,,,,,,,,,,,13,,,,,B01,,,1,,1,,,84,84,1,12,4,120.602874,24.18456,3
5810,66000,387130000C,(04)23274275,(04)23288582,2025,06,16,9,22,臺中市,西屯區,0,0,0,5,,,80,,,,,,,,,,,,,,13,,,,,B03,,,1,,1,,,7,7,1,12,4,120.648777,24.196881,3
5811,66000,387130000C,(04)23274275,(04)23288582,2025,06,16,9,22,臺中市,霧峰區,0,1,0,5,3,6,50,11,14,1,4,4,6,6,4,4,5,5,5,1,16,3,10,3,1,B03,7,5,1,8,2,2,,65,65,1,5,4,120.715149,24.073843,2
5812,66000,387130000C,(04)23274275,(04)23288582,2025,06,16,9,23,臺中市,北屯區,0,0,0,7,,,50,,,,,,,,,,,,,,9,,,,,B03,,,1,,1,,,84,84,1,6,4,120.7175,24.175504,3
5813,66000,387130000C,(04)23274275,(04)23288582,2025,06,16,9,23,臺中市,太平區,0,0,0,5,,,80,,,,,,,,,,,,,,20,,,,,A12,,,1,,2,,,84,84,1,12,4,120.714272,24.148696,3
5814,66000,387130000C,(04)23274275,(04)23288582,2025,06,16,9,24,臺中市,大雅區,0,1,0,5,3,6,30,4,2,1,4,4,6,6,3,1,5,2,5,1,17,3,10,3,1,B03,7,6,1,8,2,8,,11,11,1,12,4,120.656872,24.222751,2
5815,66000,387130000C,(04)23274275,(04)23288582,2025,06,16,9,25,臺中市,太平區,0,0,0,7,,,80,,,,,,,,,,,,,,,,,,,A41,,,1,,1,,,43,43,1,12,4,120.71772,24.159294,3
5816,66000,387130000C,(04)23274275,(04)23288582,2025,06,16,9,26,臺中市,西屯區,0,1,0,5,2,6,50,13,8,1,4,4,6,6,4,4,1,4,5,2,5,2,9,5,4,C03,7,9,1,10,2,11,,59,59,1,13,4,120.63922,24.189346,2
5817,66000,387130000C,(04)23274275,(04)23288582,2025,06,16,9,28,臺中市,南屯區,0,0,0,5,,,50,,,,,,,,,,,,,,17,,,,,,,,,,,,,119,119,1,,,120.635711,24.143383,3
5818,66000,387130000C,(04)23274275,(04)23288582,2025,06,16,9,30,臺中市,南屯區,0,0,0,5,,,50,,,,,,,,,,,,,,17,,,,,B03,,,1,,2,,,50,50,1,12,4,120.617182,24.151624,3
5819,66000,387130000C,(04)23274275,(04)23288582,2025,06,16,9,34,臺中市,外埔區,0,1,0,7,2,6,50,13,8,1,5,4,6,6,4,4,5,4,4,1,16,3,10,3,1,B03,7,5,1,8,2,2,,20,20,1,12,4,120.661562,24.323936,2
5820,66000,387130000C,(04)23274275,(04)23288582,2025,06,16,9,36,臺中市,大里區,0,0,0,5,,,50,,,,,,,,,,,,,,17,,,,,C03,,,5,,2,,,14,14,1,13,4,120.683566,24.103038,3
5821,66000,387130000C,(04)23274275,(04)23288582,2025,06,16,9,37,臺中市,潭子區,0,0,0,6,,,50,,,,,,,,,,,,,,13,,,,,B12,,,1,,2,,,7,7,1,13,4,120.721817,24.198057,3
5822,66000,387130000C,(04)23274275,(04)23288582,2025,06,16,9,39,臺中市,豐原區,0,0,0,7,,,50,,,,,,,,,,,,,,13,,,,,B03,,,1,,1,,,84,84,1,12,4,120.704099,24.249771,3
5823,66000,387130000C,(04)23274275,(04)23288582,2025,06,16,9,40,臺中市,神岡區,0,1,0,7,2,6,50,13,9,1,5,4,6,6,1,1,1,2,5,2,13,2,9,1,1,C03,7,8,1,10,2,11,,84,84,1,12,4,120.693897,24.232441,2
5824,66000,387130000C,(04)23274275,(04)23288582,2025,06,16,9,43,臺中市,北屯區,0,1,0,5,3,6,50,13,9,1,4,4,6,6,4,4,5,4,5,2,18,2,9,2,1,C03,7,9,1,10,2,14,,43,43,1,13,4,120.680281,24.189342,2
5825,66000,387130000C,(04)23274275,(04)23288582,2025,06,16,9,45,臺中市,南屯區,0,0,0,5,,,40,,,,,,,,,,,,,,17,,,,,B02,,,1,,9,,,87,87,1,6,4,120.644538,24.143639,3
5826,66000,387130000C,(04)23274275,(04)23288582,2025,06,16,9,51,臺中市,西屯區,0,1,0,5,2,6,50,3,1,1,4,4,6,6,4,4,10,5,5,2,16,2,9,1,1,C03,7,9,3,19,1,11,,34,34,1,13,4,120.661256,24.172675,2
5827,66000,387130000C,(04)23274275,(04)23288582,2025,06,16,9,53,臺中市,北屯區,0,2,0,5,2,6,50,13,9,1,4,4,6,6,4,4,1,4,5,2,13,2,9,5,4,C03,7,9,1,9,2,11,,7,7,1,12,4,120.693462,24.185576,2
5828,66000,387130000C,(04)23274275,(04)23288582,2025,06,16,9,54,臺中市,中區,0,0,0,5,,,50,,,,,,,,,,,,,,,,,,,B03,,,1,,1,,,39,39,1,6,4,120.679867,24.139342,3
5829,66000,387130000C,(04)23274275,(04)23288582,2025,06,16,9,58,臺中市,西屯區,0,1,0,5,1,6,50,5,1,1,4,1,6,6,1,1,10,5,5,2,18,2,9,1,1,C03,7,9,1,10,2,12,,59,59,1,12,4,120.658794,24.1761,2
5830,66000,387130000C,(04)23274275,(04)23288582,2025,06,16,9,59,臺中市,大里區,0,0,0,7,,,50,,,,,,,,,,,,,,30,,,,,B12,,,1,,2,,,84,84,1,12,4,120.69675,24.090389,3
5831,66000,387130000C,(04)23274275,(04)23288582,2025,06,16,10,2,臺中市,中區,0,0,0,5,,,50,,,,,,,,,,,,,,,,,,,B12,,,1,,2,,,84,84,1,12,4,120.680358,24.139184,3
5832,66000,387130000C,(04)23274275,(04)23288582,2025,06,16,10,3,臺中市,太平區,0,0,0,7,,,50,,,,,,,,,,,,,,,,,,,B03,,,1,,1,,,84,84,1,12,4,120.711341,24.159074,3
5833,66000,387130000C,(04)23274275,(04)23288582,2025,06,16,10,5,臺中市,南區,0,0,0,7,1,6,50,13,7,1,5,4,6,6,4,4,1,4,4,2,13,3,10,3,1,B03,7,9,1,8,1,1,,84,84,1,12,4,120.670194,24.115884,3
5834,66000,387130000C,(04)23274275,(04)23288582,2025,06,16,10,10,臺中市,北屯區,0,0,0,5,,,50,,,,,,,,,,,,,,13,,,,,B12,,,1,,1,,,84,84,1,6,4,120.698076,24.170349,3
5835,66000,387130000C,(04)23274275,(04)23288582,2025,06,16,10,15,臺中市,大里區,0,2,0,6,2,6,50,13,12,1,4,4,6,6,4,4,5,5,4,2,17,2,9,1,1,C03,7,7,1,10,2,13,,40,40,1,12,4,120.692303,24.117535,2
5836,66000,387130000C,(04)23274275,(04)23288582,2025,06,16,10,18,臺中市,西區,0,0,0,5,,,50,,,,,,,,,,,,,,,,,,,C03,,,1,,1,,,84,84,1,12,4,120.675616,24.141135,3
5837,66000,387130000C,(04)23274275,(04)23288582,2025,06,16,10,18,臺中市,西屯區,0,1,0,5,2,6,50,4,1,1,4,4,6,6,4,4,9,5,5,2,17,2,9,5,4,C03,7,5,1,10,2,16,,59,59,1,13,4,120.643908,24.173914,2
5838,66000,387130000C,(04)23274275,(04)23288582,2025,06,16,10,20,臺中市,豐原區,0,0,0,7,,,50,,,,,,,,,,,,,,17,,,,,C03,,,1,,2,,,84,84,1,13,4,120.733632,24.253658,3
5839,66000,387130000C,(04)23274275,(04)23288582,2025,06,16,10,21,臺中市,烏日區,0,1,0,6,2,6,50,13,9,1,5,4,6,6,4,4,5,5,5,1,17,3,10,3,1,B03,7,13,1,8,2,16,,76,76,1,6,4,120.624473,24.103701,2
5840,66000,387130000C,(04)23274275,(04)23288582,2025,06,16,10,22,臺中市,北屯區,0,0,0,7,,,50,,,,,,,,,,,,,,12,,,,,B03,,,1,,2,,,35,35,1,6,4,120.694208,24.165277,3
5841,66000,387130000C,(04)23274275,(04)23288582,2025,06,16,10,23,臺中市,大甲區,0,0,0,7,,,50,,,,,,,,,,,,,,,,,,,B03,,,1,,2,,,49,49,1,6,4,120.622518,24.345633,3
5842,66000,387130000C,(04)23274275,(04)23288582,2025,06,16,10,25,臺中市,豐原區,0,0,0,6,,,0,,,,,,,,,,,,,,17,,,,,B02,,,1,,2,,,84,84,1,12,4,120.70995,24.23653,3
5843,66000,387130000C,(04)23274275,(04)23288582,2025,06,16,10,26,臺中市,西區,0,1,0,6,2,6,50,4,2,1,5,4,6,6,2,1,3,5,5,2,13,3,10,3,1,B03,7,9,1,8,2,1,,84,84,1,12,4,120.667643,24.131028,2
5844,66000,387130000C,(04)23274275,(04)23288582,2025,06,16,10,27,臺中市,北區,0,1,0,7,2,6,50,4,2,1,5,4,6,6,2,1,10,5,5,2,9,3,10,6,5,H04,8,20,7,21,2,17,,119,119,1,13,5,120.68199,24.159448,2
5845,66000,387130000C,(04)23274275,(04)23288582,2025,06,16,10,27,臺中市,太平區,0,0,0,5,,,50,,,,,,,,,,,,,,17,,,,,B12,,,1,,10,,,84,84,1,12,4,120.720402,24.152895,3
5846,66000,387130000C,(04)23274275,(04)23288582,2025,06,16,10,29,臺中市,西區,0,1,0,5,2,6,50,4,1,1,4,4,6,6,1,1,10,5,5,2,18,2,9,2,1,C03,7,9,1,10,2,12,,84,84,1,12,4,120.675325,24.13368,2
5847,66000,387130000C,(04)23274275,(04)23288582,2025,06,16,10,29,臺中市,南區,0,1,0,6,3,6,50,4,1,1,4,4,6,6,1,1,5,5,5,2,18,2,9,2,1,C03,7,9,1,10,2,16,,84,84,1,13,4,120.650317,24.115823,2
5848,66000,387130000C,(04)23274275,(04)23288582,2025,06,16,10,30,臺中市,豐原區,0,1,0,7,3,6,50,3,1,1,5,4,6,6,3,1,5,5,5,1,17,3,10,5,4,B03,7,11,1,8,2,5,,45,45,1,12,4,120.719343,24.24249,2
5849,66000,387130000C,(04)23274275,(04)23288582,2025,06,16,10,31,臺中市,北屯區,0,0,0,5,,,50,,,,,,,,,,,,,,13,,,,,B03,,,1,,1,,,7,7,1,13,4,120.718319,24.160128,3
5850,66000,387130000C,(04)23274275,(04)23288582,2025,06,16,10,33,臺中市,北屯區,0,0,0,7,,,50,,,,,,,,,,,,,,17,,,,,B03,,,1,,2,,,51,51,1,12,4,120.68909,24.175796,3
5851,66000,387130000C,(04)23274275,(04)23288582,2025,06,16,10,33,臺中市,太平區,0,0,0,5,,,40,,,,,,,,,,,,,,12,,,,,B03,,,1,,2,,,84,84,1,12,4,120.724025,24.111108,3
5852,66000,387130000C,(04)23274275,(04)23288582,2025,06,16,10,35,臺中市,東區,0,0,0,7,,,30,,,,,,,,,,,,,,14,,,,,A31,,,1,,1,,,49,49,1,6,4,120.705879,24.139289,3
5853,66000,387130000C,(04)23274275,(04)23288582,2025,06,16,10,37,臺中市,西屯區,0,2,0,6,2,6,50,4,1,1,4,4,6,6,2,1,1,4,5,2,13,2,7,5,4,B12,7,9,3,19,2,1,,58,58,1,12,4,120.655601,24.199887,2
5854,66000,387130000C,(04)23274275,(04)23288582,2025,06,16,10,39,臺中市,潭子區,0,1,0,6,2,6,60,3,2,1,5,4,6,6,4,4,1,4,4,1,16,3,10,3,1,B03,7,5,1,8,2,6,,14,14,1,13,4,120.705091,24.208497,2
5855,66000,387130000C,(04)23274275,(04)23288582,2025,06,16,10,43,臺中市,西屯區,0,1,0,7,2,6,50,4,1,1,5,4,6,6,2,1,10,5,5,2,13,3,10,6,1,F01,7,9,7,21,2,13,,42,42,1,12,4,120.655938,24.165527,2
5856,66000,387130000C,(04)23274275,(04)23288582,2025,06,16,10,44,臺中市,太平區,0,1,0,6,2,6,50,13,9,1,5,4,6,6,4,4,4,4,5,2,17,3,10,1,1,C03,7,4,1,10,2,12,,71,71,1,12,4,120.710806,24.134388,2
5857,66000,387130000C,(04)23274275,(04)23288582,2025,06,16,10,45,臺中市,豐原區,0,1,0,7,1,6,50,3,1,1,5,4,6,6,4,4,5,4,4,2,17,3,10,3,1,B03,7,11,1,8,2,8,,45,45,1,6,4,120.695685,24.239701,2
5858,66000,387130000C,(04)23274275,(04)23288582,2025,06,16,10,55,臺中市,北屯區,0,0,0,7,,,80,,,,,,,,,,,,,,17,,,,,B03,,,1,,1,,,40,40,1,6,4,120.696888,24.200995,3
5859,66000,387130000C,(04)23274275,(04)23288582,2025,06,16,10,56,臺中市,太平區,0,0,0,7,,,50,,,,,,,,,,,,,,13,,,,,B03,,,1,,2,,,7,7,1,12,4,120.720774,24.120642,3
5860,66000,387130000C,(04)23274275,(04)23288582,2025,06,16,11,0,臺中市,后里區,0,0,0,7,,,50,,,,,,,,,,,,,,,,,,,B03,,,1,,1,,,7,7,1,6,4,120.682073,24.315654,3
5861,66000,387130000C,(04)23274275,(04)23288582,2025,06,16,11,5,臺中市,烏日區,0,0,0,7,,,50,,,,,,,,,,,,,,,,,,,B12,,,1,,1,,,84,84,1,6,4,120.618334,24.1027,3
5862,66000,387130000C,(04)23274275,(04)23288582,2025,06,16,11,5,臺中市,清水區,0,1,0,7,3,6,50,4,1,1,5,4,6,6,4,4,5,5,4,2,15,3,10,3,1,B03,7,9,1,8,2,1,,12,12,1,12,4,120.576943,24.26895,2
5863,66000,387130000C,(04)23274275,(04)23288582,2025,06,16,11,8,臺中市,西屯區,0,0,0,7,,,50,,,,,,,,,,,,,,13,,,,,A12,,,1,,2,,,7,7,1,12,4,120.619299,24.16845,3
5864,66000,387130000C,(04)23274275,(04)23288582,2025,06,16,11,9,臺中市,龍井區,0,1,0,7,3,6,60,18,7,1,5,4,6,6,4,4,1,5,5,1,23,2,9,3,1,A41,7,15,1,1,2,1,,6,6,1,6,4,120.510966,24.229172,2
5865,66000,387130000C,(04)23274275,(04)23288582,2025,06,16,11,10,臺中市,北區,0,1,0,7,2,6,50,3,1,1,5,4,6,6,4,4,10,5,5,2,17,3,10,1,1,C03,7,3,1,10,2,12,,50,50,1,12,4,120.675422,24.157522,2
5866,66000,387130000C,(04)23274275,(04)23288582,2025,06,16,11,13,臺中市,西區,0,1,0,7,3,6,40,3,2,1,5,4,6,6,4,4,1,4,1,2,12,2,9,1,1,C03,7,9,1,10,2,14,,85,85,1,6,4,120.659894,24.158815,2
5867,66000,387130000C,(04)23274275,(04)23288582,2025,06,16,11,14,臺中市,大甲區,0,0,0,6,,,50,,,,,,,,,,,,,,14,,,,,B11,,,1,,2,,,49,49,1,6,4,120.621012,24.344277,3
5868,66000,387130000C,(04)23274275,(04)23288582,2025,06,16,11,16,臺中市,梧棲區,0,0,0,7,,,50,,,,,,,,,,,,,,14,,,,,B03,,,1,,1,,,49,49,1,6,4,120.532312,24.262108,3
5869,66000,387130000C,(04)23274275,(04)23288582,2025,06,16,11,24,臺中市,太平區,0,1,0,7,2,6,50,5,1,1,5,4,6,6,1,1,10,4,5,1,16,2,9,2,1,C03,7,9,1,10,2,14,,39,39,1,13,4,120.722378,24.112677,2
5870,66000,387130000C,(04)23274275,(04)23288582,2025,06,16,11,25,臺中市,西屯區,0,0,0,6,,,0,,,,,,,,,,,,,,17,,,,,B12,,,1,,2,,,8,8,1,12,4,120.660735,24.172949,3
5871,66000,387130000C,(04)23274275,(04)23288582,2025,06,16,11,25,臺中市,沙鹿區,0,1,0,6,2,6,40,4,9,1,5,4,6,6,1,1,4,5,5,2,13,3,10,3,1,B03,7,1,1,8,2,1,,51,51,1,12,4,120.560689,24.235871,2
5872,66000,387130000C,(04)23274275,(04)23288582,2025,06,16,11,26,臺中市,龍井區,0,0,0,6,2,6,50,13,9,1,4,4,6,6,4,4,5,2,5,1,13,3,10,3,1,B03,7,9,1,8,1,1,,7,7,1,6,4,120.585384,24.18498,3
5873,66000,387130000C,(04)23274275,(04)23288582,2025,06,16,11,27,臺中市,北屯區,0,0,0,6,,,50,,,,,,,,,,,,,,13,,,,,B03,,,1,,2,,,84,84,1,6,4,120.658346,24.184478,3
5874,66000,387130000C,(04)23274275,(04)23288582,2025,06,16,11,28,臺中市,大甲區,0,0,0,7,,,50,,,,,,,,,,,,,,,,,,,B03,,,3,,2,,,49,49,1,6,4,120.63359,24.34493,3
5875,66000,387130000C,(04)23274275,(04)23288582,2025,06,16,11,30,臺中市,太平區,0,2,0,7,3,6,50,3,1,1,5,4,6,6,4,4,5,5,5,1,16,3,10,3,1,B02,7,6,1,8,2,1,,14,14,1,12,4,120.703644,24.112422,2
5876,66000,387130000C,(04)23274275,(04)23288582,2025,06,16,11,32,臺中市,太平區,0,1,0,7,2,6,50,3,9,1,5,4,6,6,4,4,10,5,5,2,14,3,10,3,1,B03,7,2,1,8,2,3,,49,49,1,12,4,120.702054,24.150109,2
5877,66000,387130000C,(04)23274275,(04)23288582,2025,06,16,11,36,臺中市,豐原區,0,1,0,6,2,6,50,5,1,1,5,4,6,6,1,1,1,4,4,1,15,3,10,5,4,C03,7,9,1,10,2,12,,21,21,1,12,4,120.709364,24.248679,2
5878,66000,387130000C,(04)23274275,(04)23288582,2025,06,16,11,43,臺中市,豐原區,0,2,0,7,3,6,40,13,8,1,5,4,6,6,4,4,5,5,4,2,13,2,9,1,4,C03,7,9,1,10,2,11,,7,7,1,12,4,120.706938,24.247807,2
5879,66000,387130000C,(04)23274275,(04)23288582,2025,06,16,11,45,臺中市,西區,0,1,0,7,2,6,40,13,8,1,5,4,6,6,4,4,1,4,4,2,13,2,9,1,1,C03,7,9,1,10,2,11,,7,7,1,13,4,120.656951,24.150618,2
5880,66000,387130000C,(04)23274275,(04)23288582,2025,06,16,11,45,臺中市,沙鹿區,0,0,0,7,,,40,,,,,,,,,,,,,,30,,,,,B12,,,1,,2,,,84,84,1,12,4,120.561513,24.242472,3
5881,66000,387130000C,(04)23274275,(04)23288582,2025,06,16,11,49,臺中市,石岡區,0,0,0,7,,,70,,,,,,,,,,,,,,,,,,,B03,,,1,,2,,,54,54,1,13,4,120.788946,24.273813,3
5882,66000,387130000C,(04)23274275,(04)23288582,2025,06,16,11,50,臺中市,北屯區,0,0,0,7,,,50,,,,,,,,,,,,,,12,,,,,B02,,,1,,2,,,59,59,1,12,4,120.69405,24.164151,3
5883,66000,387130000C,(04)23274275,(04)23288582,2025,06,16,11,50,臺中市,豐原區,0,1,0,7,2,6,30,3,1,1,5,4,6,6,4,4,10,5,5,2,17,2,9,2,1,C03,7,6,1,10,2,14,,14,14,1,13,4,120.730056,24.236293,2
5884,66000,387130000C,(04)23274275,(04)23288582,2025,06,16,11,53,臺中市,沙鹿區,0,1,0,6,3,6,60,4,1,1,5,4,6,6,1,1,10,5,5,2,17,2,7,2,1,C03,7,5,1,10,2,11,,22,22,1,6,4,120.570507,24.241104,2
5885,66000,387130000C,(04)23274275,(04)23288582,2025,06,16,11,58,臺中市,烏日區,0,0,0,7,,,50,,,,,,,,,,,,,,,,,,,B03,,,1,,1,,,84,84,1,13,4,120.633816,24.105987,3
5886,66000,387130000C,(04)23274275,(04)23288582,2025,06,16,12,5,臺中市,太平區,0,0,0,7,,,30,,,,,,,,,,,,,,17,,,,,A12,,,1,,2,,,78,78,1,13,4,120.726833,24.098729,3
5887,66000,387130000C,(04)23274275,(04)23288582,2025,06,16,12,6,臺中市,南區,0,2,0,7,3,6,50,4,9,1,5,4,6,6,4,4,5,5,5,2,15,2,9,5,4,C03,7,9,1,10,2,11,,6,6,1,6,4,120.681842,24.124912,2
5888,66000,387130000C,(04)23274275,(04)23288582,2025,06,16,12,8,臺中市,后里區,0,0,0,7,2,6,30,13,9,1,5,4,6,6,4,4,10,5,5,1,12,3,10,3,1,B12,7,9,3,19,2,2,,8,8,1,12,4,120.702757,24.292673,3
5889,66000,387130000C,(04)23274275,(04)23288582,2025,06,16,12,10,臺中市,沙鹿區,0,1,0,6,2,6,30,13,9,2,4,1,2,6,4,4,10,5,5,2,18,2,9,2,1,C03,7,9,1,10,2,14,,84,84,1,12,4,120.597087,24.215726,2
5890,66000,387130000C,(04)23274275,(04)23288582,2025,06,16,12,13,臺中市,北屯區,0,1,0,7,3,6,50,4,1,1,5,4,6,6,1,1,10,5,5,2,17,3,10,3,1,B03,7,5,1,10,2,2,,65,65,1,12,4,120.727303,24.166697,2
5891,66000,387130000C,(04)23274275,(04)23288582,2025,06,16,12,23,臺中市,南屯區,0,0,0,7,,,40,,,,,,,,,,,,,,14,,,,,B03,,,1,,2,,,50,50,1,6,4,120.627598,24.146567,3
5892,66000,387130000C,(04)23274275,(04)23288582,2025,06,16,12,24,臺中市,西屯區,0,1,0,7,2,6,50,4,1,1,5,4,6,6,1,1,10,5,5,2,16,3,10,3,1,B03,7,5,1,8,2,2,,47,47,1,12,4,120.608091,24.18732,2
5893,66000,387130000C,(04)23274275,(04)23288582,2025,06,16,12,28,臺中市,中區,0,0,0,7,,,50,,,,,,,,,,,,,,,,,,,B03,,,1,,1,,,84,84,1,13,4,120.684316,24.141886,3
5894,66000,387130000C,(04)23274275,(04)23288582,2025,06,16,12,31,臺中市,北區,0,1,0,7,3,6,50,4,1,1,5,4,6,6,4,4,10,5,5,2,16,3,10,1,1,C03,7,5,1,10,2,12,,20,20,1,12,4,120.684561,24.153183,2
5895,66000,387130000C,(04)23274275,(04)23288582,2025,06,16,12,40,臺中市,和平區,0,0,0,7,3,6,30,12,14,1,5,4,6,6,4,4,10,5,5,1,13,3,10,6,4,B03,7,3,1,8,2,1,,50,50,1,12,5,121.253978,24.254085,3
5896,66000,387130000C,(04)23274275,(04)23288582,2025,06,16,12,43,臺中市,太平區,0,1,0,7,3,6,50,4,2,1,5,4,6,6,1,1,5,5,5,1,16,3,10,3,1,B03,7,1,1,8,2,8,,51,51,1,12,4,120.721331,24.101346,2
5897,66000,387130000C,(04)23274275,(04)23288582,2025,06,16,12,45,臺中市,北屯區,0,0,0,7,,,50,,,,,,,,,,,,,,13,,,,,C03,,,1,,1,,,7,7,1,12,4,120.692042,24.162479,3
5898,66000,387130000C,(04)23274275,(04)23288582,2025,06,16,12,45,臺中市,大里區,0,0,0,7,,,50,,,,,,,,,,,,,,13,,,,,A12,,,1,,2,,,7,7,1,12,4,120.691048,24.081338,3
5899,66000,387130000C,(04)23274275,(04)23288582,2025,06,16,12,49,臺中市,中區,0,0,0,7,,,50,,,,,,,,,,,,,,,,,,,B03,,,1,,1,,,51,51,1,12,4,120.681432,24.144181,3
5900,66000,387130000C,(04)23274275,(04)23288582,2025,06,16,12,54,臺中市,太平區,0,1,0,7,2,6,30,3,1,1,5,4,6,6,4,4,10,5,5,2,18,2,9,5,1,C03,7,6,3,19,8,14,,84,84,1,12,4,120.728009,24.127062,2
5901,66000,387130000C,(04)23274275,(04)23288582,2025,06,16,12,56,臺中市,大里區,0,2,0,6,2,6,50,4,1,1,5,4,6,6,4,4,10,5,5,2,15,2,9,2,1,C03,7,9,1,10,2,12,,12,12,1,12,4,120.699885,24.108891,2
5902,66000,387130000C,(04)23274275,(04)23288582,2025,06,16,13,5,臺中市,沙鹿區,0,1,0,7,2,6,50,13,7,1,5,4,6,6,4,4,5,5,4,2,9,3,10,4,1,B03,7,13,1,8,1,4,,76,76,1,6,4,120.574145,24.222398,2
5903,66000,387130000C,(04)23274275,(04)23288582,2025,06,16,13,7,臺中市,南屯區,0,0,0,7,,,50,,,,,,,,,,,,,,,,,,,B03,,,1,,1,,,7,7,1,13,4,120.653608,24.128899,3