﻿序號,縣市別代碼,機關代碼,市話,傳真,年,月,日,時,分,縣市,區,死亡數量,受傷數量,2-30,天候,道路照明設備,道路類別,道路速限,道路型態,事故位置,路面鋪裝,路面狀態,路面缺陷,障礙物,視距,號誌種類,號誌動作,分向設施,快車道或一般車道間,快慢車道間,路面邊線,事故類型及型態,受傷程度,主要傷處,保護裝備,行動電話或功能裝置,當事者區分_類別,車輛用途,當事者行動狀態,駕照狀態,駕照種類,飲酒情形,車輛撞擊部位最初,車輛撞擊部位其他,肇事因素個別,肇事因素主要,肇事逃逸,職業,共享經濟或外送平台,GPS座標X,GPS座標Y,事故類別
5904,66000,387130000C,(04)23274275,(04)23288582,2025,06,16,13,10,臺中市,西屯區,0,0,0,7,2,6,50,13,9,1,5,4,6,,4,4,1,4,5,2,12,,,,,B03,,,1,,2,,,8,8,1,13,4,120.607047,24.187395,3
5905,66000,387130000C,(04)23274275,(04)23288582,2025,06,16,13,14,臺中市,太平區,0,0,0,7,,,30,,,,,,,,,,,,,,17,,,,,B03,,,1,,2,,,84,84,1,13,4,120.734198,24.146934,3
5906,66000,387130000C,(04)23274275,(04)23288582,2025,06,16,13,17,臺中市,北屯區,0,0,0,7,,,60,,,,,,,,,,,,,,14,,,,,B03,,,1,,1,,,49,49,1,12,4,120.713116,24.164783,3
5907,66000,387130000C,(04)23274275,(04)23288582,2025,06,16,13,19,臺中市,南屯區,0,0,0,7,,,50,,,,,,,,,,,,,,,,,,,B03,,,1,,1,,,78,78,1,13,4,120.626335,24.14892,3
5908,66000,387130000C,(04)23274275,(04)23288582,2025,06,16,13,22,臺中市,西屯區,0,0,0,5,,,30,,,,,,,,,,,,,,12,,,,,B03,,,1,,1,,,8,8,1,12,4,120.64439,24.181813,3
5909,66000,387130000C,(04)23274275,(04)23288582,2025,06,16,13,30,臺中市,東區,0,0,0,7,1,6,50,13,7,1,5,4,6,6,4,4,5,4,5,2,14,3,10,3,1,B03,7,2,1,8,1,3,,49,49,1,12,4,120.691794,24.133639,3
5910,66000,387130000C,(04)23274275,(04)23288582,2025,06,16,13,30,臺中市,龍井區,0,0,0,7,,3,60,,,,,,,,,,,,,,,,,,,B03,,,1,,2,,,84,84,1,6,4,120.50676,24.193541,3
5911,66000,387130000C,(04)23274275,(04)23288582,2025,06,16,13,40,臺中市,西區,0,1,0,6,2,6,50,13,9,1,5,4,6,6,4,4,5,5,5,2,17,3,10,5,1,A12,7,13,1,6,2,15,,72,72,1,12,4,120.659319,24.147753,2
5912,66000,387130000C,(04)23274275,(04)23288582,2025,06,16,13,40,臺中市,南屯區,0,1,0,7,3,6,50,13,9,1,5,4,6,6,4,4,5,4,5,2,12,2,9,1,1,C03,7,9,1,10,2,12,,59,59,1,12,4,120.653041,24.143833,2
5913,66000,387130000C,(04)23274275,(04)23288582,2025,06,16,13,41,臺中市,西屯區,0,1,0,7,2,6,50,13,9,1,5,4,6,6,4,4,5,5,5,2,13,2,9,5,4,C03,7,9,1,10,2,11,,7,7,1,13,2,120.657705,24.168046,2
5914,66000,387130000C,(04)23274275,(04)23288582,2025,06,16,13,43,臺中市,北屯區,0,0,0,7,,,50,,,,,,,,,,,,,,14,,,,,A12,,,1,,9,,,49,49,1,6,4,120.68171,24.178303,3
5915,66000,387130000C,(04)23274275,(04)23288582,2025,06,16,13,44,臺中市,豐原區,0,1,0,7,2,6,50,4,1,1,5,4,6,6,2,1,5,4,5,2,12,2,9,1,1,C03,7,9,1,10,2,12,,84,84,1,12,4,120.714686,24.245214,2
5916,66000,387130000C,(04)23274275,(04)23288582,2025,06,16,13,48,臺中市,南屯區,0,1,0,7,2,6,50,13,9,1,5,4,6,6,4,4,8,5,5,2,12,3,10,5,4,B03,7,9,1,8,2,5,,59,59,1,13,4,120.638927,24.14394,2
5917,66000,387130000C,(04)23274275,(04)23288582,2025,06,16,13,48,臺中市,烏日區,0,1,0,7,2,6,50,4,1,1,5,4,6,6,1,1,1,4,1,2,15,2,9,1,1,C03,7,9,5,19,2,16,,21,21,1,6,4,120.640411,24.116672,2
5918,66000,387130000C,(04)23274275,(04)23288582,2025,06,16,13,53,臺中市,西屯區,0,2,0,7,1,6,50,13,9,1,5,4,6,6,4,4,1,4,5,2,17,2,9,1,1,C03,7,9,1,10,2,11,,59,59,1,12,4,120.650355,24.163307,2
5919,66000,387130000C,(04)23274275,(04)23288582,2025,06,16,13,58,臺中市,南屯區,0,0,0,7,,,50,,,,,,,,,,,,,,,,,,,C03,,,1,,1,,,40,40,1,12,4,120.641204,24.14663,3
5920,66000,387130000C,(04)23274275,(04)23288582,2025,06,16,13,59,臺中市,西屯區,0,2,0,6,2,6,30,3,1,1,5,4,6,6,1,1,9,5,5,2,16,3,10,3,1,B03,7,6,1,7,2,1,,11,11,1,12,4,120.642964,24.189496,2
5921,66000,387130000C,(04)23274275,(04)23288582,2025,06,16,14,1,臺中市,北區,0,0,0,7,,,50,,,,,,,,,,,,,,17,,,,,B03,,,1,,1,,,84,84,1,12,4,120.672777,24.160459,4
5922,66000,387130000C,(04)23274275,(04)23288582,2025,06,16,14,8,臺中市,大里區,0,0,0,6,,,50,,,,,,,,,,,,,,9,,,,,B03,,,1,,1,,,8,8,1,12,4,120.678914,24.112059,3
5923,66000,387130000C,(04)23274275,(04)23288582,2025,06,16,14,11,臺中市,北屯區,0,0,0,7,,,50,,,,,,,,,,,,,,13,,,,,B03,,,1,,1,,,59,59,1,12,4,120.690295,24.165103,3
5924,66000,387130000C,(04)23274275,(04)23288582,2025,06,16,14,12,臺中市,西屯區,0,0,0,7,,,50,,,,,,,,,,,,,,16,,,,,B03,,,1,,2,,,20,20,1,12,4,120.652388,24.166501,3
5925,66000,387130000C,(04)23274275,(04)23288582,2025,06,16,14,14,臺中市,西屯區,0,1,0,7,2,6,30,3,1,1,5,4,6,6,4,4,10,5,5,2,15,3,10,2,1,C03,7,9,1,10,2,13,,13,13,1,12,4,120.646446,24.179949,2
5926,66000,387130000C,(04)23274275,(04)23288582,2025,06,16,14,20,臺中市,西屯區,0,0,0,7,,,30,,,,,,,,,,,,,,11,,,,,B12,,,1,,9,,,84,84,1,12,4,120.627387,24.186057,3
5927,66000,387130000C,(04)23274275,(04)23288582,2025,06,16,14,20,臺中市,清水區,0,0,0,7,2,6,50,13,9,1,5,4,6,6,4,4,8,3,5,1,16,,,,,B03,,,1,,1,,,45,45,1,12,4,120.551714,24.269321,3
5928,66000,387130000C,(04)23274275,(04)23288582,2025,06,16,14,22,臺中市,太平區,0,0,0,7,,,50,,,,,,,,,,,,,,,,,,,C03,,,1,,2,,,42,42,1,5,4,120.712672,24.125769,3
5929,66000,387130000C,(04)23274275,(04)23288582,2025,06,16,14,28,臺中市,大肚區,0,0,0,7,,,50,,,,,,,,,,,,,,13,,,,,A11,,,1,,1,,,8,8,1,6,4,120.57839,24.118315,3
5930,66000,387130000C,(04)23274275,(04)23288582,2025,06,16,14,30,臺中市,北屯區,0,0,0,7,,,30,,,,,,,,,,,,,,17,,,,,,,,,,,,,119,119,1,,,120.663391,24.184642,3
5931,66000,387130000C,(04)23274275,(04)23288582,2025,06,16,14,33,臺中市,南屯區,0,1,0,7,1,6,50,4,1,1,5,4,6,6,2,1,5,2,4,2,12,2,9,5,4,F01,7,6,7,21,2,14,,48,48,1,13,4,120.649991,24.13204,2
5932,66000,387130000C,(04)23274275,(04)23288582,2025,06,16,14,36,臺中市,霧峰區,0,0,0,7,,,50,,,,,,,,,,,,,,17,,,,,B03,,,1,8,2,,,84,84,1,13,4,120.691926,24.042729,3
5933,66000,387130000C,(04)23274275,(04)23288582,2025,06,16,14,37,臺中市,太平區,0,0,0,7,,,50,,,,,,,,,,,,,,17,,,,,B03,,,1,,11,,,87,87,1,13,4,120.716055,24.149606,3
5934,66000,387130000C,(04)23274275,(04)23288582,2025,06,16,14,44,臺中市,南屯區,0,1,0,7,2,6,50,4,1,1,5,4,6,6,1,1,10,5,5,2,13,3,10,3,1,B03,7,9,1,8,2,1,,7,7,1,12,4,120.643921,24.13821,2
5935,66000,387130000C,(04)23274275,(04)23288582,2025,06,16,14,45,臺中市,北屯區,0,0,0,7,,,50,,,,,,,,,,,,,,13,,,,,B03,,,5,,2,,,59,59,1,6,4,120.68606,24.200793,4
5936,66000,387130000C,(04)23274275,(04)23288582,2025,06,16,14,48,臺中市,大里區,0,0,0,6,2,6,0,13,9,1,4,4,6,6,4,4,1,4,5,1,30,,,,,H03,,,7,,10,,,109,109,1,13,5,120.700982,24.121057,3
5937,66000,387130000C,(04)23274275,(04)23288582,2025,06,16,14,50,臺中市,梧棲區,0,1,0,7,2,6,40,13,14,1,5,4,6,6,4,4,5,5,5,1,17,2,9,1,1,F03,7,9,7,21,2,11,,59,59,1,12,4,120.548222,24.23301,2
5938,66000,387130000C,(04)23274275,(04)23288582,2025,06,16,14,50,臺中市,清水區,0,0,0,7,,,50,,,,,,,,,,,,,,13,,,,,A04,,,1,,2,,,84,84,1,12,4,120.558557,24.27369,4
5939,66000,387130000C,(04)23274275,(04)23288582,2025,06,16,14,55,臺中市,西區,0,0,0,7,,,50,,,,,,,,,,,,,,17,,,,,B12,,,1,8,2,,,84,84,1,13,4,120.679965,24.136425,3
5940,66000,387130000C,(04)23274275,(04)23288582,2025,06,16,14,55,臺中市,西區,0,1,0,7,2,6,50,4,1,1,5,4,6,6,1,1,10,5,5,2,17,3,10,3,1,B03,7,6,1,8,2,6,,11,11,1,12,4,120.663478,24.150897,2
5941,66000,387130000C,(04)23274275,(04)23288582,2025,06,16,14,58,臺中市,北屯區,0,0,0,5,,,30,,,,,,,,,,,,,,17,,,,,B03,,,1,,1,,,8,8,1,6,4,120.669321,24.182469,3
5942,66000,387130000C,(04)23274275,(04)23288582,2025,06,16,15,10,臺中市,大雅區,0,1,0,7,1,6,30,4,1,1,5,4,6,6,3,1,1,5,5,1,17,3,10,3,1,B03,7,6,1,8,2,2,,11,11,1,13,4,120.642726,24.243271,2
5943,66000,387130000C,(04)23274275,(04)23288582,2025,06,16,15,11,臺中市,大里區,0,1,0,6,2,6,50,4,2,1,5,4,6,6,1,1,10,5,5,1,17,2,9,1,1,C03,7,8,1,10,2,13,,40,40,1,13,4,120.698965,24.096604,2
5944,66000,387130000C,(04)23274275,(04)23288582,2025,06,16,15,12,臺中市,西區,0,0,0,7,,,50,,,,,,,,,,,,,,,,,,,C03,,,1,,1,,,84,84,1,13,4,120.660155,24.151127,4
5945,66000,387130000C,(04)23274275,(04)23288582,2025,06,16,15,12,臺中市,豐原區,0,0,0,7,2,6,50,13,9,1,5,4,6,6,1,,5,3,4,1,12,3,10,5,4,B03,7,9,1,8,2,1,,7,7,1,13,4,120.727233,24.248966,3
5946,66000,387130000C,(04)23274275,(04)23288582,2025,06,16,15,14,臺中市,北區,0,0,0,7,,,30,,,,,,,,,,,,,,17,,,,,B11,,,1,,1,,,8,8,1,13,4,120.666624,24.166677,3
5947,66000,387130000C,(04)23274275,(04)23288582,2025,06,16,15,15,臺中市,大甲區,0,1,0,7,3,6,30,13,9,1,5,4,6,6,4,4,10,5,5,2,17,3,10,5,4,B12,7,1,1,7,2,16,,51,51,1,6,4,120.6204,24.349082,2
5948,66000,387130000C,(04)23274275,(04)23288582,2025,06,16,15,16,臺中市,烏日區,0,0,0,5,,,50,,,,,,,,,,,,,,13,,,,,B03,,,1,,9,,,7,7,1,6,4,120.653104,24.08999,3
5949,66000,387130000C,(04)23274275,(04)23288582,2025,06,16,15,20,臺中市,中區,0,0,0,7,,,50,,,,,,,,,,,,,,,,,,,B01,,,1,,1,,,51,51,1,13,4,120.684323,24.137238,3
5950,66000,387130000C,(04)23274275,(04)23288582,2025,06,16,15,20,臺中市,南屯區,0,0,0,7,,,50,,,,,,,,,,,,,,16,,,,,B03,,,1,,2,,,84,84,1,13,4,120.634432,24.155706,4
5951,66000,387130000C,(04)23274275,(04)23288582,2025,06,16,15,24,臺中市,北屯區,0,1,0,7,3,6,50,4,1,1,5,4,6,6,1,1,10,5,5,2,15,3,10,3,1,B03,7,9,1,8,2,1,,21,21,1,6,4,120.682216,24.169587,2
5952,66000,387130000C,(04)23274275,(04)23288582,2025,06,16,15,27,臺中市,南區,0,1,0,5,2,6,50,3,1,1,4,4,6,6,3,1,10,5,5,2,16,3,10,3,1,B02,7,6,3,19,2,1,,24,24,1,12,4,120.666315,24.112558,2
5953,66000,387130000C,(04)23274275,(04)23288582,2025,06,16,15,30,臺中市,烏日區,0,0,0,7,,,30,,,,,,,,,,,,,,,,,,,A12,,,1,,2,,,8,8,1,6,4,120.605252,24.110304,3
5954,66000,387130000C,(04)23274275,(04)23288582,2025,06,16,15,33,臺中市,大里區,0,1,0,7,2,6,50,13,9,1,5,4,6,6,4,4,5,5,4,2,18,2,7,1,1,C03,7,9,1,10,2,14,,84,84,1,13,4,120.684158,24.095661,2
5955,66000,387130000C,(04)23274275,(04)23288582,2025,06,16,15,35,臺中市,大雅區,0,0,0,7,,,30,,,,,,,,,,,,,,14,,,,,B03,,,1,,2,,,49,49,2,13,4,120.624236,24.241703,3
5956,66000,387130000C,(04)23274275,(04)23288582,2025,06,16,15,36,臺中市,南屯區,0,0,0,7,,,50,,,,,,,,,,,,,,14,,,,,B03,,,1,,1,,,49,49,1,13,4,120.633211,24.13716,3
5957,66000,387130000C,(04)23274275,(04)23288582,2025,06,16,15,38,臺中市,西區,0,0,0,6,,,40,,,,,,,,,,,,,,,,,,,C03,,,1,,1,,,84,84,1,12,4,120.665284,24.156415,3
5958,66000,387130000C,(04)23274275,(04)23288582,2025,06,16,15,38,臺中市,龍井區,0,0,0,6,,,50,,,,,,,,,,,,,,11,,,,,B12,,,1,,2,,,8,8,1,6,4,120.591514,24.181371,3
5959,66000,387130000C,(04)23274275,(04)23288582,2025,06,16,15,43,臺中市,南屯區,0,0,0,7,,,50,,,,,,,,,,,,,,13,,,,,B12,,,1,,1,,,7,7,1,13,4,120.638184,24.139737,3
5960,66000,387130000C,(04)23274275,(04)23288582,2025,06,16,15,46,臺中市,北屯區,0,0,0,5,,,30,,,,,,,,,,,,,,14,,,,,B03,,,1,,1,,,49,49,1,13,4,120.681133,24.188473,3
5961,66000,387130000C,(04)23274275,(04)23288582,2025,06,16,15,49,臺中市,西屯區,0,1,0,7,2,6,40,4,1,1,5,4,6,6,2,1,10,5,5,2,3,3,10,5,1,C03,7,9,1,10,2,11,,21,21,1,12,4,120.593044,24.183185,2
5962,66000,387130000C,(04)23274275,(04)23288582,2025,06,16,15,51,臺中市,潭子區,0,0,0,7,,,50,,,,,,,,,,,,,,,,,,,,,,,,,,,86,86,1,,,120.723713,24.218405,3
5963,66000,387130000C,(04)23274275,(04)23288582,2025,06,16,15,52,臺中市,大雅區,0,1,0,6,1,6,30,11,9,1,5,4,6,6,4,4,10,5,5,2,17,3,10,3,1,B03,7,6,1,8,2,8,,84,84,1,12,4,120.64397,24.22986,2
5964,66000,387130000C,(04)23274275,(04)23288582,2025,06,16,15,55,臺中市,北屯區,0,0,0,7,,,50,,,,,,,,,,,,,,14,,,,,B12,,,1,,1,,,49,49,1,6,4,120.666836,24.180728,3
5965,66000,387130000C,(04)23274275,(04)23288582,2025,06,16,15,58,臺中市,烏日區,0,1,0,7,2,6,50,4,1,1,5,4,6,6,1,1,1,4,1,2,13,2,8,1,1,C03,7,9,1,10,2,11,,84,84,1,6,4,120.640645,24.116897,2
5966,66000,387130000C,(04)23274275,(04)23288582,2025,06,16,16,0,臺中市,南區,0,0,0,7,,,50,,,,,,,,,,,,,,13,,,,,B03,,,1,,1,,,84,84,1,12,4,120.657929,24.116962,4
5967,66000,387130000C,(04)23274275,(04)23288582,2025,06,16,16,0,臺中市,大甲區,0,1,0,7,3,6,50,13,9,1,5,4,6,6,4,4,10,5,5,2,5,3,10,3,1,B03,7,1,1,8,2,8,,51,51,1,6,4,120.633082,24.359637,2
5968,66000,387130000C,(04)23274275,(04)23288582,2025,06,16,16,3,臺中市,大雅區,0,0,0,7,,,50,,,,,,,,,,,,,,13,,,,,C03,,,1,,1,,,84,84,1,13,4,120.648119,24.22125,3
5969,66000,387130000C,(04)23274275,(04)23288582,2025,06,16,16,6,臺中市,北屯區,0,0,0,6,,,80,,,,,,,,,,,,,,13,,,,,B03,,,1,,1,,,59,59,1,6,4,120.720706,24.169554,3
5970,66000,387130000C,(04)23274275,(04)23288582,2025,06,16,16,6,臺中市,烏日區,0,1,0,5,2,6,40,3,1,1,4,4,6,6,1,1,10,5,5,2,17,3,10,5,4,B12,7,11,1,8,3,8,,45,45,1,6,4,120.648866,24.091815,2
5971,66000,387130000C,(04)23274275,(04)23288582,2025,06,16,16,7,臺中市,龍井區,0,0,0,7,2,6,50,4,1,1,5,4,6,6,2,1,10,5,5,2,12,,,,,B03,,,1,,1,,,8,8,1,6,4,120.575562,24.180603,3
5972,66000,387130000C,(04)23274275,(04)23288582,2025,06,16,16,11,臺中市,西屯區,0,2,0,5,2,6,30,13,9,1,4,4,6,6,4,4,10,5,5,1,10,2,8,1,1,C03,7,9,1,10,2,11,,41,41,1,12,4,120.632635,24.172533,2
5973,66000,387130000C,(04)23274275,(04)23288582,2025,06,16,16,11,臺中市,太平區,0,0,0,5,,,40,,,,,,,,,,,,,,17,,,,,B12,,,1,,9,,,7,7,1,12,4,120.715674,24.118754,3
5974,66000,387130000C,(04)23274275,(04)23288582,2025,06,16,16,13,臺中市,霧峰區,0,1,0,7,2,6,50,4,1,1,5,4,6,6,4,4,5,5,5,1,13,2,9,2,1,C03,7,9,1,10,2,11,,7,7,1,13,4,120.714813,24.074775,2
5975,66000,387130000C,(04)23274275,(04)23288582,2025,06,16,16,16,臺中市,西區,0,2,0,5,2,6,50,4,1,1,4,4,6,6,4,4,10,5,5,2,15,2,9,1,1,C03,7,9,1,10,1,14,,15,15,1,13,4,120.660506,24.135842,2
5976,66000,387130000C,(04)23274275,(04)23288582,2025,06,16,16,17,臺中市,潭子區,0,1,0,5,2,6,40,13,9,1,4,4,6,6,4,4,10,5,5,2,27,2,9,3,1,B03,7,9,1,8,2,5,,58,58,1,12,4,120.702898,24.200366,2
5977,66000,387130000C,(04)23274275,(04)23288582,2025,06,16,16,17,臺中市,大甲區,0,1,0,7,3,6,50,4,1,1,5,4,6,6,3,1,10,5,5,2,15,2,9,5,4,C03,7,9,1,10,2,12,,20,20,1,6,4,120.621496,24.352473,2
5978,66000,387130000C,(04)23274275,(04)23288582,2025,06,16,16,21,臺中市,南區,0,0,0,7,,,50,,,,,,,,,,,,,,17,,,,,B03,,,1,,1,,,49,49,1,12,4,120.674287,24.128958,3
5979,66000,387130000C,(04)23274275,(04)23288582,2025,06,16,16,22,臺中市,北區,0,1,0,6,2,6,50,3,1,1,5,4,6,6,1,1,10,5,5,2,17,3,10,5,4,B03,7,6,1,8,2,2,,11,11,1,13,4,120.688879,24.153525,2
5980,66000,387130000C,(04)23274275,(04)23288582,2025,06,16,16,24,臺中市,北屯區,0,0,0,7,,,50,,,,,,,,,,,,,,,,,,,B03,,,1,,2,,,51,51,1,12,4,120.68378,24.177688,3
5981,66000,387130000C,(04)23274275,(04)23288582,2025,06,16,16,28,臺中市,大里區,0,1,0,5,3,6,60,13,12,1,4,4,6,6,4,4,1,4,4,1,17,3,10,3,1,B03,7,1,1,8,2,7,,51,51,1,12,4,120.677399,24.103587,2
5982,66000,387130000C,(04)23274275,(04)23288582,2025,06,16,16,28,臺中市,大肚區,0,1,0,7,2,6,30,3,1,1,5,4,6,6,4,4,10,5,5,2,16,3,10,3,1,B03,7,6,1,8,2,8,,12,12,1,6,4,120.581105,24.174114,2
5983,66000,387130000C,(04)23274275,(04)23288582,2025,06,16,16,29,臺中市,西屯區,0,1,0,7,2,6,50,12,9,1,5,4,6,6,4,4,5,4,5,2,18,2,7,1,4,C03,7,9,3,19,2,12,,43,43,1,12,4,120.599397,24.162787,2
5984,66000,387130000C,(04)23274275,(04)23288582,2025,06,16,16,34,臺中市,西屯區,0,1,0,5,2,6,50,13,9,1,4,4,6,6,4,4,5,2,5,2,18,2,9,2,1,C03,7,9,1,10,2,12,,59,59,1,12,4,120.635282,24.17943,2
5985,66000,387130000C,(04)23274275,(04)23288582,2025,06,16,16,37,臺中市,東區,0,1,0,5,2,6,50,4,1,1,4,4,6,6,1,1,10,5,5,2,15,3,10,2,1,C03,7,9,5,19,1,12,,21,21,1,13,4,120.696201,24.14275,2
5986,66000,387130000C,(04)23274275,(04)23288582,2025,06,16,16,37,臺中市,豐原區,0,2,0,5,2,6,50,13,8,1,4,4,6,6,2,1,5,4,4,2,13,2,8,1,1,C03,7,9,1,10,9,12,,7,7,1,12,4,120.714777,24.250503,2
5987,66000,387130000C,(04)23274275,(04)23288582,2025,06,16,16,38,臺中市,烏日區,0,0,0,7,,,60,,,,,,,,,,,,,,,,,,,B12,,,1,,2,,,7,7,1,6,4,120.647767,24.092092,3
5988,66000,387130000C,(04)23274275,(04)23288582,2025,06,16,16,39,臺中市,烏日區,0,0,0,5,,,50,,,,,,,,,,,,,,12,,,,,B03,,,1,,2,,,7,7,1,6,4,120.647972,24.091972,3
5989,66000,387130000C,(04)23274275,(04)23288582,2025,06,16,16,41,臺中市,西屯區,0,0,0,7,,,50,,,,,,,,,,,,,,17,,,,,B02,,,1,,2,,,50,50,1,12,4,120.59454,24.164293,3
5990,66000,387130000C,(04)23274275,(04)23288582,2025,06,16,16,44,臺中市,潭子區,0,1,0,5,2,6,50,4,1,1,4,4,6,6,1,1,5,4,4,2,17,3,10,3,1,B03,7,11,1,8,2,2,,45,45,1,13,4,120.703409,24.209964,2
5991,66000,387130000C,(04)23274275,(04)23288582,2025,06,16,16,45,臺中市,西區,0,0,0,7,,,50,,,,,,,,,,,,,,,,,,,B03,,,1,,1,,,84,84,1,13,4,120.66199,24.149858,3
5992,66000,387130000C,(04)23274275,(04)23288582,2025,06,16,16,47,臺中市,大肚區,0,0,0,7,,,30,,,,,,,,,,,,,,12,,,,,B03,,,1,,2,,,39,39,1,6,4,120.541943,24.151445,3
5993,66000,387130000C,(04)23274275,(04)23288582,2025,06,16,16,47,臺中市,梧棲區,0,1,0,7,3,6,50,3,1,1,5,4,6,6,1,1,10,5,5,2,16,3,10,3,1,B03,7,5,5,8,2,2,,47,47,1,6,4,120.552455,24.256892,2
5994,66000,387130000C,(04)23274275,(04)23288582,2025,06,16,16,48,臺中市,南屯區,0,0,0,7,,,50,,,,,,,,,,,,,,13,,,,,B03,,,1,,1,,,7,7,1,13,4,120.648082,24.150902,3
5995,66000,387130000C,(04)23274275,(04)23288582,2025,06,16,16,48,臺中市,西屯區,0,0,0,5,,,30,,,,,,,,,,,,,,13,,,,,C03,,,1,,2,,,58,58,1,12,4,120.660552,24.163051,3
5996,66000,387130000C,(04)23274275,(04)23288582,2025,06,16,16,49,臺中市,南區,0,1,0,7,1,6,50,13,8,1,5,4,6,6,4,4,9,4,5,2,21,2,9,3,1,B03,7,9,1,8,2,1,,84,84,1,12,4,120.647321,24.119166,2
5997,66000,387130000C,(04)23274275,(04)23288582,2025,06,16,16,49,臺中市,梧棲區,0,0,0,7,,,70,,,,,,,,,,,,,,13,,,,,B03,,,1,,2,,,7,7,1,12,4,120.549209,24.237968,3
5998,66000,387130000C,(04)23274275,(04)23288582,2025,06,16,16,52,臺中市,豐原區,0,1,0,5,2,6,30,3,1,1,4,4,6,6,4,4,1,4,5,2,16,3,10,3,1,B03,7,5,1,8,2,8,,14,14,1,6,4,120.707408,24.249997,2
5999,66000,387130000C,(04)23274275,(04)23288582,2025,06,16,16,54,臺中市,西區,0,1,0,7,3,6,50,3,1,1,5,4,6,6,4,4,10,5,5,2,13,2,9,1,1,C03,7,9,1,10,2,11,,84,84,1,13,4,120.667491,24.14679,2
6000,66000,387130000C,(04)23274275,(04)23288582,2025,06,16,16,55,臺中市,北區,0,1,0,7,2,6,50,13,9,1,5,4,6,6,4,4,8,3,5,2,17,2,9,2,1,C03,7,9,3,19,2,12,,84,84,1,13,4,120.673429,24.16551,2
6001,66000,387130000C,(04)23274275,(04)23288582,2025,06,16,16,57,臺中市,潭子區,0,0,0,5,,,50,,,,,,,,,,,,,,13,,,,,B03,,,1,,2,,,58,58,1,12,4,120.696231,24.194349,3
6002,66000,387130000C,(04)23274275,(04)23288582,2025,06,16,16,57,臺中市,北屯區,0,1,0,7,2,6,40,13,8,1,4,4,6,6,4,4,5,5,4,2,17,3,10,3,1,B03,7,1,1,8,2,8,,51,51,1,12,4,120.676565,24.193372,2
6003,66000,387130000C,(04)23274275,(04)23288582,2025,06,16,16,58,臺中市,西屯區,0,1,0,7,1,6,50,13,9,1,3,4,6,6,4,4,1,4,5,2,12,3,10,3,1,B03,7,9,5,19,6,4,,53,53,1,12,4,120.655771,24.19961,2
6004,66000,387130000C,(04)23274275,(04)23288582,2025,06,16,17,0,臺中市,南屯區,0,0,0,7,,,40,,,,,,,,,,,,,,,,,,,B03,,,1,,1,,,50,50,1,6,4,120.645985,24.141139,3
6005,66000,387130000C,(04)23274275,(04)23288582,2025,06,16,17,5,臺中市,沙鹿區,0,1,0,7,2,6,50,4,1,1,5,4,6,6,1,1,10,5,5,2,16,3,10,3,1,B03,7,5,1,10,2,2,5,47,47,1,6,4,120.569018,24.256241,2
6006,66000,387130000C,(04)23274275,(04)23288582,2025,06,16,17,6,臺中市,太平區,0,2,0,6,2,6,40,3,1,1,4,4,6,6,1,1,9,5,5,1,16,2,8,2,1,C03,7,9,5,10,2,12,,21,21,1,12,4,120.724835,24.116187,2
6007,66000,387130000C,(04)23274275,(04)23288582,2025,06,16,17,7,臺中市,大雅區,0,1,0,6,1,6,30,3,2,1,4,4,6,2,4,4,10,5,5,1,17,3,10,3,1,B12,7,5,1,8,2,8,,14,14,1,13,4,120.652307,24.214527,2
6008,66000,387130000C,(04)23274275,(04)23288582,2025,06,16,17,7,臺中市,西區,0,1,0,5,2,6,50,4,1,1,4,4,6,6,1,1,10,5,5,2,13,2,9,1,1,C03,7,9,1,10,2,11,,7,7,1,13,4,120.667365,24.131657,2
6009,66000,387130000C,(04)23274275,(04)23288582,2025,06,16,17,9,臺中市,北屯區,0,0,0,5,,,50,,,,,,,,,,,,,,13,,,,,B03,,,1,,1,,,84,84,1,13,4,120.727488,24.158711,3
6010,66000,387130000C,(04)23274275,(04)23288582,2025,06,16,17,12,臺中市,西屯區,0,1,0,7,2,6,40,4,1,1,5,4,6,6,1,1,10,5,5,2,13,2,8,5,1,C03,7,9,1,10,2,11,,7,7,1,12,4,120.657616,24.158269,2
6011,66000,387130000C,(04)23274275,(04)23288582,2025,06,16,17,13,臺中市,北屯區,0,1,0,5,1,6,40,13,8,1,4,4,6,6,4,4,5,5,4,2,17,3,10,5,4,B03,7,14,1,8,2,2,,76,76,1,13,4,120.696045,24.185615,2
6012,66000,387130000C,(04)23274275,(04)23288582,2025,06,16,17,13,臺中市,豐原區,0,0,0,5,,,50,,,,,,,,,,,,,,,,,,,B03,,,1,,2,,,58,58,1,13,4,120.71366,24.25331,3
6013,66000,387130000C,(04)23274275,(04)23288582,2025,06,16,17,14,臺中市,大雅區,0,1,0,7,2,6,60,13,8,1,5,4,6,6,1,1,1,4,4,1,13,3,10,1,1,C03,7,9,1,10,2,11,,85,85,1,13,4,120.649667,24.213659,2
6014,66000,387130000C,(04)23274275,(04)23288582,2025,06,16,17,14,臺中市,北區,0,3,0,7,2,6,30,4,1,1,5,4,6,6,4,4,10,5,5,2,15,3,10,3,1,B03,7,9,1,8,2,1,,20,20,1,12,4,120.679275,24.152817,2