﻿序號,縣市別代碼,機關代碼,市話,傳真,年,月,日,時,分,縣市,區,死亡數量,受傷數量,2-30,天候,道路照明設備,道路類別,道路速限,道路型態,事故位置,路面鋪裝,路面狀態,路面缺陷,障礙物,視距,號誌種類,號誌動作,分向設施,快車道或一般車道間,快慢車道間,路面邊線,事故類型及型態,受傷程度,主要傷處,保護裝備,行動電話或功能裝置,當事者區分_類別,車輛用途,當事者行動狀態,駕照狀態,駕照種類,飲酒情形,車輛撞擊部位最初,車輛撞擊部位其他,肇事因素個別,肇事因素主要,肇事逃逸,職業,共享經濟或外送平台,GPS座標X,GPS座標Y,事故類別
6015,66000,387130000C,(04)23274275,(04)23288582,2025,06,16,17,14,臺中市,后里區,0,1,0,7,3,6,50,13,9,1,4,4,6,6,4,4,9,5,5,1,18,2,9,1,1,C03,7,9,1,10,2,12,,7,7,1,6,4,120.72302,24.323789,2
6016,66000,387130000C,(04)23274275,(04)23288582,2025,06,16,17,15,臺中市,大雅區,0,0,0,6,,,0,,,,,,,,,,,,,,,,,,,B03,,,1,,1,,,49,49,1,13,4,120.644474,24.226791,3
6017,66000,387130000C,(04)23274275,(04)23288582,2025,06,16,17,15,臺中市,東區,0,0,0,7,,,50,,,,,,,,,,,,,,13,,,,,G06,,,7,,1,,,84,84,1,12,4,120.697256,24.148128,3
6018,66000,387130000C,(04)23274275,(04)23288582,2025,06,16,17,15,臺中市,沙鹿區,0,0,0,7,,,60,,,,,,,,,,,,,,,,,,,B03,,,1,,1,,,7,7,1,6,4,120.608729,24.246423,3
6019,66000,387130000C,(04)23274275,(04)23288582,2025,06,16,17,18,臺中市,西屯區,0,1,0,6,2,6,50,3,1,1,4,4,6,6,4,4,10,5,5,2,18,2,9,1,1,C03,7,5,1,10,2,12,,87,87,1,12,4,120.654735,24.163743,2
6020,66000,387130000C,(04)23274275,(04)23288582,2025,06,16,17,20,臺中市,清水區,0,0,0,7,,,30,,,,,,,,,,,,,,17,,,,,B03,,,1,,3,,,15,15,1,12,4,120.600966,24.310608,3
6021,66000,387130000C,(04)23274275,(04)23288582,2025,06,16,17,20,臺中市,梧棲區,0,0,0,7,,,50,,,,,,,,,,,,,,16,,,,,B03,,,1,,1,,,59,59,1,6,4,120.555353,24.238344,3
6022,66000,387130000C,(04)23274275,(04)23288582,2025,06,16,17,25,臺中市,西區,0,1,0,7,3,6,40,4,1,1,5,4,6,6,1,1,10,5,5,2,1,4,11,1,1,C03,7,5,1,10,2,11,,10,10,1,13,4,120.662609,24.155678,2
6023,66000,387130000C,(04)23274275,(04)23288582,2025,06,16,17,25,臺中市,北屯區,0,1,0,5,2,6,50,4,1,1,4,4,6,6,1,1,10,5,5,2,18,2,9,5,4,C03,7,9,1,10,2,14,,59,59,1,12,4,120.719258,24.163055,2
6024,66000,387130000C,(04)23274275,(04)23288582,2025,06,16,17,25,臺中市,清水區,0,2,0,7,2,6,50,3,9,1,5,4,6,6,4,4,8,3,5,1,11,2,9,1,1,C03,7,6,1,10,2,12,,14,14,1,12,4,120.552688,24.265262,2
6025,66000,387130000C,(04)23274275,(04)23288582,2025,06,16,17,26,臺中市,豐原區,0,0,0,5,,,50,,,,,,,,,,,,,,17,,,,,B03,,,1,,2,,,45,45,1,12,4,120.718879,24.253019,4
6026,66000,387130000C,(04)23274275,(04)23288582,2025,06,16,17,28,臺中市,西區,0,1,0,7,3,6,40,13,8,1,5,4,6,6,4,4,10,5,4,2,18,2,9,1,1,C03,7,9,1,10,2,14,,84,84,1,13,4,120.66338,24.157166,2
6027,66000,387130000C,(04)23274275,(04)23288582,2025,06,16,17,29,臺中市,大雅區,0,1,0,6,1,6,30,11,9,1,5,4,6,6,4,4,10,5,5,2,18,2,9,1,1,C03,7,9,1,10,2,11,,59,59,1,12,4,120.628007,24.234589,2
6028,66000,387130000C,(04)23274275,(04)23288582,2025,06,16,17,29,臺中市,西區,0,1,0,7,3,6,50,4,1,1,5,4,6,6,2,1,10,5,5,2,17,3,10,1,1,C03,7,9,1,10,2,12,,4,4,1,13,4,120.674271,24.148307,2
6029,66000,387130000C,(04)23274275,(04)23288582,2025,06,16,17,29,臺中市,大肚區,0,0,0,7,,,30,,,,,,,,,,,,,,14,,,,,B03,,,1,,2,,,49,49,1,6,4,120.575613,24.166102,3
6030,66000,387130000C,(04)23274275,(04)23288582,2025,06,16,17,29,臺中市,沙鹿區,0,2,0,7,2,6,40,3,2,1,5,4,6,6,4,4,3,3,3,1,17,2,9,5,4,B03,7,5,1,8,2,2,,14,14,1,13,4,120.572839,24.232305,2
6031,66000,387130000C,(04)23274275,(04)23288582,2025,06,16,17,30,臺中市,南區,0,0,0,7,,,30,,,,,,,,,,,,,,17,,,,,,,,,,,,,86,86,1,,,120.656938,24.13156,3
6032,66000,387130000C,(04)23274275,(04)23288582,2025,06,16,17,30,臺中市,北屯區,0,1,0,7,3,6,50,4,2,1,4,4,6,6,1,1,1,4,5,1,18,2,9,2,1,C03,7,9,1,10,2,11,,84,84,1,6,4,120.664063,24.185579,2
6033,66000,387130000C,(04)23274275,(04)23288582,2025,06,16,17,30,臺中市,西屯區,0,0,0,7,,,60,,,,,,,,,,,,,,12,,,,,B03,,,1,,2,,,40,40,1,12,4,120.647847,24.196114,3
6034,66000,387130000C,(04)23274275,(04)23288582,2025,06,16,17,30,臺中市,沙鹿區,0,0,0,7,,,40,,,,,,,,,,,,,,13,,,,,B03,,,1,,2,,,7,7,1,6,4,120.58264,24.216736,3
6035,66000,387130000C,(04)23274275,(04)23288582,2025,06,16,17,30,臺中市,大甲區,0,0,0,7,,,50,,,,,,,,,,,,,,13,,,,,B03,,,1,,1,,,7,7,1,6,4,120.64178,24.365707,3
6036,66000,387130000C,(04)23274275,(04)23288582,2025,06,16,17,30,臺中市,大甲區,0,1,0,7,3,6,50,4,1,1,5,4,6,6,2,1,10,5,5,2,12,3,10,5,4,B12,7,5,1,8,2,5,,11,11,1,6,4,120.614844,24.351052,2
6037,66000,387130000C,(04)23274275,(04)23288582,2025,06,16,17,32,臺中市,北區,0,0,0,7,2,6,50,13,7,1,5,4,6,6,4,4,1,4,4,2,17,,,,,B03,,,1,,1,,,7,7,1,12,4,120.675035,24.16225,3
6038,66000,387130000C,(04)23274275,(04)23288582,2025,06,16,17,34,臺中市,北區,0,1,0,7,2,6,50,13,9,1,5,4,6,6,4,4,1,4,5,2,13,2,9,1,1,C03,7,9,1,10,2,11,,85,85,1,12,4,120.670839,24.164907,2
6039,66000,387130000C,(04)23274275,(04)23288582,2025,06,16,17,37,臺中市,霧峰區,0,0,0,7,,,40,,,,,,,,,,,,,,13,,,,,B03,,,1,,2,,,7,7,1,6,4,120.662623,24.068416,3
6040,66000,387130000C,(04)23274275,(04)23288582,2025,06,16,17,38,臺中市,沙鹿區,0,1,0,7,2,6,50,4,1,1,5,4,6,6,4,4,10,5,5,2,16,3,10,3,1,B01,7,11,1,1,2,4,,45,45,1,6,4,120.572165,24.222578,2
6041,66000,387130000C,(04)23274275,(04)23288582,2025,06,16,17,40,臺中市,大甲區,0,0,0,6,,,50,,,,,,,,,,,,,,16,,,,,A11,,,1,,1,,,7,7,1,6,4,120.661377,24.401736,3
6042,66000,387130000C,(04)23274275,(04)23288582,2025,06,16,17,42,臺中市,北屯區,0,2,0,7,2,6,50,3,9,1,5,4,6,6,4,4,10,5,5,2,17,2,9,5,4,C03,7,1,1,10,2,14,,51,51,1,12,4,120.709185,24.171185,2
6043,66000,387130000C,(04)23274275,(04)23288582,2025,06,16,17,45,臺中市,東區,0,2,0,7,2,6,50,3,1,1,5,4,6,6,1,1,9,5,5,2,17,3,10,3,1,B03,7,9,1,8,2,1,,7,7,1,12,4,120.696896,24.146066,2
6044,66000,387130000C,(04)23274275,(04)23288582,2025,06,16,17,46,臺中市,大里區,0,1,0,7,1,6,50,4,9,1,4,4,6,6,2,1,5,4,4,2,17,3,10,3,1,B03,7,14,1,8,2,2,,84,84,1,6,4,120.679439,24.115018,2
6045,66000,387130000C,(04)23274275,(04)23288582,2025,06,16,17,47,臺中市,南區,0,1,0,7,2,6,40,13,12,1,4,4,6,6,4,4,5,5,5,2,17,3,10,2,1,C03,7,1,1,10,2,14,,51,51,1,13,4,120.66642,24.113935,2
6046,66000,387130000C,(04)23274275,(04)23288582,2025,06,16,17,47,臺中市,豐原區,0,1,0,5,2,6,50,13,9,1,4,4,6,6,4,4,5,2,5,1,17,3,10,3,1,B03,7,6,1,8,2,5,,34,34,1,13,4,120.702171,24.251557,2
6047,66000,387130000C,(04)23274275,(04)23288582,2025,06,16,17,48,臺中市,北區,0,0,0,7,,,30,,,,,,,,,,,,,,17,,,,,C03,,,6,,1,,,85,85,1,13,4,120.695763,24.152462,4
6048,66000,387130000C,(04)23274275,(04)23288582,2025,06,16,17,53,臺中市,東區,0,0,0,7,,,50,,,,,,,,,,,,,,13,,,,,B03,,,1,,1,,,7,7,1,12,4,120.697967,24.144581,3
6049,66000,387130000C,(04)23274275,(04)23288582,2025,06,16,17,53,臺中市,西屯區,0,0,0,6,,,80,,,,,,,,,,,,,,13,,,,,C01,,,1,,2,,,7,7,1,12,4,120.654659,24.199177,3
6050,66000,387130000C,(04)23274275,(04)23288582,2025,06,16,17,54,臺中市,太平區,0,0,0,7,,,50,,,,,,,,,,,,,,,,,,,,,,,,,,,85,85,1,,,120.733518,24.146705,4
6051,66000,387130000C,(04)23274275,(04)23288582,2025,06,16,17,56,臺中市,北屯區,0,0,0,7,,,50,,,,,,,,,,,,,,,,,,,B03,,,1,,1,,,84,84,1,12,4,120.673008,24.174173,3
6052,66000,387130000C,(04)23274275,(04)23288582,2025,06,16,17,56,臺中市,西屯區,0,0,0,7,,,50,,,,,,,,,,,,,,12,,,,,B03,,,1,,1,,,40,40,1,12,4,120.643405,24.160321,3
6053,66000,387130000C,(04)23274275,(04)23288582,2025,06,16,17,56,臺中市,龍井區,0,0,0,7,,,50,,,,,,,,,,,,,,13,,,,,B03,,,1,,2,,,7,7,1,6,4,120.592787,24.182102,3
6054,66000,387130000C,(04)23274275,(04)23288582,2025,06,16,17,56,臺中市,外埔區,0,1,0,6,2,6,50,13,8,1,4,4,6,6,4,4,5,4,4,1,12,3,10,3,1,B03,7,7,1,8,1,16,,40,40,1,12,4,120.662176,24.323294,2
6055,66000,387130000C,(04)23274275,(04)23288582,2025,06,16,17,59,臺中市,西區,0,0,0,7,,,30,,,,,,,,,,,,,,14,,,,,B02,,,1,,1,,,49,49,1,12,4,120.665015,24.137281,3
6056,66000,387130000C,(04)23274275,(04)23288582,2025,06,16,17,59,臺中市,南區,0,1,0,7,1,6,50,4,1,1,5,4,6,6,1,1,10,5,5,2,13,3,10,3,1,B03,7,5,1,8,2,1,,84,84,1,12,4,120.68413,24.122156,2
6057,66000,387130000C,(04)23274275,(04)23288582,2025,06,16,18,0,臺中市,西屯區,0,0,0,7,,,40,,,,,,,,,,,,,,12,,,,,C03,,,1,,1,,,8,8,1,12,4,120.650295,24.162607,4
6058,66000,387130000C,(04)23274275,(04)23288582,2025,06,16,18,0,臺中市,西屯區,0,0,0,7,,,80,,,,,,,,,,,,,,13,,,,,B03,,,1,,1,,,7,7,1,12,4,120.634948,24.179291,3
6059,66000,387130000C,(04)23274275,(04)23288582,2025,06,16,18,1,臺中市,西屯區,0,1,0,7,2,6,40,3,1,1,5,4,6,6,1,1,5,4,4,2,12,3,10,3,1,B03,7,5,1,8,2,6,,8,8,1,12,4,120.597043,24.172275,2
6060,66000,387130000C,(04)23274275,(04)23288582,2025,06,16,18,3,臺中市,南屯區,0,1,0,7,2,6,50,4,1,1,5,4,6,6,2,1,9,4,5,2,12,2,9,1,1,C03,7,7,1,10,2,13,,40,40,1,12,4,120.649956,24.134835,2
6061,66000,387130000C,(04)23274275,(04)23288582,2025,06,16,18,3,臺中市,太平區,0,1,0,5,2,6,50,3,2,1,4,4,6,6,1,1,1,4,5,2,18,2,9,2,1,C03,7,9,1,10,2,14,,84,84,1,13,4,120.727214,24.157022,2
6062,66000,387130000C,(04)23274275,(04)23288582,2025,06,16,18,4,臺中市,南屯區,0,1,0,7,1,6,50,3,1,1,5,4,6,6,4,4,10,5,5,2,16,3,10,3,1,B12,7,11,1,8,1,8,,45,45,1,13,4,120.627873,24.118652,2
6063,66000,387130000C,(04)23274275,(04)23288582,2025,06,16,18,4,臺中市,豐原區,0,1,0,6,2,6,50,13,9,1,4,2,6,6,4,4,9,5,5,1,18,2,9,1,1,C03,7,9,1,10,2,14,,82,82,1,13,4,120.714847,24.251764,2
6064,66000,387130000C,(04)23274275,(04)23288582,2025,06,16,18,8,臺中市,西區,0,0,0,7,,,50,,,,,,,,,,,,,,,,,,,B03,,,1,8,1,,,11,11,1,13,4,120.661685,24.135131,3
6065,66000,387130000C,(04)23274275,(04)23288582,2025,06,16,18,9,臺中市,北區,0,1,0,7,2,6,40,3,1,1,5,4,6,6,4,4,10,5,4,2,18,2,9,1,1,C03,7,9,1,10,2,12,,59,59,1,12,4,120.682958,24.145632,2
6066,66000,387130000C,(04)23274275,(04)23288582,2025,06,16,18,14,臺中市,西區,0,1,0,7,3,6,50,4,1,1,5,4,6,6,4,4,10,5,5,2,15,2,9,4,1,F01,7,9,7,21,2,11,,15,15,1,13,4,120.658813,24.141573,2
6067,66000,387130000C,(04)23274275,(04)23288582,2025,06,16,18,15,臺中市,南區,0,1,0,7,2,6,50,5,1,1,5,4,6,6,1,1,9,4,4,2,17,2,9,1,1,C03,7,9,1,10,2,11,,7,7,1,12,4,120.684287,24.129124,2
6068,66000,387130000C,(04)23274275,(04)23288582,2025,06,16,18,15,臺中市,南屯區,0,2,0,7,1,6,50,13,9,1,5,4,6,6,4,4,1,4,5,2,13,2,9,1,1,C03,7,9,1,10,2,11,,7,7,1,12,4,120.647309,24.123992,2
6069,66000,387130000C,(04)23274275,(04)23288582,2025,06,16,18,20,臺中市,南屯區,0,0,0,7,,,50,,,,,,,,,,,,,,,,,,,A11,,,1,,1,,,39,39,1,6,4,120.635034,24.146362,3
6070,66000,387130000C,(04)23274275,(04)23288582,2025,06,16,18,22,臺中市,南屯區,0,1,0,7,2,6,50,5,1,1,5,4,6,6,3,1,10,5,5,2,17,3,10,5,4,B03,7,14,1,8,2,4,,76,76,1,13,4,120.635773,24.147858,2
6071,66000,387130000C,(04)23274275,(04)23288582,2025,06,16,18,26,臺中市,北屯區,0,0,0,7,,,50,,,,,,,,,,,,,,,,,,,B03,,,1,,2,,,84,84,1,13,4,120.706776,24.191205,3
6072,66000,387130000C,(04)23274275,(04)23288582,2025,06,16,18,27,臺中市,西屯區,0,1,0,6,1,6,50,12,9,1,4,4,6,6,4,4,5,4,5,2,18,2,9,1,4,C03,7,9,1,10,2,14,,43,43,1,12,4,120.603068,24.192687,2
6073,66000,387130000C,(04)23274275,(04)23288582,2025,06,16,18,30,臺中市,北屯區,0,0,0,7,,,40,,,,,,,,,,,,,,9,,,,,B03,,,1,,1,,,77,77,1,12,4,120.711799,24.165155,3
6074,66000,387130000C,(04)23274275,(04)23288582,2025,06,16,18,30,臺中市,西屯區,0,0,0,7,,,80,,,,,,,,,,,,,,13,,,,,B03,,,1,,1,,,7,7,1,12,4,120.637668,24.186276,3
6075,66000,387130000C,(04)23274275,(04)23288582,2025,06,16,18,32,臺中市,西屯區,0,0,0,7,,,50,,,,,,,,,,,,,,13,,,,,C03,,,1,,1,,,7,7,1,12,4,120.653719,24.161233,3
6076,66000,387130000C,(04)23274275,(04)23288582,2025,06,16,18,36,臺中市,大里區,0,0,0,7,,,50,,,,,,,,,,,,,,13,,,,,B03,,,1,,2,,,84,84,1,13,4,120.689575,24.115378,3
6077,66000,387130000C,(04)23274275,(04)23288582,2025,06,16,18,40,臺中市,大里區,0,1,0,6,2,6,50,4,1,1,5,4,6,6,1,1,5,2,5,1,16,3,10,3,1,B03,7,6,1,7,2,6,,11,11,1,12,4,120.689961,24.11001,2
6078,66000,387130000C,(04)23274275,(04)23288582,2025,06,16,18,40,臺中市,梧棲區,0,1,0,7,2,6,30,3,1,1,5,4,6,6,4,4,10,5,5,2,16,2,9,2,1,C03,7,6,1,10,2,14,,14,14,1,12,4,120.55621,24.239456,2
6079,66000,387130000C,(04)23274275,(04)23288582,2025,06,16,18,44,臺中市,沙鹿區,0,1,0,7,2,6,30,3,1,1,5,4,6,6,4,4,10,5,5,2,17,3,10,3,1,B03,7,5,1,8,2,8,1,13,13,1,6,4,120.60879,24.246424,2
6080,66000,387130000C,(04)23274275,(04)23288582,2025,06,16,18,46,臺中市,太平區,0,0,0,6,,,40,,,,,,,,,,,,,,17,,,,,B03,,,1,,2,,,84,84,1,6,4,120.730473,24.094834,3
6081,66000,387130000C,(04)23274275,(04)23288582,2025,06,16,18,55,臺中市,中區,0,1,0,7,3,6,50,4,1,1,5,4,6,6,2,1,10,5,5,2,13,2,9,1,1,C03,7,9,1,10,2,11,,84,84,1,13,4,120.682344,24.13574,2
6082,66000,387130000C,(04)23274275,(04)23288582,2025,06,16,18,56,臺中市,沙鹿區,0,1,0,7,1,6,50,4,2,1,5,2,1,6,4,4,5,5,5,2,16,2,9,2,1,C03,7,6,1,10,2,11,,34,34,1,6,4,120.570885,24.229705,2
6083,66000,387130000C,(04)23274275,(04)23288582,2025,06,16,18,58,臺中市,南屯區,0,0,0,7,,,50,,,,,,,,,,,,,,13,,,,,B03,,,1,,2,,,7,7,1,12,4,120.64183,24.132268,3
6084,66000,387130000C,(04)23274275,(04)23288582,2025,06,16,19,0,臺中市,北屯區,0,1,0,6,1,6,50,13,9,1,5,4,6,6,4,4,9,5,5,2,11,3,10,3,1,B03,7,4,1,8,2,8,,4,4,1,6,4,120.73003,24.171055,2
6085,66000,387130000C,(04)23274275,(04)23288582,2025,06,16,19,0,臺中市,北屯區,0,0,0,7,,,50,,,,,,,,,,,,,,14,,,,,B03,,,1,,1,,,49,49,1,6,4,120.696181,24.17111,3
6086,66000,387130000C,(04)23274275,(04)23288582,2025,06,16,19,6,臺中市,南屯區,0,0,0,6,,,50,,,,,,,,,,,,,,13,,,,,B03,,,1,,2,,,7,7,1,13,4,120.61213,24.149117,3
6087,66000,387130000C,(04)23274275,(04)23288582,2025,06,16,19,8,臺中市,南區,0,1,0,5,1,6,50,3,2,1,4,4,6,6,1,1,9,4,5,2,12,3,10,3,1,B03,7,5,1,8,2,2,,8,8,1,12,4,120.660534,24.116903,2
6088,66000,387130000C,(04)23274275,(04)23288582,2025,06,16,19,10,臺中市,西區,0,1,0,7,1,6,50,4,1,1,5,4,6,6,2,1,10,5,5,2,2,3,10,3,1,B03,7,6,1,8,2,5,,10,10,1,13,4,120.675966,24.141277,2
6089,66000,387130000C,(04)23274275,(04)23288582,2025,06,16,19,10,臺中市,北屯區,0,1,0,7,1,6,50,4,1,1,5,4,6,6,1,1,5,5,4,2,13,2,7,2,1,C03,7,9,1,10,2,11,,7,7,1,12,4,120.688289,24.176588,2
6090,66000,387130000C,(04)23274275,(04)23288582,2025,06,16,19,12,臺中市,霧峰區,0,1,0,7,1,6,50,3,1,1,5,4,6,6,4,4,5,4,4,1,3,3,10,2,1,C03,7,9,1,10,2,11,,84,84,1,13,4,120.696879,24.065269,2
6091,66000,387130000C,(04)23274275,(04)23288582,2025,06,16,19,13,臺中市,后里區,0,1,0,7,1,6,50,4,1,1,5,4,6,6,1,1,5,5,4,2,17,2,9,2,1,C03,7,4,1,10,2,12,,84,84,1,12,4,120.713143,24.30538,2
6092,66000,387130000C,(04)23274275,(04)23288582,2025,06,16,19,17,臺中市,大里區,0,0,0,7,,,50,,,,,,,,,,,,,,13,,,,,B03,,,1,,2,,,7,7,1,6,4,120.688247,24.102311,3
6093,66000,387130000C,(04)23274275,(04)23288582,2025,06,16,19,22,臺中市,中區,0,2,0,7,1,6,50,4,1,1,5,4,6,6,1,1,10,5,5,2,13,2,9,2,1,C03,7,9,1,10,2,11,,7,7,1,12,4,120.679499,24.142244,2
6094,66000,387130000C,(04)23274275,(04)23288582,2025,06,16,19,29,臺中市,北區,0,1,0,7,1,6,50,4,2,1,5,4,6,6,1,1,5,4,5,2,13,3,10,3,1,B03,7,8,5,8,2,5,,59,59,1,12,4,120.6705,24.15576,2
6095,66000,387130000C,(04)23274275,(04)23288582,2025,06,16,19,35,臺中市,大里區,0,1,0,6,1,6,30,4,1,1,5,4,6,6,4,4,10,5,5,2,17,2,9,1,1,C03,7,9,1,10,2,11,,15,15,1,13,4,120.69359,24.090413,2
6096,66000,387130000C,(04)23274275,(04)23288582,2025,06,16,19,38,臺中市,西區,0,0,0,7,,,50,,,,,,,,,,,,,,,,,,,C03,,,1,10,1,,,49,49,1,13,4,120.654646,24.14662,3
6097,66000,387130000C,(04)23274275,(04)23288582,2025,06,16,20,3,臺中市,南屯區,0,0,0,7,,,50,,,,,,,,,,,,,,11,,,,,B03,,,1,,1,,,11,11,1,13,4,120.650573,24.152369,3
6098,66000,387130000C,(04)23274275,(04)23288582,2025,06,16,20,15,臺中市,沙鹿區,0,1,0,7,2,6,50,13,9,1,5,4,6,6,4,4,9,5,5,2,17,2,8,2,1,C03,7,9,1,10,2,11,12,59,59,1,6,4,120.579499,24.217259,2
6099,66000,387130000C,(04)23274275,(04)23288582,2025,06,16,20,15,臺中市,豐原區,0,0,0,5,,,50,,,,,,,,,,,,,,16,,,,,B02,,,1,,2,,,39,39,1,13,4,120.724657,24.248987,3
6100,66000,387130000C,(04)23274275,(04)23288582,2025,06,16,20,17,臺中市,潭子區,0,1,0,6,1,6,50,4,4,1,5,4,6,6,1,1,5,5,4,2,12,2,8,2,1,C03,7,9,1,10,2,14,,42,42,1,13,4,120.703197,24.207223,2
6101,66000,387130000C,(04)23274275,(04)23288582,2025,06,16,20,25,臺中市,西屯區,0,0,0,6,,,40,,,,,,,,,,,,,,13,,,,,B03,,,1,,1,,,7,7,1,12,4,120.657382,24.163178,3
6102,66000,387130000C,(04)23274275,(04)23288582,2025,06,16,20,27,臺中市,太平區,0,1,0,7,1,6,50,13,7,1,5,4,6,6,4,4,5,2,4,1,13,2,7,1,1,C03,7,9,1,10,2,11,,58,58,1,6,4,120.702142,24.147991,2
6103,66000,387130000C,(04)23274275,(04)23288582,2025,06,16,20,27,臺中市,后里區,0,2,0,7,1,6,40,13,8,1,5,4,6,6,4,4,1,4,4,1,13,2,9,2,1,C03,7,9,1,9,2,11,,84,84,1,12,4,120.723693,24.292968,2
6104,66000,387130000C,(04)23274275,(04)23288582,2025,06,16,20,35,臺中市,南區,0,0,0,7,,,50,,,,,,,,,,,,,,13,,,,,C03,,,1,,1,,,7,7,1,13,4,120.677363,24.127689,3
6105,66000,387130000C,(04)23274275,(04)23288582,2025,06,16,20,43,臺中市,北屯區,0,0,0,7,,,50,,,,,,,,,,,,,,16,,,,,B03,,,1,8,1,,,35,35,1,12,4,120.715533,24.163955,3
6106,66000,387130000C,(04)23274275,(04)23288582,2025,06,16,20,45,臺中市,神岡區,0,0,0,7,,,50,,,,,,,,,,,,,,12,,,,,B03,,,1,,2,,,40,40,1,13,4,120.708133,24.272884,3
6107,66000,387130000C,(04)23274275,(04)23288582,2025,06,16,20,52,臺中市,北屯區,0,1,0,6,1,6,50,4,1,1,5,4,6,6,4,4,10,5,5,2,15,3,10,3,1,B03,7,9,1,8,2,2,,12,12,1,6,4,120.717221,24.172879,2
6108,66000,387130000C,(04)23274275,(04)23288582,2025,06,16,20,52,臺中市,西屯區,0,0,0,7,,,,,,,,,,,,,,,,,17,,,,,,,,,,,,,8,8,1,,,120.589808,24.176751,3
6109,66000,387130000C,(04)23274275,(04)23288582,2025,06,16,21,0,臺中市,北屯區,0,2,0,5,3,6,50,4,1,1,4,4,6,6,4,4,10,5,5,2,15,3,10,2,1,C03,7,9,1,9,2,12,,15,15,1,5,4,120.725184,24.157846,2
6110,66000,387130000C,(04)23274275,(04)23288582,2025,06,16,21,3,臺中市,大里區,0,1,0,5,3,6,30,4,1,1,4,4,6,6,4,4,10,5,5,2,15,2,9,1,1,F03,7,9,7,21,2,11,,15,15,1,13,4,120.707331,24.085552,2
6111,66000,387130000C,(04)23274275,(04)23288582,2025,06,16,21,8,臺中市,太平區,0,2,0,6,1,6,50,3,2,1,5,4,6,6,1,1,5,4,5,2,13,2,9,1,1,C03,7,9,1,10,2,11,,84,84,1,6,4,120.721877,24.149176,2
6112,66000,387130000C,(04)23274275,(04)23288582,2025,06,16,21,9,臺中市,北屯區,0,1,0,7,3,6,50,13,8,1,5,4,6,6,4,4,1,4,4,2,13,3,10,3,1,B03,7,3,1,8,2,6,,85,85,1,6,4,120.664584,24.185089,2
6113,66000,387130000C,(04)23274275,(04)23288582,2025,06,16,21,15,臺中市,太平區,0,2,0,5,1,6,30,3,1,1,4,4,6,6,4,4,10,5,5,2,17,2,9,5,4,C03,7,6,3,19,2,11,,13,13,1,6,4,120.727782,24.150026,2
6114,66000,387130000C,(04)23274275,(04)23288582,2025,06,16,21,18,臺中市,太平區,0,1,0,5,1,6,40,13,8,1,4,4,6,6,4,4,1,2,5,2,18,2,9,1,1,C03,7,9,1,10,2,12,,58,58,1,6,4,120.712103,24.144101,2
6115,66000,387130000C,(04)23274275,(04)23288582,2025,06,16,21,27,臺中市,西區,0,1,0,7,1,6,50,13,9,1,5,4,6,6,4,4,5,4,5,2,17,2,9,2,1,C03,7,15,1,10,2,12,,65,65,1,6,4,120.6767,24.13961,2
6116,66000,387130000C,(04)23274275,(04)23288582,2025,06,16,21,34,臺中市,大里區,0,1,0,5,1,6,50,4,1,1,4,4,6,6,1,1,10,5,5,2,3,3,10,3,1,B03,7,6,1,8,2,1,,10,10,1,13,4,120.686074,24.113285,2
6117,66000,387130000C,(04)23274275,(04)23288582,2025,06,16,21,42,臺中市,西區,0,0,0,7,,,50,,,,,,,,,,,,,,,,,,,C03,,,1,,1,,,11,11,1,6,4,120.657245,24.136592,3
6118,66000,387130000C,(04)23274275,(04)23288582,2025,06,16,21,44,臺中市,中區,0,1,0,7,1,6,50,4,1,1,5,4,6,6,4,4,10,5,5,2,17,2,8,2,1,C03,7,11,1,10,2,14,,45,45,1,12,4,120.675382,24.14389,2
6119,66000,387130000C,(04)23274275,(04)23288582,2025,06,16,21,59,臺中市,西區,0,0,0,7,,,40,,,,,,,,,,,,,,,,,,,C03,,,1,,9,,,84,84,1,12,4,120.669989,24.138051,3
6120,66000,387130000C,(04)23274275,(04)23288582,2025,06,16,22,2,臺中市,西屯區,0,0,0,7,,,50,,,,,,,,,,,,,,14,,,,,B03,,,3,,1,,,49,49,1,12,4,120.647531,24.171214,3
6121,66000,387130000C,(04)23274275,(04)23288582,2025,06,16,22,5,臺中市,北區,0,0,0,7,,,50,,,,,,,,,,,,,,12,,,,,A02,,,1,,2,,,40,40,1,6,4,120.684029,24.149318,3
6122,66000,387130000C,(04)23274275,(04)23288582,2025,06,16,22,17,臺中市,北區,0,0,0,7,,,50,,,,,,,,,,,,,,17,,,,,B03,,,6,,1,,,85,85,1,13,4,120.681604,24.162952,3
6123,66000,387130000C,(04)23274275,(04)23288582,2025,06,16,22,21,臺中市,南屯區,0,3,0,7,2,6,50,4,1,1,5,4,6,6,1,1,9,4,4,2,11,2,9,1,1,C03,7,6,1,10,2,11,,11,11,1,12,4,120.642806,24.148794,2
6124,66000,387130000C,(04)23274275,(04)23288582,2025,06,16,22,31,臺中市,北屯區,0,1,0,7,1,6,40,13,8,1,5,4,6,6,4,4,9,5,4,2,17,3,10,3,1,B03,7,1,1,8,2,8,,51,51,1,13,4,120.663013,24.181034,2