﻿序號,縣市別代碼,機關代碼,市話,傳真,年,月,日,時,分,縣市,區,死亡數量,受傷數量,2-30,天候,道路照明設備,道路類別,道路速限,道路型態,事故位置,路面鋪裝,路面狀態,路面缺陷,障礙物,視距,號誌種類,號誌動作,分向設施,快車道或一般車道間,快慢車道間,路面邊線,事故類型及型態,受傷程度,主要傷處,保護裝備,行動電話或功能裝置,當事者區分_類別,車輛用途,當事者行動狀態,駕照狀態,駕照種類,飲酒情形,車輛撞擊部位最初,車輛撞擊部位其他,肇事因素個別,肇事因素主要,肇事逃逸,職業,共享經濟或外送平台,GPS座標X,GPS座標Y,事故類別
6125,66000,387130000C,(04)23274275,(04)23288582,2025,06,16,22,31,臺中市,沙鹿區,0,1,0,6,1,6,50,4,2,1,5,4,6,6,3,1,8,3,5,2,17,3,10,5,4,B03,7,9,1,8,2,4,,24,24,1,13,4,120.562138,24.238681,2
6126,66000,387130000C,(04)23274275,(04)23288582,2025,06,16,22,41,臺中市,東區,0,0,0,7,,,50,,,,,,,,,,,,,,,,,,,B02,,,1,,2,,,8,8,1,12,4,120.687676,24.138151,3
6127,66000,387130000C,(04)23274275,(04)23288582,2025,06,16,22,57,臺中市,西屯區,0,2,0,7,2,6,50,3,1,1,5,4,6,6,1,1,10,5,5,2,13,2,9,5,1,C03,7,9,1,10,2,12,,7,7,1,12,4,120.646886,24.15706,2
6128,66000,387130000C,(04)23274275,(04)23288582,2025,06,16,23,0,臺中市,南屯區,0,0,0,7,1,6,50,13,9,1,5,4,6,6,4,4,5,5,5,2,12,,,,,B12,,,1,,2,,,51,51,1,12,4,120.642908,24.152395,3
6129,66000,387130000C,(04)23274275,(04)23288582,2025,06,16,23,12,臺中市,北屯區,0,1,0,7,1,6,50,4,1,1,5,4,6,6,2,1,10,5,5,2,16,3,10,3,1,B03,7,6,1,8,2,2,,11,11,1,12,4,120.693287,24.182973,2
6130,66000,387130000C,(04)23274275,(04)23288582,2025,06,16,23,41,臺中市,太平區,0,1,0,7,1,6,50,13,9,1,5,4,6,6,1,1,5,4,5,2,16,2,9,1,1,C03,7,6,1,10,2,13,,39,39,1,6,4,120.710692,24.126806,2
6131,66000,387130000C,(04)23274275,(04)23288582,2025,06,16,23,49,臺中市,太平區,0,0,0,7,,,50,,,,,,,,,,,,,,,,,,,B03,,,1,,1,,,51,51,1,6,4,120.733306,24.153743,3
6132,66000,387130000C,(04)23274275,(04)23288582,2025,06,17,0,2,臺中市,北區,0,0,0,7,,,30,,,,,,,,,,,,,,17,,,,,B03,,,1,,1,,,84,84,1,13,4,120.672784,24.171333,3
6133,66000,387130000C,(04)23274275,(04)23288582,2025,06,17,0,13,臺中市,西屯區,0,2,0,7,1,6,50,3,1,1,5,4,6,6,4,4,10,5,5,2,16,2,9,1,1,C03,7,1,1,10,2,14,,51,51,1,12,4,120.622928,24.18579,2
6134,66000,387130000C,(04)23274275,(04)23288582,2025,06,17,0,50,臺中市,南屯區,0,0,0,7,,,50,,,,,,,,,,,,,,,,,,,A11,,,1,,2,,,8,8,1,12,4,120.623772,24.149569,3
6135,66000,387130000C,(04)23274275,(04)23288582,2025,06,17,0,58,臺中市,太平區,0,1,0,7,1,6,50,4,2,1,5,4,6,6,1,1,5,5,5,1,13,3,10,3,1,B03,7,9,1,8,2,1,,59,59,1,6,4,120.703185,24.153418,2
6136,66000,387130000C,(04)23274275,(04)23288582,2025,06,17,1,0,臺中市,大肚區,0,1,0,7,1,6,30,5,1,1,5,4,6,6,2,1,10,5,5,2,18,2,9,1,1,C03,7,9,1,10,2,12,,84,84,1,6,4,120.578055,24.118298,2
6137,66000,387130000C,(04)23274275,(04)23288582,2025,06,17,1,30,臺中市,南屯區,0,1,0,7,1,6,50,13,9,1,5,4,6,6,4,4,5,4,5,2,12,2,9,1,1,C03,7,9,1,10,2,11,,59,59,1,12,4,120.652771,24.138253,2
6138,66000,387130000C,(04)23274275,(04)23288582,2025,06,17,1,45,臺中市,北屯區,0,1,0,7,1,6,50,3,1,1,5,4,6,6,2,1,10,5,5,2,12,2,9,2,1,C03,7,4,1,10,2,14,,8,8,1,12,4,120.69824,24.173264,2
6139,66000,387130000C,(04)23274275,(04)23288582,2025,06,17,1,48,臺中市,北區,0,0,0,7,,,50,,,,,,,,,,,,,,17,,,,,B03,,,1,,1,,,84,84,1,13,4,120.672846,24.168786,3
6140,66000,387130000C,(04)23274275,(04)23288582,2025,06,17,2,7,臺中市,霧峰區,0,1,0,7,1,6,40,13,17,1,5,4,6,6,4,4,10,4,4,1,18,2,9,1,1,C03,7,11,1,10,2,14,,59,59,1,5,4,120.663799,24.073947,2
6141,66000,387130000C,(04)23274275,(04)23288582,2025,06,17,2,25,臺中市,西區,0,1,0,7,1,6,50,5,1,1,5,4,6,6,1,1,10,5,5,2,16,3,10,3,1,B02,7,6,1,8,2,1,2,25,25,1,12,4,120.669801,24.150724,2
6142,66000,387130000C,(04)23274275,(04)23288582,2025,06,17,3,40,臺中市,南屯區,0,2,0,7,2,6,50,4,1,1,5,4,6,6,2,1,9,4,5,2,12,3,10,3,1,B03,7,6,1,8,2,1,,84,84,1,12,4,120.646808,24.148836,2
6143,66000,387130000C,(04)23274275,(04)23288582,2025,06,17,5,19,臺中市,潭子區,0,1,0,7,2,6,50,4,2,1,5,4,6,6,4,4,1,4,5,1,13,3,10,3,1,B03,7,9,1,10,2,1,,56,56,1,13,4,120.719925,24.228639,2
6144,66000,387130000C,(04)23274275,(04)23288582,2025,06,17,5,20,臺中市,豐原區,0,1,0,7,1,6,50,5,1,1,5,4,6,6,1,1,10,5,5,2,13,3,10,3,1,B02,7,9,3,19,2,1,,54,54,1,12,4,120.723504,24.252139,2
6145,66000,387130000C,(04)23274275,(04)23288582,2025,06,17,5,55,臺中市,石岡區,0,2,0,7,3,6,40,13,8,1,5,4,6,6,4,4,1,4,4,1,13,2,9,5,4,C03,7,9,1,10,2,11,,7,7,1,13,4,120.801217,24.268812,2
6146,66000,387130000C,(04)23274275,(04)23288582,2025,06,17,5,57,臺中市,北屯區,0,1,0,7,2,6,50,13,9,1,5,4,6,6,4,4,10,4,5,2,16,3,10,3,1,B03,7,1,1,8,2,4,,51,51,1,12,4,120.686283,24.171095,2
6147,66000,387130000C,(04)23274275,(04)23288582,2025,06,17,6,41,臺中市,神岡區,0,2,0,7,2,6,50,13,9,1,5,4,6,6,4,4,10,5,5,1,17,3,10,3,4,B03,7,2,6,20,11,6,,49,49,1,12,4,120.653375,24.265517,2
6148,66000,387130000C,(04)23274275,(04)23288582,2025,06,17,6,42,臺中市,神岡區,0,2,0,7,2,6,30,3,1,1,5,4,6,6,4,4,10,5,5,2,16,2,9,1,1,C03,7,5,1,10,2,11,,14,14,1,12,4,120.697248,24.252916,2
6149,66000,387130000C,(04)23274275,(04)23288582,2025,06,17,6,49,臺中市,大里區,0,2,0,7,2,6,30,4,1,1,5,4,6,6,4,4,10,5,5,2,16,2,9,2,1,C03,7,6,1,11,2,14,,48,48,1,13,4,120.703278,24.095194,2
6150,66000,387130000C,(04)23274275,(04)23288582,2025,06,17,6,54,臺中市,東區,0,1,0,7,2,6,50,13,9,1,5,4,6,6,4,4,5,4,5,2,12,2,9,1,1,C03,7,9,1,10,2,12,,8,8,1,12,4,120.694417,24.140087,2
6151,66000,387130000C,(04)23274275,(04)23288582,2025,06,17,7,1,臺中市,西屯區,0,0,0,7,,,60,,,,,,,,,,,,,,17,,,,,B03,,,1,,1,,,84,84,1,13,4,120.659102,24.200844,3
6152,66000,387130000C,(04)23274275,(04)23288582,2025,06,17,7,5,臺中市,烏日區,0,1,0,7,2,6,40,4,1,1,5,4,6,6,1,1,5,5,4,2,12,2,9,1,1,C03,7,15,1,10,2,13,,6,6,1,6,4,120.608073,24.117734,2
6153,66000,387130000C,(04)23274275,(04)23288582,2025,06,17,7,11,臺中市,龍井區,0,2,0,7,3,6,50,4,1,1,5,4,6,6,4,4,5,5,5,1,17,2,9,2,1,C03,7,6,1,10,2,14,,20,20,1,12,4,120.538835,24.213722,2
6154,66000,387130000C,(04)23274275,(04)23288582,2025,06,17,7,15,臺中市,霧峰區,0,0,0,7,2,6,50,13,9,1,5,4,6,6,4,4,5,5,5,1,1,,,,,B03,,,1,,1,,,8,8,1,6,4,120.698967,24.06447,3
6155,66000,387130000C,(04)23274275,(04)23288582,2025,06,17,7,21,臺中市,西屯區,0,1,0,6,1,6,30,4,9,1,5,4,6,6,4,4,10,5,5,2,9,3,10,3,1,B03,7,9,1,8,2,5,,8,8,1,12,4,120.667152,24.177108,2
6156,66000,387130000C,(04)23274275,(04)23288582,2025,06,17,7,23,臺中市,大雅區,0,1,0,7,3,6,40,13,8,1,5,4,6,6,4,4,1,2,1,1,17,3,10,3,1,B03,7,3,1,8,2,2,,84,84,1,12,4,120.632283,24.205455,2
6157,66000,387130000C,(04)23274275,(04)23288582,2025,06,17,7,24,臺中市,北屯區,0,1,0,7,3,6,50,3,1,1,5,4,6,6,1,1,10,5,5,2,16,3,10,3,1,B03,7,5,1,8,2,5,,11,11,1,13,4,120.70566,24.172837,2
6158,66000,387130000C,(04)23274275,(04)23288582,2025,06,17,7,24,臺中市,太平區,0,1,0,7,3,6,40,3,1,1,5,4,6,6,4,4,5,5,5,2,13,2,9,2,1,C03,7,9,3,19,2,14,,7,7,1,12,4,120.701195,24.11243,2
6159,66000,387130000C,(04)23274275,(04)23288582,2025,06,17,7,25,臺中市,西區,0,0,0,7,,,50,,,,,,,,,,,,,,13,,,,,C03,,,1,,2,,,7,7,1,13,4,120.655083,24.140025,3
6160,66000,387130000C,(04)23274275,(04)23288582,2025,06,17,7,25,臺中市,南屯區,0,0,0,7,,,50,,,,,,,,,,,,,,,,,,,B03,,,1,,1,,,7,7,1,13,4,120.597872,24.155393,3
6161,66000,387130000C,(04)23274275,(04)23288582,2025,06,17,7,27,臺中市,西屯區,0,0,0,7,,,50,,,,,,,,,,,,,,16,,,,,C03,,,1,,2,,,42,42,1,12,2,120.620166,24.187297,3
6162,66000,387130000C,(04)23274275,(04)23288582,2025,06,17,7,29,臺中市,太平區,0,0,0,7,,,30,,,,,,,,,,,,,,16,,,,,B12,,,1,,1,,,14,14,1,12,4,120.718281,24.132498,3
6163,66000,387130000C,(04)23274275,(04)23288582,2025,06,17,7,30,臺中市,大里區,0,1,0,7,2,6,50,4,1,1,5,4,6,6,1,1,10,5,5,2,17,2,9,1,1,C03,7,1,1,10,2,14,,51,51,1,12,4,120.675125,24.103136,2
6164,66000,387130000C,(04)23274275,(04)23288582,2025,06,17,7,36,臺中市,大雅區,0,1,0,7,2,6,50,13,9,1,5,4,6,6,4,4,9,5,5,2,13,3,10,3,1,B12,7,9,1,8,2,1,,7,7,1,13,4,120.66771,24.216156,2
6165,66000,387130000C,(04)23274275,(04)23288582,2025,06,17,7,36,臺中市,大里區,0,1,0,7,3,6,30,4,1,1,5,4,6,6,1,1,10,5,5,2,17,2,9,1,1,C03,7,1,1,10,2,12,,51,51,1,13,4,120.694568,24.118281,2
6166,66000,387130000C,(04)23274275,(04)23288582,2025,06,17,7,37,臺中市,南區,0,0,0,7,,,50,,,,,,,,,,,,,,23,,,,,B03,,,1,,11,,,84,84,1,12,4,120.655457,24.115199,3
6167,66000,387130000C,(04)23274275,(04)23288582,2025,06,17,7,37,臺中市,南區,0,2,0,7,3,6,50,3,2,1,5,4,6,6,1,1,5,4,4,2,13,2,9,2,1,C03,7,9,1,10,2,11,,84,84,1,6,4,120.657467,24.113203,2
6168,66000,387130000C,(04)23274275,(04)23288582,2025,06,17,7,37,臺中市,豐原區,0,1,0,7,2,6,50,13,8,1,5,4,6,6,4,4,1,4,4,2,17,3,10,3,1,B03,7,5,1,8,2,3,,47,47,1,12,4,120.716261,24.256728,2
6169,66000,387130000C,(04)23274275,(04)23288582,2025,06,17,7,39,臺中市,南屯區,0,1,0,7,1,6,50,4,1,1,5,4,6,6,4,4,5,5,5,2,11,2,9,1,1,C03,7,9,1,10,2,11,,84,84,1,13,4,120.650581,24.155212,2
6170,66000,387130000C,(04)23274275,(04)23288582,2025,06,17,7,40,臺中市,西屯區,0,0,0,7,,,40,,,,,,,,,,,,,,12,,,,,C03,,,1,,2,,,40,40,1,12,4,120.655444,24.158573,3
6171,66000,387130000C,(04)23274275,(04)23288582,2025,06,17,7,41,臺中市,神岡區,0,0,0,7,,,30,,,,,,,,,,,,,,17,,,,,B03,,,1,,2,,,51,51,1,12,4,120.683067,24.248054,3
6172,66000,387130000C,(04)23274275,(04)23288582,2025,06,17,7,42,臺中市,大肚區,0,0,0,7,2,6,50,13,1,1,5,4,6,6,2,1,5,5,5,2,12,3,10,3,1,B03,7,9,1,8,2,2,,8,8,1,6,4,120.579044,24.168673,3
6173,66000,387130000C,(04)23274275,(04)23288582,2025,06,17,7,47,臺中市,南區,0,0,0,7,,,50,,,,,,,,,,,,,,,,,,,B03,,,1,,1,,,7,7,1,12,4,120.666823,24.119688,3
6174,66000,387130000C,(04)23274275,(04)23288582,2025,06,17,7,47,臺中市,大肚區,0,0,0,7,,,60,,,,,,,,,,,,,,16,,,,,B03,,,1,,2,,,25,25,1,6,4,120.547745,24.155704,3
6175,66000,387130000C,(04)23274275,(04)23288582,2025,06,17,7,47,臺中市,沙鹿區,0,1,0,7,2,6,40,13,8,1,5,4,6,6,4,4,1,4,3,1,13,2,9,2,1,C03,7,9,1,10,2,11,,7,7,1,6,4,120.570444,24.236159,2
6176,66000,387130000C,(04)23274275,(04)23288582,2025,06,17,7,48,臺中市,南區,0,1,0,7,3,6,50,3,2,1,5,4,6,6,1,1,5,4,5,2,13,2,7,2,1,C03,7,9,1,10,2,11,,7,7,1,13,4,120.644866,24.110156,2
6177,66000,387130000C,(04)23274275,(04)23288582,2025,06,17,7,49,臺中市,大里區,0,0,0,7,,,50,,,,,,,,,,,,,,17,,,,,F03,,,1,,1,,,7,7,1,12,4,120.681447,24.104847,3
6178,66000,387130000C,(04)23274275,(04)23288582,2025,06,17,7,50,臺中市,沙鹿區,0,0,0,7,,,60,,,,,,,,,,,,,,13,,,,,B03,,,1,,1,,,7,7,1,12,4,120.605656,24.247531,3
6179,66000,387130000C,(04)23274275,(04)23288582,2025,06,17,7,54,臺中市,北屯區,0,0,0,7,,,50,,,,,,,,,,,,,,13,,,,,B03,,,1,,1,,,7,7,1,12,4,120.68837,24.182084,3
6180,66000,387130000C,(04)23274275,(04)23288582,2025,06,17,7,55,臺中市,龍井區,0,0,0,7,2,6,50,13,9,1,5,4,6,6,4,4,9,4,5,1,17,3,10,3,1,A11,7,15,1,7,1,3,,78,78,1,6,4,120.573407,24.186977,3
6181,66000,387130000C,(04)23274275,(04)23288582,2025,06,17,7,56,臺中市,東區,0,2,0,6,3,6,50,3,1,1,5,4,6,6,3,1,5,5,5,2,3,2,9,2,1,F03,7,9,7,21,2,11,,10,10,1,6,4,120.687231,24.14009,2
6182,66000,387130000C,(04)23274275,(04)23288582,2025,06,17,7,58,臺中市,西屯區,0,0,0,7,,,40,,,,,,,,,,,,,,12,,,,,C03,,,1,,1,,,48,48,1,13,4,120.606877,24.193803,3
6183,66000,387130000C,(04)23274275,(04)23288582,2025,06,17,7,59,臺中市,沙鹿區,0,0,0,7,,,50,,,,,,,,,,,,,,13,,,,,B03,,,1,,1,,,7,7,1,12,4,120.56917,24.221961,3
6184,66000,387130000C,(04)23274275,(04)23288582,2025,06,17,8,0,臺中市,大里區,0,0,0,7,,,50,,,,,,,,,,,,,,16,,,,,B03,,,1,,2,,,14,14,1,13,4,120.684394,24.109706,3
6185,66000,387130000C,(04)23274275,(04)23288582,2025,06,17,8,0,臺中市,外埔區,0,0,0,7,,,50,,,,,,,,,,,,,,11,,,,,B03,,,1,,2,,,8,8,1,12,4,120.659054,24.328144,3
6186,66000,387130000C,(04)23274275,(04)23288582,2025,06,17,8,1,臺中市,梧棲區,0,0,0,7,,,50,,,,,,,,,,,,,,16,,,,,B03,,,1,,2,,,14,14,1,6,4,120.550573,24.241437,3
6187,66000,387130000C,(04)23274275,(04)23288582,2025,06,17,8,6,臺中市,太平區,0,0,0,7,,,50,,,,,,,,,,,,,,,,,,,B03,,,1,,2,,,7,7,1,12,4,120.716189,24.133468,3
6188,66000,387130000C,(04)23274275,(04)23288582,2025,06,17,8,6,臺中市,大甲區,0,0,0,7,,,50,,,,,,,,,,,,,,13,,,,,B03,,,1,,2,,,7,7,1,12,4,120.627746,24.346617,3
6189,66000,387130000C,(04)23274275,(04)23288582,2025,06,17,8,7,臺中市,南區,0,0,0,6,,,50,,,,,,,,,,,,,,14,,,,,B03,,,1,,1,,,49,49,1,6,4,120.660927,24.12337,3
6190,66000,387130000C,(04)23274275,(04)23288582,2025,06,17,8,8,臺中市,南屯區,0,0,0,7,,,50,,,,,,,,,,,,,,17,,,,,B12,,,1,,2,,,40,40,1,12,4,120.623399,24.135649,3
6191,66000,387130000C,(04)23274275,(04)23288582,2025,06,17,8,8,臺中市,西屯區,0,2,0,7,2,6,50,3,1,1,5,4,6,6,4,4,10,5,5,2,16,2,8,2,4,C03,7,9,1,10,2,11,,84,84,1,13,1,120.64455,24.17161,2
6192,66000,387130000C,(04)23274275,(04)23288582,2025,06,17,8,10,臺中市,烏日區,0,1,0,7,2,6,40,3,1,1,5,4,6,6,1,1,10,5,5,2,17,3,10,5,4,B03,7,5,1,8,2,2,,11,11,1,12,4,120.648523,24.091971,2
6193,66000,387130000C,(04)23274275,(04)23288582,2025,06,17,8,10,臺中市,后里區,0,0,0,7,,,50,,,,,,,,,,,,,,17,,,,,,,,,,,,,86,86,1,,,120.72349,24.293713,3
6194,66000,387130000C,(04)23274275,(04)23288582,2025,06,17,8,12,臺中市,梧棲區,0,2,0,6,3,6,70,3,7,1,5,4,6,6,1,1,1,4,1,1,13,2,7,3,1,B03,7,9,1,8,2,1,,7,7,1,6,4,120.549892,24.244922,2
6195,66000,387130000C,(04)23274275,(04)23288582,2025,06,17,8,13,臺中市,北區,0,2,0,7,3,6,50,18,9,1,5,4,6,6,4,4,5,4,5,2,17,2,9,1,1,C03,7,11,5,19,2,15,,39,39,1,12,4,120.675107,24.146328,2
6196,66000,387130000C,(04)23274275,(04)23288582,2025,06,17,8,13,臺中市,北區,0,0,0,7,,,50,,,,,,,,,,,,,,13,,,,,B03,,,1,,1,5,,59,59,1,12,4,120.670545,24.165155,3
6197,66000,387130000C,(04)23274275,(04)23288582,2025,06,17,8,14,臺中市,北屯區,0,0,0,7,,,50,,,,,,,,,,,,,,14,,,,,B03,,,1,,1,,,50,50,1,6,4,120.696799,24.172604,3
6198,66000,387130000C,(04)23274275,(04)23288582,2025,06,17,8,18,臺中市,龍井區,0,0,0,7,2,6,50,13,9,1,5,4,6,6,4,4,5,2,5,1,17,3,10,2,1,C03,7,5,1,10,1,11,,43,43,1,6,4,120.575557,24.181596,3
6199,66000,387130000C,(04)23274275,(04)23288582,2025,06,17,8,23,臺中市,南區,0,0,0,7,,,50,,,,,,,,,,,,,,,,,,,B12,,,1,,1,,,7,7,1,6,4,120.663106,24.119504,4
6200,66000,387130000C,(04)23274275,(04)23288582,2025,06,17,8,23,臺中市,大里區,0,0,0,7,,,,,,,,,,,,,,,,,17,,,,,,,,,,,,,51,51,1,,,120.698367,24.10142,3
6201,66000,387130000C,(04)23274275,(04)23288582,2025,06,17,8,24,臺中市,南區,0,1,0,7,3,6,50,4,1,1,5,4,6,6,2,1,10,5,5,2,16,3,10,2,1,C03,7,9,1,10,2,11,,85,85,1,13,4,120.64849,24.122731,2
6202,66000,387130000C,(04)23274275,(04)23288582,2025,06,17,8,24,臺中市,東區,0,0,0,7,,,50,,,,,,,,,,,,,,,,,,,B03,,,1,,1,,,7,7,1,6,4,120.694222,24.142718,3
6203,66000,387130000C,(04)23274275,(04)23288582,2025,06,17,8,27,臺中市,西屯區,0,0,0,7,,,50,,,,,,,,,,,,,,12,,,,,B02,,,1,,1,,,26,26,1,12,4,120.62904,24.163157,3
6204,66000,387130000C,(04)23274275,(04)23288582,2025,06,17,8,28,臺中市,北區,0,1,0,7,3,6,50,4,1,1,5,4,6,6,4,4,10,5,5,2,15,2,9,1,1,C03,7,9,1,10,2,11,,20,20,1,12,4,120.691035,24.155857,2
6205,66000,387130000C,(04)23274275,(04)23288582,2025,06,17,8,28,臺中市,后里區,0,1,0,7,2,6,50,5,1,1,5,4,6,6,1,1,10,5,5,2,16,3,10,3,1,B03,7,6,1,8,2,1,,11,11,1,12,4,120.673207,24.310105,2
6206,66000,387130000C,(04)23274275,(04)23288582,2025,06,17,8,29,臺中市,南屯區,0,1,0,7,2,6,50,13,9,1,5,4,6,6,4,4,9,4,5,2,17,3,10,3,1,B03,7,15,1,8,2,4,,76,76,1,12,4,120.639222,24.13929,2
6207,66000,387130000C,(04)23274275,(04)23288582,2025,06,17,8,31,臺中市,西屯區,0,0,0,7,,,30,,,,,,,,,,,,,,17,,,,,B03,,,1,,2,,,8,8,1,12,4,120.640054,24.176476,3
6208,66000,387130000C,(04)23274275,(04)23288582,2025,06,17,8,32,臺中市,大雅區,0,0,0,7,,,50,,,,,,,,,,,,,,,,,,,B03,,,1,,2,,,8,8,1,13,4,120.648421,24.226296,3
6209,66000,387130000C,(04)23274275,(04)23288582,2025,06,17,8,32,臺中市,潭子區,0,2,0,7,3,6,50,4,1,1,5,4,6,6,1,1,5,4,4,2,15,2,9,1,1,F03,7,9,7,21,2,12,,21,21,1,13,4,120.703602,24.212746,2
6210,66000,387130000C,(04)23274275,(04)23288582,2025,06,17,8,32,臺中市,太平區,0,1,0,7,3,6,50,13,9,1,5,4,6,6,4,4,5,5,5,2,17,2,9,2,1,C03,7,9,1,10,2,11,,84,84,1,12,4,120.717056,24.125729,2
6211,66000,387130000C,(04)23274275,(04)23288582,2025,06,17,8,33,臺中市,大里區,0,0,0,7,,,50,,,,,,,,,,,,,,9,,,,,C03,,,1,,2,,,7,7,1,12,4,120.695321,24.122393,3
6212,66000,387130000C,(04)23274275,(04)23288582,2025,06,17,8,36,臺中市,西屯區,0,1,0,7,2,6,50,3,1,1,5,4,6,6,2,1,10,5,5,2,16,2,7,5,4,C03,7,11,1,10,1,11,,59,59,1,13,4,120.637023,24.172144,2
6213,66000,387130000C,(04)23274275,(04)23288582,2025,06,17,8,36,臺中市,霧峰區,0,0,0,7,,,40,,,,,,,,,,,,,,16,,,,,C03,,,1,,2,,,7,7,1,12,4,120.696264,24.02183,3
6214,66000,387130000C,(04)23274275,(04)23288582,2025,06,17,8,42,臺中市,西區,0,0,0,7,,,30,,,,,,,,,,,,,,,,,,,B03,,,1,,1,,,14,14,1,12,4,120.665141,24.153336,3
6215,66000,387130000C,(04)23274275,(04)23288582,2025,06,17,8,47,臺中市,太平區,0,0,0,7,,,50,,,,,,,,,,,,,,,,,,,C03,,,1,,2,,,7,7,1,12,4,120.712637,24.125982,3
6216,66000,387130000C,(04)23274275,(04)23288582,2025,06,17,8,48,臺中市,大肚區,0,0,0,7,,,50,,,,,,,,,,,,,,13,,,,,A12,,,1,,2,,,82,82,1,6,4,120.578094,24.118278,3
6217,66000,387130000C,(04)23274275,(04)23288582,2025,06,17,8,49,臺中市,西屯區,0,1,0,7,1,6,0,3,2,1,5,4,6,6,4,4,10,5,5,2,18,,,,,,,,,,,,,116,116,1,,,120.657222,24.175663,2
6218,66000,387130000C,(04)23274275,(04)23288582,2025,06,17,8,55,臺中市,西區,0,1,0,7,2,6,50,4,1,1,5,4,6,6,1,1,10,5,5,2,16,3,10,3,1,B03,7,6,1,8,2,2,,11,11,1,12,4,120.656748,24.146707,2
6219,66000,387130000C,(04)23274275,(04)23288582,2025,06,17,8,55,臺中市,西區,0,0,0,6,,,50,,,,,,,,,,,,,,12,,,,,B03,,,1,,2,,,40,40,1,13,4,120.666927,24.153191,3
6220,66000,387130000C,(04)23274275,(04)23288582,2025,06,17,8,57,臺中市,南屯區,0,0,0,7,,,50,,,,,,,,,,,,,,,,,,,A12,,,1,,1,,,40,40,1,13,4,120.6514,24.150796,3
6221,66000,387130000C,(04)23274275,(04)23288582,2025,06,17,9,1,臺中市,北屯區,0,1,0,7,3,6,50,13,9,1,5,4,6,6,4,4,9,4,5,2,18,2,9,1,1,C03,7,9,1,10,1,12,,59,59,1,13,4,120.695956,24.166152,2
6222,66000,387130000C,(04)23274275,(04)23288582,2025,06,17,9,2,臺中市,北區,0,0,0,7,,,50,,,,,,,,,,,,,,,,,,,B03,,,1,,1,,,20,20,1,12,4,120.68827,24.152596,3
6223,66000,387130000C,(04)23274275,(04)23288582,2025,06,17,9,6,臺中市,西屯區,0,1,0,7,2,6,50,5,1,1,5,4,6,6,1,1,10,5,5,2,13,2,7,2,4,C03,7,9,5,19,2,11,,7,7,1,13,4,120.6063,24.161783,2
6224,66000,387130000C,(04)23274275,(04)23288582,2025,06,17,9,7,臺中市,太平區,0,0,0,7,,,50,,,,,,,,,,,,,,14,,,,,B12,,,1,,2,,,49,49,1,12,4,120.733464,24.15527,3
6225,66000,387130000C,(04)23274275,(04)23288582,2025,06,17,9,10,臺中市,沙鹿區,0,0,0,7,,,60,,,,,,,,,,,,,,12,,,,,B12,,,1,,1,,,8,8,1,12,4,120.575896,24.248659,3
6226,66000,387130000C,(04)23274275,(04)23288582,2025,06,17,9,14,臺中市,后里區,0,1,0,7,2,6,50,3,2,1,5,4,6,6,4,4,5,2,5,1,16,3,10,3,1,B03,7,9,1,8,9,6,,8,8,1,12,4,120.70956,24.312392,2
6227,66000,387130000C,(04)23274275,(04)23288582,2025,06,17,9,14,臺中市,后里區,0,1,0,7,2,6,50,13,9,1,5,4,6,6,4,4,5,4,5,2,11,2,8,1,1,C03,7,9,1,10,2,11,14,4,4,1,12,4,120.749732,24.294668,2
6228,66000,387130000C,(04)23274275,(04)23288582,2025,06,17,9,16,臺中市,太平區,0,1,0,7,3,6,50,4,1,1,5,4,6,6,1,1,5,5,4,1,16,2,9,2,1,C03,7,9,1,10,2,11,,21,21,1,12,4,120.718681,24.148883,2
6229,66000,387130000C,(04)23274275,(04)23288582,2025,06,17,9,16,臺中市,東勢區,0,0,0,7,,,50,,,,,,,,,,,,,,,,,,,B03,,,1,,1,,,84,84,1,12,4,120.828073,24.25798,3
6230,66000,387130000C,(04)23274275,(04)23288582,2025,06,17,9,21,臺中市,大甲區,0,1,0,6,2,6,50,13,9,1,5,4,6,6,4,4,10,5,5,2,13,2,9,2,1,C03,7,9,1,10,2,11,,7,7,1,6,4,120.632815,24.34626,2
6231,66000,387130000C,(04)23274275,(04)23288582,2025,06,17,9,23,臺中市,西區,0,1,0,7,2,6,50,4,1,1,5,4,6,6,1,1,10,5,5,2,17,2,9,2,1,C03,7,6,1,10,2,13,,48,48,1,12,4,120.678385,24.136454,2
6232,66000,387130000C,(04)23274275,(04)23288582,2025,06,17,9,24,臺中市,沙鹿區,0,0,0,7,,,50,,,,,,,,,,,,,,,,,,,B03,,,1,,1,,,40,40,1,6,4,120.553953,24.214087,3
6233,66000,387130000C,(04)23274275,(04)23288582,2025,06,17,9,28,臺中市,沙鹿區,0,1,0,7,2,6,50,13,9,1,5,4,6,6,4,4,3,2,5,1,13,2,7,3,1,B03,7,9,1,8,2,5,,59,59,1,6,4,120.614933,24.24148,2
6234,66000,387130000C,(04)23274275,(04)23288582,2025,06,17,9,32,臺中市,南區,0,0,0,7,,,40,,,,,,,,,,,,,,14,,,,,B03,,,1,,2,,,49,49,1,8,4,120.655395,24.113405,3
6235,66000,387130000C,(04)23274275,(04)23288582,2025,06,17,9,35,臺中市,東區,0,2,0,7,3,9,50,4,2,1,5,4,6,6,4,4,3,4,4,2,11,2,9,2,1,C04,7,9,1,10,2,11,,4,4,1,12,4,120.694495,24.146582,2