﻿序號,縣市別代碼,機關代碼,市話,傳真,年,月,日,時,分,縣市,區,死亡數量,受傷數量,2-30,天候,道路照明設備,道路類別,道路速限,道路型態,事故位置,路面鋪裝,路面狀態,路面缺陷,障礙物,視距,號誌種類,號誌動作,分向設施,快車道或一般車道間,快慢車道間,路面邊線,事故類型及型態,受傷程度,主要傷處,保護裝備,行動電話或功能裝置,當事者區分_類別,車輛用途,當事者行動狀態,駕照狀態,駕照種類,飲酒情形,車輛撞擊部位最初,車輛撞擊部位其他,肇事因素個別,肇事因素主要,肇事逃逸,職業,共享經濟或外送平台,GPS座標X,GPS座標Y,事故類別
6236,66000,387130000C,(04)23274275,(04)23288582,2025,06,17,9,40,臺中市,大雅區,0,2,0,7,2,6,30,4,1,1,5,4,6,6,4,4,5,5,5,1,15,2,9,1,1,C03,7,9,1,10,2,14,,12,12,1,13,4,120.652956,24.226164,2
6237,66000,387130000C,(04)23274275,(04)23288582,2025,06,17,9,41,臺中市,南屯區,0,0,0,7,,,50,,,,,,,,,,,,,,,,,,,B03,,,1,,1,,,7,7,1,13,4,120.635741,24.133088,3
6238,66000,387130000C,(04)23274275,(04)23288582,2025,06,17,9,43,臺中市,南區,0,1,0,7,3,6,50,4,1,1,5,4,6,6,1,1,10,5,5,2,15,3,10,3,1,B03,7,9,1,6,2,1,,21,21,1,13,4,120.681897,24.133974,2
6239,66000,387130000C,(04)23274275,(04)23288582,2025,06,17,9,43,臺中市,大甲區,0,1,0,7,2,6,50,13,9,1,5,4,6,6,4,4,5,5,5,1,12,3,10,2,1,C03,7,9,1,10,9,12,,59,59,1,6,4,120.625897,24.348674,2
6240,66000,387130000C,(04)23274275,(04)23288582,2025,06,17,9,45,臺中市,西區,0,1,0,7,3,6,50,4,1,1,5,4,6,6,2,1,10,5,5,2,2,3,10,3,1,B01,7,5,1,4,2,8,,10,10,1,13,4,120.671225,24.145494,2
6241,66000,387130000C,(04)23274275,(04)23288582,2025,06,17,9,45,臺中市,清水區,0,0,0,7,,,40,,,,,,,,,,,,,,17,,,,,B03,,,1,,1,,,7,7,1,12,4,120.54937,24.276391,3
6242,66000,387130000C,(04)23274275,(04)23288582,2025,06,17,9,55,臺中市,南屯區,0,0,0,7,,,30,,,,,,,,,,,,,,13,,,,,C03,,,1,,1,,,7,7,1,12,4,120.638749,24.139813,3
6243,66000,387130000C,(04)23274275,(04)23288582,2025,06,17,9,55,臺中市,梧棲區,0,1,0,6,3,6,50,3,9,1,5,4,6,6,4,4,5,5,5,2,16,2,9,1,1,C03,7,6,1,10,2,12,,14,14,1,6,4,120.547183,24.246358,2
6244,66000,387130000C,(04)23274275,(04)23288582,2025,06,17,9,56,臺中市,龍井區,0,1,0,7,3,6,50,4,1,1,5,4,6,6,4,4,10,5,5,1,18,2,7,4,1,F01,7,9,7,21,1,11,,6,6,1,12,4,120.527112,24.188571,2
6245,66000,387130000C,(04)23274275,(04)23288582,2025,06,17,9,57,臺中市,北屯區,0,0,0,7,,,40,,,,,,,,,,,,,,17,,,,,B03,,,1,,1,,,59,59,1,12,4,120.684026,24.175992,3
6246,66000,387130000C,(04)23274275,(04)23288582,2025,06,17,9,57,臺中市,西屯區,0,0,0,7,,,40,,,,,,,,,,,,,,12,,,,,B03,,,1,,1,,,51,51,1,12,4,120.659376,24.193972,3
6247,66000,387130000C,(04)23274275,(04)23288582,2025,06,17,9,58,臺中市,清水區,0,1,0,7,2,6,50,13,8,1,5,4,6,6,4,4,8,3,4,2,12,3,10,3,1,B12,7,1,1,8,2,3,,51,51,1,12,4,120.576662,24.272636,2
6248,66000,387130000C,(04)23274275,(04)23288582,2025,06,17,9,58,臺中市,豐原區,0,1,0,7,2,6,50,3,4,1,5,4,6,6,1,1,1,4,4,1,12,2,9,1,1,C03,7,9,5,19,8,14,,53,53,1,12,4,120.732737,24.258739,2
6249,66000,387130000C,(04)23274275,(04)23288582,2025,06,17,10,0,臺中市,后里區,0,0,0,7,,,,,,,,,,,,,,,,,,,,,,,,,,,,,,86,86,2,,,120.73137,24.30473,3
6250,66000,387130000C,(04)23274275,(04)23288582,2025,06,17,10,2,臺中市,南屯區,0,0,0,7,,,60,,,,,,,,,,,,,,13,,,,,B03,,,1,,1,,,59,59,1,12,4,120.60193,24.139186,3
6251,66000,387130000C,(04)23274275,(04)23288582,2025,06,17,10,8,臺中市,潭子區,0,0,0,6,,,60,,,,,,,,,,,,,,,,,,,B03,,,1,,2,,,84,84,1,13,4,120.702633,24.196934,3
6252,66000,387130000C,(04)23274275,(04)23288582,2025,06,17,10,8,臺中市,大甲區,0,0,0,7,,,50,,,,,,,,,,,,,,14,,,,,C03,,,1,,2,,,49,49,1,12,4,120.625391,24.345757,3
6253,66000,387130000C,(04)23274275,(04)23288582,2025,06,17,10,10,臺中市,沙鹿區,0,0,0,7,,,30,,,,,,,,,,,,,,14,,,,,B03,,,1,,2,,,8,8,1,12,4,120.56578,24.229836,3
6254,66000,387130000C,(04)23274275,(04)23288582,2025,06,17,10,15,臺中市,北屯區,0,1,0,6,2,6,50,13,9,1,5,4,6,6,4,4,5,5,5,2,13,2,9,2,1,C03,7,7,1,10,1,11,,84,84,1,6,4,120.698732,24.170283,2
6255,66000,387130000C,(04)23274275,(04)23288582,2025,06,17,10,16,臺中市,南區,0,0,0,7,,,50,,,,,,,,,,,,,,,,,,,B03,,,1,,1,,,49,49,1,6,4,120.652615,24.112456,3
6256,66000,387130000C,(04)23274275,(04)23288582,2025,06,17,10,21,臺中市,西區,0,1,0,6,2,6,50,13,8,1,5,4,6,6,4,4,5,4,4,1,13,2,9,2,1,C03,7,9,1,10,2,11,,84,84,1,13,4,120.671837,24.131997,2
6257,66000,387130000C,(04)23274275,(04)23288582,2025,06,17,10,25,臺中市,豐原區,0,0,0,7,,,50,,,,,,,,,,,,,,17,,,,,A12,,,1,,1,,,84,84,1,12,4,120.71838,24.25612,3
6258,66000,387130000C,(04)23274275,(04)23288582,2025,06,17,10,26,臺中市,南屯區,0,0,0,6,,,60,,,,,,,,,,,,,,,,,,,B03,,,1,,2,,,59,59,1,13,4,120.623558,24.149001,3
6259,66000,387130000C,(04)23274275,(04)23288582,2025,06,17,10,32,臺中市,北區,0,1,0,6,2,6,50,3,1,1,5,4,6,6,1,1,10,5,5,2,16,3,10,1,1,C03,7,9,1,10,2,11,,59,59,1,12,4,120.66629,24.155848,2
6260,66000,387130000C,(04)23274275,(04)23288582,2025,06,17,10,34,臺中市,西屯區,0,0,0,7,,,50,,,,,,,,,,,,,,13,,,,,B03,,,1,,1,,,59,59,1,12,4,120.637465,24.178894,3
6261,66000,387130000C,(04)23274275,(04)23288582,2025,06,17,10,37,臺中市,神岡區,0,0,0,6,,,50,,,,,,,,,,,,,,,,,,,B03,,,1,,1,,,39,39,1,12,4,120.707542,24.278189,3
6262,66000,387130000C,(04)23274275,(04)23288582,2025,06,17,10,38,臺中市,豐原區,0,1,0,6,2,6,30,13,9,1,5,4,6,6,4,4,10,5,5,2,18,2,9,1,1,C03,7,9,1,10,2,16,,54,54,1,11,4,120.719405,24.254971,2
6263,66000,387130000C,(04)23274275,(04)23288582,2025,06,17,10,42,臺中市,南區,0,0,0,7,,,50,,,,,,,,,,,,,,17,,,,,C03,,,1,,2,,,84,84,1,6,4,120.65531,24.123738,3
6264,66000,387130000C,(04)23274275,(04)23288582,2025,06,17,10,42,臺中市,神岡區,0,0,0,7,,,40,,,,,,,,,,,,,,12,,,,,B03,,,1,,1,,,8,8,1,12,4,120.663546,24.258109,3
6265,66000,387130000C,(04)23274275,(04)23288582,2025,06,17,10,43,臺中市,中區,0,0,0,6,,,50,,,,,,,,,,,,,,,,,,,C03,,,1,,2,,,7,7,1,12,4,120.681735,24.144818,3
6266,66000,387130000C,(04)23274275,(04)23288582,2025,06,17,10,43,臺中市,西屯區,0,0,0,7,,,50,,,,,,,,,,,,,,12,,,,,C03,,,1,,1,,,8,8,1,12,4,120.647894,24.174161,3
6267,66000,387130000C,(04)23274275,(04)23288582,2025,06,17,10,44,臺中市,南區,0,0,0,7,,,50,,,,,,,,,,,,,,12,,,,,B03,,,1,,1,,,84,84,1,13,4,120.655312,24.121637,3
6268,66000,387130000C,(04)23274275,(04)23288582,2025,06,17,10,50,臺中市,烏日區,0,0,0,7,,,40,,,,,,,,,,,,,,16,,,,,A12,,,1,,2,,,14,14,1,6,4,120.648506,24.088443,3
6269,66000,387130000C,(04)23274275,(04)23288582,2025,06,17,10,54,臺中市,中區,0,0,0,7,,,50,,,,,,,,,,,,,,17,,,,,F03,,,1,,2,,,84,84,1,12,4,120.683982,24.142657,3
6270,66000,387130000C,(04)23274275,(04)23288582,2025,06,17,10,54,臺中市,梧棲區,0,1,0,5,3,6,50,4,1,1,4,4,6,6,1,1,10,5,5,2,15,3,10,3,1,B03,7,10,3,19,2,2,,21,21,1,6,4,120.530457,24.225664,2
6271,66000,387130000C,(04)23274275,(04)23288582,2025,06,17,11,7,臺中市,南屯區,0,0,0,7,,,50,,,,,,,,,,,,,,,,,,,B03,,,1,,2,,,49,49,1,13,4,120.641204,24.14663,3
6272,66000,387130000C,(04)23274275,(04)23288582,2025,06,17,11,10,臺中市,西屯區,0,0,0,5,,,50,,,,,,,,,,,,,,17,,,,,B03,,,1,,2,,,8,8,1,12,4,120.649726,24.156197,3
6273,66000,387130000C,(04)23274275,(04)23288582,2025,06,17,11,13,臺中市,太平區,0,1,0,6,2,6,50,11,9,1,5,4,6,6,4,4,5,2,5,1,12,3,10,3,1,B12,7,15,1,8,2,2,,84,84,1,6,4,120.734938,24.134048,2
6274,66000,387130000C,(04)23274275,(04)23288582,2025,06,17,11,14,臺中市,西區,0,1,0,5,2,6,50,4,1,1,4,4,6,6,1,1,10,5,5,2,13,2,9,1,1,C04,7,9,1,10,2,11,,84,84,1,13,4,120.659687,24.157317,2
6275,66000,387130000C,(04)23274275,(04)23288582,2025,06,17,11,17,臺中市,東區,0,0,0,7,,,50,,,,,,,,,,,,,,,,,,,A41,,,1,,1,,,8,8,1,6,4,120.689838,24.138339,4
6276,66000,387130000C,(04)23274275,(04)23288582,2025,06,17,11,18,臺中市,東區,0,1,0,5,3,6,50,3,1,1,4,4,6,6,1,1,10,5,5,2,17,2,9,2,1,C03,7,11,1,10,9,13,,20,20,1,13,4,120.692804,24.136905,2
6277,66000,387130000C,(04)23274275,(04)23288582,2025,06,17,11,19,臺中市,北屯區,0,0,0,6,,,50,,,,,,,,,,,,,,16,,,,,B03,,,1,,2,,,47,47,1,12,4,120.68618,24.188253,3
6278,66000,387130000C,(04)23274275,(04)23288582,2025,06,17,11,21,臺中市,東區,0,1,0,6,3,6,50,4,1,1,5,4,6,6,1,1,5,5,5,2,11,2,9,2,1,C03,7,6,1,10,2,12,,11,11,1,13,4,120.701486,24.140213,2
6279,66000,387130000C,(04)23274275,(04)23288582,2025,06,17,11,22,臺中市,龍井區,0,0,0,7,,,50,,,,,,,,,,,,,,,,,,,B03,,,1,,1,,,49,49,1,6,4,120.523641,24.204301,3
6280,66000,387130000C,(04)23274275,(04)23288582,2025,06,17,11,24,臺中市,龍井區,0,0,0,5,2,6,40,13,8,1,4,4,6,6,4,4,3,4,3,1,13,3,10,3,1,B11,7,9,1,8,2,1,,7,7,1,6,4,120.581745,24.187643,3
6281,66000,387130000C,(04)23274275,(04)23288582,2025,06,17,11,28,臺中市,北區,0,1,0,5,2,6,50,18,9,1,4,4,6,6,4,4,5,4,5,2,18,2,9,5,4,C03,7,12,1,10,2,12,,84,84,1,13,4,120.681515,24.157541,2
6282,66000,387130000C,(04)23274275,(04)23288582,2025,06,17,11,30,臺中市,北屯區,0,0,0,6,,,,,,,,,,,,,,,,,17,,,,,,,,,,,,,119,119,1,,,120.69189,24.174686,3
6283,66000,387130000C,(04)23274275,(04)23288582,2025,06,17,11,37,臺中市,豐原區,0,0,0,7,,,40,,,,,,,,,,,,,,17,,,,,B03,,,1,,2,,,84,84,1,12,4,120.716902,24.25147,3
6284,66000,387130000C,(04)23274275,(04)23288582,2025,06,17,11,41,臺中市,西區,0,0,0,5,,,50,,,,,,,,,,,,,,12,,,,,B03,,,1,,1,,,50,50,1,13,4,120.663127,24.147359,3
6285,66000,387130000C,(04)23274275,(04)23288582,2025,06,17,11,42,臺中市,太平區,0,0,0,5,,,50,,,,,,,,,,,,,,14,,,,,B12,,,1,,2,,,49,49,1,12,4,120.718455,24.116577,3
6286,66000,387130000C,(04)23274275,(04)23288582,2025,06,17,11,43,臺中市,西區,0,1,0,5,2,6,40,4,2,1,4,4,6,6,4,4,3,4,4,2,17,3,10,3,1,B12,7,15,1,8,2,8,6,40,40,1,12,4,120.672089,24.146192,2
6287,66000,387130000C,(04)23274275,(04)23288582,2025,06,17,11,43,臺中市,烏日區,0,0,0,7,,,60,,,,,,,,,,,,,,,,,,,B03,,,1,,2,,,49,49,1,6,4,120.628072,24.104383,3
6288,66000,387130000C,(04)23274275,(04)23288582,2025,06,17,11,47,臺中市,西屯區,0,0,0,7,,,50,,,,,,,,,,,,,,14,,,,,B03,,,1,,1,,,49,49,1,13,4,120.650691,24.175853,3
6289,66000,387130000C,(04)23274275,(04)23288582,2025,06,17,11,48,臺中市,北區,0,2,0,7,2,6,50,4,2,1,5,4,6,6,2,1,10,5,5,2,13,2,9,2,1,C04,7,9,1,11,2,11,,7,7,1,13,4,120.673513,24.166764,2
6290,66000,387130000C,(04)23274275,(04)23288582,2025,06,17,11,51,臺中市,太平區,0,0,0,5,,,50,,,,,,,,,,,,,,,,,,,B12,,,1,,2,,,39,39,1,12,4,120.714101,24.149706,3
6291,66000,387130000C,(04)23274275,(04)23288582,2025,06,17,11,51,臺中市,太平區,0,1,0,5,2,6,50,4,9,1,4,4,6,6,1,1,5,5,5,1,17,2,8,1,1,C03,7,4,1,10,2,12,,87,87,1,6,4,120.703016,24.111275,2
6292,66000,387130000C,(04)23274275,(04)23288582,2025,06,17,11,52,臺中市,北屯區,0,0,0,5,,,50,,,,,,,,,,,,,,15,,,,,B02,,,1,,1,,,11,11,1,6,4,120.712703,24.176256,3
6293,66000,387130000C,(04)23274275,(04)23288582,2025,06,17,11,57,臺中市,西區,0,1,0,7,2,6,50,13,9,1,5,4,6,6,4,4,5,5,5,2,17,2,9,5,4,C03,7,9,1,10,2,11,,84,84,1,12,4,120.668656,24.136835,2
6294,66000,387130000C,(04)23274275,(04)23288582,2025,06,17,12,0,臺中市,外埔區,0,0,0,7,,,50,,,,,,,,,,,,,,12,,,,,B03,,,1,,2,,,8,8,1,12,4,120.638051,24.342339,3
6295,66000,387130000C,(04)23274275,(04)23288582,2025,06,17,12,2,臺中市,西區,0,1,0,5,2,6,50,4,1,1,4,4,6,6,1,1,10,5,5,2,15,3,10,1,1,C03,7,1,1,10,2,11,14,51,51,1,13,4,120.666736,24.141067,2
6296,66000,387130000C,(04)23274275,(04)23288582,2025,06,17,12,6,臺中市,南屯區,0,0,0,7,,,30,,,,,,,,,,,,,,17,,,,,,,,,,,,,119,119,1,,,120.633234,24.131246,3
6297,66000,387130000C,(04)23274275,(04)23288582,2025,06,17,12,8,臺中市,北區,0,0,0,5,,,50,,,,,,,,,,,,,,,,,,,B03,,,1,,1,,,12,12,1,12,4,120.682962,24.145729,3
6298,66000,387130000C,(04)23274275,(04)23288582,2025,06,17,12,11,臺中市,南區,0,0,0,5,,,50,,,,,,,,,,,,,,13,,,,,C03,,,1,,2,,,7,7,1,6,4,120.679286,24.119037,3
6299,66000,387130000C,(04)23274275,(04)23288582,2025,06,17,12,15,臺中市,豐原區,0,2,0,5,2,6,50,13,9,1,4,4,6,6,4,4,5,4,4,2,16,2,7,2,1,C03,7,6,1,10,2,12,,84,84,1,13,4,120.725093,24.242923,2
6300,66000,387130000C,(04)23274275,(04)23288582,2025,06,17,12,16,臺中市,北區,0,0,0,7,,,50,,,,,,,,,,,,,,17,,,,,C03,,,1,,1,,,59,59,1,13,4,120.685093,24.162653,3
6301,66000,387130000C,(04)23274275,(04)23288582,2025,06,17,12,19,臺中市,東區,0,0,0,5,,,30,,,,,,,,,,,,,,17,,,,,B02,,,1,,11,,,84,84,1,12,4,120.705704,24.130167,3
6302,66000,387130000C,(04)23274275,(04)23288582,2025,06,17,12,19,臺中市,霧峰區,0,0,0,7,,,50,,,,,,,,,,,,,,14,,,,,B03,,,1,,1,,,49,49,1,12,4,120.667947,24.060693,3
6303,66000,387130000C,(04)23274275,(04)23288582,2025,06,17,12,25,臺中市,清水區,0,0,0,7,3,6,50,5,2,1,5,4,6,6,1,1,1,4,5,1,17,,,,,A32,,,1,,1,,,84,84,1,12,4,120.590307,24.304316,3
6304,66000,387130000C,(04)23274275,(04)23288582,2025,06,17,12,29,臺中市,東區,0,1,0,5,3,6,50,4,1,1,4,4,6,6,2,1,10,5,5,2,18,2,9,2,1,C03,7,9,1,10,2,14,,85,85,1,13,4,120.700821,24.135181,2
6305,66000,387130000C,(04)23274275,(04)23288582,2025,06,17,12,29,臺中市,大肚區,0,1,0,7,3,6,40,13,8,1,5,4,6,6,4,4,1,4,4,1,12,3,10,3,1,B03,7,3,1,8,2,5,,50,50,1,6,4,120.553652,24.134409,2
6306,66000,387130000C,(04)23274275,(04)23288582,2025,06,17,12,35,臺中市,南屯區,0,0,0,7,,,50,,,,,,,,,,,,,,,,,,,A11,,,1,,2,,,88,88,1,13,4,120.587585,24.166705,3
6307,66000,387130000C,(04)23274275,(04)23288582,2025,06,17,12,37,臺中市,北屯區,0,0,0,7,,,50,,,,,,,,,,,,,,17,,,,,B03,,,1,,2,,,59,59,1,12,4,120.676136,24.200773,3
6308,66000,387130000C,(04)23274275,(04)23288582,2025,06,17,12,39,臺中市,北屯區,0,1,0,5,3,6,50,13,9,1,4,4,6,6,4,4,1,4,5,2,17,2,9,2,1,C03,7,9,1,8,2,11,,84,84,1,13,4,120.727859,24.163847,2
6309,66000,387130000C,(04)23274275,(04)23288582,2025,06,17,12,47,臺中市,東區,0,1,0,7,3,6,50,4,1,1,5,4,6,6,1,1,5,4,4,2,11,3,10,3,1,B03,7,6,1,8,2,6,,11,11,1,13,4,120.702184,24.138882,2
6310,66000,387130000C,(04)23274275,(04)23288582,2025,06,17,12,48,臺中市,南區,0,1,0,6,3,6,30,13,9,1,4,4,6,6,4,4,10,5,5,2,17,3,10,3,1,B03,7,1,1,8,2,16,,85,85,1,6,4,120.66755,24.11299,2
6311,66000,387130000C,(04)23274275,(04)23288582,2025,06,17,12,48,臺中市,北屯區,0,1,0,6,2,6,40,4,1,1,4,4,6,6,2,1,10,5,5,2,18,2,9,1,1,C03,7,9,1,10,2,14,,82,82,1,12,4,120.68538,24.17195,2
6312,66000,387130000C,(04)23274275,(04)23288582,2025,06,17,12,50,臺中市,北區,0,1,0,7,2,6,50,5,2,1,5,4,6,6,4,4,10,5,5,2,17,2,9,2,1,C03,7,9,1,10,2,12,,84,84,1,13,4,120.677778,24.157232,2
6313,66000,387130000C,(04)23274275,(04)23288582,2025,06,17,12,54,臺中市,南屯區,0,1,0,6,2,6,50,4,1,1,5,4,6,6,4,4,7,4,5,2,15,2,9,1,1,C03,7,9,1,10,2,11,,12,12,1,12,4,120.647279,24.130812,2
6314,66000,387130000C,(04)23274275,(04)23288582,2025,06,17,12,57,臺中市,南屯區,0,0,0,7,,,50,,,,,,,,,,,,,,17,,,,,C03,,,1,,1,,,20,20,1,6,4,120.628419,24.140158,4
6315,66000,387130000C,(04)23274275,(04)23288582,2025,06,17,13,0,臺中市,北區,0,0,0,7,,,50,,,,,,,,,,,,,,13,,,,,B12,,,1,,1,,,59,59,1,12,4,120.685258,24.165403,3
6316,66000,387130000C,(04)23274275,(04)23288582,2025,06,17,13,1,臺中市,北區,0,0,0,7,,,50,,,,,,,,,,,,,,,,,,,B03,,,1,,1,,,42,42,1,12,4,120.679812,24.152151,3
6317,66000,387130000C,(04)23274275,(04)23288582,2025,06,17,13,2,臺中市,豐原區,0,0,0,7,,,50,,,,,,,,,,,,,,13,,,,,B03,,,1,,2,,,7,7,1,12,4,120.722498,24.236557,3
6318,66000,387130000C,(04)23274275,(04)23288582,2025,06,17,13,3,臺中市,豐原區,0,1,0,6,2,6,50,13,9,1,5,4,6,6,4,4,1,4,5,1,17,2,8,1,1,C03,7,9,1,10,2,12,,58,58,1,12,4,120.729719,24.254628,2
6319,66000,387130000C,(04)23274275,(04)23288582,2025,06,17,13,6,臺中市,西區,0,0,0,7,,,50,,,,,,,,,,,,,,,,,,,C03,,,1,,2,,,49,49,1,6,4,120.660816,24.154372,3
6320,66000,387130000C,(04)23274275,(04)23288582,2025,06,17,13,7,臺中市,西屯區,0,0,0,7,,,40,,,,,,,,,,,,,,17,,,,,B02,,,1,,1,,,59,59,1,12,4,120.641961,24.160619,3
6321,66000,387130000C,(04)23274275,(04)23288582,2025,06,17,13,10,臺中市,大肚區,0,2,0,7,2,6,50,3,9,1,5,4,6,6,4,4,5,5,5,2,17,2,9,1,1,C03,7,1,3,19,2,11,,51,51,1,12,4,120.54491,24.15588,2
6322,66000,387130000C,(04)23274275,(04)23288582,2025,06,17,13,11,臺中市,北區,0,0,0,7,,,50,,,,,,,,,,,,,,17,,,,,B03,,,1,,2,,,84,84,1,13,4,120.688584,24.151916,3
6323,66000,387130000C,(04)23274275,(04)23288582,2025,06,17,13,12,臺中市,太平區,0,2,0,7,3,6,50,3,9,1,5,4,6,6,1,1,5,4,5,2,13,2,9,1,1,C03,7,9,1,10,2,11,,59,59,1,12,4,120.722419,24.149319,2
6324,66000,387130000C,(04)23274275,(04)23288582,2025,06,17,13,14,臺中市,石岡區,0,0,0,7,,,70,,,,,,,,,,,,,,,,,,,B03,,,1,,1,,,84,84,1,13,4,120.816064,24.260148,3
6325,66000,387130000C,(04)23274275,(04)23288582,2025,06,17,13,16,臺中市,中區,0,0,0,7,,,50,,,,,,,,,,,,,,12,,,,,B03,,,1,,1,,,51,51,1,13,4,120.678152,24.143479,3
6326,66000,387130000C,(04)23274275,(04)23288582,2025,06,17,13,18,臺中市,南屯區,0,0,0,7,,,30,,,,,,,,,,,,,,14,,,,,B03,,,1,,1,,,49,49,1,12,4,120.611249,24.129817,3
6327,66000,387130000C,(04)23274275,(04)23288582,2025,06,17,13,19,臺中市,中區,0,0,0,6,,,30,,,,,,,,,,,,,,,,,,,B01,,,1,,2,,,13,13,1,12,4,120.681496,24.137938,3
6328,66000,387130000C,(04)23274275,(04)23288582,2025,06,17,13,24,臺中市,潭子區,0,1,0,7,2,6,50,4,1,1,5,4,6,6,1,1,1,4,5,1,17,2,9,1,1,C03,7,1,1,9,2,11,,84,84,1,13,4,120.711213,24.206967,2
6329,66000,387130000C,(04)23274275,(04)23288582,2025,06,17,13,31,臺中市,北屯區,0,1,0,7,3,6,50,3,1,1,5,4,6,6,4,4,1,4,5,2,16,3,10,3,1,B03,7,5,1,8,2,2,,14,14,1,12,4,120.699165,24.182788,2
6330,66000,387130000C,(04)23274275,(04)23288582,2025,06,17,13,35,臺中市,北屯區,0,1,0,7,3,6,50,13,9,1,5,4,6,6,4,4,1,4,5,2,18,2,8,1,1,C03,7,1,1,10,2,12,,84,84,1,12,4,120.72328,24.181665,2
6331,66000,387130000C,(04)23274275,(04)23288582,2025,06,17,13,35,臺中市,西屯區,0,0,0,7,,,30,,,,,,,,,,,,,,12,,,,,B12,,,1,,2,,,8,8,1,12,4,120.653315,24.202919,3
6332,66000,387130000C,(04)23274275,(04)23288582,2025,06,17,13,35,臺中市,豐原區,0,0,0,6,,,,,,,,,,,,,,,,,,,,,,,,,,,,,,86,86,1,,,120.723481,24.252121,3
6333,66000,387130000C,(04)23274275,(04)23288582,2025,06,17,13,38,臺中市,北屯區,0,0,0,7,,,50,,,,,,,,,,,,,,12,,,,,B03,,,1,,1,,,8,8,1,6,4,120.691823,24.170513,3
6334,66000,387130000C,(04)23274275,(04)23288582,2025,06,17,13,43,臺中市,西區,0,0,0,7,,,50,,,,,,,,,,,,,,,,,,,B03,,,1,,2,,,40,40,1,12,4,120.661754,24.159883,3
6335,66000,387130000C,(04)23274275,(04)23288582,2025,06,17,13,46,臺中市,北屯區,0,1,0,7,3,6,50,4,1,1,5,4,1,6,2,1,10,5,5,2,16,3,10,3,1,B03,7,5,1,8,2,6,,84,84,1,12,4,120.711109,24.180117,2
6336,66000,387130000C,(04)23274275,(04)23288582,2025,06,17,13,51,臺中市,西區,0,2,0,6,2,6,40,13,8,1,5,4,6,6,4,4,1,4,5,2,13,2,9,1,1,C03,7,9,1,10,2,11,,7,7,1,13,4,120.658318,24.158217,2
6337,66000,387130000C,(04)23274275,(04)23288582,2025,06,17,13,56,臺中市,南屯區,0,1,0,7,3,6,50,13,9,1,5,4,6,6,4,4,10,5,5,2,13,2,9,2,1,C03,7,9,1,10,1,12,,7,7,1,12,4,120.636996,24.129629,2
6338,66000,387130000C,(04)23274275,(04)23288582,2025,06,17,13,57,臺中市,豐原區,0,0,0,7,,,50,,,,,,,,,,,,,,17,,,,,B12,,,5,,2,,,50,50,1,12,4,120.706924,24.25169,3
6339,66000,387130000C,(04)23274275,(04)23288582,2025,06,17,14,12,臺中市,沙鹿區,0,0,0,7,,,50,,,,,,,,,,,,,,,,,,,B03,,,1,,2,,,8,8,1,6,4,120.570327,24.229202,3
6340,66000,387130000C,(04)23274275,(04)23288582,2025,06,17,14,13,臺中市,西屯區,0,0,0,7,,,30,,,,,,,,,,,,,,17,,,,,C03,,,1,,2,,,59,59,1,12,4,120.623292,24.180529,3
6341,66000,387130000C,(04)23274275,(04)23288582,2025,06,17,14,15,臺中市,豐原區,0,0,0,7,,,50,,,,,,,,,,,,,,12,,,,,C03,,,1,,2,,,35,35,1,6,4,120.720584,24.266936,3
6342,66000,387130000C,(04)23274275,(04)23288582,2025,06,17,14,17,臺中市,西屯區,0,0,0,7,,,50,,,,,,,,,,,,,,13,,,,,B03,,,1,,2,,,78,78,1,13,4,120.653794,24.166254,3
6343,66000,387130000C,(04)23274275,(04)23288582,2025,06,17,14,21,臺中市,東勢區,0,0,0,7,2,6,50,13,9,1,5,4,6,6,4,4,5,5,5,2,17,,,,,B03,,,1,,1,,,51,51,1,13,4,120.831976,24.242552,3
6344,66000,387130000C,(04)23274275,(04)23288582,2025,06,17,14,24,臺中市,沙鹿區,0,0,0,7,,,30,,,,,,,,,,,,,,15,,,,,B12,,,1,,2,,,12,12,1,6,4,120.551824,24.215932,3
6345,66000,387130000C,(04)23274275,(04)23288582,2025,06,17,14,28,臺中市,西區,0,0,0,7,,,50,,,,,,,,,,,,,,,,,,,B03,,,1,,1,,,50,50,1,6,4,120.661477,24.157109,3
6346,66000,387130000C,(04)23274275,(04)23288582,2025,06,17,14,32,臺中市,大雅區,0,1,0,7,1,6,50,13,9,1,5,4,6,6,4,4,5,5,5,1,9,3,10,3,1,A04,7,15,1,2,2,15,,87,87,1,13,4,120.646633,24.224837,2
6347,66000,387130000C,(04)23274275,(04)23288582,2025,06,17,14,36,臺中市,南屯區,0,0,0,7,,,50,,,,,,,,,,,,,,,,,,,B12,,,1,,1,,,49,49,1,13,4,120.645036,24.137689,3
6348,66000,387130000C,(04)23274275,(04)23288582,2025,06,17,14,49,臺中市,太平區,0,1,0,7,2,6,30,3,1,1,5,4,6,6,4,4,10,5,5,2,17,2,9,1,1,C03,7,6,1,10,2,12,,14,14,1,12,4,120.712311,24.150896,2