﻿序號,縣市別代碼,機關代碼,市話,傳真,年,月,日,時,分,縣市,區,死亡數量,受傷數量,2-30,天候,道路照明設備,道路類別,道路速限,道路型態,事故位置,路面鋪裝,路面狀態,路面缺陷,障礙物,視距,號誌種類,號誌動作,分向設施,快車道或一般車道間,快慢車道間,路面邊線,事故類型及型態,受傷程度,主要傷處,保護裝備,行動電話或功能裝置,當事者區分_類別,車輛用途,當事者行動狀態,駕照狀態,駕照種類,飲酒情形,車輛撞擊部位最初,車輛撞擊部位其他,肇事因素個別,肇事因素主要,肇事逃逸,職業,共享經濟或外送平台,GPS座標X,GPS座標Y,事故類別
6349,66000,387130000C,(04)23274275,(04)23288582,2025,06,17,14,50,臺中市,太平區,0,2,0,7,2,6,50,13,9,1,5,4,6,6,4,4,1,4,5,2,13,2,8,1,1,C03,7,9,1,10,2,14,,7,7,1,6,4,120.721945,24.144927,2
6350,66000,387130000C,(04)23274275,(04)23288582,2025,06,17,14,51,臺中市,龍井區,0,0,0,7,,,30,,,,,,,,,,,,,,11,,,,,C03,,,1,,1,,,41,41,1,6,4,120.589497,24.18108,3
6351,66000,387130000C,(04)23274275,(04)23288582,2025,06,17,14,56,臺中市,北區,0,0,0,7,,,50,,,,,,,,,,,,,,17,,,,,C03,,,1,,1,,,43,43,1,12,4,120.677313,24.163417,3
6352,66000,387130000C,(04)23274275,(04)23288582,2025,06,17,14,57,臺中市,沙鹿區,0,0,0,7,,,60,,,,,,,,,,,,,,13,,,,,B03,,,3,,2,,,7,7,1,6,4,120.570264,24.236564,3
6353,66000,387130000C,(04)23274275,(04)23288582,2025,06,17,15,0,臺中市,大雅區,0,1,0,7,2,6,50,4,1,1,5,4,6,6,1,1,10,4,5,1,17,2,9,1,1,C03,7,9,1,10,2,14,,84,84,1,12,4,120.654923,24.239379,2
6354,66000,387130000C,(04)23274275,(04)23288582,2025,06,17,15,1,臺中市,太平區,0,0,0,7,,,50,,,,,,,,,,,,,,13,,,,,B03,,,1,,1,,,84,84,1,12,4,120.735579,24.129305,3
6355,66000,387130000C,(04)23274275,(04)23288582,2025,06,17,15,4,臺中市,南屯區,0,0,0,7,,,50,,,,,,,,,,,,,,13,,,,,B03,,,1,,2,,,7,7,1,12,4,120.640755,24.153618,3
6356,66000,387130000C,(04)23274275,(04)23288582,2025,06,17,15,8,臺中市,大里區,0,2,0,7,3,6,50,13,9,1,5,4,6,6,4,4,5,4,5,2,13,2,6,1,1,C03,7,8,1,10,2,13,,40,40,1,13,4,120.683454,24.115184,2
6357,66000,387130000C,(04)23274275,(04)23288582,2025,06,17,15,10,臺中市,西區,0,0,0,7,,,50,,,,,,,,,,,,,,13,,,,,C03,,,1,,1,,,7,7,1,13,4,120.668831,24.146558,3
6358,66000,387130000C,(04)23274275,(04)23288582,2025,06,17,15,13,臺中市,西屯區,0,0,0,7,,,40,,,,,,,,,,,,,,12,,,,,B03,,,1,,2,,,8,8,1,13,4,120.660638,24.164763,3
6359,66000,387130000C,(04)23274275,(04)23288582,2025,06,17,15,14,臺中市,北區,0,0,0,7,,,50,,,,,,,,,,,,,,12,,,,,B03,,,1,,1,,,84,84,1,13,4,120.675106,24.16506,3
6360,66000,387130000C,(04)23274275,(04)23288582,2025,06,17,15,14,臺中市,南區,0,1,0,7,2,6,40,3,4,1,5,4,6,6,1,1,10,4,5,1,17,3,10,3,1,B03,7,9,1,8,2,8,,84,84,1,13,4,120.645204,24.111851,2
6361,66000,387130000C,(04)23274275,(04)23288582,2025,06,17,15,16,臺中市,北區,0,0,0,7,,,50,,,,,,,,,,,,,,13,,,,,C03,,,1,,2,,,84,84,1,13,4,120.664129,24.161856,4
6362,66000,387130000C,(04)23274275,(04)23288582,2025,06,17,15,26,臺中市,南區,0,0,0,7,,,50,,,,,,,,,,,,,,16,,,,,B03,,,1,,2,,,47,47,1,12,4,120.675548,24.131255,3
6363,66000,387130000C,(04)23274275,(04)23288582,2025,06,17,15,30,臺中市,大雅區,0,0,0,7,,,0,,,,,,,,,,,,,,,,,,,B03,,,1,,2,,,7,7,1,13,4,120.653617,24.221455,3
6364,66000,387130000C,(04)23274275,(04)23288582,2025,06,17,15,30,臺中市,大里區,0,1,0,7,2,6,30,13,9,1,5,4,1,6,4,4,10,5,5,1,17,3,10,1,1,C03,7,9,1,10,2,11,,84,84,1,12,4,120.698951,24.123582,2
6365,66000,387130000C,(04)23274275,(04)23288582,2025,06,17,15,32,臺中市,中區,0,1,0,7,2,6,50,4,1,1,5,4,6,6,2,1,10,5,5,2,17,2,9,2,1,C03,7,15,1,10,2,12,,85,85,1,12,4,120.679495,24.14236,2
6366,66000,387130000C,(04)23274275,(04)23288582,2025,06,17,15,37,臺中市,北屯區,0,1,0,7,2,6,50,13,9,1,5,4,6,6,4,4,5,4,5,2,17,3,10,3,1,B11,7,11,1,8,2,8,,45,45,1,12,4,120.666229,24.186637,2
6367,66000,387130000C,(04)23274275,(04)23288582,2025,06,17,15,38,臺中市,潭子區,0,0,0,7,,,50,,,,,,,,,,,,,,,,,,,B03,,,1,,2,,,84,84,1,13,4,120.678788,24.215962,3
6368,66000,387130000C,(04)23274275,(04)23288582,2025,06,17,15,38,臺中市,大里區,0,1,0,7,2,6,50,3,1,1,5,4,6,6,4,4,10,5,5,2,17,2,9,1,1,C03,7,9,1,10,2,12,,1,1,1,6,4,120.702239,24.088559,2
6369,66000,387130000C,(04)23274275,(04)23288582,2025,06,17,15,41,臺中市,西區,0,0,0,7,,,50,,,,,,,,,,,,,,,,,,,C03,,,1,,1,,,7,7,1,12,4,120.657267,24.149861,3
6370,66000,387130000C,(04)23274275,(04)23288582,2025,06,17,15,41,臺中市,太平區,0,0,0,7,,,40,,,,,,,,,,,,,,13,,,,,B03,,,1,,2,,,7,7,1,12,4,120.714272,24.148696,3
6371,66000,387130000C,(04)23274275,(04)23288582,2025,06,17,15,47,臺中市,北屯區,0,0,0,7,,,50,,,,,,,,,,,,,,17,,,,,B12,,,1,,1,,,85,85,1,12,4,120.686912,24.196601,3
6372,66000,387130000C,(04)23274275,(04)23288582,2025,06,17,15,48,臺中市,北區,0,1,0,7,2,6,50,4,1,1,5,4,6,6,2,1,1,4,5,2,17,2,9,2,1,C03,7,9,1,10,2,11,,7,7,1,12,4,120.666325,24.15921,2
6373,66000,387130000C,(04)23274275,(04)23288582,2025,06,17,15,48,臺中市,西屯區,0,0,0,7,,,40,,,,,,,,,,,,,,,,,,,B01,,,1,,1,,,59,59,1,12,4,120.604613,24.183536,3
6374,66000,387130000C,(04)23274275,(04)23288582,2025,06,17,15,49,臺中市,西屯區,0,1,0,7,2,6,50,13,9,1,5,4,6,6,1,1,5,4,5,2,12,2,9,2,1,C03,7,9,1,10,2,14,,7,7,1,12,4,120.642908,24.198579,2
6375,66000,387130000C,(04)23274275,(04)23288582,2025,06,17,15,53,臺中市,北區,0,0,0,7,,,50,,,,,,,,,,,,,,17,,,,,B03,,,1,,1,,,87,87,1,13,4,120.685005,24.161105,3
6376,66000,387130000C,(04)23274275,(04)23288582,2025,06,17,15,56,臺中市,北屯區,0,0,0,7,,,80,,,,,,,,,,,,,,13,,,,,A11,,,1,,1,,,7,7,1,6,4,120.676252,24.20096,3
6377,66000,387130000C,(04)23274275,(04)23288582,2025,06,17,16,2,臺中市,大肚區,0,1,0,7,2,6,50,5,1,1,5,4,6,6,2,1,10,5,5,2,27,2,9,6,1,F01,7,9,7,21,2,13,,85,85,1,6,4,120.574373,24.159485,2
6378,66000,387130000C,(04)23274275,(04)23288582,2025,06,17,16,5,臺中市,西區,0,0,0,7,,,40,,,,,,,,,,,,,,,,,,,A05,,,1,2,2,,,50,50,1,13,4,120.664671,24.139884,3
6379,66000,387130000C,(04)23274275,(04)23288582,2025,06,17,16,9,臺中市,南屯區,0,0,0,7,,,50,,,,,,,,,,,,,,17,,,,,B03,,,1,,2,,,82,82,1,13,4,120.646395,24.149928,3
6380,66000,387130000C,(04)23274275,(04)23288582,2025,06,17,16,10,臺中市,清水區,0,1,0,7,2,6,30,13,9,1,5,4,6,6,4,4,9,3,5,1,18,2,9,4,1,F01,7,9,7,21,9,11,,59,59,1,13,4,120.570945,24.310406,2
6381,66000,387130000C,(04)23274275,(04)23288582,2025,06,17,16,15,臺中市,龍井區,0,1,0,7,3,6,50,13,9,1,5,4,6,6,4,4,9,5,5,2,18,2,9,5,4,C03,7,9,1,10,8,12,,6,6,1,13,4,120.535075,24.177306,2
6382,66000,387130000C,(04)23274275,(04)23288582,2025,06,17,16,19,臺中市,大里區,0,1,0,7,2,6,50,13,9,1,5,4,6,6,4,4,5,5,5,1,16,3,10,3,1,B03,7,1,1,8,2,4,,51,51,1,6,4,120.705214,24.087654,2
6383,66000,387130000C,(04)23274275,(04)23288582,2025,06,17,16,21,臺中市,北屯區,0,0,0,7,,,50,,,,,,,,,,,,,,,,,,,A12,,,1,,9,,,59,59,2,6,4,120.72067,24.179871,3
6384,66000,387130000C,(04)23274275,(04)23288582,2025,06,17,16,21,臺中市,霧峰區,0,1,0,7,3,6,30,3,1,1,5,4,6,6,4,4,10,5,5,1,16,2,9,4,1,C03,7,6,1,10,2,12,,15,15,1,12,4,120.670007,24.041667,2
6385,66000,387130000C,(04)23274275,(04)23288582,2025,06,17,16,23,臺中市,北屯區,0,1,0,7,3,6,50,13,9,1,5,4,6,6,4,4,5,2,5,2,12,2,9,1,1,C03,7,11,3,19,2,11,,39,39,1,6,4,120.727354,24.159347,2
6386,66000,387130000C,(04)23274275,(04)23288582,2025,06,17,16,25,臺中市,北區,0,0,0,7,,,50,,,,,,,,,,,,,,17,,,,,B03,,,1,,1,,,42,42,1,13,4,120.685076,24.151367,3
6387,66000,387130000C,(04)23274275,(04)23288582,2025,06,17,16,30,臺中市,北區,0,0,0,7,,,50,,,,,,,,,,,,,,17,,,,,C03,,,1,,1,,,87,87,1,13,4,120.683303,24.161208,3
6388,66000,387130000C,(04)23274275,(04)23288582,2025,06,17,16,30,臺中市,龍井區,0,1,0,7,3,6,30,4,1,1,5,4,6,6,4,4,10,5,5,2,17,2,9,1,1,C03,7,9,1,10,2,11,,15,15,1,12,4,120.520615,24.201017,2
6389,66000,387130000C,(04)23274275,(04)23288582,2025,06,17,16,30,臺中市,梧棲區,0,0,0,7,,,50,,,,,,,,,,,,,,17,,,,,B03,,,1,,1,,,49,49,1,12,4,120.536965,24.246545,3
6390,66000,387130000C,(04)23274275,(04)23288582,2025,06,17,16,34,臺中市,北屯區,0,0,0,7,,,30,,,,,,,,,,,,,,17,,,,,B03,,,1,,2,,,51,51,1,6,4,120.719282,24.161386,3
6391,66000,387130000C,(04)23274275,(04)23288582,2025,06,17,16,36,臺中市,南區,0,1,0,7,2,6,50,4,1,1,5,4,6,6,1,1,9,4,4,2,17,3,10,3,1,B03,7,5,1,8,2,2,,47,47,1,12,4,120.669051,24.128577,2
6392,66000,387130000C,(04)23274275,(04)23288582,2025,06,17,16,37,臺中市,北屯區,0,2,0,7,2,6,50,4,1,1,5,4,6,6,4,4,5,5,4,2,15,3,10,3,1,B03,7,9,1,8,2,1,,12,12,1,12,4,120.684495,24.173477,2
6393,66000,387130000C,(04)23274275,(04)23288582,2025,06,17,16,39,臺中市,西屯區,0,1,0,7,2,6,50,4,1,1,5,4,6,6,1,1,1,4,1,1,17,3,10,5,4,B03,7,6,1,8,1,1,,59,59,1,13,4,120.634619,24.179606,2
6394,66000,387130000C,(04)23274275,(04)23288582,2025,06,17,16,40,臺中市,烏日區,0,0,0,7,,,30,,,,,,,,,,,,,,,,,,,B12,,,1,,2,,,8,8,1,6,4,120.643089,24.080134,3
6395,66000,387130000C,(04)23274275,(04)23288582,2025,06,17,16,42,臺中市,大里區,0,1,0,7,2,6,30,13,9,1,5,4,6,6,4,4,10,5,5,2,17,3,10,3,1,B03,7,1,1,8,2,8,,51,51,1,6,4,120.697112,24.08293,2
6396,66000,387130000C,(04)23274275,(04)23288582,2025,06,17,16,43,臺中市,西區,0,0,0,7,,,50,,,,,,,,,,,,,,,,,,,B03,,,1,,1,,,49,49,1,6,4,120.660971,24.150809,3
6397,66000,387130000C,(04)23274275,(04)23288582,2025,06,17,16,45,臺中市,西屯區,0,0,0,7,,,80,,,,,,,,,,,,,,13,,,,,B03,,,1,,1,,,7,7,1,12,4,120.660299,24.200748,3
6398,66000,387130000C,(04)23274275,(04)23288582,2025,06,17,16,50,臺中市,西區,0,1,0,7,2,6,50,4,1,1,5,4,6,6,4,4,10,5,5,1,15,2,9,2,1,C03,7,9,1,10,2,12,,15,15,1,13,4,120.658002,24.15598,2
6399,66000,387130000C,(04)23274275,(04)23288582,2025,06,17,16,53,臺中市,東區,0,0,0,7,,,50,,,,,,,,,,,,,,13,,,,,C03,,,1,,1,,,7,7,1,13,4,120.684988,24.129428,3
6400,66000,387130000C,(04)23274275,(04)23288582,2025,06,17,16,57,臺中市,北屯區,0,0,0,7,,,50,,,,,,,,,,,,,,12,,,,,B03,,,1,,2,,,51,51,1,12,4,120.720646,24.161557,3
6401,66000,387130000C,(04)23274275,(04)23288582,2025,06,17,17,7,臺中市,西屯區,0,0,0,7,,,50,,,,,,,,,,,,,,13,,,,,C03,,,1,,1,,,59,59,1,13,4,120.638393,24.186531,3
6402,66000,387130000C,(04)23274275,(04)23288582,2025,06,17,17,8,臺中市,梧棲區,0,1,0,7,2,6,60,13,14,1,5,4,6,6,4,4,1,4,5,1,13,4,11,2,1,C03,7,9,1,10,1,11,,7,7,1,5,4,120.525863,24.225111,2
6403,66000,387130000C,(04)23274275,(04)23288582,2025,06,17,17,10,臺中市,太平區,0,0,0,7,,,50,,,,,,,,,,,,,,17,,,,,B03,,,1,,1,,,84,84,1,6,4,120.716345,24.141799,3
6404,66000,387130000C,(04)23274275,(04)23288582,2025,06,17,17,12,臺中市,潭子區,0,2,0,7,3,6,40,13,9,1,5,4,6,6,4,4,10,5,5,1,12,2,9,2,1,C03,7,9,1,10,2,14,,84,84,1,13,4,120.715396,24.210512,2
6405,66000,387130000C,(04)23274275,(04)23288582,2025,06,17,17,12,臺中市,西屯區,0,0,0,7,,,50,,,,,,,,,,,,,,17,,,,,B03,,,1,,1,,,51,51,1,12,4,120.642112,24.185423,3
6406,66000,387130000C,(04)23274275,(04)23288582,2025,06,17,17,13,臺中市,清水區,0,0,0,7,,,60,,,,,,,,,,,,,,,,,,,A11,,,1,,2,,,7,7,1,12,4,120.546824,24.274765,3
6407,66000,387130000C,(04)23274275,(04)23288582,2025,06,17,17,14,臺中市,潭子區,0,0,0,7,,3,80,,,,,,,,,,,,,,,,,,,B03,,,1,,2,,,59,59,1,13,4,120.711063,24.200512,3
6408,66000,387130000C,(04)23274275,(04)23288582,2025,06,17,17,14,臺中市,西屯區,0,2,0,7,2,6,50,4,1,1,5,4,6,6,1,1,5,4,5,2,16,2,9,2,1,C03,7,9,1,10,2,11,,20,20,1,12,4,120.60623,24.16171,2
6409,66000,387130000C,(04)23274275,(04)23288582,2025,06,17,17,18,臺中市,潭子區,0,1,0,7,2,6,40,4,1,1,5,4,6,6,4,4,10,5,5,2,16,3,10,3,1,B03,7,6,1,2,2,4,,14,14,1,13,4,120.694421,24.22371,2
6410,66000,387130000C,(04)23274275,(04)23288582,2025,06,17,17,19,臺中市,北區,0,0,0,7,,,50,,,,,,,,,,,,,,13,,,,,C03,,,1,,1,,,7,7,1,13,4,120.671627,24.169928,3
6411,66000,387130000C,(04)23274275,(04)23288582,2025,06,17,17,19,臺中市,太平區,0,0,0,7,2,6,50,,,,,,,,,,,,,,,,,,,C03,,,1,,2,12,,84,84,1,12,4,120.735431,24.133197,3
6412,66000,387130000C,(04)23274275,(04)23288582,2025,06,17,17,20,臺中市,北屯區,0,0,0,7,,,40,,,,,,,,,,,,,,13,,,,,B03,,,1,,1,,,84,84,1,13,4,120.686595,24.191858,3
6413,66000,387130000C,(04)23274275,(04)23288582,2025,06,17,17,20,臺中市,北屯區,0,3,0,7,1,6,50,4,1,1,5,4,6,6,4,4,10,5,5,2,15,2,9,5,4,C02,7,9,1,9,2,11,,15,15,1,13,4,120.683983,24.180976,2
6414,66000,387130000C,(04)23274275,(04)23288582,2025,06,17,17,20,臺中市,清水區,0,0,0,7,2,6,50,3,1,1,5,4,6,6,1,1,8,3,4,1,12,,,,,B03,,,1,,1,,,8,8,1,12,4,120.53686,24.281134,3
6415,66000,387130000C,(04)23274275,(04)23288582,2025,06,17,17,22,臺中市,龍井區,0,0,0,7,,,60,,,,,,,,,,,,,,13,,,,,B03,,,1,,1,,,84,84,1,6,4,120.573793,24.183461,3
6416,66000,387130000C,(04)23274275,(04)23288582,2025,06,17,17,23,臺中市,北區,0,1,0,7,2,6,50,13,9,1,5,4,6,6,4,4,5,4,5,2,17,3,10,3,1,B03,7,1,1,8,2,5,,51,51,1,13,4,120.684625,24.152899,2
6417,66000,387130000C,(04)23274275,(04)23288582,2025,06,17,17,29,臺中市,清水區,0,0,0,7,,,50,,,,,,,,,,,,,,,,,,,A31,,,1,,2,,,87,87,1,12,4,120.541713,24.288564,3
6418,66000,387130000C,(04)23274275,(04)23288582,2025,06,17,17,30,臺中市,大里區,0,0,0,7,2,6,40,5,1,1,5,4,6,6,1,1,1,2,5,1,16,,,,,B03,,,1,,1,,,26,26,1,13,4,120.671501,24.102367,3
6419,66000,387130000C,(04)23274275,(04)23288582,2025,06,17,17,32,臺中市,東區,0,1,0,7,2,6,50,13,9,1,5,4,6,6,4,4,5,5,5,2,13,3,10,3,1,B03,7,9,1,8,2,8,,84,84,1,12,4,120.709023,24.143863,2
6420,66000,387130000C,(04)23274275,(04)23288582,2025,06,17,17,33,臺中市,沙鹿區,0,1,0,7,2,6,60,3,2,1,5,4,6,6,4,4,3,3,3,1,17,3,10,5,4,B03,7,9,1,8,1,1,,59,59,1,13,4,120.612723,24.244722,2
6421,66000,387130000C,(04)23274275,(04)23288582,2025,06,17,17,33,臺中市,后里區,0,0,0,7,,,50,,,,,,,,,,,,,,12,,,,,B03,,,1,,2,,,40,40,1,12,4,120.722926,24.287512,3
6422,66000,387130000C,(04)23274275,(04)23288582,2025,06,17,17,34,臺中市,西區,0,1,0,7,2,6,50,4,1,1,5,4,6,6,2,1,1,4,4,2,16,3,10,3,1,B03,7,6,1,8,2,5,,11,11,1,12,4,120.667115,24.132177,2
6423,66000,387130000C,(04)23274275,(04)23288582,2025,06,17,17,35,臺中市,北屯區,0,0,0,7,,,50,,,,,,,,,,,,,,14,,,,,B03,,,1,8,1,,,49,49,1,6,4,120.696191,24.178902,3
6424,66000,387130000C,(04)23274275,(04)23288582,2025,06,17,17,35,臺中市,北屯區,0,0,0,7,,,50,,,,,,,,,,,,,,17,,,,,B03,,,1,,1,,,76,76,1,12,4,120.687414,24.179127,3
6425,66000,387130000C,(04)23274275,(04)23288582,2025,06,17,17,37,臺中市,潭子區,0,0,0,7,,3,80,,,,,,,,,,,,,,,,,,,B03,,,1,,1,,,84,84,1,13,4,120.71466,24.199945,3
6426,66000,387130000C,(04)23274275,(04)23288582,2025,06,17,17,40,臺中市,西屯區,0,2,0,7,1,6,50,4,1,5,5,4,6,6,1,1,10,5,5,1,16,2,9,2,1,C03,7,6,1,10,2,11,,11,11,1,12,4,120.635562,24.1679,2
6427,66000,387130000C,(04)23274275,(04)23288582,2025,06,17,17,40,臺中市,烏日區,0,1,0,7,1,6,50,4,1,1,5,4,6,6,4,4,10,5,5,2,17,2,9,1,1,F03,7,11,7,21,2,12,,14,14,1,6,4,120.607233,24.109004,2
6428,66000,387130000C,(04)23274275,(04)23288582,2025,06,17,17,44,臺中市,南區,0,2,0,7,2,6,50,5,1,1,5,4,6,6,1,1,9,4,4,2,17,2,9,1,1,C03,7,5,1,10,2,11,,47,47,1,12,4,120.674646,24.128184,2
6429,66000,387130000C,(04)23274275,(04)23288582,2025,06,17,17,45,臺中市,烏日區,0,0,0,7,,,50,,,,,,,,,,,,,,13,,,,,C03,,,1,,2,,,7,7,1,6,4,120.625741,24.110485,3
6430,66000,387130000C,(04)23274275,(04)23288582,2025,06,17,17,47,臺中市,北屯區,0,1,0,7,2,6,50,13,9,1,5,4,6,6,2,1,5,4,5,2,20,2,9,2,1,C03,7,9,1,10,2,11,,59,59,1,12,4,120.686451,24.198467,2
6431,66000,387130000C,(04)23274275,(04)23288582,2025,06,17,17,50,臺中市,梧棲區,0,1,0,7,2,6,50,4,1,1,5,4,6,6,4,4,10,5,5,2,16,2,7,1,1,C03,7,4,1,10,1,11,,1,1,1,6,4,120.52925,24.255772,2
6432,66000,387130000C,(04)23274275,(04)23288582,2025,06,17,17,51,臺中市,大雅區,0,1,0,7,2,6,30,3,1,1,5,4,6,6,4,4,10,5,5,1,17,3,10,3,1,B03,7,6,1,8,2,1,,20,20,1,12,4,120.654705,24.211953,2
6433,66000,387130000C,(04)23274275,(04)23288582,2025,06,17,17,52,臺中市,北屯區,0,1,0,7,2,6,50,13,9,1,5,4,6,6,4,4,9,5,5,2,13,3,10,2,1,C03,7,9,1,11,2,13,,84,84,1,12,4,120.719478,24.159739,2
6434,66000,387130000C,(04)23274275,(04)23288582,2025,06,17,17,53,臺中市,南區,0,0,0,7,,,50,,,,,,,,,,,,,,17,,,,,B03,,,1,,2,,,11,11,1,13,4,120.666845,24.119077,3
6435,66000,387130000C,(04)23274275,(04)23288582,2025,06,17,17,55,臺中市,北區,0,2,0,7,2,6,50,4,1,1,5,4,6,6,1,1,5,4,4,2,17,2,9,1,1,C03,7,6,1,10,2,14,,48,48,1,12,4,120.679818,24.15215,2
6436,66000,387130000C,(04)23274275,(04)23288582,2025,06,17,17,57,臺中市,太平區,0,0,0,7,,,80,,,,,,,,,,,,,,13,,,,,B03,,,1,,2,,,7,7,1,12,4,120.714272,24.148696,3
6437,66000,387130000C,(04)23274275,(04)23288582,2025,06,17,17,58,臺中市,沙鹿區,0,1,0,7,3,6,50,3,1,1,5,4,6,6,4,4,10,5,5,2,17,3,10,1,1,C03,7,1,1,10,2,13,,51,51,1,6,4,120.564584,24.206967,2
6438,66000,387130000C,(04)23274275,(04)23288582,2025,06,17,18,0,臺中市,西屯區,0,0,0,7,,,40,,,,,,,,,,,,,,17,,,,,B03,,,1,,1,,,85,85,1,13,4,120.640282,24.158779,3
6439,66000,387130000C,(04)23274275,(04)23288582,2025,06,17,18,1,臺中市,太平區,0,1,0,7,3,6,50,4,4,1,5,4,6,6,1,1,1,2,5,2,13,3,10,3,1,B03,7,9,1,8,2,5,,7,7,1,6,4,120.723326,24.149378,2
6440,66000,387130000C,(04)23274275,(04)23288582,2025,06,17,18,5,臺中市,東區,0,0,0,7,,,50,,,,,,,,,,,,,,13,,,,,B03,,,1,,2,,,84,84,1,12,4,120.697988,24.1448,3
6441,66000,387130000C,(04)23274275,(04)23288582,2025,06,17,18,7,臺中市,龍井區,0,2,0,7,2,6,30,3,1,1,5,4,6,6,4,4,10,5,5,2,16,2,9,1,1,C03,7,6,1,10,2,11,,14,14,1,6,4,120.586431,24.182717,2
6442,66000,387130000C,(04)23274275,(04)23288582,2025,06,17,18,13,臺中市,北屯區,0,1,0,7,2,6,50,3,1,1,5,4,6,6,4,4,9,5,5,2,16,3,10,1,1,C03,7,6,1,10,2,11,,4,4,1,13,4,120.697868,24.172925,2
6443,66000,387130000C,(04)23274275,(04)23288582,2025,06,17,18,14,臺中市,大里區,0,1,0,7,2,6,30,3,1,1,5,4,6,6,4,4,10,5,5,2,11,3,10,3,1,B03,7,6,1,8,2,5,,14,14,1,12,4,120.704461,24.097601,2
6444,66000,387130000C,(04)23274275,(04)23288582,2025,06,17,18,14,臺中市,太平區,0,0,0,7,,,50,,,,,,,,,,,,,,17,,,,,C03,,,1,,2,,,84,84,1,12,4,120.717854,24.104533,3
6445,66000,387130000C,(04)23274275,(04)23288582,2025,06,17,18,15,臺中市,西屯區,0,0,0,7,,,50,,,,,,,,,,,,,,17,,,,,B03,,,1,,1,,,8,8,1,12,4,120.634747,24.164895,3
6446,66000,387130000C,(04)23274275,(04)23288582,2025,06,17,18,16,臺中市,南區,0,0,0,7,,,50,,,,,,,,,,,,,,17,,,,,B12,,,1,,1,,,87,87,1,12,4,120.681897,24.133974,3
6447,66000,387130000C,(04)23274275,(04)23288582,2025,06,17,18,17,臺中市,東區,0,0,0,7,,,50,,,,,,,,,,,,,,13,,,,,B03,,,1,,2,,,7,7,1,13,4,120.691205,24.131999,3
6448,66000,387130000C,(04)23274275,(04)23288582,2025,06,17,18,17,臺中市,大里區,0,1,0,7,3,6,30,4,1,1,5,4,6,6,1,1,10,5,5,2,16,2,9,4,1,F01,7,11,7,21,2,12,,20,20,1,13,4,120.685879,24.115436,2
6449,66000,387130000C,(04)23274275,(04)23288582,2025,06,17,18,21,臺中市,大里區,0,0,0,7,,,50,,,,,,,,,,,,,,,,,,,B01,,,1,,2,,,7,7,1,12,4,120.69184,24.115136,3
6450,66000,387130000C,(04)23274275,(04)23288582,2025,06,17,18,24,臺中市,北屯區,0,0,0,7,,,50,,,,,,,,,,,,,,14,,,,,B03,,,1,8,1,,,49,49,1,6,4,120.741471,24.179829,3
6451,66000,387130000C,(04)23274275,(04)23288582,2025,06,17,18,26,臺中市,沙鹿區,0,0,0,7,,,40,,,,,,,,,,,,,,,,,,,C03,,,1,,1,,,84,84,1,6,4,120.564449,24.23934,3
6452,66000,387130000C,(04)23274275,(04)23288582,2025,06,17,18,27,臺中市,大雅區,0,1,0,7,1,6,60,13,8,1,5,4,6,6,4,4,1,4,4,1,17,3,10,3,1,B03,7,5,1,8,2,2,,85,85,1,13,4,120.649681,24.213656,2
6453,66000,387130000C,(04)23274275,(04)23288582,2025,06,17,18,29,臺中市,大里區,0,0,0,7,,,50,,,,,,,,,,,,,,,,,,,B03,,,1,,1,,,50,50,1,12,4,120.680366,24.109445,3
6454,66000,387130000C,(04)23274275,(04)23288582,2025,06,17,18,33,臺中市,北屯區,0,0,0,7,,,50,,,,,,,,,,,,,,13,,,,,B03,,,1,,1,,,84,84,1,12,4,120.699668,24.160694,3
6455,66000,387130000C,(04)23274275,(04)23288582,2025,06,17,18,35,臺中市,南屯區,0,0,0,7,,,50,,,,,,,,,,,,,,17,,,,,B03,,,1,,9,,,50,50,1,13,4,120.637293,24.137754,3
6456,66000,387130000C,(04)23274275,(04)23288582,2025,06,17,18,40,臺中市,北屯區,0,1,0,7,2,6,50,4,2,1,5,4,6,6,2,1,10,2,5,2,22,2,7,2,1,C03,7,9,1,10,2,11,,84,84,1,12,4,120.679569,24.174028,2
6457,66000,387130000C,(04)23274275,(04)23288582,2025,06,17,18,53,臺中市,大里區,0,0,0,7,,,50,,,,,,,,,,,,,,13,,,,,B03,,,1,,2,,,59,59,1,13,4,120.684489,24.102127,3
6458,66000,387130000C,(04)23274275,(04)23288582,2025,06,17,18,58,臺中市,西區,0,1,0,7,1,6,50,5,1,1,5,4,6,6,2,1,10,5,5,2,16,3,10,5,1,B03,7,5,1,8,2,2,,47,47,1,6,4,120.66885,24.132085,2
6459,66000,387130000C,(04)23274275,(04)23288582,2025,06,17,18,59,臺中市,北屯區,0,0,0,7,,,,,,,,,,,,,,,,,,,,,,,,,,,,,,119,119,1,,,120.706999,24.189861,3
6460,66000,387130000C,(04)23274275,(04)23288582,2025,06,17,19,0,臺中市,西區,0,0,0,7,,,50,,,,,,,,,,,,,,,,,,,B03,,,1,,2,,,84,84,1,13,4,120.668178,24.146544,3