﻿序號,縣市別代碼,機關代碼,市話,傳真,年,月,日,時,分,縣市,區,死亡數量,受傷數量,2-30,天候,道路照明設備,道路類別,道路速限,道路型態,事故位置,路面鋪裝,路面狀態,路面缺陷,障礙物,視距,號誌種類,號誌動作,分向設施,快車道或一般車道間,快慢車道間,路面邊線,事故類型及型態,受傷程度,主要傷處,保護裝備,行動電話或功能裝置,當事者區分_類別,車輛用途,當事者行動狀態,駕照狀態,駕照種類,飲酒情形,車輛撞擊部位最初,車輛撞擊部位其他,肇事因素個別,肇事因素主要,肇事逃逸,職業,共享經濟或外送平台,GPS座標X,GPS座標Y,事故類別
6572,66000,387130000C,(04)23274275,(04)23288582,2025,06,18,7,50,臺中市,南屯區,0,0,0,7,3,6,50,13,9,1,5,4,6,6,4,4,5,4,5,2,12,,,,,B12,,,1,,9,,,51,51,2,12,4,120.615004,24.147136,3
6573,66000,387130000C,(04)23274275,(04)23288582,2025,06,18,7,54,臺中市,北區,0,1,0,7,2,6,50,13,9,1,5,4,6,6,4,4,9,5,5,2,18,2,9,1,1,C03,7,9,1,10,2,14,,84,84,1,13,4,120.68798,24.158308,2
6574,66000,387130000C,(04)23274275,(04)23288582,2025,06,18,7,54,臺中市,東區,0,1,0,7,3,6,50,13,9,1,5,4,6,6,4,4,5,4,4,2,3,3,10,2,1,C03,7,9,1,10,2,11,,84,84,1,13,4,120.702694,24.144716,2
6575,66000,387130000C,(04)23274275,(04)23288582,2025,06,18,7,55,臺中市,沙鹿區,0,1,0,7,3,6,30,13,9,1,5,4,6,1,4,4,10,5,5,1,10,3,10,3,1,B12,7,9,5,19,2,8,,59,59,1,6,4,120.550393,24.217461,2
6576,66000,387130000C,(04)23274275,(04)23288582,2025,06,18,7,56,臺中市,大肚區,0,0,0,7,,,40,,,,,,,,,,,,,,13,,,,,B03,,,1,,2,,,87,87,1,6,4,120.582906,24.172461,3
6577,66000,387130000C,(04)23274275,(04)23288582,2025,06,18,7,56,臺中市,龍井區,0,0,0,7,,,40,,,,,,,,,,,,,,,,,,,A12,,,1,,2,,,49,49,1,6,4,120.539926,24.197267,3
6578,66000,387130000C,(04)23274275,(04)23288582,2025,06,18,7,59,臺中市,大里區,0,1,0,7,2,6,50,4,1,1,5,4,6,6,1,1,1,5,5,2,17,3,10,3,1,B03,7,5,1,8,2,2,,84,84,1,12,4,120.696921,24.111164,2
6579,66000,387130000C,(04)23274275,(04)23288582,2025,06,18,8,0,臺中市,東區,0,0,0,7,,,50,,,,,,,,,,,,,,16,,,,,B03,,,1,,1,,,12,12,1,11,4,120.705482,24.132204,3
6580,66000,387130000C,(04)23274275,(04)23288582,2025,06,18,8,0,臺中市,大肚區,0,0,0,7,,,30,,,,,,,,,,,,,,,,,,,B03,,,1,,1,,,15,15,1,6,4,120.537178,24.15271,3
6581,66000,387130000C,(04)23274275,(04)23288582,2025,06,18,8,0,臺中市,沙鹿區,0,1,0,7,2,6,40,13,8,1,5,4,6,6,4,4,1,4,4,2,10,3,10,1,1,C03,7,9,1,10,1,11,,4,4,1,12,4,120.556623,24.222426,2
6582,66000,387130000C,(04)23274275,(04)23288582,2025,06,18,8,3,臺中市,霧峰區,0,1,0,7,3,6,40,13,9,1,5,4,6,6,4,4,5,5,5,1,12,2,7,1,1,C03,7,1,3,19,2,14,,51,51,1,12,4,120.703016,24.07078,2
6583,66000,387130000C,(04)23274275,(04)23288582,2025,06,18,8,4,臺中市,北區,0,0,0,7,,,50,,,,,,,,,,,,,,,,,,,B03,,,1,,2,,,56,56,1,12,4,120.674086,24.169333,3
6584,66000,387130000C,(04)23274275,(04)23288582,2025,06,18,8,4,臺中市,西屯區,0,0,0,7,,,50,,,,,,,,,,,,,,13,,,,,B03,,,1,,1,,,7,7,1,12,4,120.625131,24.182057,3
6585,66000,387130000C,(04)23274275,(04)23288582,2025,06,18,8,4,臺中市,西屯區,0,0,0,7,,,50,,,,,,,,,,,,,,16,,,,,B01,,,1,,1,,,11,11,1,13,4,120.641235,24.173484,3
6586,66000,387130000C,(04)23274275,(04)23288582,2025,06,18,8,6,臺中市,西屯區,0,1,0,7,2,6,50,3,1,1,5,4,6,6,1,1,3,5,5,2,16,2,9,5,4,C03,7,9,3,19,2,11,,21,21,1,13,4,120.652953,24.204213,2
6587,66000,387130000C,(04)23274275,(04)23288582,2025,06,18,8,9,臺中市,北屯區,0,0,0,7,,,50,,,,,,,,,,,,,,17,,,,,,,,,,,,,86,86,1,,,120.684111,24.169924,3
6588,66000,387130000C,(04)23274275,(04)23288582,2025,06,18,8,10,臺中市,大里區,0,1,0,7,2,6,50,4,1,1,5,4,6,6,1,1,10,5,5,2,16,4,11,5,4,B03,7,9,3,19,11,8,,21,21,1,13,4,120.697738,24.082553,2
6589,66000,387130000C,(04)23274275,(04)23288582,2025,06,18,8,11,臺中市,大里區,0,2,0,7,2,6,50,3,2,1,5,4,6,6,1,1,1,4,5,1,13,2,8,1,1,C03,7,9,1,10,2,11,,7,7,1,13,4,120.670152,24.111456,2
6590,66000,387130000C,(04)23274275,(04)23288582,2025,06,18,8,13,臺中市,北屯區,0,0,0,7,,,50,,,,,,,,,,,,,,17,,,,,B12,,,1,,1,,,58,58,1,6,4,120.693047,24.170367,3
6591,66000,387130000C,(04)23274275,(04)23288582,2025,06,18,8,14,臺中市,外埔區,0,0,0,7,,,50,,,,,,,,,,,,,,13,,,,,B03,,,1,,2,,,7,7,1,12,4,120.661551,24.323666,4
6592,66000,387130000C,(04)23274275,(04)23288582,2025,06,18,8,16,臺中市,太平區,0,1,0,7,3,6,50,4,1,1,5,4,6,6,4,4,10,5,5,2,13,2,9,1,1,C03,7,9,1,10,2,11,,6,6,1,12,4,120.730381,24.127769,2
6593,66000,387130000C,(04)23274275,(04)23288582,2025,06,18,8,17,臺中市,南屯區,0,0,0,7,,,50,,,,,,,,,,,,,,,,,,,B03,,,1,,1,,,59,59,1,13,4,120.652976,24.153615,3
6594,66000,387130000C,(04)23274275,(04)23288582,2025,06,18,8,18,臺中市,太平區,0,2,0,7,3,6,50,3,1,1,5,4,6,6,4,4,5,5,4,2,16,2,7,2,1,C04,7,1,1,11,2,13,,51,51,1,12,4,120.712128,24.149957,2
6595,66000,387130000C,(04)23274275,(04)23288582,2025,06,18,8,20,臺中市,西區,0,1,0,7,2,6,50,13,9,1,5,4,6,6,4,4,1,4,4,1,13,3,10,2,1,C03,7,8,3,19,2,11,,43,43,1,13,4,120.657642,24.151414,2
6596,66000,387130000C,(04)23274275,(04)23288582,2025,06,18,8,20,臺中市,東區,0,0,0,7,1,6,50,3,1,1,5,4,6,6,4,4,10,5,5,2,17,3,10,1,1,B03,7,5,1,8,1,2,,84,84,1,12,4,120.705482,24.132204,3
6597,66000,387130000C,(04)23274275,(04)23288582,2025,06,18,8,21,臺中市,北區,0,0,0,7,,,50,,,,,,,,,,,,,,13,,,,,B03,,,1,,1,,,7,7,1,13,4,120.677376,24.163343,3
6598,66000,387130000C,(04)23274275,(04)23288582,2025,06,18,8,22,臺中市,西區,0,1,0,7,2,6,50,4,1,1,5,4,6,6,2,1,10,5,5,2,16,3,10,2,1,C03,7,6,1,10,2,11,,11,11,1,12,4,120.661781,24.154387,2
6599,66000,387130000C,(04)23274275,(04)23288582,2025,06,18,8,30,臺中市,西區,0,1,0,7,1,6,50,13,9,1,5,4,6,6,4,4,9,5,5,1,17,3,10,5,4,B12,7,1,1,8,2,8,,51,51,1,12,4,120.66423,24.153266,2
6600,66000,387130000C,(04)23274275,(04)23288582,2025,06,18,8,30,臺中市,霧峰區,0,0,0,7,,,40,,,,,,,,,,,,,,11,,,,,B12,,,1,,2,,,39,39,1,12,4,120.679338,24.064739,3
6601,66000,387130000C,(04)23274275,(04)23288582,2025,06,18,8,31,臺中市,西區,0,0,0,7,,,50,,,,,,,,,,,,,,17,,,,,C03,,,1,,1,,,82,82,1,13,4,120.662686,24.157088,3
6602,66000,387130000C,(04)23274275,(04)23288582,2025,06,18,8,34,臺中市,南屯區,0,1,0,7,1,6,50,13,9,1,5,4,6,6,4,4,9,5,5,2,12,2,8,5,4,C03,7,9,1,10,1,11,,84,84,1,13,4,120.612853,24.149046,2
6603,66000,387130000C,(04)23274275,(04)23288582,2025,06,18,8,38,臺中市,南屯區,0,0,0,7,,,50,,,,,,,,,,,,,,17,,,,,B12,,,1,,1,,,51,51,1,12,4,120.63741,24.131836,3
6604,66000,387130000C,(04)23274275,(04)23288582,2025,06,18,8,39,臺中市,南屯區,0,1,0,7,2,6,50,3,2,1,5,4,6,6,1,1,1,2,5,2,13,2,8,1,1,C03,7,9,1,10,2,11,,7,7,1,6,4,120.609723,24.155247,2
6605,66000,387130000C,(04)23274275,(04)23288582,2025,06,18,8,46,臺中市,西屯區,0,0,0,7,,,0,,,,,,,,,,,,,,17,,,,,F01,,,7,,1,,,39,39,1,13,1,120.650247,24.162574,3
6606,66000,387130000C,(04)23274275,(04)23288582,2025,06,18,8,47,臺中市,豐原區,0,1,0,7,2,6,50,11,8,1,5,4,6,6,1,1,5,5,4,2,17,3,10,5,4,B03,7,9,1,8,2,2,,84,84,1,12,4,120.718026,24.25463,2
6607,66000,387130000C,(04)23274275,(04)23288582,2025,06,18,8,48,臺中市,潭子區,0,2,0,7,2,6,50,3,1,1,5,4,6,6,4,4,5,5,4,2,16,3,10,3,1,B03,7,5,1,8,2,6,,20,20,1,13,4,120.706186,24.231648,2
6608,66000,387130000C,(04)23274275,(04)23288582,2025,06,18,8,50,臺中市,潭子區,0,1,0,7,3,6,60,4,4,1,5,4,6,6,1,1,1,4,5,1,12,3,10,2,1,C03,7,9,1,10,2,12,,84,84,1,13,4,120.705385,24.209873,2
6609,66000,387130000C,(04)23274275,(04)23288582,2025,06,18,8,50,臺中市,北區,0,0,0,7,,,50,,,,,,,,,,,,,,17,,,,,B12,,,1,,2,,,7,7,1,13,4,120.672955,24.170906,3
6610,66000,387130000C,(04)23274275,(04)23288582,2025,06,18,8,53,臺中市,南屯區,0,2,0,7,2,6,50,4,2,1,5,4,6,6,1,1,8,3,5,1,17,3,10,1,1,C03,7,6,1,10,1,16,,11,11,1,12,4,120.653157,24.132022,2
6611,66000,387130000C,(04)23274275,(04)23288582,2025,06,18,8,54,臺中市,潭子區,0,0,0,7,,,40,,,,,,,,,,,,,,12,,,,,B03,,,1,,2,,,8,8,1,13,4,120.71036,24.200623,3
6612,66000,387130000C,(04)23274275,(04)23288582,2025,06,18,8,54,臺中市,南屯區,0,2,0,7,1,6,50,4,1,1,5,4,6,6,2,1,5,2,5,2,11,2,9,1,1,C03,7,6,1,10,2,12,,11,11,1,13,4,120.609707,24.138486,2
6613,66000,387130000C,(04)23274275,(04)23288582,2025,06,18,8,55,臺中市,烏日區,0,2,0,7,2,6,30,13,9,1,5,4,6,6,4,4,10,4,5,1,18,2,9,1,1,C03,7,9,2,19,2,14,,84,84,1,6,4,120.646463,24.052568,2
6614,66000,387130000C,(04)23274275,(04)23288582,2025,06,18,8,56,臺中市,豐原區,0,0,0,7,,,40,,,,,,,,,,,,,,13,,,,,B03,,,1,,2,,,50,50,1,8,4,120.73711,24.251048,3
6615,66000,387130000C,(04)23274275,(04)23288582,2025,06,18,8,58,臺中市,東區,0,1,0,7,2,6,40,13,8,1,5,4,6,6,4,4,9,4,4,2,17,2,9,2,1,C03,7,15,1,10,2,11,,7,7,1,12,4,120.707749,24.144442,2
6616,66000,387130000C,(04)23274275,(04)23288582,2025,06,18,8,58,臺中市,南屯區,0,0,0,7,,,50,,,,,,,,,,,,,,12,,,,,B03,,,1,,1,,,40,40,1,6,4,120.62339,24.1497,3
6617,66000,387130000C,(04)23274275,(04)23288582,2025,06,18,9,1,臺中市,北屯區,0,1,0,7,2,6,50,3,1,1,5,4,6,6,2,1,10,5,5,2,18,2,9,5,4,C03,7,6,1,10,2,16,,84,84,1,12,4,120.668301,24.201304,2
6618,66000,387130000C,(04)23274275,(04)23288582,2025,06,18,9,3,臺中市,豐原區,0,1,0,7,3,6,30,13,9,1,5,4,6,6,4,4,10,5,5,2,18,2,7,1,1,C03,7,9,1,10,2,16,,59,59,1,12,4,120.70688,24.252023,2
6619,66000,387130000C,(04)23274275,(04)23288582,2025,06,18,9,6,臺中市,北屯區,0,0,0,7,,,50,,,,,,,,,,,,,,13,,,,,B12,,,1,,1,,,59,59,1,12,4,120.680101,24.189032,3
6620,66000,387130000C,(04)23274275,(04)23288582,2025,06,18,9,8,臺中市,潭子區,0,1,0,7,3,6,30,3,1,1,5,4,6,6,4,4,10,5,5,2,17,3,10,3,1,B12,7,6,1,8,2,1,,14,14,1,13,4,120.713807,24.222955,2
6621,66000,387130000C,(04)23274275,(04)23288582,2025,06,18,9,8,臺中市,西屯區,0,0,0,7,,,50,,,,,,,,,,,,,,13,,,,,C03,,,1,,1,,,7,7,1,12,4,120.664773,24.169274,3
6622,66000,387130000C,(04)23274275,(04)23288582,2025,06,18,9,10,臺中市,后里區,0,0,0,7,,,50,,,,,,,,,,,,,,13,,,,,B03,,,1,,2,,,59,59,1,12,4,120.701762,24.308595,4
6623,66000,387130000C,(04)23274275,(04)23288582,2025,06,18,9,11,臺中市,大里區,0,0,0,7,,,30,,,,,,,,,,,,,,11,,,,,B03,,,1,,2,,,8,8,1,13,4,120.703243,24.104559,3
6624,66000,387130000C,(04)23274275,(04)23288582,2025,06,18,9,13,臺中市,大里區,0,0,0,7,,,50,,,,,,,,,,,,,,9,,,,,B03,,,1,,2,,,40,40,1,12,4,120.65675,24.087358,3
6625,66000,387130000C,(04)23274275,(04)23288582,2025,06,18,9,13,臺中市,烏日區,0,0,0,7,,,50,,,,,,,,,,,,,,9,,,,,A12,,,1,,1,,,84,84,1,6,4,120.642745,24.074765,3
6626,66000,387130000C,(04)23274275,(04)23288582,2025,06,18,9,15,臺中市,北區,0,0,0,7,,,50,,,,,,,,,,,,,,13,,,,,B03,,,1,,1,,,59,59,1,13,4,120.672366,24.169172,3
6627,66000,387130000C,(04)23274275,(04)23288582,2025,06,18,9,21,臺中市,豐原區,0,1,0,7,2,6,60,13,9,1,5,4,6,6,2,1,1,4,4,1,12,3,10,3,1,A12,7,7,1,2,3,5,,84,84,1,12,4,120.729682,24.243216,2
6628,66000,387130000C,(04)23274275,(04)23288582,2025,06,18,9,31,臺中市,北屯區,0,0,0,7,,,80,,,,,,,,,,,,,,12,,,,,A41,,,1,,1,,,40,40,1,6,4,120.719154,24.174926,3
6629,66000,387130000C,(04)23274275,(04)23288582,2025,06,18,9,32,臺中市,東區,0,0,0,7,,,50,,,,,,,,,,,,,,,,,,,C03,,,1,,2,,,7,7,1,13,4,120.685984,24.143137,3
6630,66000,387130000C,(04)23274275,(04)23288582,2025,06,18,9,33,臺中市,北屯區,0,0,0,7,,,50,,,,,,,,,,,,,,17,,,,,B03,,,1,,1,,,51,51,1,6,4,120.664829,24.193335,3
6631,66000,387130000C,(04)23274275,(04)23288582,2025,06,18,9,35,臺中市,北區,0,1,0,7,3,6,50,18,9,1,5,4,6,6,4,4,1,4,5,2,17,3,10,3,1,B03,7,5,5,19,9,2,,47,47,1,12,4,120.685551,24.163141,2
6632,66000,387130000C,(04)23274275,(04)23288582,2025,06,18,9,39,臺中市,南屯區,0,0,0,7,,,30,,,,,,,,,,,,,,17,,,,,A12,,,1,,1,,,49,49,1,12,4,120.620281,24.136134,3
6633,66000,387130000C,(04)23274275,(04)23288582,2025,06,18,9,40,臺中市,烏日區,0,0,0,7,,,30,,,,,,,,,,,,,,9,,,,,B12,,,1,,2,,,84,84,1,6,4,120.646937,24.052169,3
6634,66000,387130000C,(04)23274275,(04)23288582,2025,06,18,9,41,臺中市,后里區,0,2,0,7,2,6,50,3,1,1,5,4,6,6,4,4,10,5,5,2,12,2,9,1,1,C03,7,9,1,10,2,11,12,1,1,1,12,4,120.715147,24.339769,2
6635,66000,387130000C,(04)23274275,(04)23288582,2025,06,18,9,42,臺中市,南屯區,0,0,0,7,,,50,,,,,,,,,,,,,,,,,,,A12,,,1,,1,,,49,49,1,13,4,120.616805,24.154975,3
6636,66000,387130000C,(04)23274275,(04)23288582,2025,06,18,9,45,臺中市,烏日區,0,1,0,7,2,6,30,13,9,1,5,4,6,6,4,4,10,5,5,1,14,3,10,3,1,B03,7,2,1,8,2,3,,49,49,1,12,4,120.655532,24.097345,2
6637,66000,387130000C,(04)23274275,(04)23288582,2025,06,18,9,46,臺中市,后里區,0,0,0,7,,,50,,,,,,,,,,,,,,12,,,,,B03,,,1,,9,,,84,84,2,12,4,120.711105,24.304521,3
6638,66000,387130000C,(04)23274275,(04)23288582,2025,06,18,9,48,臺中市,霧峰區,0,1,0,7,2,6,50,4,1,1,5,4,6,6,1,1,10,5,5,2,16,3,10,1,1,C03,7,6,3,19,2,11,,39,39,1,12,4,120.698686,24.064478,2
6639,66000,387130000C,(04)23274275,(04)23288582,2025,06,18,9,49,臺中市,大雅區,0,1,0,7,1,6,50,5,2,1,5,4,6,6,1,1,5,5,5,1,17,2,9,1,1,C03,7,9,1,10,2,11,,84,84,1,13,4,120.673337,24.210325,2
6640,66000,387130000C,(04)23274275,(04)23288582,2025,06,18,9,50,臺中市,太平區,0,1,0,7,3,6,50,4,1,1,5,4,6,6,3,1,5,5,4,1,16,3,10,2,1,C03,7,6,1,10,1,12,,14,14,1,12,4,120.723159,24.142083,2
6641,66000,387130000C,(04)23274275,(04)23288582,2025,06,18,9,50,臺中市,東勢區,0,0,0,7,,,50,,,,,,,,,,,,,,,,,,,B03,,,1,,1,,,39,39,1,12,4,120.851498,24.238749,3
6642,66000,387130000C,(04)23274275,(04)23288582,2025,06,18,9,51,臺中市,西屯區,0,1,0,7,2,6,40,4,1,1,5,4,6,6,2,1,10,5,5,2,13,2,8,5,4,C02,7,9,1,9,2,11,,7,7,1,13,4,120.655911,24.158976,2
6643,66000,387130000C,(04)23274275,(04)23288582,2025,06,18,9,52,臺中市,大里區,0,0,0,7,2,6,60,13,7,1,5,4,1,6,4,4,1,4,1,2,30,,,,,H03,,,1,,10,,,109,109,1,13,5,120.660748,24.08409,3
6644,66000,387130000C,(04)23274275,(04)23288582,2025,06,18,9,54,臺中市,太平區,0,0,0,6,2,6,50,5,1,1,5,4,6,6,2,1,1,2,5,2,17,3,10,3,1,B12,7,15,1,8,2,5,,8,8,1,6,4,120.713343,24.146349,3
6645,66000,387130000C,(04)23274275,(04)23288582,2025,06,18,9,56,臺中市,西區,0,0,0,7,,,50,,,,,,,,,,,,,,,,,,,B03,,,1,,1,,,84,84,1,13,4,120.672721,24.1359,3
6646,66000,387130000C,(04)23274275,(04)23288582,2025,06,18,9,57,臺中市,西區,0,1,0,7,2,6,50,4,1,1,5,4,6,6,4,4,10,5,5,2,15,3,10,3,1,B03,7,9,1,8,2,5,,15,15,1,12,4,120.658234,24.139355,2
6647,66000,387130000C,(04)23274275,(04)23288582,2025,06,18,9,57,臺中市,西屯區,0,0,0,7,,,50,,,,,,,,,,,,,,13,,,,,C03,,,1,,1,,,7,7,1,12,4,120.633789,24.161809,3
6648,66000,387130000C,(04)23274275,(04)23288582,2025,06,18,9,59,臺中市,南區,0,1,0,7,3,9,50,4,1,1,5,4,6,5,4,4,10,5,5,2,11,3,10,2,1,C03,7,9,1,10,2,12,,4,4,1,6,4,120.673572,24.126025,2
6649,66000,387130000C,(04)23274275,(04)23288582,2025,06,18,10,0,臺中市,潭子區,0,4,0,7,2,6,60,13,7,1,5,4,6,6,4,4,1,4,4,1,13,2,9,3,1,B03,7,9,1,8,2,1,,56,56,1,13,4,120.705362,24.212701,2
6650,66000,387130000C,(04)23274275,(04)23288582,2025,06,18,10,4,臺中市,西屯區,0,1,0,7,3,6,50,4,1,1,5,4,6,6,2,1,10,5,5,2,16,3,10,3,1,B03,7,5,1,8,2,5,,47,47,1,13,4,120.636752,24.171176,2
6651,66000,387130000C,(04)23274275,(04)23288582,2025,06,18,10,10,臺中市,東區,0,1,0,7,2,6,50,3,1,1,5,4,6,6,4,4,10,5,5,2,16,3,10,4,1,B03,7,5,3,19,2,8,,14,14,1,6,4,120.689167,24.141387,2
6652,66000,387130000C,(04)23274275,(04)23288582,2025,06,18,10,10,臺中市,沙鹿區,0,0,0,7,,,40,,,,,,,,,,,,,,12,,,,,B03,,,1,,2,,,8,8,1,12,4,120.559977,24.239676,3
6653,66000,387130000C,(04)23274275,(04)23288582,2025,06,18,10,17,臺中市,龍井區,0,1,0,7,3,6,40,4,8,1,5,4,6,6,1,1,10,4,3,1,17,3,10,3,1,B03,7,5,1,8,2,6,,20,20,1,6,4,120.505514,24.210586,2
6654,66000,387130000C,(04)23274275,(04)23288582,2025,06,18,10,23,臺中市,霧峰區,0,1,0,7,3,6,60,4,1,1,5,4,6,6,1,1,1,4,4,1,16,3,10,3,1,A12,7,5,1,3,2,2,5,11,11,1,12,4,120.696712,24.026494,2
6655,66000,387130000C,(04)23274275,(04)23288582,2025,06,18,10,25,臺中市,北區,0,0,0,7,,,50,,,,,,,,,,,,,,12,,,,,B03,,,1,,1,,,84,84,1,13,4,120.699677,24.160368,3
6656,66000,387130000C,(04)23274275,(04)23288582,2025,06,18,10,25,臺中市,梧棲區,0,1,0,7,2,6,50,13,9,1,5,4,6,6,4,4,5,4,5,2,20,2,9,1,1,C03,7,9,1,10,2,12,,59,59,1,12,4,120.55247,24.238669,2
6657,66000,387130000C,(04)23274275,(04)23288582,2025,06,18,10,26,臺中市,龍井區,0,0,0,7,,,50,,,,,,,,,,,,,,12,,,,,B03,,,1,,9,,,51,51,1,13,4,120.588431,24.180889,3
6658,66000,387130000C,(04)23274275,(04)23288582,2025,06,18,10,30,臺中市,西屯區,0,0,0,7,2,6,60,4,2,1,5,4,6,6,2,1,1,2,1,2,13,,,,,B03,,,1,,1,,,7,7,1,13,4,120.639076,24.159008,3
6659,66000,387130000C,(04)23274275,(04)23288582,2025,06,18,10,32,臺中市,西屯區,0,1,0,7,2,6,80,13,9,1,5,4,6,6,4,4,3,4,5,2,13,3,10,5,4,B03,7,9,1,8,2,8,,7,7,1,12,4,120.625446,24.156587,2
6660,66000,387130000C,(04)23274275,(04)23288582,2025,06,18,10,35,臺中市,西區,0,1,0,7,1,6,50,13,9,1,5,4,6,6,4,4,9,5,5,1,17,3,10,5,4,B03,7,11,1,8,2,1,,45,45,1,12,4,120.677395,24.134363,2
6661,66000,387130000C,(04)23274275,(04)23288582,2025,06,18,10,36,臺中市,北區,0,0,0,7,,,50,,,,,,,,,,,,,,13,,,,,B03,,,1,,1,1,,59,59,1,12,4,120.678687,24.159177,3
6662,66000,387130000C,(04)23274275,(04)23288582,2025,06,18,10,48,臺中市,大里區,0,0,0,7,,,50,,,,,,,,,,,,,,24,,,,,B03,,,1,,1,,,59,59,1,6,4,120.698648,24.089617,3
6663,66000,387130000C,(04)23274275,(04)23288582,2025,06,18,10,56,臺中市,南屯區,0,2,0,7,2,6,50,4,1,1,5,4,6,6,2,1,8,3,4,1,17,2,9,1,1,C03,7,1,1,10,1,12,,51,51,1,12,4,120.652988,24.150881,2
6664,66000,387130000C,(04)23274275,(04)23288582,2025,06,18,11,7,臺中市,太平區,0,0,0,7,,,50,,,,,,,,,,,,,,,,,,,F03,,,1,,2,,,84,84,1,12,4,120.716573,24.14727,3
6665,66000,387130000C,(04)23274275,(04)23288582,2025,06,18,11,14,臺中市,外埔區,0,1,0,7,2,6,50,13,7,1,5,4,6,6,4,4,5,4,5,1,13,2,9,1,1,C03,7,9,1,10,2,11,,7,7,1,12,4,120.654757,24.347366,2
6666,66000,387130000C,(04)23274275,(04)23288582,2025,06,18,11,15,臺中市,大里區,0,1,0,7,3,6,50,4,1,1,5,4,6,6,1,1,5,5,5,1,16,3,10,3,1,B03,7,5,1,8,2,6,,11,11,1,13,4,120.680347,24.095601,2
6667,66000,387130000C,(04)23274275,(04)23288582,2025,06,18,11,17,臺中市,北屯區,0,1,0,7,3,6,50,4,1,1,5,4,6,6,1,1,10,5,5,2,16,2,5,3,1,B03,7,6,1,8,2,6,,11,11,1,12,4,120.720953,24.169893,2
6668,66000,387130000C,(04)23274275,(04)23288582,2025,06,18,11,18,臺中市,烏日區,0,0,0,7,,,50,,,,,,,,,,,,,,2,,,,,B03,,,1,,2,,,40,40,1,6,4,120.607215,24.108942,3
6669,66000,387130000C,(04)23274275,(04)23288582,2025,06,18,11,18,臺中市,豐原區,0,1,0,7,2,6,50,3,7,1,5,4,6,6,1,1,5,5,4,2,13,3,10,1,1,C03,7,9,1,10,2,11,,7,7,1,12,2,120.698317,24.244987,2
6670,66000,387130000C,(04)23274275,(04)23288582,2025,06,18,11,29,臺中市,沙鹿區,0,0,0,7,,,50,,,,,,,,,,,,,,3,,,,,C03,,,1,,2,,,10,10,1,6,2,120.560281,24.238147,3
6671,66000,387130000C,(04)23274275,(04)23288582,2025,06,18,11,30,臺中市,清水區,0,0,0,7,,,50,,,,,,,,,,,,,,,,,,,B03,,,1,,1,,,84,84,1,12,4,120.576514,24.275502,3
6672,66000,387130000C,(04)23274275,(04)23288582,2025,06,18,11,31,臺中市,南屯區,0,2,0,7,1,6,50,4,2,1,5,4,6,6,2,1,5,4,5,2,12,2,9,5,4,C03,7,9,1,10,2,14,,7,7,1,13,4,120.620854,24.13999,2
6673,66000,387130000C,(04)23274275,(04)23288582,2025,06,18,11,34,臺中市,北區,0,1,0,7,2,6,50,3,1,1,5,4,6,6,4,4,5,4,4,2,13,2,9,1,1,C03,7,9,1,10,2,11,12,7,7,1,13,4,120.681535,24.150786,2
6674,66000,387130000C,(04)23274275,(04)23288582,2025,06,18,11,34,臺中市,西屯區,0,0,0,7,,,40,,,,,,,,,,,,,,13,,,,,C03,,,1,,1,,,7,7,1,12,4,120.602633,24.182917,3
6675,66000,387130000C,(04)23274275,(04)23288582,2025,06,18,11,36,臺中市,北區,0,1,0,7,2,6,50,3,2,1,5,4,6,6,4,4,10,5,5,2,14,3,10,3,1,B03,7,2,1,8,2,6,,49,49,1,13,4,120.673212,24.165162,2
6676,66000,387130000C,(04)23274275,(04)23288582,2025,06,18,11,36,臺中市,霧峰區,0,1,0,7,2,6,50,4,1,1,5,4,6,6,1,1,10,5,5,2,16,2,9,1,1,C03,7,5,1,10,2,14,,22,22,1,12,4,120.697314,24.060816,2
6677,66000,387130000C,(04)23274275,(04)23288582,2025,06,18,11,36,臺中市,新社區,0,2,0,7,2,9,30,5,9,1,5,4,6,6,3,1,10,5,5,2,15,2,9,5,4,C03,7,9,1,10,2,11,,24,24,1,13,4,120.798349,24.203244,2
6678,66000,387130000C,(04)23274275,(04)23288582,2025,06,18,11,45,臺中市,太平區,0,2,0,7,3,6,50,13,9,1,5,4,6,6,4,4,5,5,5,1,16,2,9,2,1,C03,7,1,1,10,2,11,,51,51,1,12,4,120.715508,24.115046,2
6679,66000,387130000C,(04)23274275,(04)23288582,2025,06,18,11,46,臺中市,大里區,0,1,0,7,2,6,50,13,9,1,5,4,6,6,4,4,10,5,5,2,17,3,10,3,1,B03,7,6,1,8,2,8,,84,84,1,12,4,120.677997,24.095624,2
6680,66000,387130000C,(04)23274275,(04)23288582,2025,06,18,11,46,臺中市,太平區,0,1,0,7,2,6,50,13,9,1,5,4,6,6,4,4,9,5,5,2,19,2,9,1,1,C03,7,9,1,10,2,11,,59,59,1,6,4,120.71988,24.124141,2
6681,66000,387130000C,(04)23274275,(04)23288582,2025,06,18,11,50,臺中市,南屯區,0,0,0,7,2,6,50,13,9,1,5,4,6,6,4,4,9,5,5,2,9,3,10,3,1,B03,7,9,1,7,6,2,,84,84,1,6,4,120.633593,24.139174,3