﻿序號,縣市別代碼,機關代碼,市話,傳真,年,月,日,時,分,縣市,區,死亡數量,受傷數量,2-30,天候,道路照明設備,道路類別,道路速限,道路型態,事故位置,路面鋪裝,路面狀態,路面缺陷,障礙物,視距,號誌種類,號誌動作,分向設施,快車道或一般車道間,快慢車道間,路面邊線,事故類型及型態,受傷程度,主要傷處,保護裝備,行動電話或功能裝置,當事者區分_類別,車輛用途,當事者行動狀態,駕照狀態,駕照種類,飲酒情形,車輛撞擊部位最初,車輛撞擊部位其他,肇事因素個別,肇事因素主要,肇事逃逸,職業,共享經濟或外送平台,GPS座標X,GPS座標Y,事故類別
7014,66000,387130000C,(04)23274275,(04)23288582,2025,06,19,8,57,臺中市,豐原區,0,0,0,7,,,50,,,,,,,,,,,,,,13,,,,,B03,,,1,,2,,,84,84,1,12,4,120.715077,24.244903,3
7015,66000,387130000C,(04)23274275,(04)23288582,2025,06,19,8,59,臺中市,南屯區,0,1,0,7,2,6,50,13,9,1,5,4,6,6,4,4,9,5,5,2,17,2,9,2,1,C03,7,9,1,10,2,16,,43,43,1,13,4,120.626295,24.115365,2
7016,66000,387130000C,(04)23274275,(04)23288582,2025,06,19,9,1,臺中市,大里區,0,0,0,7,,,60,,,,,,,,,,,,,,13,,,,,B03,,,1,,2,,,7,7,1,6,4,120.657858,24.086401,3
7017,66000,387130000C,(04)23274275,(04)23288582,2025,06,19,9,5,臺中市,北區,0,0,0,7,,,50,,,,,,,,,,,,,,,,,,,C04,,,1,,1,,,58,58,1,12,4,120.680473,24.15487,3
7018,66000,387130000C,(04)23274275,(04)23288582,2025,06,19,9,9,臺中市,新社區,0,2,0,7,3,6,30,5,1,1,5,4,6,6,4,4,10,5,5,2,15,2,9,5,4,C03,7,9,1,10,2,11,,20,20,1,12,4,120.808787,24.233002,2
7019,66000,387130000C,(04)23274275,(04)23288582,2025,06,19,9,10,臺中市,北屯區,0,1,0,6,2,6,50,3,1,1,5,4,6,6,2,1,10,5,5,1,13,2,9,1,1,C03,7,9,1,10,2,11,,7,7,1,6,4,120.670674,24.201452,2
7020,66000,387130000C,(04)23274275,(04)23288582,2025,06,19,9,13,臺中市,大里區,0,1,0,7,1,6,50,3,1,1,5,4,6,6,4,4,10,5,5,2,16,3,10,2,1,C03,7,6,1,10,2,14,,14,14,1,6,4,120.699626,24.090467,2
7021,66000,387130000C,(04)23274275,(04)23288582,2025,06,19,9,15,臺中市,西區,0,0,0,7,,,50,,,,,,,,,,,,,,16,,,,,B03,,,1,,1,,,40,40,1,13,4,120.65761,24.147182,3
7022,66000,387130000C,(04)23274275,(04)23288582,2025,06,19,9,16,臺中市,南區,0,0,0,7,,,50,,,,,,,,,,,,,,,,,,,C03,,,1,,1,,,14,14,1,13,4,120.679908,24.128256,3
7023,66000,387130000C,(04)23274275,(04)23288582,2025,06,19,9,20,臺中市,沙鹿區,0,1,0,7,2,6,50,13,8,1,5,4,6,6,4,4,1,4,4,2,17,3,10,3,1,B03,7,5,1,8,2,2,,85,85,1,12,4,120.560393,24.239654,2
7024,66000,387130000C,(04)23274275,(04)23288582,2025,06,19,9,22,臺中市,大里區,0,1,0,7,3,6,50,4,1,1,5,4,6,6,4,4,10,5,5,2,15,3,10,3,1,B03,7,9,1,8,2,5,,13,13,1,12,4,120.688116,24.086029,2
7025,66000,387130000C,(04)23274275,(04)23288582,2025,06,19,9,23,臺中市,西區,0,0,0,7,,,50,,,,,,,,,,,,,,,,,,,B12,,,1,,2,,,49,49,1,12,4,120.673441,24.133906,3
7026,66000,387130000C,(04)23274275,(04)23288582,2025,06,19,9,25,臺中市,西區,0,2,0,7,1,6,50,4,1,1,5,4,6,6,1,1,10,5,5,1,17,2,9,5,4,C03,7,11,1,10,2,12,,45,45,1,12,4,120.65714,24.157107,2
7027,66000,387130000C,(04)23274275,(04)23288582,2025,06,19,9,26,臺中市,烏日區,0,0,0,7,,,50,,,,,,,,,,,,,,,,,,,B03,,,1,,1,,,40,40,1,6,4,120.587269,24.11345,3
7028,66000,387130000C,(04)23274275,(04)23288582,2025,06,19,9,30,臺中市,南區,0,1,0,7,1,6,50,13,9,1,5,4,6,6,4,4,10,5,5,2,17,3,10,3,1,B03,7,1,1,8,2,1,,51,51,1,12,4,120.655178,24.112835,2
7029,66000,387130000C,(04)23274275,(04)23288582,2025,06,19,9,31,臺中市,太平區,0,0,0,7,2,6,50,3,2,1,5,4,6,6,4,4,5,5,5,2,17,3,10,3,1,B12,7,15,1,8,2,6,,84,84,1,6,4,120.702814,24.148017,3
7030,66000,387130000C,(04)23274275,(04)23288582,2025,06,19,9,36,臺中市,太平區,0,0,0,7,,,50,,,,,,,,,,,,,,13,,,,,B12,,,1,,2,,,7,7,1,12,4,120.725136,24.116852,3
7031,66000,387130000C,(04)23274275,(04)23288582,2025,06,19,9,41,臺中市,太平區,0,0,0,7,2,6,50,4,2,1,5,4,6,6,2,1,5,5,4,1,17,3,10,3,1,B03,7,,1,8,2,6,,59,59,1,6,4,120.719334,24.15504,3
7032,66000,387130000C,(04)23274275,(04)23288582,2025,06,19,9,45,臺中市,神岡區,0,0,0,7,,,50,,,,,,,,,,,,,,15,,,,,B03,,,1,,1,,,59,59,1,12,4,120.691103,24.233821,3
7033,66000,387130000C,(04)23274275,(04)23288582,2025,06,19,9,49,臺中市,西區,0,0,0,7,,,50,,,,,,,,,,,,,,16,,,,,B01,,,1,,1,,,12,12,1,13,4,120.656162,24.137822,3
7034,66000,387130000C,(04)23274275,(04)23288582,2025,06,19,9,50,臺中市,豐原區,0,2,0,7,2,6,50,3,1,1,5,4,6,6,4,4,10,5,5,2,17,3,10,2,1,C03,7,1,3,19,2,11,,51,51,1,13,4,120.718004,24.253312,2
7035,66000,387130000C,(04)23274275,(04)23288582,2025,06,19,9,54,臺中市,大里區,0,1,0,7,2,6,50,13,7,1,5,4,6,6,4,4,5,4,4,1,13,2,9,1,1,C03,7,9,1,10,2,11,,7,7,1,12,4,120.688902,24.109982,2
7036,66000,387130000C,(04)23274275,(04)23288582,2025,06,19,9,57,臺中市,南屯區,0,0,0,7,,,50,,,,,,,,,,,,,,17,,,,,B03,,,1,,1,,,51,51,2,6,4,120.643929,24.142594,3
7037,66000,387130000C,(04)23274275,(04)23288582,2025,06,19,9,59,臺中市,西屯區,0,1,0,7,2,6,50,3,2,1,5,4,6,6,1,1,1,1,4,1,12,3,10,3,4,B03,7,9,1,8,1,6,,42,42,1,12,4,120.660077,24.174409,2
7038,66000,387130000C,(04)23274275,(04)23288582,2025,06,19,9,59,臺中市,西屯區,0,1,0,7,2,6,50,5,1,1,5,4,6,6,2,1,10,5,5,2,12,3,10,1,4,F03,7,9,7,21,2,12,,84,84,1,13,4,120.669347,24.177188,2
7039,66000,387130000C,(04)23274275,(04)23288582,2025,06,19,10,5,臺中市,神岡區,0,0,0,7,,,50,,,,,,,,,,,,,,17,,,,,B12,,,1,,2,,,59,59,1,13,4,120.686857,24.246837,3
7040,66000,387130000C,(04)23274275,(04)23288582,2025,06,19,10,8,臺中市,南區,0,1,0,7,2,6,50,13,9,1,5,4,6,6,4,4,5,5,5,2,17,3,10,3,1,B03,7,4,1,8,2,2,,4,4,1,12,4,120.66862,24.116521,2
7041,66000,387130000C,(04)23274275,(04)23288582,2025,06,19,10,8,臺中市,大里區,0,0,0,7,,,50,,,,,,,,,,,,,,13,,,,,B03,,,1,,2,,,7,7,1,12,4,120.675087,24.10341,3
7042,66000,387130000C,(04)23274275,(04)23288582,2025,06,19,10,9,臺中市,霧峰區,0,2,0,7,3,6,30,4,1,1,5,4,6,6,4,4,10,5,5,2,16,2,7,1,1,C03,7,6,1,10,2,11,,14,14,1,5,4,120.687943,24.052409,2
7043,66000,387130000C,(04)23274275,(04)23288582,2025,06,19,10,11,臺中市,烏日區,0,0,0,6,2,6,50,3,1,1,5,4,6,6,4,4,5,4,5,1,14,3,10,3,1,B12,7,2,1,7,2,7,,49,49,1,6,4,120.64273,24.063046,3
7044,66000,387130000C,(04)23274275,(04)23288582,2025,06,19,10,13,臺中市,豐原區,0,1,0,7,2,6,50,4,1,1,5,4,6,6,2,1,5,4,4,2,17,3,10,5,4,B03,7,5,1,8,2,16,,47,47,1,12,4,120.715119,24.247101,2
7045,66000,387130000C,(04)23274275,(04)23288582,2025,06,19,10,17,臺中市,潭子區,0,0,0,7,,,50,,,,,,,,,,,,,,,,,,,B12,,,1,,2,,,49,49,1,13,4,120.700395,24.187845,3
7046,66000,387130000C,(04)23274275,(04)23288582,2025,06,19,10,22,臺中市,西屯區,0,1,0,7,2,6,30,3,1,1,5,4,6,6,4,4,10,5,5,2,13,3,10,5,4,B03,7,9,1,8,2,1,,7,7,1,12,4,120.641699,24.192662,2
7047,66000,387130000C,(04)23274275,(04)23288582,2025,06,19,10,26,臺中市,東區,0,1,0,7,3,6,50,4,1,1,5,4,6,6,2,1,10,5,5,2,12,3,10,3,1,B03,7,4,1,8,2,2,,8,8,1,13,4,120.70151,24.125407,2
7048,66000,387130000C,(04)23274275,(04)23288582,2025,06,19,10,28,臺中市,西區,0,1,0,7,2,6,50,4,1,1,5,4,6,6,1,1,10,5,5,2,18,2,9,1,1,C03,7,5,1,10,2,12,,84,84,1,13,4,120.662609,24.155678,2
7049,66000,387130000C,(04)23274275,(04)23288582,2025,06,19,10,28,臺中市,中區,0,0,0,7,,,50,,,,,,,,,,,,,,13,,,,,C03,,,1,,1,,,7,7,1,13,4,120.684961,24.137946,3
7050,66000,387130000C,(04)23274275,(04)23288582,2025,06,19,10,30,臺中市,東區,0,2,0,7,1,6,50,4,1,1,5,4,6,6,1,1,10,5,5,2,17,2,9,1,1,C03,7,6,1,10,2,12,,36,36,1,12,4,120.687127,24.136224,2
7051,66000,387130000C,(04)23274275,(04)23288582,2025,06,19,10,32,臺中市,潭子區,0,0,0,7,,,40,,,,,,,,,,,,,,13,,,,,B12,,,1,,1,,,84,84,1,13,4,120.701229,24.201195,3
7052,66000,387130000C,(04)23274275,(04)23288582,2025,06,19,10,33,臺中市,沙鹿區,0,1,0,7,2,6,30,13,9,1,5,4,6,6,4,4,10,5,5,2,14,3,10,3,1,B12,7,2,1,8,2,3,,49,49,1,6,4,120.563672,24.254566,2
7053,66000,387130000C,(04)23274275,(04)23288582,2025,06,19,10,35,臺中市,北屯區,0,1,0,7,2,6,50,3,2,1,5,4,6,6,1,1,5,5,5,2,13,3,10,1,1,C03,7,9,1,10,2,11,,58,58,1,6,4,120.691156,24.173909,2
7054,66000,387130000C,(04)23274275,(04)23288582,2025,06,19,10,35,臺中市,西屯區,0,0,0,7,,,50,,,,,,,,,,,,,,13,,,,,B01,,,1,,1,,,7,7,1,13,4,120.616649,24.183083,3
7055,66000,387130000C,(04)23274275,(04)23288582,2025,06,19,10,39,臺中市,北屯區,0,1,0,7,3,6,30,13,9,1,5,4,6,6,4,4,10,5,5,2,17,3,10,3,1,B02,7,1,1,8,2,8,,84,84,1,12,4,120.665973,24.184226,2
7056,66000,387130000C,(04)23274275,(04)23288582,2025,06,19,10,48,臺中市,沙鹿區,0,1,0,7,2,6,30,13,9,1,5,4,6,6,4,4,10,5,5,2,18,2,9,2,1,C03,7,9,1,10,2,14,,54,54,1,6,4,120.578774,24.23059,2
7057,66000,387130000C,(04)23274275,(04)23288582,2025,06,19,10,52,臺中市,北區,0,0,0,7,,,30,,,,,,,,,,,,,,17,,,,,C03,,,1,,2,,,84,84,1,13,4,120.670046,24.169747,3
7058,66000,387130000C,(04)23274275,(04)23288582,2025,06,19,10,55,臺中市,大里區,0,0,0,7,,,60,,,,,,,,,,,,,,13,,,,,B03,,,1,,1,,,7,7,1,6,4,120.689202,24.077607,3
7059,66000,387130000C,(04)23274275,(04)23288582,2025,06,19,11,0,臺中市,中區,0,0,0,7,2,6,50,4,2,1,5,4,6,6,1,1,5,4,4,2,13,,,,,B12,,,1,,1,,,84,84,1,13,4,120.678815,24.147178,3
7060,66000,387130000C,(04)23274275,(04)23288582,2025,06,19,11,0,臺中市,霧峰區,0,1,0,7,2,6,50,13,9,1,5,4,6,6,4,4,10,5,5,2,14,3,10,3,1,B12,7,2,1,5,2,6,,49,49,1,6,4,120.713297,24.071602,2
7061,66000,387130000C,(04)23274275,(04)23288582,2025,06,19,11,2,臺中市,龍井區,0,0,0,7,,,50,,,,,,,,,,,,,,,,,,,B12,,,1,,2,,,8,8,1,6,4,120.53054,24.177876,3
7062,66000,387130000C,(04)23274275,(04)23288582,2025,06,19,11,3,臺中市,南區,0,2,0,7,2,6,50,13,12,1,5,4,6,6,4,4,10,5,5,2,17,2,8,1,1,C03,7,8,1,10,2,14,,40,40,1,12,4,120.658834,24.113121,2
7063,66000,387130000C,(04)23274275,(04)23288582,2025,06,19,11,10,臺中市,南屯區,0,0,0,7,,,50,,,,,,,,,,,,,,,,,,,C03,,,1,,2,,,59,59,1,13,4,120.65334,24.131636,3
7064,66000,387130000C,(04)23274275,(04)23288582,2025,06,19,11,11,臺中市,東區,0,1,0,7,2,6,40,13,7,1,5,4,6,6,4,4,9,5,4,2,12,2,9,1,1,C03,7,8,5,10,2,14,,40,40,1,12,4,120.68948,24.133185,2
7065,66000,387130000C,(04)23274275,(04)23288582,2025,06,19,11,14,臺中市,北區,0,0,0,7,,,50,,,,,,,,,,,,,,,,,,,C03,,,1,,2,,,21,21,1,12,4,120.684969,24.163897,4
7066,66000,387130000C,(04)23274275,(04)23288582,2025,06,19,11,15,臺中市,大里區,0,0,0,7,,,50,,,,,,,,,,,,,,16,,,,,B03,,,1,,2,,,45,45,1,12,4,120.697781,24.096741,3
7067,66000,387130000C,(04)23274275,(04)23288582,2025,06,19,11,20,臺中市,潭子區,0,1,0,7,2,6,50,13,9,1,5,4,6,6,4,4,9,5,5,2,14,3,10,3,1,B03,7,2,1,8,2,3,,49,49,1,13,4,120.699876,24.214191,2
7068,66000,387130000C,(04)23274275,(04)23288582,2025,06,19,11,20,臺中市,南區,0,1,0,7,2,6,50,13,7,1,5,4,6,6,4,4,1,4,4,2,12,2,9,2,1,C03,7,8,1,8,2,14,,43,43,1,6,4,120.663567,24.124126,2
7069,66000,387130000C,(04)23274275,(04)23288582,2025,06,19,11,22,臺中市,大安區,0,1,0,7,2,6,50,4,1,1,5,4,6,6,3,1,10,5,5,2,15,3,10,3,1,B12,7,9,1,8,2,2,,24,24,1,6,4,120.60346,24.379776,2
7070,66000,387130000C,(04)23274275,(04)23288582,2025,06,19,11,23,臺中市,霧峰區,0,2,0,7,3,6,50,3,2,1,5,4,6,6,4,4,10,5,5,2,12,2,9,1,1,C03,7,6,1,10,2,14,11,84,84,1,12,4,120.695499,24.059834,2
7071,66000,387130000C,(04)23274275,(04)23288582,2025,06,19,11,24,臺中市,潭子區,0,0,0,7,,,50,,,,,,,,,,,,,,,,,,,B03,,,1,,2,,,8,8,1,13,4,120.700711,24.188358,3
7072,66000,387130000C,(04)23274275,(04)23288582,2025,06,19,11,24,臺中市,豐原區,0,0,0,7,,,50,,,,,,,,,,,,,,13,,,,,B03,,,1,,2,,,84,84,1,13,4,120.752371,24.271777,3
7073,66000,387130000C,(04)23274275,(04)23288582,2025,06,19,11,25,臺中市,太平區,0,0,0,7,,,50,,,,,,,,,,,,,,13,,,,,B03,,,3,,2,,,84,84,1,12,4,120.72172,24.144184,3
7074,66000,387130000C,(04)23274275,(04)23288582,2025,06,19,11,25,臺中市,清水區,0,1,0,7,3,6,50,3,2,1,5,4,6,6,4,4,5,5,5,2,13,3,10,3,1,B03,7,6,1,8,2,8,,59,59,1,12,4,120.574583,24.273295,2
7075,66000,387130000C,(04)23274275,(04)23288582,2025,06,19,11,28,臺中市,西屯區,0,0,0,7,,,50,,,,,,,,,,,,,,14,,,,,B12,,,5,,2,,,49,49,1,13,4,120.638341,24.176844,3
7076,66000,387130000C,(04)23274275,(04)23288582,2025,06,19,11,30,臺中市,東區,0,0,0,7,1,6,50,13,7,1,5,4,6,6,4,4,5,4,5,2,13,3,10,3,1,B03,7,15,1,8,1,1,,84,84,1,12,4,120.699357,24.14797,3
7077,66000,387130000C,(04)23274275,(04)23288582,2025,06,19,11,30,臺中市,后里區,0,0,0,7,,,50,,,,,,,,,,,,,,12,,,,,B03,,,1,,1,,,76,76,1,12,4,120.721204,24.309145,3
7078,66000,387130000C,(04)23274275,(04)23288582,2025,06,19,11,31,臺中市,大雅區,0,0,0,7,1,6,50,13,7,1,5,4,6,6,1,1,5,5,5,1,17,,,,,B03,,,1,,1,,,7,7,1,13,4,120.628983,24.206453,3
7079,66000,387130000C,(04)23274275,(04)23288582,2025,06,19,11,34,臺中市,潭子區,0,1,0,7,2,6,50,13,9,1,5,4,6,6,4,4,5,4,5,1,12,3,10,1,1,C03,7,7,1,10,2,12,,40,40,1,13,4,120.722651,24.202378,2
7080,66000,387130000C,(04)23274275,(04)23288582,2025,06,19,11,34,臺中市,西屯區,0,1,0,7,2,6,30,9,9,1,5,4,6,6,4,4,10,5,5,2,30,2,9,5,4,C03,7,9,1,10,2,14,,59,59,1,12,4,120.628495,24.173063,2
7081,66000,387130000C,(04)23274275,(04)23288582,2025,06,19,11,36,臺中市,大里區,0,0,0,7,,,30,,,,,,,,,,,,,,17,,,,,B01,,,1,,2,,,8,8,1,6,4,120.702873,24.105766,3
7082,66000,387130000C,(04)23274275,(04)23288582,2025,06,19,11,40,臺中市,南區,0,0,0,7,,,30,,,,,,,,,,,,,,14,,,,,B12,,,1,,1,,,49,49,1,12,4,120.661383,24.124018,3
7083,66000,387130000C,(04)23274275,(04)23288582,2025,06,19,11,40,臺中市,西屯區,0,0,0,7,,,50,,,,,,,,,,,,,,13,,,,,B03,,,1,,1,,,59,59,1,13,4,120.636368,24.159931,3
7084,66000,387130000C,(04)23274275,(04)23288582,2025,06,19,11,43,臺中市,龍井區,0,1,0,7,2,6,50,3,1,1,5,4,6,6,4,4,10,5,5,2,16,2,9,2,1,C03,7,9,3,19,2,12,,34,34,1,5,4,120.579941,24.183766,2
7085,66000,387130000C,(04)23274275,(04)23288582,2025,06,19,11,45,臺中市,沙鹿區,0,2,0,7,2,6,50,13,7,1,5,4,6,6,3,1,1,2,4,2,17,2,9,2,1,C03,7,11,1,10,2,15,,45,45,1,12,4,120.569048,24.222097,2
7086,66000,387130000C,(04)23274275,(04)23288582,2025,06,19,11,49,臺中市,西屯區,0,0,0,7,,,40,,,,,,,,,,,,,,17,,,,,B12,,,1,,1,,,59,59,1,12,4,120.600946,24.169795,3
7087,66000,387130000C,(04)23274275,(04)23288582,2025,06,19,11,52,臺中市,梧棲區,0,1,0,7,3,6,70,13,12,1,5,4,6,6,4,4,1,4,4,1,16,3,10,3,1,B02,7,5,1,8,2,5,,20,20,1,6,4,120.555669,24.249414,2
7088,66000,387130000C,(04)23274275,(04)23288582,2025,06,19,11,57,臺中市,東勢區,0,1,0,7,2,6,30,13,9,1,5,4,6,6,4,4,10,5,5,2,17,2,7,5,4,C03,7,9,1,10,2,16,,84,84,1,12,4,120.803087,24.230828,2
7089,66000,387130000C,(04)23274275,(04)23288582,2025,06,19,11,59,臺中市,西屯區,0,1,0,7,2,6,50,13,9,1,5,4,1,6,1,1,1,1,4,1,29,2,9,2,1,C03,7,9,1,10,2,14,,59,59,1,12,4,120.652015,24.206467,2
7090,66000,387130000C,(04)23274275,(04)23288582,2025,06,19,11,59,臺中市,西屯區,0,0,0,7,,,60,,,,,,,,,,,,,,13,,,,,B12,,,1,,1,,,7,7,1,13,4,120.615294,24.183165,3
7091,66000,387130000C,(04)23274275,(04)23288582,2025,06,19,11,59,臺中市,大里區,0,2,0,7,2,6,50,4,1,1,5,4,6,6,4,4,10,5,5,2,17,2,9,1,1,C03,7,9,1,10,2,12,,4,4,1,12,4,120.695313,24.10132,2
7092,66000,387130000C,(04)23274275,(04)23288582,2025,06,19,12,0,臺中市,大里區,0,2,0,7,2,6,50,3,1,1,5,4,6,6,1,1,10,5,5,2,16,2,9,2,1,C03,7,6,1,10,2,14,,48,48,1,12,4,120.695778,24.104135,2
7093,66000,387130000C,(04)23274275,(04)23288582,2025,06,19,12,1,臺中市,太平區,0,1,0,7,2,6,30,3,1,1,5,4,6,6,4,4,5,5,5,2,16,3,10,3,1,B03,7,6,1,8,2,8,,12,12,1,6,4,120.73224,24.129285,2
7094,66000,387130000C,(04)23274275,(04)23288582,2025,06,19,12,8,臺中市,神岡區,0,1,0,7,2,6,30,13,9,1,5,4,6,6,4,4,10,5,5,1,12,2,9,5,4,C03,7,1,1,10,2,14,,51,51,1,12,4,120.65898,24.251525,2
7095,66000,387130000C,(04)23274275,(04)23288582,2025,06,19,12,9,臺中市,北屯區,0,0,0,7,,,50,,,,,,,,,,,,,,13,,,,,B02,,,1,,1,,,59,59,1,6,4,120.719356,24.176525,3
7096,66000,387130000C,(04)23274275,(04)23288582,2025,06,19,12,12,臺中市,大甲區,0,0,0,7,,,50,,,,,,,,,,,,,,,,,,,C03,,,1,,2,,,59,59,1,6,4,120.61965,24.345444,3
7097,66000,387130000C,(04)23274275,(04)23288582,2025,06,19,12,13,臺中市,南屯區,0,0,0,7,,,50,,,,,,,,,,,,,,,,,,,B03,,,1,,1,,,51,51,1,12,4,120.634133,24.136809,3
7098,66000,387130000C,(04)23274275,(04)23288582,2025,06,19,12,14,臺中市,大甲區,0,1,0,7,3,6,50,4,1,1,5,4,6,6,4,4,10,5,5,2,17,2,9,1,1,C03,7,9,1,10,2,11,,59,59,1,12,4,120.619702,24.3498,2
7099,66000,387130000C,(04)23274275,(04)23288582,2025,06,19,12,15,臺中市,北屯區,0,0,0,7,,,50,,,,,,,,,,,,,,,,,,,B12,,,1,,9,,,84,84,1,13,4,120.713572,24.173784,3
7100,66000,387130000C,(04)23274275,(04)23288582,2025,06,19,12,21,臺中市,西屯區,0,0,0,7,,,60,,,,,,,,,,,,,,13,,,,,B03,,,1,,1,,,59,59,1,12,4,120.64443,24.19472,3
7101,66000,387130000C,(04)23274275,(04)23288582,2025,06,19,12,24,臺中市,南屯區,0,2,0,7,2,6,50,3,1,1,5,4,6,6,4,4,10,5,5,2,3,2,9,2,1,C03,7,9,1,10,2,11,,10,10,1,8,4,120.63461,24.154487,2
7102,66000,387130000C,(04)23274275,(04)23288582,2025,06,19,12,24,臺中市,西屯區,0,0,0,7,,,60,,,,,,,,,,,,,,23,,,,,B03,,,1,,2,,,90,90,1,12,4,120.644997,24.155644,3
7103,66000,387130000C,(04)23274275,(04)23288582,2025,06,19,12,31,臺中市,太平區,0,0,0,7,2,6,50,,,,,,,,,,,,,,,,,,,C04,,,1,,2,11,,84,84,1,12,4,120.717465,24.128392,3
7104,66000,387130000C,(04)23274275,(04)23288582,2025,06,19,12,35,臺中市,沙鹿區,0,0,0,7,,,70,,,,,,,,,,,,,,13,,,,,A02,,,1,,1,,,82,82,1,6,4,120.614536,24.244146,3
7105,66000,387130000C,(04)23274275,(04)23288582,2025,06,19,12,44,臺中市,太平區,0,0,0,7,2,6,30,4,1,1,5,4,6,6,4,4,10,5,5,2,15,3,10,1,1,C03,7,9,1,10,2,12,,12,12,1,6,4,120.724133,24.143301,3
7106,66000,387130000C,(04)23274275,(04)23288582,2025,06,19,12,44,臺中市,后里區,0,1,0,7,2,6,50,3,1,1,5,4,6,6,1,1,10,5,5,2,13,2,9,1,1,C03,7,9,1,10,2,11,,7,7,1,12,4,120.723789,24.295519,2
7107,66000,387130000C,(04)23274275,(04)23288582,2025,06,19,12,46,臺中市,南屯區,0,0,0,7,,,50,,,,,,,,,,,,,,,,,,,B03,,,1,,1,,,20,20,1,13,4,120.625818,24.140633,3
7108,66000,387130000C,(04)23274275,(04)23288582,2025,06,19,12,51,臺中市,南屯區,0,0,0,7,,,50,,,,,,,,,,,,,,17,,,,,B03,,,1,,2,,,88,88,1,13,4,120.651329,24.151402,4
7109,66000,387130000C,(04)23274275,(04)23288582,2025,06,19,12,55,臺中市,北屯區,0,1,0,7,3,6,50,4,2,1,5,4,6,6,1,1,3,5,5,2,17,3,10,1,1,C03,7,7,1,10,2,12,,65,65,1,12,4,120.668672,24.178276,2
7110,66000,387130000C,(04)23274275,(04)23288582,2025,06,19,12,57,臺中市,北區,0,1,0,7,2,6,40,13,8,1,5,4,6,6,4,4,3,4,4,2,14,3,10,1,1,C03,7,2,1,10,2,13,,49,49,1,13,2,120.677413,24.154777,2
7111,66000,387130000C,(04)23274275,(04)23288582,2025,06,19,13,10,臺中市,沙鹿區,0,0,0,7,,,50,,,,,,,,,,,,,,,,,,,C03,,,1,,2,,,35,35,1,13,4,120.564733,24.248787,3
7112,66000,387130000C,(04)23274275,(04)23288582,2025,06,19,13,15,臺中市,南屯區,0,0,0,7,,,50,,,,,,,,,,,,,,,,,,,C04,,,1,,9,,,87,87,1,12,4,120.648083,24.143387,3
7113,66000,387130000C,(04)23274275,(04)23288582,2025,06,19,13,15,臺中市,龍井區,0,0,0,7,,,30,,,,,,,,,,,,,,14,,,,,B03,,,1,,2,,,82,82,1,12,4,120.590533,24.189722,3
7114,66000,387130000C,(04)23274275,(04)23288582,2025,06,19,13,17,臺中市,梧棲區,0,0,0,7,,,50,,,,,,,,,,,,,,14,,,,,B03,,,1,,1,,,49,49,1,12,4,120.529651,24.253517,3
7115,66000,387130000C,(04)23274275,(04)23288582,2025,06,19,13,21,臺中市,龍井區,0,1,0,7,3,6,50,11,9,1,5,4,6,6,4,4,10,5,5,2,9,3,10,6,5,H01,8,16,7,21,10,17,,98,98,1,12,5,120.55984,24.198277,2
7116,66000,387130000C,(04)23274275,(04)23288582,2025,06,19,13,22,臺中市,霧峰區,0,0,0,6,,,50,,,,,,,,,,,,,,13,,,,,B03,,,1,,1,,,59,59,1,12,4,120.696062,24.059592,3
7117,66000,387130000C,(04)23274275,(04)23288582,2025,06,19,13,23,臺中市,西區,0,0,0,7,,,50,,,,,,,,,,,,,,,,,,,B03,,,1,,2,,,82,82,1,12,4,120.656157,24.150196,3
7118,66000,387130000C,(04)23274275,(04)23288582,2025,06,19,13,23,臺中市,大甲區,0,0,0,7,,,50,,,,,,,,,,,,,,,,,,,B12,,,1,,1,,,13,13,1,6,4,120.620916,24.352676,3
7119,66000,387130000C,(04)23274275,(04)23288582,2025,06,19,13,30,臺中市,南屯區,0,0,0,7,,,50,,,,,,,,,,,,,,12,,,,,B03,,,1,,1,,,84,84,1,12,4,120.652593,24.139875,3
7120,66000,387130000C,(04)23274275,(04)23288582,2025,06,19,13,32,臺中市,西區,0,1,0,7,1,6,50,4,1,1,5,4,6,6,4,4,10,5,5,1,17,3,10,5,4,B03,7,9,1,8,2,16,,84,84,1,12,4,120.668195,24.150238,2
7121,66000,387130000C,(04)23274275,(04)23288582,2025,06,19,13,34,臺中市,南屯區,0,1,0,7,2,6,40,3,1,1,5,4,6,6,4,4,10,5,5,2,17,3,10,3,1,A41,7,6,1,1,2,8,,12,12,1,6,4,120.606897,24.146782,2
7122,66000,387130000C,(04)23274275,(04)23288582,2025,06,19,13,35,臺中市,北區,0,0,0,7,,,60,,,,,,,,,,,,,,,,,,,B11,,,1,,1,,,7,7,1,12,4,120.664596,24.154482,3
7123,66000,387130000C,(04)23274275,(04)23288582,2025,06,19,13,36,臺中市,大里區,0,1,0,7,2,6,50,3,1,1,5,4,6,6,4,4,5,5,5,1,16,2,9,1,1,C03,7,9,1,10,2,12,,84,84,1,6,4,120.68713,24.098692,2