﻿序號,縣市別代碼,機關代碼,市話,傳真,年,月,日,時,分,縣市,區,死亡數量,受傷數量,2-30,天候,道路照明設備,道路類別,道路速限,道路型態,事故位置,路面鋪裝,路面狀態,路面缺陷,障礙物,視距,號誌種類,號誌動作,分向設施,快車道或一般車道間,快慢車道間,路面邊線,事故類型及型態,受傷程度,主要傷處,保護裝備,行動電話或功能裝置,當事者區分_類別,車輛用途,當事者行動狀態,駕照狀態,駕照種類,飲酒情形,車輛撞擊部位最初,車輛撞擊部位其他,肇事因素個別,肇事因素主要,肇事逃逸,職業,共享經濟或外送平台,GPS座標X,GPS座標Y,事故類別
7124,66000,387130000C,(04)23274275,(04)23288582,2025,06,19,13,40,臺中市,西區,0,1,0,7,3,6,50,4,1,1,5,4,6,6,1,1,10,5,5,2,12,2,8,1,1,C03,7,1,1,10,2,14,,51,51,1,6,4,120.66175,24.131503,2
7125,66000,387130000C,(04)23274275,(04)23288582,2025,06,19,13,42,臺中市,南屯區,0,0,0,7,,,50,,,,,,,,,,,,,,14,,,,,B03,,,1,,2,,,49,49,1,12,4,120.636554,24.150384,3
7126,66000,387130000C,(04)23274275,(04)23288582,2025,06,19,13,47,臺中市,南屯區,0,3,0,7,3,6,50,13,9,1,5,4,6,6,4,4,5,5,5,2,17,2,9,1,1,C03,7,9,1,10,2,11,,7,7,1,13,4,120.643426,24.138402,2
7127,66000,387130000C,(04)23274275,(04)23288582,2025,06,19,13,50,臺中市,南屯區,0,1,0,7,2,6,50,4,2,1,5,4,6,6,2,1,5,4,4,2,17,3,10,2,1,C03,7,9,1,10,1,11,,7,7,1,12,4,120.646681,24.153613,2
7128,66000,387130000C,(04)23274275,(04)23288582,2025,06,19,13,51,臺中市,神岡區,0,0,0,7,,,50,,,,,,,,,,,,,,17,,,,,B03,,,1,,2,,,59,59,1,12,4,120.691246,24.248205,3
7129,66000,387130000C,(04)23274275,(04)23288582,2025,06,19,13,55,臺中市,大里區,0,0,0,7,,,50,,,,,,,,,,,,,,17,,,,,B03,,,1,,2,,,50,50,1,12,4,120.693311,24.090868,3
7130,66000,387130000C,(04)23274275,(04)23288582,2025,06,19,13,59,臺中市,北區,0,0,0,7,,,50,,,,,,,,,,,,,,,,,,,C03,,,1,,2,,,84,84,1,13,4,120.689278,24.153931,3
7131,66000,387130000C,(04)23274275,(04)23288582,2025,06,19,14,3,臺中市,大里區,0,0,0,7,,,30,,,,,,,,,,,,,,14,,,,,B12,,,1,,1,,,49,49,1,12,4,120.690421,24.075817,3
7132,66000,387130000C,(04)23274275,(04)23288582,2025,06,19,14,5,臺中市,烏日區,0,1,0,7,3,9,50,13,9,1,5,4,6,6,4,4,5,2,5,1,17,2,9,1,1,C03,7,1,1,10,2,13,,51,51,1,6,4,120.59834,24.111015,2
7133,66000,387130000C,(04)23274275,(04)23288582,2025,06,19,14,5,臺中市,東勢區,0,0,0,7,,,40,,,,,,,,,,,,,,,,,,,B03,,,1,,1,,,43,43,1,12,4,120.806383,24.29329,3
7134,66000,387130000C,(04)23274275,(04)23288582,2025,06,19,14,8,臺中市,北屯區,0,0,0,7,,,50,,,,,,,,,,,,,,13,,,,,B02,,,1,,1,,,58,58,1,6,4,120.699447,24.182714,3
7135,66000,387130000C,(04)23274275,(04)23288582,2025,06,19,14,10,臺中市,南區,0,1,0,7,2,6,50,4,2,1,5,4,6,6,2,1,1,4,5,2,13,2,8,1,1,C03,7,9,1,10,1,11,,7,7,1,12,4,120.673258,24.130316,2
7136,66000,387130000C,(04)23274275,(04)23288582,2025,06,19,14,11,臺中市,霧峰區,0,0,0,7,,,50,,,,,,,,,,,,,,14,,,,,B03,,,1,,2,,,49,49,1,12,4,120.702044,24.075427,3
7137,66000,387130000C,(04)23274275,(04)23288582,2025,06,19,14,12,臺中市,北區,0,0,0,7,,,30,,,,,,,,,,,,,,16,,,,,C03,,,1,,2,,,84,84,1,13,4,120.680114,24.158871,3
7138,66000,387130000C,(04)23274275,(04)23288582,2025,06,19,14,13,臺中市,北屯區,0,0,0,7,,,30,,,,,,,,,,,,,,,,,,,B12,,,1,,2,,,49,49,1,12,4,120.695903,24.189768,3
7139,66000,387130000C,(04)23274275,(04)23288582,2025,06,19,14,15,臺中市,太平區,0,1,0,7,3,6,50,13,9,1,5,4,6,6,4,4,5,5,5,1,13,3,10,2,1,C03,7,9,1,10,2,11,,84,84,1,6,4,120.734057,24.14572,2
7140,66000,387130000C,(04)23274275,(04)23288582,2025,06,19,14,16,臺中市,霧峰區,0,0,0,7,,,50,,,,,,,,,,,,,,14,,,,,B03,,,1,,2,,,49,49,1,6,4,120.700101,24.074626,3
7141,66000,387130000C,(04)23274275,(04)23288582,2025,06,19,14,18,臺中市,北屯區,0,0,0,7,,,50,,,,,,,,,,,,,,15,,,,,B03,,,1,,2,,,12,12,1,13,4,120.686963,24.18934,3
7142,66000,387130000C,(04)23274275,(04)23288582,2025,06,19,14,20,臺中市,西屯區,0,1,0,7,2,6,50,5,1,1,5,4,6,6,1,1,5,2,4,2,16,3,10,5,4,B03,7,11,1,8,2,8,,45,45,1,12,4,120.663401,24.176092,2
7143,66000,387130000C,(04)23274275,(04)23288582,2025,06,19,14,21,臺中市,清水區,0,1,0,7,2,6,50,4,1,1,5,4,6,6,4,4,9,3,4,1,17,2,9,1,1,C03,7,9,1,10,2,11,,15,15,1,12,4,120.552667,24.261776,2
7144,66000,387130000C,(04)23274275,(04)23288582,2025,06,19,14,23,臺中市,神岡區,0,0,0,7,,,50,,,,,,,,,,,,,,17,,,,,A12,,,1,,2,,,84,84,1,12,4,120.657524,24.255589,3
7145,66000,387130000C,(04)23274275,(04)23288582,2025,06,19,14,27,臺中市,西區,0,0,0,7,,,30,,,,,,,,,,,,,,12,,,,,B03,,,1,,1,,,14,14,1,12,4,120.66515,24.153247,3
7146,66000,387130000C,(04)23274275,(04)23288582,2025,06,19,14,27,臺中市,東勢區,0,1,0,7,2,6,50,4,1,1,5,4,6,6,1,1,10,5,5,2,16,3,10,3,1,B03,7,9,3,19,2,1,,21,21,1,12,4,120.826393,24.260347,2
7147,66000,387130000C,(04)23274275,(04)23288582,2025,06,19,14,33,臺中市,西屯區,0,0,0,7,,,50,,,,,,,,,,,,,,13,,,,,C03,,,1,,1,,,59,59,1,13,4,120.646668,24.158273,3
7148,66000,387130000C,(04)23274275,(04)23288582,2025,06,19,14,38,臺中市,霧峰區,0,0,0,7,,,50,,,,,,,,,,,,,,16,,,,,B12,,,1,,2,,,84,84,1,12,4,120.66232,24.061774,3
7149,66000,387130000C,(04)23274275,(04)23288582,2025,06,19,14,48,臺中市,西區,0,1,0,7,2,6,50,4,1,1,5,4,6,6,1,1,5,4,4,2,16,2,9,2,1,C03,7,6,1,10,2,12,,23,23,1,12,4,120.662572,24.163561,2
7150,66000,387130000C,(04)23274275,(04)23288582,2025,06,19,14,49,臺中市,西區,0,0,0,7,2,6,50,5,1,1,5,4,6,6,1,1,10,5,5,2,12,,,,,B03,,,1,,1,,,84,84,1,13,4,120.661694,24.147867,3
7151,66000,387130000C,(04)23274275,(04)23288582,2025,06,19,14,49,臺中市,東區,0,0,0,7,,,50,,,,,,,,,,,,,,12,,,,,B03,,,1,,2,,,7,7,1,12,4,120.710198,24.144306,3
7152,66000,387130000C,(04)23274275,(04)23288582,2025,06,19,14,52,臺中市,清水區,0,0,0,7,,,50,,,,,,,,,,,,,,,,,,,B03,,,1,,2,,,84,84,1,12,4,120.559176,24.266848,3
7153,66000,387130000C,(04)23274275,(04)23288582,2025,06,19,14,52,臺中市,豐原區,0,0,0,7,,,50,,,,,,,,,,,,,,13,,,,,B03,,,1,,2,,,84,84,1,12,4,120.707249,24.250258,3
7154,66000,387130000C,(04)23274275,(04)23288582,2025,06,19,14,53,臺中市,北屯區,0,1,0,7,2,6,50,4,1,1,5,4,6,6,4,4,10,5,5,2,15,3,10,3,1,B03,7,9,1,8,2,1,,15,15,1,6,4,120.715878,24.170899,2
7155,66000,387130000C,(04)23274275,(04)23288582,2025,06,19,14,55,臺中市,清水區,0,0,0,7,3,6,50,3,2,1,5,4,6,6,4,4,5,5,5,2,17,,,,,B03,,,1,,2,,,50,50,1,12,4,120.573834,24.268212,3
7156,66000,387130000C,(04)23274275,(04)23288582,2025,06,19,14,56,臺中市,西屯區,0,0,0,7,,,40,,,,,,,,,,,,,,14,,,,,B03,,,1,,2,,,49,49,1,12,4,120.605743,24.188398,3
7157,66000,387130000C,(04)23274275,(04)23288582,2025,06,19,14,57,臺中市,沙鹿區,0,1,0,7,2,6,60,3,1,1,5,4,6,6,2,1,10,5,5,2,16,3,10,3,1,B03,7,5,1,8,2,5,,47,47,1,6,4,120.577059,24.22572,2
7158,66000,387130000C,(04)23274275,(04)23288582,2025,06,19,15,2,臺中市,西屯區,0,1,0,6,3,6,50,3,1,1,5,4,6,6,4,4,1,4,5,2,16,3,10,5,4,B03,7,5,1,8,2,5,,14,14,1,12,4,120.650297,24.163835,2
7159,66000,387130000C,(04)23274275,(04)23288582,2025,06,19,15,3,臺中市,大肚區,0,1,0,7,2,6,60,3,1,1,5,4,6,6,1,1,10,5,5,2,18,2,9,1,1,C03,7,6,1,9,2,14,,87,87,1,6,4,120.543083,24.162858,2
7160,66000,387130000C,(04)23274275,(04)23288582,2025,06,19,15,3,臺中市,沙鹿區,0,1,0,7,2,6,50,3,1,1,5,4,6,6,4,4,10,5,5,2,16,3,10,3,1,B12,7,6,1,8,2,4,,14,14,1,6,4,120.620754,24.238444,2
7161,66000,387130000C,(04)23274275,(04)23288582,2025,06,19,15,4,臺中市,西屯區,0,2,0,7,2,6,30,4,2,1,5,4,6,6,4,4,10,5,5,2,12,2,7,1,4,C03,7,5,1,10,2,15,,20,20,1,13,4,120.652089,24.191177,2
7162,66000,387130000C,(04)23274275,(04)23288582,2025,06,19,15,5,臺中市,清水區,0,1,0,7,2,6,50,4,2,1,5,4,6,6,1,1,5,4,5,1,9,3,10,3,1,A04,7,8,1,2,9,16,,7,7,1,6,4,120.603182,24.310172,2
7163,66000,387130000C,(04)23274275,(04)23288582,2025,06,19,15,5,臺中市,豐原區,0,1,0,7,2,6,50,4,2,1,5,4,6,6,1,1,5,5,5,2,17,2,9,2,1,C03,7,11,1,10,2,12,,45,45,1,13,4,120.73355,24.255357,2
7164,66000,387130000C,(04)23274275,(04)23288582,2025,06,19,15,6,臺中市,南屯區,0,1,0,7,2,6,50,4,1,1,5,4,6,6,1,1,10,5,5,2,17,3,10,3,1,B03,7,6,1,8,2,2,,11,11,1,12,4,120.640748,24.153709,2
7165,66000,387130000C,(04)23274275,(04)23288582,2025,06,19,15,6,臺中市,西屯區,0,0,0,7,,,0,,,,,,,,,,,,,,17,,,,,C03,,,1,,2,,,82,82,1,13,4,120.619584,24.177254,3
7166,66000,387130000C,(04)23274275,(04)23288582,2025,06,19,15,8,臺中市,北屯區,0,0,0,7,,,50,,,,,,,,,,,,,,30,,,,,B02,,,1,,2,,,84,84,1,12,4,120.664548,24.185212,3
7167,66000,387130000C,(04)23274275,(04)23288582,2025,06,19,15,10,臺中市,中區,0,0,0,7,,,50,,,,,,,,,,,,,,13,,,,,A12,,,1,,2,,,7,7,1,12,4,120.682212,24.135899,3
7168,66000,387130000C,(04)23274275,(04)23288582,2025,06,19,15,14,臺中市,南區,0,0,0,7,,,50,,,,,,,,,,,,,,13,,,,,B03,,,1,,1,,,84,84,1,12,4,120.655457,24.115199,3
7169,66000,387130000C,(04)23274275,(04)23288582,2025,06,19,15,16,臺中市,大里區,0,0,0,7,,,30,,,,,,,,,,,,,,30,,,,,B03,,,1,,9,,,49,49,1,6,4,120.68895,24.111813,3
7170,66000,387130000C,(04)23274275,(04)23288582,2025,06,19,15,21,臺中市,龍井區,0,0,0,7,,,50,,,,,,,,,,,,,,,,,,,C03,,,1,,2,,,6,6,1,6,4,120.533983,24.214563,3
7171,66000,387130000C,(04)23274275,(04)23288582,2025,06,19,15,24,臺中市,南屯區,0,1,0,7,2,6,50,4,1,1,5,4,6,6,2,1,9,4,1,2,17,3,10,3,1,B03,7,9,1,8,2,1,,59,59,1,12,4,120.623497,24.149515,2
7172,66000,387130000C,(04)23274275,(04)23288582,2025,06,19,15,30,臺中市,霧峰區,0,0,0,7,,,50,,,,,,,,,,,,,,17,,,,,A12,,,1,,11,,,68,68,1,12,4,120.710574,24.076916,3
7173,66000,387130000C,(04)23274275,(04)23288582,2025,06,19,15,32,臺中市,北屯區,0,0,0,7,,,50,,,,,,,,,,,,,,,,,,,B03,,,1,,1,,,84,84,1,6,4,120.72149,24.182663,3
7174,66000,387130000C,(04)23274275,(04)23288582,2025,06,19,15,35,臺中市,大雅區,0,1,0,7,3,6,50,13,9,1,5,4,6,6,4,4,4,5,5,1,17,2,7,1,1,C03,7,9,1,10,2,11,,59,59,1,13,4,120.652871,24.247702,2
7175,66000,387130000C,(04)23274275,(04)23288582,2025,06,19,15,35,臺中市,西屯區,0,1,0,7,1,6,50,4,1,1,5,4,6,6,2,1,10,5,5,2,15,3,10,3,1,B03,7,9,1,8,2,2,,21,21,1,12,4,120.622054,24.180807,2
7176,66000,387130000C,(04)23274275,(04)23288582,2025,06,19,15,35,臺中市,大里區,0,2,0,7,3,6,25,13,8,1,5,4,6,6,4,4,3,4,4,1,16,2,8,5,4,F01,7,8,7,21,2,13,,40,40,1,13,4,120.697729,24.110834,2
7177,66000,387130000C,(04)23274275,(04)23288582,2025,06,19,15,37,臺中市,大甲區,0,1,0,7,1,6,30,3,1,1,5,4,6,6,4,4,5,5,5,2,16,3,10,1,1,C03,7,6,1,10,2,11,,14,14,1,12,4,120.624957,24.352198,2
7178,66000,387130000C,(04)23274275,(04)23288582,2025,06,19,15,40,臺中市,東區,0,0,0,7,,,50,,,,,,,,,,,,,,14,,,,,B13,,,1,,1,,,49,49,1,13,4,120.709122,24.144469,3
7179,66000,387130000C,(04)23274275,(04)23288582,2025,06,19,15,41,臺中市,豐原區,0,1,0,7,2,6,50,13,7,1,5,4,6,6,4,4,1,2,4,2,12,2,8,1,1,C03,7,8,1,10,2,14,,40,40,1,12,4,120.724455,24.260542,2
7180,66000,387130000C,(04)23274275,(04)23288582,2025,06,19,15,45,臺中市,北區,0,0,0,7,,,40,,,,,,,,,,,,,,13,,,,,C03,,,1,,1,,,7,7,1,13,4,120.67243,24.168846,3
7181,66000,387130000C,(04)23274275,(04)23288582,2025,06,19,15,46,臺中市,北屯區,0,1,0,7,2,6,50,4,1,1,5,4,6,6,2,1,5,5,4,2,16,3,10,2,1,C03,7,6,1,10,2,12,,48,48,1,12,4,120.695377,24.164938,2
7182,66000,387130000C,(04)23274275,(04)23288582,2025,06,19,15,49,臺中市,西區,0,0,0,7,,,50,,,,,,,,,,,,,,,,,,,F03,,,7,,1,,,51,51,1,12,4,120.669524,24.147828,3
7183,66000,387130000C,(04)23274275,(04)23288582,2025,06,19,15,50,臺中市,大甲區,0,0,0,7,,,50,,,,,,,,,,,,,,,,,,,A12,,,1,,2,,,84,84,1,6,4,120.638781,24.425462,3
7184,66000,387130000C,(04)23274275,(04)23288582,2025,06,19,15,54,臺中市,北屯區,0,1,0,7,1,6,50,13,9,1,5,4,6,6,4,4,5,4,5,2,12,3,10,3,1,B03,7,3,1,8,2,2,,50,50,1,13,4,120.717212,24.188038,2
7185,66000,387130000C,(04)23274275,(04)23288582,2025,06,19,15,55,臺中市,太平區,0,1,0,7,2,6,40,13,9,1,5,4,6,6,4,4,9,5,5,1,13,3,10,3,1,B03,7,9,1,8,2,5,,7,7,1,12,4,120.714893,24.120518,2
7186,66000,387130000C,(04)23274275,(04)23288582,2025,06,19,15,58,臺中市,太平區,0,0,0,7,2,6,50,13,7,1,5,4,6,6,4,4,5,5,4,2,13,3,10,3,1,B03,7,9,1,8,1,1,,59,59,1,6,4,120.733315,24.156535,3
7187,66000,387130000C,(04)23274275,(04)23288582,2025,06,19,16,0,臺中市,大里區,0,2,0,7,2,6,50,4,1,1,5,4,6,6,4,4,10,5,5,2,15,2,9,1,1,C03,7,9,1,10,2,11,,15,15,1,6,4,120.700487,24.090482,2
7188,66000,387130000C,(04)23274275,(04)23288582,2025,06,19,16,3,臺中市,大雅區,0,0,0,7,1,6,30,13,9,1,5,4,6,6,4,4,10,5,5,2,17,,,,,B12,,,1,,1,,,49,49,1,13,4,120.669244,24.233202,3
7189,66000,387130000C,(04)23274275,(04)23288582,2025,06,19,16,4,臺中市,梧棲區,0,0,0,7,,,70,,,,,,,,,,,,,,17,,,,,A41,,,1,,2,,,59,59,1,6,4,120.518185,24.238805,4
7190,66000,387130000C,(04)23274275,(04)23288582,2025,06,19,16,5,臺中市,西屯區,0,0,0,7,,,50,,,,,,,,,,,,,,14,,,,,B03,,,1,,1,,,49,49,1,13,4,120.658606,24.191622,3
7191,66000,387130000C,(04)23274275,(04)23288582,2025,06,19,16,5,臺中市,龍井區,0,2,0,7,3,6,30,4,1,1,5,4,6,6,4,4,10,5,5,2,15,2,8,1,1,C03,7,9,1,10,2,12,,20,20,1,6,4,120.520449,24.204092,2
7192,66000,387130000C,(04)23274275,(04)23288582,2025,06,19,16,10,臺中市,大雅區,0,0,0,7,,,70,,,,,,,,,,,,,,,,,,,A11,,,1,,2,,,40,40,1,12,4,120.630249,24.240816,3
7193,66000,387130000C,(04)23274275,(04)23288582,2025,06,19,16,11,臺中市,大雅區,0,2,0,7,1,6,30,3,1,1,5,4,6,6,4,4,10,5,5,2,17,2,7,1,1,C03,7,6,3,19,2,14,,41,41,1,13,4,120.642956,24.212106,2
7194,66000,387130000C,(04)23274275,(04)23288582,2025,06,19,16,12,臺中市,北屯區,0,1,0,7,2,6,50,3,1,1,5,4,6,6,4,4,10,5,5,2,16,3,10,3,1,B03,7,11,1,8,2,4,,45,45,1,6,4,120.733815,24.171364,2
7195,66000,387130000C,(04)23274275,(04)23288582,2025,06,19,16,12,臺中市,大肚區,0,1,0,7,2,6,30,3,2,1,5,4,6,6,4,4,10,5,5,1,17,3,10,3,1,B12,7,5,1,8,2,16,,14,14,1,6,4,120.557333,24.12519,2
7196,66000,387130000C,(04)23274275,(04)23288582,2025,06,19,16,15,臺中市,大雅區,0,1,0,7,3,6,50,3,2,1,5,4,6,6,3,1,10,5,5,1,17,2,9,5,4,F01,7,5,7,21,2,11,,84,84,1,13,4,120.624525,24.235313,2
7197,66000,387130000C,(04)23274275,(04)23288582,2025,06,19,16,15,臺中市,清水區,0,1,0,7,3,6,50,4,1,1,5,4,6,6,4,4,5,5,4,2,15,3,10,3,1,B03,7,9,1,8,2,1,,12,12,1,12,4,120.575572,24.269566,2
7198,66000,387130000C,(04)23274275,(04)23288582,2025,06,19,16,16,臺中市,太平區,0,1,0,7,3,6,40,13,9,1,5,4,6,6,4,4,5,5,5,2,12,3,10,3,1,B03,7,4,1,8,2,2,,1,1,1,12,4,120.714166,24.123682,2
7199,66000,387130000C,(04)23274275,(04)23288582,2025,06,19,16,18,臺中市,大肚區,0,0,0,7,,,50,,,,,,,,,,,,,,,,,,,B03,,,1,,2,,,7,7,1,12,4,120.578924,24.168802,3
7200,66000,387130000C,(04)23274275,(04)23288582,2025,06,19,16,19,臺中市,太平區,0,1,0,7,2,6,30,3,1,1,5,4,6,6,4,4,10,5,5,2,17,3,10,3,1,B03,7,5,1,7,2,8,,14,14,1,12,4,120.734305,24.147819,2
7201,66000,387130000C,(04)23274275,(04)23288582,2025,06,19,16,22,臺中市,北區,0,0,0,7,,,40,,,,,,,,,,,,,,17,,,,,B03,,,1,,1,,,8,8,1,13,4,120.668208,24.162618,4
7202,66000,387130000C,(04)23274275,(04)23288582,2025,06,19,16,24,臺中市,東區,0,0,0,7,,,50,,,,,,,,,,,,,,14,,,,,B02,,,1,,1,,,49,49,1,13,4,120.684153,24.131987,3
7203,66000,387130000C,(04)23274275,(04)23288582,2025,06,19,16,25,臺中市,南屯區,0,1,0,7,3,6,50,4,1,1,5,4,6,6,4,4,10,5,5,2,17,2,9,2,1,C03,7,9,1,10,2,12,,84,84,1,12,4,120.612315,24.137977,2
7204,66000,387130000C,(04)23274275,(04)23288582,2025,06,19,16,26,臺中市,清水區,0,1,0,7,3,6,30,3,1,1,5,4,6,6,4,4,9,5,5,2,16,3,10,3,1,B03,7,5,1,8,2,8,,13,13,1,12,4,120.542083,24.288051,2
7205,66000,387130000C,(04)23274275,(04)23288582,2025,06,19,16,27,臺中市,南屯區,0,2,0,7,2,6,50,13,9,1,5,4,6,6,4,4,10,5,5,2,3,2,7,6,5,H01,8,16,7,21,1,17,,95,95,1,13,5,120.610342,24.142867,2
7206,66000,387130000C,(04)23274275,(04)23288582,2025,06,19,16,28,臺中市,北屯區,0,1,0,7,2,6,50,4,1,1,5,4,6,6,4,4,10,5,5,2,17,2,9,1,1,F02,7,6,7,21,2,11,,14,14,1,12,4,120.702803,24.175958,2
7207,66000,387130000C,(04)23274275,(04)23288582,2025,06,19,16,30,臺中市,烏日區,0,0,0,7,,,60,,,,,,,,,,,,,,13,,,,,B03,,,1,,2,,,7,7,1,6,4,120.652225,24.090684,3
7208,66000,387130000C,(04)23274275,(04)23288582,2025,06,19,16,31,臺中市,西區,0,0,0,7,,,30,,,,,,,,,,,,,,,,,,,B12,,,1,,1,,,84,84,1,12,4,120.659348,24.147534,3
7209,66000,387130000C,(04)23274275,(04)23288582,2025,06,19,16,34,臺中市,北區,0,1,0,7,2,6,50,13,9,1,5,4,6,6,4,4,1,4,5,2,12,3,10,5,4,B03,7,9,1,8,9,2,,8,8,2,13,4,120.681625,24.163302,2
7210,66000,387130000C,(04)23274275,(04)23288582,2025,06,19,16,39,臺中市,大里區,0,0,0,7,,,50,,,,,,,,,,,,,,30,,,,,C03,,,1,,9,,,85,85,1,6,4,120.69688,24.090749,3
7211,66000,387130000C,(04)23274275,(04)23288582,2025,06,19,16,42,臺中市,豐原區,0,0,0,7,,,40,,,,,,,,,,,,,,13,,,,,B12,,,1,,1,,,58,58,1,13,4,120.734678,24.259817,3
7212,66000,387130000C,(04)23274275,(04)23288582,2025,06,19,16,43,臺中市,北區,0,0,0,7,,,60,,,,,,,,,,,,,,17,,,,,B03,,,1,,2,,,7,7,1,13,4,120.665639,24.154102,3
7213,66000,387130000C,(04)23274275,(04)23288582,2025,06,19,16,50,臺中市,大雅區,0,2,0,7,1,6,0,5,1,1,5,4,6,6,1,1,10,5,5,2,3,2,9,6,5,H01,8,20,7,21,10,17,,109,109,1,13,5,120.653433,24.225442,2
7214,66000,387130000C,(04)23274275,(04)23288582,2025,06,19,16,50,臺中市,西區,0,0,0,7,,,50,,,,,,,,,,,,,,,,,,,C03,,,1,,2,,,84,84,1,12,4,120.679507,24.137271,3
7215,66000,387130000C,(04)23274275,(04)23288582,2025,06,19,16,51,臺中市,北屯區,0,1,0,7,2,6,50,3,1,1,5,4,6,6,2,1,1,4,5,2,12,3,10,3,1,B03,7,5,1,8,2,2,,20,20,1,12,4,120.659985,24.192758,2
7216,66000,387130000C,(04)23274275,(04)23288582,2025,06,19,16,51,臺中市,西屯區,0,1,0,7,2,6,50,4,1,1,5,4,6,6,4,4,10,5,5,2,17,3,10,3,4,B03,7,11,1,8,2,2,,45,45,1,13,4,120.618036,24.162929,2
7217,66000,387130000C,(04)23274275,(04)23288582,2025,06,19,16,52,臺中市,南屯區,0,2,0,7,2,6,50,3,1,1,5,4,6,6,4,4,10,5,5,2,17,2,9,2,1,C03,7,6,1,10,2,14,,14,14,1,12,4,120.604139,24.136167,2
7218,66000,387130000C,(04)23274275,(04)23288582,2025,06,19,16,52,臺中市,西屯區,0,0,0,7,,,50,,,,,,,,,,,,,,13,,,,,B03,,,1,,1,,,58,58,1,13,4,120.667185,24.178179,3
7219,66000,387130000C,(04)23274275,(04)23288582,2025,06,19,16,52,臺中市,沙鹿區,0,1,0,7,2,6,50,4,2,1,5,4,6,6,1,1,3,3,3,1,17,3,10,5,4,B03,7,5,1,8,2,2,,11,11,1,13,4,120.562549,24.233504,2
7220,66000,387130000C,(04)23274275,(04)23288582,2025,06,19,16,53,臺中市,太平區,0,0,0,7,,,50,,,,,,,,,,,,,,13,,,,,C03,,,1,,2,,,7,7,1,6,4,120.732509,24.135277,3
7221,66000,387130000C,(04)23274275,(04)23288582,2025,06,19,16,56,臺中市,神岡區,0,0,0,7,,,50,,,,,,,,,,,,,,13,,,,,C03,,,1,,2,,,59,59,1,12,4,120.656422,24.258437,3
7222,66000,387130000C,(04)23274275,(04)23288582,2025,06,19,16,58,臺中市,龍井區,0,0,0,7,,,60,,,,,,,,,,,,,,,,,,,B03,,,1,,1,,,7,7,1,11,4,120.573422,24.185409,3
7223,66000,387130000C,(04)23274275,(04)23288582,2025,06,19,17,0,臺中市,大里區,0,0,0,7,,,50,,,,,,,,,,,,,,14,,,,,B03,,,1,,9,,,49,49,2,6,4,120.730037,24.090531,3
7224,66000,387130000C,(04)23274275,(04)23288582,2025,06,19,17,0,臺中市,沙鹿區,0,1,0,7,2,6,30,13,9,1,5,4,6,6,4,4,10,5,5,1,17,2,9,1,1,C03,7,4,1,9,2,12,,7,7,1,12,4,120.585734,24.220548,2
7225,66000,387130000C,(04)23274275,(04)23288582,2025,06,19,17,2,臺中市,新社區,0,0,0,7,,,50,,,,,,,,,,,,,,,,,,,B13,,,1,,1,,,50,50,1,12,4,120.806947,24.240658,3
7226,66000,387130000C,(04)23274275,(04)23288582,2025,06,19,17,3,臺中市,西屯區,0,1,0,7,1,6,50,13,9,1,5,4,6,6,4,4,9,5,5,2,13,2,9,1,1,C03,7,9,1,10,2,11,,7,7,1,12,4,120.610464,24.169792,2
7227,66000,387130000C,(04)23274275,(04)23288582,2025,06,19,17,3,臺中市,大里區,0,1,0,7,2,6,40,5,1,1,5,4,6,6,1,1,10,5,5,2,16,2,9,5,4,C03,7,9,1,10,2,11,,84,84,1,12,4,120.697117,24.08437,2
7228,66000,387130000C,(04)23274275,(04)23288582,2025,06,19,17,3,臺中市,大甲區,0,1,0,7,2,6,50,3,1,1,5,4,6,6,4,4,10,5,5,2,16,2,9,2,1,C03,7,9,1,10,2,12,,7,7,1,6,4,120.625048,24.339566,2
7229,66000,387130000C,(04)23274275,(04)23288582,2025,06,19,17,5,臺中市,南屯區,0,1,0,7,3,6,50,4,1,1,5,4,6,6,1,1,5,2,5,2,16,3,10,3,1,B03,7,6,1,8,2,1,,11,11,1,12,4,120.653003,24.136701,2
7230,66000,387130000C,(04)23274275,(04)23288582,2025,06,19,17,8,臺中市,太平區,0,0,0,7,2,6,80,10,9,1,5,4,6,6,4,4,2,3,5,2,13,3,10,3,1,B03,7,9,1,8,2,1,,84,84,1,6,4,120.714272,24.148696,3
7231,66000,387130000C,(04)23274275,(04)23288582,2025,06,19,17,9,臺中市,西屯區,0,0,0,7,,,50,,,,,,,,,,,,,,13,,,,,B03,,,1,,1,,,7,7,1,13,4,120.654869,24.164306,3
7232,66000,387130000C,(04)23274275,(04)23288582,2025,06,19,17,10,臺中市,南區,0,0,0,7,,,50,,,,,,,,,,,,,,17,,,,,B03,,,1,,1,,,84,84,1,12,4,120.670798,24.129409,3
7233,66000,387130000C,(04)23274275,(04)23288582,2025,06,19,17,10,臺中市,東區,0,0,0,7,,,40,,,,,,,,,,,,,,17,,,,,B03,,,1,,1,,,50,50,1,12,4,120.700269,24.130763,3
7234,66000,387130000C,(04)23274275,(04)23288582,2025,06,19,17,10,臺中市,太平區,0,0,0,7,,,50,,,,,,,,,,,,,,,,,,,B03,,,1,,2,,,51,51,1,12,4,120.719944,24.156937,3