﻿序號,縣市別代碼,機關代碼,市話,傳真,年,月,日,時,分,縣市,區,死亡數量,受傷數量,2-30,天候,道路照明設備,道路類別,道路速限,道路型態,事故位置,路面鋪裝,路面狀態,路面缺陷,障礙物,視距,號誌種類,號誌動作,分向設施,快車道或一般車道間,快慢車道間,路面邊線,事故類型及型態,受傷程度,主要傷處,保護裝備,行動電話或功能裝置,當事者區分_類別,車輛用途,當事者行動狀態,駕照狀態,駕照種類,飲酒情形,車輛撞擊部位最初,車輛撞擊部位其他,肇事因素個別,肇事因素主要,肇事逃逸,職業,共享經濟或外送平台,GPS座標X,GPS座標Y,事故類別
7235,66000,387130000C,(04)23274275,(04)23288582,2025,06,19,17,12,臺中市,霧峰區,0,0,0,7,,,30,,,,,,,,,,,,,,17,,,,,A12,,,1,,9,,,8,8,1,6,4,120.683183,24.06563,3
7236,66000,387130000C,(04)23274275,(04)23288582,2025,06,19,17,12,臺中市,太平區,0,0,0,7,2,6,50,,,,,,,,,,,,,,,,,,,B03,,,1,,2,3,,49,49,2,12,4,120.713706,24.125827,3
7237,66000,387130000C,(04)23274275,(04)23288582,2025,06,19,17,12,臺中市,龍井區,0,1,0,7,3,6,50,4,1,1,5,4,6,6,1,1,10,5,5,2,15,3,10,3,1,B03,7,9,1,8,2,2,,21,21,1,6,4,120.52311,24.197105,2
7238,66000,387130000C,(04)23274275,(04)23288582,2025,06,19,17,13,臺中市,潭子區,0,0,0,7,,,50,,,,,,,,,,,,,,,,,,,C03,,,1,,2,,,48,48,1,12,4,120.717862,24.194668,3
7239,66000,387130000C,(04)23274275,(04)23288582,2025,06,19,17,14,臺中市,西屯區,0,1,0,7,2,6,0,13,23,1,5,4,6,6,4,4,10,5,5,2,17,2,8,5,4,C03,7,1,1,10,1,11,,82,82,1,13,4,120.654694,24.157264,2
7240,66000,387130000C,(04)23274275,(04)23288582,2025,06,19,17,18,臺中市,北屯區,0,0,0,7,,,50,,,,,,,,,,,,,,17,,,,,B03,,,1,,1,,,8,8,1,12,4,120.701622,24.1665,3
7241,66000,387130000C,(04)23274275,(04)23288582,2025,06,19,17,18,臺中市,大里區,0,0,0,7,2,6,50,13,9,1,5,4,6,6,4,4,5,5,5,1,13,,,,,B03,,,1,,1,,,59,59,1,6,4,120.718947,24.081847,3
7242,66000,387130000C,(04)23274275,(04)23288582,2025,06,19,17,18,臺中市,太平區,0,2,0,7,2,6,50,4,4,1,5,4,6,6,1,1,9,5,4,2,13,2,8,1,1,C03,7,9,1,10,2,11,,7,7,1,6,4,120.715375,24.119635,2
7243,66000,387130000C,(04)23274275,(04)23288582,2025,06,19,17,19,臺中市,潭子區,0,1,0,7,2,6,50,4,2,1,5,4,6,6,4,4,5,4,5,1,13,2,8,2,1,C03,7,9,1,10,2,11,,7,7,1,13,4,120.70072,24.216528,2
7244,66000,387130000C,(04)23274275,(04)23288582,2025,06,19,17,19,臺中市,西區,0,1,0,7,2,6,40,13,7,1,5,4,6,6,4,4,9,4,4,2,17,3,10,1,1,C03,7,8,1,10,2,13,,43,43,1,12,4,120.665412,24.147577,2
7245,66000,387130000C,(04)23274275,(04)23288582,2025,06,19,17,20,臺中市,大雅區,0,0,0,7,,,50,,,,,,,,,,,,,,,,,,,B03,,,1,,2,,,7,7,1,13,4,120.646788,24.212836,3
7246,66000,387130000C,(04)23274275,(04)23288582,2025,06,19,17,20,臺中市,大甲區,0,0,0,7,,,50,,,,,,,,,,,,,,,,,,,B03,,,1,,1,,,59,59,1,6,4,120.644358,24.405121,3
7247,66000,387130000C,(04)23274275,(04)23288582,2025,06,19,17,23,臺中市,北區,0,1,0,7,2,6,50,3,1,1,5,4,6,6,2,1,10,5,5,2,17,3,10,3,1,B03,7,1,1,8,2,8,,51,51,1,13,4,120.69901,24.156105,2
7248,66000,387130000C,(04)23274275,(04)23288582,2025,06,19,17,26,臺中市,豐原區,0,3,0,7,2,6,50,3,1,1,5,4,6,6,2,1,5,5,4,2,13,2,9,2,1,C03,7,9,1,10,2,11,,7,7,1,13,4,120.714744,24.245927,2
7249,66000,387130000C,(04)23274275,(04)23288582,2025,06,19,17,27,臺中市,北屯區,0,0,0,7,,,,,,,,,,,,,,,,,,,,,,,,,,,,,,119,119,1,,,120.690201,24.177012,4
7250,66000,387130000C,(04)23274275,(04)23288582,2025,06,19,17,27,臺中市,北屯區,0,1,0,7,1,6,50,4,2,1,5,4,6,6,4,4,3,4,5,2,13,2,9,1,1,C03,7,9,1,10,2,11,,84,84,1,13,4,120.692794,24.162343,2
7251,66000,387130000C,(04)23274275,(04)23288582,2025,06,19,17,27,臺中市,大里區,0,0,0,7,,,40,,,,,,,,,,,,,,,,,,,B03,,,1,,2,,,49,49,1,12,4,120.695136,24.112313,3
7252,66000,387130000C,(04)23274275,(04)23288582,2025,06,19,17,28,臺中市,霧峰區,0,2,0,7,2,6,50,5,1,1,5,4,6,5,1,1,5,5,5,2,16,3,10,5,4,B03,7,6,1,8,2,5,,23,23,1,12,4,120.693001,24.073002,2
7253,66000,387130000C,(04)23274275,(04)23288582,2025,06,19,17,30,臺中市,南區,0,0,0,7,,,40,,,,,,,,,,,,,,17,,,,,B03,,,1,,2,,,51,51,1,12,4,120.682047,24.122539,3
7254,66000,387130000C,(04)23274275,(04)23288582,2025,06,19,17,30,臺中市,西屯區,0,0,0,6,3,6,50,13,9,1,5,4,6,6,1,1,1,4,5,2,13,,,,,B03,,,1,,1,,,59,59,1,12,4,120.660283,24.171668,3
7255,66000,387130000C,(04)23274275,(04)23288582,2025,06,19,17,30,臺中市,西屯區,0,0,0,7,,,30,,,,,,,,,,,,,,15,,,,,B03,,,1,,1,,,14,14,1,12,4,120.617242,24.187386,3
7256,66000,387130000C,(04)23274275,(04)23288582,2025,06,19,17,31,臺中市,大里區,0,0,0,7,,,40,,,,,,,,,,,,,,17,,,,,B03,,,1,,1,,,84,84,1,12,4,120.688038,24.105829,3
7257,66000,387130000C,(04)23274275,(04)23288582,2025,06,19,17,33,臺中市,北區,0,1,0,7,2,6,40,4,1,1,5,4,6,6,1,1,10,5,5,2,13,2,9,5,4,C03,7,5,3,19,2,11,,7,7,1,13,4,120.675729,24.171679,2
7258,66000,387130000C,(04)23274275,(04)23288582,2025,06,19,17,34,臺中市,大里區,0,0,0,7,,,50,,,,,,,,,,,,,,17,,,,,B03,,,1,,2,,,8,8,1,13,4,120.684421,24.11538,3
7259,66000,387130000C,(04)23274275,(04)23288582,2025,06,19,17,35,臺中市,西區,0,1,0,7,2,6,50,4,1,1,5,4,6,6,1,1,10,5,5,2,13,3,10,3,1,B03,7,9,1,8,2,5,,7,7,1,13,4,120.674274,24.140152,2
7260,66000,387130000C,(04)23274275,(04)23288582,2025,06,19,17,35,臺中市,北區,0,0,0,7,,,50,,,,,,,,,,,,,,17,,,,,B12,,,5,,2,,,8,8,1,13,4,120.690442,24.158651,3
7261,66000,387130000C,(04)23274275,(04)23288582,2025,06,19,17,37,臺中市,東勢區,0,1,0,7,2,6,50,13,9,1,5,4,6,6,1,1,4,3,4,1,13,2,8,5,4,C03,7,9,1,10,2,11,,7,7,1,12,4,120.824458,24.258016,2
7262,66000,387130000C,(04)23274275,(04)23288582,2025,06,19,17,39,臺中市,沙鹿區,0,1,0,7,2,6,50,13,9,1,5,4,6,6,4,4,8,3,5,1,17,3,10,5,4,B03,7,1,1,8,2,4,,51,51,1,13,4,120.567679,24.202684,2
7263,66000,387130000C,(04)23274275,(04)23288582,2025,06,19,17,41,臺中市,東區,0,0,0,7,,,50,,,,,,,,,,,,,,17,,,,,B12,,,5,,1,,,84,84,1,12,4,120.699518,24.149535,3
7264,66000,387130000C,(04)23274275,(04)23288582,2025,06,19,17,42,臺中市,南屯區,0,0,0,7,,,50,,,,,,,,,,,,,,17,,,,,B03,,,1,,3,,,1,1,1,12,4,120.610345,24.134313,3
7265,66000,387130000C,(04)23274275,(04)23288582,2025,06,19,17,45,臺中市,東區,0,0,0,7,,,50,,,,,,,,,,,,,,13,,,,,B03,,,1,,1,,,84,84,1,13,4,120.689716,24.132727,3
7266,66000,387130000C,(04)23274275,(04)23288582,2025,06,19,17,46,臺中市,東區,0,1,0,7,2,6,50,4,1,1,5,4,6,6,1,1,10,5,5,2,16,3,10,3,1,B03,7,5,1,8,2,2,,11,11,1,13,4,120.699234,24.129659,2
7267,66000,387130000C,(04)23274275,(04)23288582,2025,06,19,17,47,臺中市,潭子區,0,1,0,7,2,6,50,13,7,1,5,4,6,6,4,4,5,5,4,2,12,3,10,2,1,C03,7,9,1,10,2,11,,8,8,1,13,4,120.702247,24.197013,2
7268,66000,387130000C,(04)23274275,(04)23288582,2025,06,19,17,52,臺中市,北屯區,0,0,0,7,,,50,,,,,,,,,,,,,,15,,,,,C03,,,1,,1,,,12,12,1,5,4,120.679428,24.181803,3
7269,66000,387130000C,(04)23274275,(04)23288582,2025,06,19,17,53,臺中市,北區,0,2,0,7,2,6,50,4,1,1,5,4,6,6,2,1,10,4,5,2,13,2,9,1,1,C03,7,9,1,10,2,11,,59,59,1,13,4,120.674056,24.16524,2
7270,66000,387130000C,(04)23274275,(04)23288582,2025,06,19,17,53,臺中市,南屯區,0,1,0,7,2,6,50,4,1,1,5,4,6,6,1,1,10,5,5,2,3,3,10,3,1,B03,7,6,1,8,2,8,,10,10,1,13,4,120.628518,24.115797,2
7271,66000,387130000C,(04)23274275,(04)23288582,2025,06,19,17,55,臺中市,潭子區,0,2,0,7,3,6,50,13,9,1,5,4,6,6,4,4,1,4,5,2,17,2,9,2,1,C03,7,7,1,10,2,12,,84,84,1,13,4,120.700281,24.201025,2
7272,66000,387130000C,(04)23274275,(04)23288582,2025,06,19,17,59,臺中市,中區,0,1,0,7,2,6,50,4,4,1,5,4,6,6,2,1,5,2,5,2,13,3,10,2,1,C03,7,9,1,10,2,11,,84,84,1,12,4,120.685322,24.142574,2
7273,66000,387130000C,(04)23274275,(04)23288582,2025,06,19,17,59,臺中市,東勢區,0,1,0,7,3,6,60,13,8,1,5,4,3,6,4,4,3,2,4,1,18,2,9,5,4,C03,7,9,1,10,2,12,,59,59,1,12,4,120.827199,24.251126,2
7274,66000,387130000C,(04)23274275,(04)23288582,2025,06,19,18,0,臺中市,南區,0,0,0,7,,,50,,,,,,,,,,,,,,13,,,,,B03,,,1,,1,,,84,84,1,12,4,120.656858,24.124061,3
7275,66000,387130000C,(04)23274275,(04)23288582,2025,06,19,18,1,臺中市,北區,0,0,0,7,,,50,,,,,,,,,,,,,,13,,,,,C03,,,3,,1,,,5,5,1,13,4,120.678833,24.152067,3
7276,66000,387130000C,(04)23274275,(04)23288582,2025,06,19,18,2,臺中市,大雅區,0,0,0,7,1,6,30,13,9,1,5,4,6,6,4,4,10,5,5,2,17,,,,,B03,,,1,,2,,,50,50,1,13,4,120.668623,24.233253,3
7277,66000,387130000C,(04)23274275,(04)23288582,2025,06,19,18,3,臺中市,北屯區,0,0,0,7,,,50,,,,,,,,,,,,,,13,,,,,B02,,,1,,1,,,59,59,1,12,4,120.730219,24.174284,4
7278,66000,387130000C,(04)23274275,(04)23288582,2025,06,19,18,6,臺中市,北區,0,1,0,7,2,6,50,4,1,1,5,4,6,6,1,1,10,5,5,2,16,3,10,5,4,B03,7,5,1,8,2,2,,47,47,1,13,4,120.685759,24.153267,2
7279,66000,387130000C,(04)23274275,(04)23288582,2025,06,19,18,6,臺中市,北屯區,0,1,0,7,2,6,50,13,9,1,5,4,6,6,4,4,1,4,5,2,16,3,10,3,1,B03,7,5,1,8,2,5,,84,84,1,6,4,120.680556,24.17268,2
7280,66000,387130000C,(04)23274275,(04)23288582,2025,06,19,18,7,臺中市,烏日區,0,2,0,7,2,6,50,4,1,1,5,4,6,6,1,1,5,4,5,1,16,3,10,1,1,C03,7,6,1,10,2,11,,23,23,1,6,4,120.643892,24.083485,2
7281,66000,387130000C,(04)23274275,(04)23288582,2025,06,19,18,8,臺中市,東區,0,0,0,7,,,50,,,,,,,,,,,,,,13,,,,,B03,,,1,,1,,,84,84,1,12,4,120.697502,24.145308,3
7282,66000,387130000C,(04)23274275,(04)23288582,2025,06,19,18,10,臺中市,大雅區,0,0,0,7,,,50,,,,,,,,,,,,,,,,,,,C03,,,1,,2,,,7,7,1,12,4,120.631004,24.228087,3
7283,66000,387130000C,(04)23274275,(04)23288582,2025,06,19,18,11,臺中市,北區,0,1,0,7,2,6,50,4,1,1,5,4,6,6,1,1,10,5,5,2,16,2,7,5,4,C03,7,15,1,10,2,12,,39,39,1,13,4,120.667018,24.155147,2
7284,66000,387130000C,(04)23274275,(04)23288582,2025,06,19,18,11,臺中市,南屯區,0,0,0,7,,,50,,,,,,,,,,,,,,12,,,,,B03,,,1,,11,,,8,8,1,12,4,120.616593,24.151935,3
7285,66000,387130000C,(04)23274275,(04)23288582,2025,06,19,18,11,臺中市,新社區,0,1,0,7,2,6,50,13,9,1,5,4,6,6,4,4,4,3,5,1,12,2,7,5,4,C03,7,9,1,10,1,11,,7,7,1,12,4,120.808889,24.2413,2
7286,66000,387130000C,(04)23274275,(04)23288582,2025,06,19,18,20,臺中市,沙鹿區,0,0,0,7,2,6,60,12,7,1,5,4,6,6,1,1,1,3,1,2,13,,,,,B03,,,1,,2,,,7,7,1,12,4,120.567467,24.203558,3
7287,66000,387130000C,(04)23274275,(04)23288582,2025,06,19,18,20,臺中市,大甲區,0,0,0,7,,,50,,,,,,,,,,,,,,,,,,,C03,,,1,,2,,,7,7,1,6,4,120.621045,24.351494,3
7288,66000,387130000C,(04)23274275,(04)23288582,2025,06,19,18,22,臺中市,梧棲區,0,0,0,7,,,70,,,,,,,,,,,,,,13,,,,,B03,,,1,,1,,,7,7,1,6,4,120.545059,24.226991,3
7289,66000,387130000C,(04)23274275,(04)23288582,2025,06,19,18,25,臺中市,大肚區,0,1,0,7,2,6,30,3,1,1,5,4,6,6,4,4,10,5,5,2,16,2,8,4,1,C03,7,6,1,10,2,11,,14,14,1,6,4,120.544945,24.12663,2
7290,66000,387130000C,(04)23274275,(04)23288582,2025,06,19,18,29,臺中市,東區,0,0,0,7,,,50,,,,,,,,,,,,,,10,,,,,B03,,,3,,1,,,39,39,1,13,4,120.699238,24.145802,3
7291,66000,387130000C,(04)23274275,(04)23288582,2025,06,19,18,30,臺中市,豐原區,0,2,0,7,2,6,50,4,1,1,5,4,6,6,3,1,10,5,5,2,15,2,9,1,1,C03,7,9,1,10,9,13,,24,24,1,12,4,120.727114,24.256997,2
7292,66000,387130000C,(04)23274275,(04)23288582,2025,06,19,18,34,臺中市,豐原區,0,1,0,7,2,6,50,4,1,1,5,4,6,6,2,1,1,2,5,1,12,3,10,3,1,B12,7,5,1,8,2,2,,38,38,1,12,4,120.70335,24.251549,2
7293,66000,387130000C,(04)23274275,(04)23288582,2025,06,19,18,37,臺中市,中區,0,0,0,7,,,50,,,,,,,,,,,,,,17,,,,,B01,,,1,,2,,,84,84,1,12,4,120.680853,24.139791,3
7294,66000,387130000C,(04)23274275,(04)23288582,2025,06,19,18,38,臺中市,南屯區,0,0,0,7,,,50,,,,,,,,,,,,,,,,,,,B03,,,1,,9,,,49,49,1,6,4,120.649633,24.144368,3
7295,66000,387130000C,(04)23274275,(04)23288582,2025,06,19,18,38,臺中市,北屯區,0,1,0,7,2,6,50,13,9,1,5,4,6,6,4,4,1,4,5,2,18,2,9,1,1,C03,7,12,1,10,2,12,,82,82,1,6,4,120.706798,24.182161,2
7296,66000,387130000C,(04)23274275,(04)23288582,2025,06,19,18,39,臺中市,東區,0,1,0,7,1,6,50,4,2,1,5,4,6,6,1,1,5,2,5,2,3,2,9,6,5,H01,8,18,7,21,2,17,,95,95,1,13,5,120.69559,24.144728,2
7297,66000,387130000C,(04)23274275,(04)23288582,2025,06,19,18,40,臺中市,潭子區,0,1,0,6,1,6,50,4,1,1,5,4,6,6,1,1,1,4,5,2,17,3,10,3,1,B03,7,6,1,8,2,1,,59,59,1,13,4,120.70358,24.201031,2
7298,66000,387130000C,(04)23274275,(04)23288582,2025,06,19,18,41,臺中市,北屯區,0,2,0,7,1,6,50,13,9,1,5,4,6,6,4,4,10,4,5,2,17,2,8,6,1,F01,7,1,7,21,2,11,,51,51,1,13,4,120.680468,24.173471,2
7299,66000,387130000C,(04)23274275,(04)23288582,2025,06,19,18,42,臺中市,南區,0,0,0,7,,,50,,,,,,,,,,,,,,17,,,,,C03,,,1,,1,,,1,1,1,12,4,120.681976,24.129591,3
7300,66000,387130000C,(04)23274275,(04)23288582,2025,06,19,18,42,臺中市,大里區,0,1,0,7,1,6,50,4,2,1,5,4,6,6,1,1,10,5,5,1,16,2,9,1,1,C03,7,9,1,10,2,11,,84,84,1,12,4,120.679014,24.109352,2
7301,66000,387130000C,(04)23274275,(04)23288582,2025,06,19,18,42,臺中市,沙鹿區,0,0,0,7,,,50,,,,,,,,,,,,,,,,,,,B03,,,1,,1,,,59,59,1,12,4,120.56485,24.24056,3
7302,66000,387130000C,(04)23274275,(04)23288582,2025,06,19,18,48,臺中市,西區,0,0,0,7,,,50,,,,,,,,,,,,,,12,,,,,C03,,,1,,9,,,8,8,1,12,4,120.675422,24.133556,3
7303,66000,387130000C,(04)23274275,(04)23288582,2025,06,19,18,55,臺中市,南屯區,0,0,0,7,,,50,,,,,,,,,,,,,,13,,,,,B03,,,5,,1,,,49,49,1,12,4,120.616124,24.15251,3
7304,66000,387130000C,(04)23274275,(04)23288582,2025,06,19,18,59,臺中市,太平區,0,0,0,7,1,6,50,,,,,,,,,,,,,,,,,,,B03,,,1,,2,5,,56,56,1,12,4,120.733623,24.155391,3
7305,66000,387130000C,(04)23274275,(04)23288582,2025,06,19,19,2,臺中市,西屯區,0,0,0,7,,,30,,,,,,,,,,,,,,14,,,,,B03,,,1,,1,,,49,49,1,13,4,120.612538,24.185198,3
7306,66000,387130000C,(04)23274275,(04)23288582,2025,06,19,19,2,臺中市,大里區,0,0,0,7,1,6,50,3,,1,5,4,6,6,1,1,5,4,5,1,3,3,10,5,4,A12,7,6,1,5,2,8,,10,10,1,13,4,120.699721,24.105786,3
7307,66000,387130000C,(04)23274275,(04)23288582,2025,06,19,19,6,臺中市,西屯區,0,0,0,7,,,50,,,,,,,,,,,,,,13,,,,,B03,,,3,,2,,,59,59,1,13,4,120.65312,24.166591,3
7308,66000,387130000C,(04)23274275,(04)23288582,2025,06,19,19,7,臺中市,太平區,0,1,0,7,1,6,50,4,1,1,5,4,6,6,1,1,5,5,5,2,17,2,8,2,1,C03,7,9,1,10,2,14,,84,84,1,12,4,120.726627,24.152231,2
7309,66000,387130000C,(04)23274275,(04)23288582,2025,06,19,19,13,臺中市,西區,0,0,0,7,1,6,40,4,2,1,5,4,6,6,1,1,3,4,4,2,30,,,,,B03,,,1,,1,,,87,87,1,13,4,120.657376,24.147777,3
7310,66000,387130000C,(04)23274275,(04)23288582,2025,06,19,19,19,臺中市,西區,0,1,0,7,1,6,50,4,1,1,5,4,6,6,1,1,5,4,5,2,15,2,7,6,1,F01,7,9,7,21,2,11,,21,21,1,12,4,120.661701,24.149017,2
7311,66000,387130000C,(04)23274275,(04)23288582,2025,06,19,19,20,臺中市,大里區,0,0,0,7,,,50,,,,,,,,,,,,,,,,,,,C03,,,1,,2,,,8,8,1,12,4,120.700494,24.108824,3
7312,66000,387130000C,(04)23274275,(04)23288582,2025,06,19,19,24,臺中市,北屯區,0,1,0,7,1,6,50,4,1,1,5,4,6,6,1,1,10,5,5,2,18,2,9,1,1,C03,7,9,1,10,2,12,,5,5,1,12,4,120.698333,24.172948,2
7313,66000,387130000C,(04)23274275,(04)23288582,2025,06,19,19,34,臺中市,太平區,0,1,0,7,1,6,40,3,2,1,5,4,6,6,4,4,5,5,5,2,13,3,10,3,1,B03,7,9,1,8,2,8,,84,84,1,12,4,120.701195,24.11243,2
7314,66000,387130000C,(04)23274275,(04)23288582,2025,06,19,19,35,臺中市,南屯區,0,0,0,7,1,6,50,13,9,1,5,4,6,6,1,1,3,4,5,2,13,,,,,B03,,,1,,1,,,84,84,1,12,4,120.636942,24.153392,3
7315,66000,387130000C,(04)23274275,(04)23288582,2025,06,19,19,37,臺中市,西屯區,0,0,0,7,,,50,,,,,,,,,,,,,,14,,,,,B03,,,1,,1,,,49,49,1,13,4,120.644801,24.184433,3
7316,66000,387130000C,(04)23274275,(04)23288582,2025,06,19,19,37,臺中市,太平區,0,1,0,7,1,6,40,3,1,1,5,4,6,6,1,1,10,5,5,2,18,2,9,5,4,F01,7,9,7,21,1,14,,84,84,1,12,4,120.712652,24.149874,2
7317,66000,387130000C,(04)23274275,(04)23288582,2025,06,19,19,39,臺中市,神岡區,0,2,0,7,1,6,50,13,9,1,5,4,6,6,4,4,5,5,5,1,16,2,7,5,4,B03,7,1,1,8,2,4,,39,39,1,12,4,120.679474,24.239536,2
7318,66000,387130000C,(04)23274275,(04)23288582,2025,06,19,19,45,臺中市,大雅區,0,0,0,7,,,70,,,,,,,,,,,,,,,,,,,B03,,,1,,1,,,7,7,1,12,4,120.64282,24.228236,3
7319,66000,387130000C,(04)23274275,(04)23288582,2025,06,19,19,47,臺中市,北屯區,0,1,0,7,1,6,30,11,9,1,5,4,6,6,4,4,10,5,5,1,18,3,10,2,1,C03,7,9,1,10,2,14,,85,85,1,12,4,120.712076,24.185152,2
7320,66000,387130000C,(04)23274275,(04)23288582,2025,06,19,19,47,臺中市,后里區,0,0,0,7,1,6,40,3,2,1,5,4,3,6,4,4,9,5,5,1,16,3,10,3,1,B03,7,6,1,8,2,5,,12,12,1,6,4,120.717999,24.310348,3
7321,66000,387130000C,(04)23274275,(04)23288582,2025,06,19,19,50,臺中市,沙鹿區,0,2,0,6,1,6,50,13,9,1,5,4,6,6,4,4,8,3,5,1,17,2,9,5,4,C02,7,9,1,9,2,11,,85,85,1,13,4,120.572282,24.242507,2
7322,66000,387130000C,(04)23274275,(04)23288582,2025,06,19,19,54,臺中市,神岡區,0,0,0,6,,,50,,,,,,,,,,,,,,13,,,,,B03,,,1,,2,,,84,84,1,12,4,120.678958,24.249436,3
7323,66000,387130000C,(04)23274275,(04)23288582,2025,06,19,19,55,臺中市,大里區,0,0,0,7,1,6,50,3,1,1,5,4,6,6,4,4,1,5,5,1,13,,,,,B03,,,1,,2,,,59,59,1,6,4,120.728333,24.091431,3
7324,66000,387130000C,(04)23274275,(04)23288582,2025,06,19,19,55,臺中市,烏日區,0,0,0,7,1,6,60,13,7,1,5,4,6,6,1,1,1,4,4,1,13,3,10,3,1,B03,7,9,1,8,1,1,,7,7,1,6,4,120.611197,24.10757,3
7325,66000,387130000C,(04)23274275,(04)23288582,2025,06,19,19,57,臺中市,霧峰區,1,0,0,7,1,6,30,13,9,1,5,4,1,6,4,4,9,5,5,1,10,1,9,4,4,C03,7,9,5,19,9,11,,84,84,1,12,4,120.680348,24.018227,1
7326,66000,387130000C,(04)23274275,(04)23288582,2025,06,19,19,58,臺中市,清水區,0,0,0,7,,,50,,,,,,,,,,,,,,,,,,,A02,,,1,,2,,,50,50,1,12,4,120.575788,24.270449,3
7327,66000,387130000C,(04)23274275,(04)23288582,2025,06,19,19,59,臺中市,南屯區,0,0,0,7,,,50,,,,,,,,,,,,,,,,,,,B03,,,1,,1,,,35,35,1,13,4,120.640718,24.151105,3
7328,66000,387130000C,(04)23274275,(04)23288582,2025,06,19,20,3,臺中市,西區,0,0,0,7,,,50,,,,,,,,,,,,,,,,,,,B03,,,1,,9,,,76,76,1,6,4,120.659056,24.153318,3
7329,66000,387130000C,(04)23274275,(04)23288582,2025,06,19,20,16,臺中市,西屯區,0,0,0,7,,,50,,,,,,,,,,,,,,12,,,,,A02,,,1,,1,,,8,8,1,13,4,120.645096,24.178816,3
7330,66000,387130000C,(04)23274275,(04)23288582,2025,06,19,20,22,臺中市,西區,0,1,0,7,1,6,50,4,1,1,5,4,6,6,1,1,10,5,5,2,16,3,10,5,4,B03,7,5,1,8,1,2,,47,47,1,13,4,120.657257,24.150851,2
7331,66000,387130000C,(04)23274275,(04)23288582,2025,06,19,20,24,臺中市,南區,0,1,0,7,1,6,50,3,1,1,5,4,6,6,4,4,10,5,5,2,16,3,10,5,4,B03,7,6,1,8,2,8,,84,84,1,12,4,120.660508,24.115492,2
7332,66000,387130000C,(04)23274275,(04)23288582,2025,06,19,20,30,臺中市,西屯區,0,1,0,7,1,6,50,4,1,1,5,4,6,6,1,1,10,5,5,2,16,3,10,3,1,B03,7,6,1,8,2,1,,11,11,1,12,4,120.606877,24.193803,2
7333,66000,387130000C,(04)23274275,(04)23288582,2025,06,19,20,33,臺中市,豐原區,0,0,0,7,,,50,,,,,,,,,,,,,,17,,,,,B03,,,1,,2,,,84,84,1,12,4,120.71203,24.255293,3
7334,66000,387130000C,(04)23274275,(04)23288582,2025,06,19,20,34,臺中市,西屯區,0,0,0,7,1,6,50,13,9,1,5,4,6,6,4,4,5,4,5,2,14,,,,,B03,,,1,,1,,,49,49,1,12,4,120.636874,24.165388,3
7335,66000,387130000C,(04)23274275,(04)23288582,2025,06,19,20,35,臺中市,北屯區,0,1,0,7,2,6,60,13,9,1,5,4,6,6,4,4,1,4,5,2,13,3,10,3,1,B03,7,9,1,8,2,5,,84,84,1,12,4,120.722014,24.162491,2
7336,66000,387130000C,(04)23274275,(04)23288582,2025,06,19,20,37,臺中市,龍井區,0,2,0,7,1,6,50,4,1,1,5,4,6,6,4,4,10,5,5,2,30,2,8,1,1,C03,7,9,1,10,2,11,,20,20,1,6,4,120.545495,24.201861,2
7337,66000,387130000C,(04)23274275,(04)23288582,2025,06,19,20,40,臺中市,大肚區,0,2,0,7,1,6,50,4,1,1,5,4,6,6,4,4,10,5,5,2,15,2,9,5,4,C03,7,9,1,10,2,15,,15,15,1,12,4,120.576934,24.174567,2
7338,66000,387130000C,(04)23274275,(04)23288582,2025,06,19,20,40,臺中市,清水區,0,0,0,7,,,50,,,,,,,,,,,,,,,,,,,B03,,,1,,1,,,58,58,1,12,4,120.549436,24.267749,3
7339,66000,387130000C,(04)23274275,(04)23288582,2025,06,19,20,45,臺中市,東區,0,2,0,7,1,6,50,13,9,1,5,4,6,6,4,4,1,4,5,2,13,3,10,2,1,C03,7,9,1,10,1,11,,84,84,1,13,4,120.696618,24.133741,2
7340,66000,387130000C,(04)23274275,(04)23288582,2025,06,19,20,48,臺中市,龍井區,0,1,0,7,1,6,50,13,9,1,5,4,6,6,4,4,5,5,5,1,30,2,9,5,4,C03,7,15,1,10,2,11,,82,82,1,12,4,120.590078,24.181049,2
7341,66000,387130000C,(04)23274275,(04)23288582,2025,06,19,20,50,臺中市,霧峰區,0,0,0,7,1,6,60,13,9,1,5,4,6,6,4,4,1,4,5,1,13,,,,,B03,,,1,,1,,,59,59,1,6,4,120.696007,24.065177,3
7342,66000,387130000C,(04)23274275,(04)23288582,2025,06,19,20,56,臺中市,北區,0,2,0,7,1,6,50,13,8,1,5,4,6,6,4,4,1,4,4,2,13,2,9,1,1,C03,7,9,1,9,2,11,,7,7,1,13,4,120.673287,24.167395,2
7343,66000,387130000C,(04)23274275,(04)23288582,2025,06,19,20,58,臺中市,西屯區,0,0,0,7,,,0,,,,,,,,,,,,,,14,,,,,B03,,,1,,1,,,49,49,1,13,4,120.624316,24.194298,3
7344,66000,387130000C,(04)23274275,(04)23288582,2025,06,19,21,0,臺中市,沙鹿區,0,0,0,7,1,6,60,13,7,1,5,4,6,6,1,1,1,3,1,2,12,,,,,B02,,,1,,2,,,40,40,1,12,4,120.564691,24.23969,3