﻿序號,縣市別代碼,機關代碼,市話,傳真,年,月,日,時,分,縣市,區,死亡數量,受傷數量,2-30,天候,道路照明設備,道路類別,道路速限,道路型態,事故位置,路面鋪裝,路面狀態,路面缺陷,障礙物,視距,號誌種類,號誌動作,分向設施,快車道或一般車道間,快慢車道間,路面邊線,事故類型及型態,受傷程度,主要傷處,保護裝備,行動電話或功能裝置,當事者區分_類別,車輛用途,當事者行動狀態,駕照狀態,駕照種類,飲酒情形,車輛撞擊部位最初,車輛撞擊部位其他,肇事因素個別,肇事因素主要,肇事逃逸,職業,共享經濟或外送平台,GPS座標X,GPS座標Y,事故類別
7345,66000,387130000C,(04)23274275,(04)23288582,2025,06,19,21,3,臺中市,太平區,0,1,0,7,1,6,50,3,2,1,5,4,6,6,4,4,5,2,4,1,12,2,9,1,1,C03,7,4,1,10,2,11,,58,58,1,12,4,120.717651,24.148667,2
7346,66000,387130000C,(04)23274275,(04)23288582,2025,06,19,21,8,臺中市,南屯區,0,0,0,7,1,6,50,13,9,1,5,4,6,6,4,4,10,5,5,2,14,,,,,B03,,,1,,2,,,49,49,1,12,4,120.640341,24.137758,3
7347,66000,387130000C,(04)23274275,(04)23288582,2025,06,19,21,15,臺中市,沙鹿區,0,0,0,7,1,6,40,13,8,1,5,4,6,6,1,1,4,3,4,2,12,,,,,C01,,,1,,2,,,47,47,1,12,4,120.558732,24.235018,3
7348,66000,387130000C,(04)23274275,(04)23288582,2025,06,19,21,24,臺中市,東區,0,1,0,7,1,6,50,4,1,1,5,4,6,6,1,1,5,2,4,2,17,3,10,3,1,B12,7,5,1,8,2,6,,87,87,1,13,4,120.705368,24.137614,2
7349,66000,387130000C,(04)23274275,(04)23288582,2025,06,19,21,27,臺中市,豐原區,0,0,0,7,,,50,,,,,,,,,,,,,,30,,,,,B03,,,1,,2,,,84,84,1,13,4,120.72671,24.25909,3
7350,66000,387130000C,(04)23274275,(04)23288582,2025,06,19,21,47,臺中市,豐原區,0,2,0,7,1,6,50,5,1,1,5,4,6,6,1,1,1,5,5,2,16,3,10,5,4,B03,7,6,1,8,6,2,,25,25,1,13,4,120.722399,24.277807,2
7351,66000,387130000C,(04)23274275,(04)23288582,2025,06,19,21,50,臺中市,南屯區,0,2,0,7,1,6,50,4,1,1,5,4,6,6,2,1,5,5,5,2,16,2,9,2,1,C03,7,6,1,10,2,12,,11,11,1,12,4,120.643965,24.134737,2
7352,66000,387130000C,(04)23274275,(04)23288582,2025,06,19,22,0,臺中市,東區,0,0,0,7,,,50,,,,,,,,,,,,,,13,,,,,B03,,,1,,1,,,84,84,1,12,4,120.69271,24.132554,3
7353,66000,387130000C,(04)23274275,(04)23288582,2025,06,19,22,2,臺中市,龍井區,0,3,0,6,1,6,50,4,1,1,5,4,6,6,1,1,10,5,5,2,15,2,9,1,1,C03,7,9,1,10,2,11,,21,21,1,6,4,120.587638,24.192161,2
7354,66000,387130000C,(04)23274275,(04)23288582,2025,06,19,22,4,臺中市,東區,0,0,0,7,,,50,,,,,,,,,,,,,,12,,,,,B03,,,1,,1,,,40,40,1,12,4,120.698033,24.147964,3
7355,66000,387130000C,(04)23274275,(04)23288582,2025,06,19,22,9,臺中市,太平區,0,0,0,7,,,30,,,,,,,,,,,,,,25,,,,,B02,,,1,,2,,,49,49,1,13,4,120.735592,24.144866,3
7356,66000,387130000C,(04)23274275,(04)23288582,2025,06,19,22,19,臺中市,北屯區,0,1,0,7,1,6,50,13,7,1,5,4,6,6,4,4,1,4,4,2,13,2,9,1,1,C03,7,9,1,10,2,11,,84,84,1,6,4,120.686174,24.180672,2
7357,66000,387130000C,(04)23274275,(04)23288582,2025,06,19,22,21,臺中市,龍井區,0,2,0,7,1,6,50,4,1,1,5,4,6,6,1,1,10,5,5,2,18,2,9,1,1,C03,7,6,2,19,2,14,,59,59,1,4,4,120.549603,24.213486,2
7358,66000,387130000C,(04)23274275,(04)23288582,2025,06,19,22,43,臺中市,北屯區,0,0,0,7,,,50,,,,,,,,,,,,,,17,,,,,B03,,,1,,2,,,84,84,1,12,4,120.719475,24.163003,3
7359,66000,387130000C,(04)23274275,(04)23288582,2025,06,19,22,55,臺中市,沙鹿區,0,0,0,7,1,6,60,4,7,1,5,4,6,6,1,1,1,3,4,1,12,,,,,B03,,,1,,2,,,47,47,1,12,4,120.597431,24.250101,3
7360,66000,387130000C,(04)23274275,(04)23288582,2025,06,19,23,5,臺中市,北區,0,2,0,7,1,6,50,3,1,1,5,4,6,6,1,1,5,4,5,2,23,2,9,5,1,B01,7,6,1,4,2,8,,59,59,1,13,4,120.680976,24.163174,2
7361,66000,387130000C,(04)23274275,(04)23288582,2025,06,19,23,14,臺中市,西區,0,1,0,7,1,6,50,5,1,1,5,4,6,6,1,1,10,5,5,2,16,2,9,2,1,C03,7,6,1,10,2,14,,11,11,1,12,4,120.671987,24.140726,2
7362,66000,387130000C,(04)23274275,(04)23288582,2025,06,19,23,30,臺中市,霧峰區,0,0,0,7,,,50,,,,,,,,,,,,,,17,,,,,C03,,,1,,2,,,7,7,1,6,4,120.688309,24.044726,3
7363,66000,387130000C,(04)23274275,(04)23288582,2025,06,19,23,42,臺中市,大里區,0,0,0,6,3,6,60,5,1,1,5,4,6,6,1,1,10,5,5,2,12,,,,,C03,,,3,,2,,,8,8,1,12,4,120.68161,24.104269,3
7364,66000,387130000C,(04)23274275,(04)23288582,2025,06,19,23,44,臺中市,后里區,0,1,0,7,1,6,30,13,9,1,5,4,6,6,4,4,10,5,5,2,28,2,8,1,1,C03,7,9,1,10,2,11,,87,87,1,6,4,120.725632,24.310373,2
7365,66000,387130000C,(04)23274275,(04)23288582,2025,06,20,1,5,臺中市,北屯區,0,0,0,7,,,40,,,,,,,,,,,,,,12,,,,,B03,,,1,8,2,,,84,84,1,6,4,120.685099,24.177791,3
7366,66000,387130000C,(04)23274275,(04)23288582,2025,06,20,1,27,臺中市,東區,0,1,0,7,1,6,50,13,8,1,5,4,6,6,4,4,3,4,4,2,8,3,10,1,1,C03,7,9,1,10,1,12,,59,59,1,12,4,120.694117,24.14867,2
7367,66000,387130000C,(04)23274275,(04)23288582,2025,06,20,2,5,臺中市,南屯區,0,1,0,7,1,6,50,13,9,1,5,4,6,6,4,4,5,4,5,2,12,2,9,1,1,C03,7,9,1,10,2,11,,84,84,1,12,4,120.634285,24.136642,2
7368,66000,387130000C,(04)23274275,(04)23288582,2025,06,20,2,51,臺中市,太平區,0,1,0,7,1,6,50,13,9,1,5,4,6,6,4,4,9,5,5,2,17,2,9,1,1,C03,7,9,1,10,2,11,,59,59,1,12,4,120.717561,24.155436,2
7369,66000,387130000C,(04)23274275,(04)23288582,2025,06,20,4,35,臺中市,烏日區,0,0,0,7,,,70,,,,,,,,,,,,,,17,,,,,B03,,,1,,9,,,59,59,1,6,4,120.607392,24.108195,3
7370,66000,387130000C,(04)23274275,(04)23288582,2025,06,20,5,36,臺中市,太平區,0,0,0,7,,,50,,,,,,,,,,,,,,16,,,,,B03,,,1,,1,,,45,45,1,13,4,120.728598,24.150132,3
7371,66000,387130000C,(04)23274275,(04)23288582,2025,06,20,6,4,臺中市,南屯區,0,2,0,7,2,6,50,4,2,1,5,4,6,6,2,1,5,5,5,2,13,2,7,2,1,C03,7,9,1,10,2,11,,59,59,1,12,4,120.635004,24.146468,2
7372,66000,387130000C,(04)23274275,(04)23288582,2025,06,20,6,5,臺中市,太平區,0,1,0,7,1,6,50,3,1,1,5,4,6,6,1,1,5,4,5,1,12,2,9,2,1,C03,7,7,1,10,2,12,,40,40,1,13,4,120.712953,24.158805,2
7373,66000,387130000C,(04)23274275,(04)23288582,2025,06,20,6,6,臺中市,豐原區,0,2,0,7,2,6,40,11,9,1,5,4,6,6,4,4,5,4,5,1,18,2,9,5,4,C03,7,9,1,10,2,16,,59,59,1,12,4,120.760732,24.262633,2
7374,66000,387130000C,(04)23274275,(04)23288582,2025,06,20,6,29,臺中市,北區,0,1,0,7,2,6,50,13,9,1,5,4,6,6,4,4,1,5,5,2,17,3,10,3,1,B03,7,1,1,8,2,2,,51,51,1,12,4,120.67793,24.165419,2
7375,66000,387130000C,(04)23274275,(04)23288582,2025,06,20,6,31,臺中市,豐原區,0,0,0,7,,,50,,,,,,,,,,,,,,14,,,,,B03,,,3,,1,,,49,49,1,12,4,120.71535,24.249249,3
7376,66000,387130000C,(04)23274275,(04)23288582,2025,06,20,6,39,臺中市,西屯區,0,1,0,7,2,6,30,4,1,1,5,4,6,6,2,1,10,5,5,2,16,3,10,3,1,B03,7,6,1,8,2,6,,48,48,1,13,4,120.645896,24.191409,2
7377,66000,387130000C,(04)23274275,(04)23288582,2025,06,20,6,50,臺中市,龍井區,0,0,0,7,,,60,,,,,,,,,,,,,,13,,,,,B03,,,1,,1,,,7,7,1,6,4,120.57541,24.17772,3
7378,66000,387130000C,(04)23274275,(04)23288582,2025,06,20,6,50,臺中市,神岡區,0,1,0,7,2,6,50,4,1,1,5,4,6,6,4,4,10,5,5,2,16,2,9,5,4,C03,7,1,1,10,2,11,,51,51,1,12,4,120.659844,24.257234,2
7379,66000,387130000C,(04)23274275,(04)23288582,2025,06,20,6,57,臺中市,西屯區,0,1,0,7,1,6,50,4,1,1,5,4,6,6,1,1,8,4,4,1,17,3,10,5,4,B03,7,9,1,8,2,1,,59,59,1,13,4,120.660075,24.169147,2
7380,66000,387130000C,(04)23274275,(04)23288582,2025,06,20,7,3,臺中市,南屯區,0,2,0,7,2,6,50,13,7,1,5,4,6,6,4,4,4,3,4,2,16,2,1,2,4,C03,7,1,1,10,1,14,12,51,51,1,13,4,120.655076,24.144843,2
7381,66000,387130000C,(04)23274275,(04)23288582,2025,06,20,7,22,臺中市,北屯區,0,0,0,7,,,40,,,,,,,,,,,,,,12,,,,,B03,,,1,,1,,,50,50,1,12,4,120.664107,24.185771,3
7382,66000,387130000C,(04)23274275,(04)23288582,2025,06,20,7,22,臺中市,西屯區,0,0,0,7,,,60,,,,,,,,,,,,,,13,,,,,B03,,,1,,1,,,7,7,1,12,4,120.649796,24.162755,3
7383,66000,387130000C,(04)23274275,(04)23288582,2025,06,20,7,24,臺中市,西屯區,0,1,0,7,2,6,50,4,2,1,5,4,6,6,2,1,4,1,5,1,11,3,10,2,1,C03,7,6,1,10,2,12,,39,39,1,12,4,120.639,24.182345,2
7384,66000,387130000C,(04)23274275,(04)23288582,2025,06,20,7,24,臺中市,大甲區,0,1,0,7,1,6,50,3,1,1,5,4,6,6,4,4,5,5,4,1,16,2,9,1,1,C03,7,1,1,10,2,11,,51,51,1,12,4,120.624387,24.340706,2
7385,66000,387130000C,(04)23274275,(04)23288582,2025,06,20,7,25,臺中市,西區,0,1,0,7,2,6,50,13,9,1,5,4,6,6,4,4,9,5,5,2,3,2,9,6,5,H01,8,18,7,21,10,17,,95,95,1,12,5,120.661343,24.144378,2
7386,66000,387130000C,(04)23274275,(04)23288582,2025,06,20,7,25,臺中市,南區,0,0,0,7,,,50,,,,,,,,,,,,,,13,,,,,B03,,,1,,1,,,7,7,1,13,4,120.669973,24.114782,3
7387,66000,387130000C,(04)23274275,(04)23288582,2025,06,20,7,26,臺中市,沙鹿區,0,1,0,7,2,6,50,13,9,1,5,4,6,6,4,4,9,5,5,2,13,2,8,2,1,C03,7,9,1,10,2,11,,7,7,1,6,4,120.613835,24.242164,2
7388,66000,387130000C,(04)23274275,(04)23288582,2025,06,20,7,27,臺中市,豐原區,0,1,0,7,2,6,30,3,1,1,5,4,6,6,4,4,10,5,5,1,16,3,10,5,4,B03,7,5,1,7,2,8,,14,14,1,13,4,120.74136,24.257844,2
7389,66000,387130000C,(04)23274275,(04)23288582,2025,06,20,7,30,臺中市,南屯區,0,0,0,7,,,50,,,,,,,,,,,,,,,,,,,A05,,,1,,2,,,84,84,1,6,4,120.653258,24.128767,3
7390,66000,387130000C,(04)23274275,(04)23288582,2025,06,20,7,30,臺中市,烏日區,0,0,0,7,,,,,,,,,,,,,,,,,,,,,,,,,,,,,,84,84,1,,,120.626853,24.111781,3
7391,66000,387130000C,(04)23274275,(04)23288582,2025,06,20,7,33,臺中市,沙鹿區,0,0,0,7,,,50,,,,,,,,,,,,,,,,,,,B03,,,1,,2,,,78,78,1,13,4,120.562582,24.233808,3
7392,66000,387130000C,(04)23274275,(04)23288582,2025,06,20,7,35,臺中市,大肚區,0,0,0,7,,,50,,,,,,,,,,,,,,,,,,,B03,,,1,,2,,,84,84,1,6,4,120.547001,24.145401,3
7393,66000,387130000C,(04)23274275,(04)23288582,2025,06,20,7,37,臺中市,大雅區,0,0,0,7,1,6,50,13,9,1,5,4,6,6,4,4,5,5,5,2,17,,,,,C03,,,1,,1,,,39,39,1,13,4,120.654297,24.229545,3
7394,66000,387130000C,(04)23274275,(04)23288582,2025,06,20,7,37,臺中市,西屯區,0,1,0,7,2,6,50,3,1,1,5,4,6,6,1,1,10,5,5,2,12,2,8,2,4,C03,7,9,1,10,2,14,,8,8,1,13,4,120.6261,24.184575,2
7395,66000,387130000C,(04)23274275,(04)23288582,2025,06,20,7,37,臺中市,大肚區,0,1,0,7,2,6,50,13,9,1,5,4,6,6,4,4,9,4,5,1,17,3,10,1,1,C03,7,6,1,10,2,12,,20,20,1,6,4,120.578488,24.169035,2
7396,66000,387130000C,(04)23274275,(04)23288582,2025,06,20,7,41,臺中市,南區,0,0,0,7,,,50,,,,,,,,,,,,,,17,,,,,C03,,,1,,2,,,51,51,1,12,4,120.661971,24.129416,3
7397,66000,387130000C,(04)23274275,(04)23288582,2025,06,20,7,42,臺中市,大甲區,0,0,0,7,,,50,,,,,,,,,,,,,,30,,,,,B03,,,1,,2,,,58,58,1,6,4,120.62977,24.341105,3
7398,66000,387130000C,(04)23274275,(04)23288582,2025,06,20,7,42,臺中市,豐原區,0,2,0,7,2,6,30,13,9,1,5,4,6,6,4,4,10,5,5,1,17,2,9,1,4,C03,7,15,1,10,2,14,,84,84,1,12,4,120.741026,24.274153,2
7399,66000,387130000C,(04)23274275,(04)23288582,2025,06,20,7,43,臺中市,豐原區,0,0,0,7,,,30,,,,,,,,,,,,,,17,,,,,B03,,,1,,2,,,85,85,1,13,4,120.709151,24.246424,3
7400,66000,387130000C,(04)23274275,(04)23288582,2025,06,20,7,44,臺中市,東區,0,1,0,7,2,6,50,4,1,1,5,4,6,6,2,1,10,5,5,2,16,3,10,3,1,B03,7,5,1,8,2,2,,47,47,1,12,4,120.696986,24.14296,2
7401,66000,387130000C,(04)23274275,(04)23288582,2025,06,20,7,45,臺中市,西區,0,0,0,7,,,50,,,,,,,,,,,,,,,,,,,C03,,,1,,2,,,84,84,1,12,4,120.672157,24.132704,3
7402,66000,387130000C,(04)23274275,(04)23288582,2025,06,20,7,45,臺中市,東區,0,0,0,7,,,50,,,,,,,,,,,,,,,,,,,B03,,,1,,2,,,23,23,1,6,4,120.709716,24.13674,3
7403,66000,387130000C,(04)23274275,(04)23288582,2025,06,20,7,46,臺中市,北屯區,0,1,0,7,3,6,50,13,9,1,5,4,6,6,4,4,1,4,5,2,17,2,9,1,1,C03,7,9,1,10,2,12,,85,85,1,12,4,120.66188,24.189041,2
7404,66000,387130000C,(04)23274275,(04)23288582,2025,06,20,7,47,臺中市,太平區,0,1,0,7,3,6,50,3,1,1,5,4,6,6,4,4,5,4,5,2,5,3,10,3,1,B03,7,9,1,8,2,2,,84,84,1,12,4,120.722179,24.149425,2
7405,66000,387130000C,(04)23274275,(04)23288582,2025,06,20,7,50,臺中市,大雅區,0,1,0,7,2,6,50,13,9,1,5,4,6,6,4,4,9,5,5,1,13,2,9,1,1,C03,7,9,1,10,2,11,,7,7,1,13,4,120.670696,24.226149,2
7406,66000,387130000C,(04)23274275,(04)23288582,2025,06,20,7,50,臺中市,西屯區,0,1,0,7,2,6,40,13,8,1,5,4,6,6,4,4,1,4,5,2,13,2,9,2,4,C03,7,9,1,10,2,11,,7,7,1,12,4,120.645721,24.201326,2
7407,66000,387130000C,(04)23274275,(04)23288582,2025,06,20,7,50,臺中市,大里區,0,0,0,7,,,50,,,,,,,,,,,,,,,,,,,B03,,,5,,2,,,84,84,1,13,4,120.705877,24.09553,3
7408,66000,387130000C,(04)23274275,(04)23288582,2025,06,20,7,51,臺中市,豐原區,0,1,0,7,2,6,60,4,2,1,5,4,6,6,1,1,1,2,5,1,13,2,9,1,1,C03,7,9,1,10,2,11,,7,7,1,13,4,120.72901,24.277172,2
7409,66000,387130000C,(04)23274275,(04)23288582,2025,06,20,7,52,臺中市,豐原區,0,0,0,7,,,50,,,,,,,,,,,,,,13,,,,,C03,,,1,,2,,,7,7,1,13,4,120.737155,24.25577,3
7410,66000,387130000C,(04)23274275,(04)23288582,2025,06,20,7,55,臺中市,北區,0,0,0,7,,,50,,,,,,,,,,,,,,,,,,,C03,,,1,,2,,,7,7,1,12,4,120.694703,24.159903,3
7411,66000,387130000C,(04)23274275,(04)23288582,2025,06,20,7,55,臺中市,大里區,0,1,0,7,2,6,40,13,9,1,5,4,6,6,4,4,10,5,5,1,17,3,10,3,1,B03,7,1,1,8,2,5,,51,51,1,6,4,120.687071,24.083039,2
7412,66000,387130000C,(04)23274275,(04)23288582,2025,06,20,7,56,臺中市,東區,0,2,0,7,2,6,50,4,2,1,5,4,6,6,1,1,10,5,5,2,13,2,9,2,1,C03,7,9,1,10,2,11,14,7,7,1,13,4,120.699973,24.132541,2
7413,66000,387130000C,(04)23274275,(04)23288582,2025,06,20,7,57,臺中市,太平區,0,2,0,7,2,6,50,13,9,1,5,4,6,6,4,4,5,4,5,1,17,2,9,2,1,C03,7,4,1,10,2,14,,84,84,1,12,4,120.712047,24.156405,2
7414,66000,387130000C,(04)23274275,(04)23288582,2025,06,20,8,0,臺中市,東區,0,1,0,7,2,6,50,4,2,1,5,4,6,6,2,1,1,4,5,2,13,2,9,1,1,C03,7,9,1,10,2,11,,7,7,1,12,4,120.68507,24.129598,2
7415,66000,387130000C,(04)23274275,(04)23288582,2025,06,20,8,0,臺中市,外埔區,0,0,0,7,2,6,0,13,14,1,5,4,6,6,4,4,5,5,5,1,14,3,10,3,1,B03,7,2,5,8,2,3,,49,49,1,12,4,120.655541,24.332082,3
7416,66000,387130000C,(04)23274275,(04)23288582,2025,06,20,8,5,臺中市,大里區,0,0,0,7,,,50,,,,,,,,,,,,,,,,,,,B03,,,3,,2,,,49,49,1,13,4,120.688116,24.086029,3
7417,66000,387130000C,(04)23274275,(04)23288582,2025,06,20,8,6,臺中市,霧峰區,0,0,0,7,,,50,,,,,,,,,,,,,,17,,,,,C03,,,1,,2,,,84,84,1,6,4,120.706611,24.076392,3
7418,66000,387130000C,(04)23274275,(04)23288582,2025,06,20,8,6,臺中市,梧棲區,0,1,0,7,3,6,30,4,1,1,5,4,6,6,4,4,10,5,5,2,15,2,9,3,1,B03,7,9,1,8,2,1,,15,15,1,6,4,120.549599,24.255243,2
7419,66000,387130000C,(04)23274275,(04)23288582,2025,06,20,8,9,臺中市,西屯區,0,1,0,7,2,6,50,4,1,1,5,4,6,6,3,1,10,5,5,2,18,2,7,2,1,C03,7,5,1,10,2,16,,84,84,1,12,4,120.650251,24.169196,2
7420,66000,387130000C,(04)23274275,(04)23288582,2025,06,20,8,9,臺中市,烏日區,0,1,0,7,2,6,40,11,8,1,5,4,6,6,4,4,10,5,5,1,17,3,10,1,1,C03,7,9,3,19,2,16,,84,84,1,6,4,120.585447,24.112109,2
7421,66000,387130000C,(04)23274275,(04)23288582,2025,06,20,8,11,臺中市,新社區,0,0,0,7,,,30,,,,,,,,,,,,,,,,,,,B03,,,1,,1,,,14,14,1,12,4,120.807026,24.221917,3
7422,66000,387130000C,(04)23274275,(04)23288582,2025,06,20,8,13,臺中市,南區,0,1,0,7,2,6,50,13,9,1,5,4,6,6,4,4,9,5,5,2,12,2,9,2,1,C03,7,9,1,10,2,14,,43,43,1,6,4,120.650823,24.115485,2
7423,66000,387130000C,(04)23274275,(04)23288582,2025,06,20,8,14,臺中市,太平區,0,1,0,7,2,6,30,3,1,1,5,4,6,6,4,4,10,5,5,2,17,3,10,3,1,B03,7,1,1,8,2,1,,51,51,1,12,4,120.71707,24.124071,2
7424,66000,387130000C,(04)23274275,(04)23288582,2025,06,20,8,15,臺中市,南屯區,0,1,0,7,2,6,50,4,2,1,5,4,6,6,2,1,5,4,4,2,17,3,10,3,1,B03,7,5,1,8,2,5,,65,65,1,12,4,120.635034,24.146362,2
7425,66000,387130000C,(04)23274275,(04)23288582,2025,06,20,8,20,臺中市,沙鹿區,0,1,0,7,2,6,50,4,1,1,5,4,6,6,1,1,10,5,5,2,16,2,9,2,1,C03,7,6,5,19,2,14,,48,48,1,6,4,120.568734,24.209379,2
7426,66000,387130000C,(04)23274275,(04)23288582,2025,06,20,8,21,臺中市,神岡區,0,1,0,7,2,6,50,13,7,1,5,4,6,6,4,4,9,4,4,1,13,2,9,2,1,C03,7,9,1,10,2,11,,7,7,1,6,4,120.648613,24.282924,2
7427,66000,387130000C,(04)23274275,(04)23288582,2025,06,20,8,22,臺中市,豐原區,0,0,0,7,,,30,,,,,,,,,,,,,,17,,,,,B02,,,1,,2,,,51,51,1,12,4,120.71607,24.243788,3
7428,66000,387130000C,(04)23274275,(04)23288582,2025,06,20,8,23,臺中市,大里區,0,1,0,7,2,6,50,4,1,1,5,4,6,6,3,1,5,4,4,2,16,3,10,3,1,B12,7,11,1,8,2,8,,45,45,1,6,4,120.690393,24.106161,2
7429,66000,387130000C,(04)23274275,(04)23288582,2025,06,20,8,25,臺中市,北屯區,0,0,0,7,,,50,,,,,,,,,,,,,,12,,,,,B03,,,1,,1,,,40,40,1,13,4,120.697689,24.170149,3
7430,66000,387130000C,(04)23274275,(04)23288582,2025,06,20,8,25,臺中市,沙鹿區,0,2,0,7,2,6,40,4,1,1,5,4,6,6,1,1,3,5,3,2,17,2,9,1,1,C03,7,9,1,10,2,11,,7,7,1,13,4,120.570052,24.237022,2
7431,66000,387130000C,(04)23274275,(04)23288582,2025,06,20,8,26,臺中市,大雅區,0,0,0,7,,,50,,,,,,,,,,,,,,,,,,,B03,,,1,,1,,,7,7,1,13,4,120.669211,24.214365,3
7432,66000,387130000C,(04)23274275,(04)23288582,2025,06,20,8,28,臺中市,東區,0,1,0,7,3,6,50,4,9,1,5,4,6,6,4,4,5,5,5,2,16,3,10,5,4,B03,7,6,1,8,2,4,,12,12,1,6,4,120.70705,24.131719,2
7433,66000,387130000C,(04)23274275,(04)23288582,2025,06,20,8,29,臺中市,大里區,0,1,0,7,3,6,50,4,1,1,5,4,6,6,1,1,10,5,5,2,16,2,9,4,1,F01,7,6,7,21,2,11,,48,48,1,13,4,120.684147,24.116726,2
7434,66000,387130000C,(04)23274275,(04)23288582,2025,06,20,8,31,臺中市,東區,0,1,0,7,2,6,50,13,8,1,5,4,6,6,4,4,1,4,4,2,17,3,10,3,1,B03,7,15,1,8,2,2,,84,84,1,13,4,120.693927,24.133479,2
7435,66000,387130000C,(04)23274275,(04)23288582,2025,06,20,8,33,臺中市,龍井區,0,0,0,6,,,60,,,,,,,,,,,,,,14,,,,,B03,,,1,,1,,,94,94,1,6,4,120.573422,24.185409,3
7436,66000,387130000C,(04)23274275,(04)23288582,2025,06,20,8,35,臺中市,南屯區,0,0,0,7,,,50,,,,,,,,,,,,,,14,,,,,B03,,,1,,1,,,49,49,1,12,4,120.629787,24.117629,3
7437,66000,387130000C,(04)23274275,(04)23288582,2025,06,20,8,36,臺中市,東勢區,0,3,0,7,2,6,40,4,1,1,5,4,6,6,1,1,10,5,5,2,17,2,9,1,4,C03,7,6,1,10,2,11,,85,85,1,12,4,120.82913,24.258851,2
7438,66000,387130000C,(04)23274275,(04)23288582,2025,06,20,8,39,臺中市,北區,0,0,0,7,,,50,,,,,,,,,,,,,,,,,,,B03,,,1,,1,,,50,50,1,13,4,120.675437,24.152681,3
7439,66000,387130000C,(04)23274275,(04)23288582,2025,06,20,8,40,臺中市,南區,0,0,0,7,,,50,,,,,,,,,,,,,,17,,,,,B01,,,1,,1,,,51,51,1,12,4,120.66826,24.116046,3
7440,66000,387130000C,(04)23274275,(04)23288582,2025,06,20,8,40,臺中市,西屯區,0,1,0,7,3,6,50,13,9,1,5,4,6,6,4,4,8,4,5,1,17,3,10,5,4,C03,7,5,2,19,2,12,,20,20,1,13,4,120.606399,24.192112,2
7441,66000,387130000C,(04)23274275,(04)23288582,2025,06,20,8,46,臺中市,豐原區,0,2,0,7,2,6,50,13,7,1,5,4,6,6,4,4,9,5,4,2,16,2,9,1,1,C03,7,6,1,10,2,14,,84,84,1,13,4,120.702563,24.243679,2
7442,66000,387130000C,(04)23274275,(04)23288582,2025,06,20,8,49,臺中市,大里區,0,0,0,7,,,50,,,,,,,,,,,,,,13,,,,,C03,,,1,,2,,,84,84,1,12,4,120.699542,24.110174,3
7443,66000,387130000C,(04)23274275,(04)23288582,2025,06,20,8,50,臺中市,北區,0,0,0,7,,,50,,,,,,,,,,,,,,,,,,,B03,,,1,,1,,,49,49,1,13,4,120.677742,24.148841,3
7444,66000,387130000C,(04)23274275,(04)23288582,2025,06,20,8,51,臺中市,神岡區,0,0,0,7,,,30,,,,,,,,,,,,,,2,,,,,B12,,,1,,2,,,84,84,1,12,4,120.671017,24.26574,3
7445,66000,387130000C,(04)23274275,(04)23288582,2025,06,20,8,52,臺中市,西屯區,0,0,0,7,,,30,,,,,,,,,,,,,,17,,,,,B03,,,1,,9,,,59,59,1,12,4,120.607592,24.188325,3
7446,66000,387130000C,(04)23274275,(04)23288582,2025,06,20,8,53,臺中市,潭子區,0,0,0,7,,,50,,,,,,,,,,,,,,,,,,,A31,,,1,,2,,,49,49,1,13,4,120.706616,24.225995,3
7447,66000,387130000C,(04)23274275,(04)23288582,2025,06,20,8,55,臺中市,西屯區,0,1,0,7,2,6,35,11,8,1,5,4,6,6,4,4,10,5,5,1,18,2,9,2,4,C03,7,9,1,10,2,12,,59,59,1,12,4,120.628671,24.175663,2
7448,66000,387130000C,(04)23274275,(04)23288582,2025,06,20,8,55,臺中市,大肚區,0,1,0,7,2,6,30,3,9,1,5,4,6,6,4,4,10,5,5,2,18,2,9,1,1,C03,7,9,1,10,2,14,,87,87,1,6,4,120.567245,24.115336,2
7449,66000,387130000C,(04)23274275,(04)23288582,2025,06,20,8,58,臺中市,大甲區,0,0,0,7,,,30,,,,,,,,,,,,,,1,,,,,B03,,,1,,2,,,8,8,1,12,4,120.634771,24.370348,3
7450,66000,387130000C,(04)23274275,(04)23288582,2025,06,20,9,7,臺中市,烏日區,0,1,0,7,3,6,30,13,9,1,5,4,6,6,4,4,10,5,5,2,18,2,9,1,1,C03,7,12,1,10,2,11,14,84,84,1,6,4,120.635122,24.069361,2
7451,66000,387130000C,(04)23274275,(04)23288582,2025,06,20,9,12,臺中市,北屯區,0,0,0,7,,,50,,,,,,,,,,,,,,12,,,,,B03,,,1,,1,,,8,8,1,12,4,120.687666,24.182003,3
7452,66000,387130000C,(04)23274275,(04)23288582,2025,06,20,9,16,臺中市,西屯區,0,1,0,7,2,6,40,13,9,1,5,4,6,6,4,4,10,5,5,2,16,3,10,5,4,B03,7,5,1,8,2,5,,20,20,1,13,4,120.613057,24.184318,2
7453,66000,387130000C,(04)23274275,(04)23288582,2025,06,20,9,20,臺中市,中區,0,1,0,7,3,6,50,4,1,1,5,4,6,6,1,1,10,5,5,2,12,2,9,1,1,C03,7,15,1,10,2,13,,84,84,1,6,4,120.680692,24.138637,2
7454,66000,387130000C,(04)23274275,(04)23288582,2025,06,20,9,24,臺中市,北區,0,0,0,7,,,50,,,,,,,,,,,,,,13,,,,,B12,,,1,,2,,,7,7,1,13,4,120.677041,24.15342,3
7455,66000,387130000C,(04)23274275,(04)23288582,2025,06,20,9,27,臺中市,豐原區,0,1,0,7,2,6,50,4,1,1,5,4,6,6,1,1,10,5,5,2,17,2,9,1,1,F03,7,1,7,21,2,14,,51,51,1,13,4,120.721736,24.273086,2