﻿序號,縣市別代碼,機關代碼,市話,傳真,年,月,日,時,分,縣市,區,死亡數量,受傷數量,2-30,天候,道路照明設備,道路類別,道路速限,道路型態,事故位置,路面鋪裝,路面狀態,路面缺陷,障礙物,視距,號誌種類,號誌動作,分向設施,快車道或一般車道間,快慢車道間,路面邊線,事故類型及型態,受傷程度,主要傷處,保護裝備,行動電話或功能裝置,當事者區分_類別,車輛用途,當事者行動狀態,駕照狀態,駕照種類,飲酒情形,車輛撞擊部位最初,車輛撞擊部位其他,肇事因素個別,肇事因素主要,肇事逃逸,職業,共享經濟或外送平台,GPS座標X,GPS座標Y,事故類別
7567,66000,387130000C,(04)23274275,(04)23288582,2025,06,20,14,2,臺中市,北屯區,0,1,0,7,3,6,50,3,1,1,5,4,6,6,4,4,10,5,5,2,16,3,10,3,1,B03,7,6,1,8,2,4,,12,12,1,6,4,120.704663,24.187149,2
7568,66000,387130000C,(04)23274275,(04)23288582,2025,06,20,14,2,臺中市,大里區,0,0,0,7,,,30,,,,,,,,,,,,,,15,,,,,C03,,,1,,2,,,15,15,1,13,4,120.677454,24.094731,3
7569,66000,387130000C,(04)23274275,(04)23288582,2025,06,20,14,4,臺中市,豐原區,0,1,0,7,2,6,40,3,2,1,5,4,6,6,1,1,1,4,5,2,17,2,8,5,4,C03,7,1,1,10,2,14,,51,51,1,13,4,120.701364,24.249009,2
7570,66000,387130000C,(04)23274275,(04)23288582,2025,06,20,14,9,臺中市,北屯區,1,0,0,7,3,6,60,4,1,1,5,4,6,6,2,1,10,5,5,2,16,1,9,1,1,C03,7,6,3,19,9,14,,36,36,1,12,4,120.715149,24.164191,1
7571,66000,387130000C,(04)23274275,(04)23288582,2025,06,20,14,15,臺中市,西區,0,0,0,7,2,6,50,13,9,1,5,4,6,6,4,4,3,4,5,2,17,,,,,B03,,,1,,1,,,50,50,1,13,4,120.65352,24.151065,3
7572,66000,387130000C,(04)23274275,(04)23288582,2025,06,20,14,16,臺中市,南屯區,0,2,0,7,3,6,50,4,1,1,5,4,6,6,1,1,10,5,5,2,16,2,3,2,1,C03,7,6,1,10,2,13,,48,48,1,12,4,120.638198,24.139952,2
7573,66000,387130000C,(04)23274275,(04)23288582,2025,06,20,14,19,臺中市,南屯區,0,1,0,7,3,6,50,13,9,1,5,4,6,6,4,4,5,4,5,2,12,2,9,1,1,C03,7,9,1,10,2,11,,84,84,1,12,4,120.622888,24.140467,2
7574,66000,387130000C,(04)23274275,(04)23288582,2025,06,20,14,20,臺中市,東區,0,0,0,7,,,50,,,,,,,,,,,,,,,,,,,B03,,,1,,1,,,78,78,1,6,4,120.692704,24.14773,3
7575,66000,387130000C,(04)23274275,(04)23288582,2025,06,20,14,22,臺中市,大里區,0,0,0,7,,,50,,,,,,,,,,,,,,13,,,,,C03,,,1,,5,,,7,7,1,6,4,120.682412,24.100469,3
7576,66000,387130000C,(04)23274275,(04)23288582,2025,06,20,14,27,臺中市,神岡區,0,0,0,7,,,50,,,,,,,,,,,,,,12,,,,,B03,,,1,,1,,,8,8,1,12,4,120.697939,24.248553,3
7577,66000,387130000C,(04)23274275,(04)23288582,2025,06,20,14,30,臺中市,南屯區,0,0,0,7,,,50,,,,,,,,,,,,,,,,,,,B12,,,1,,1,,,50,50,1,12,4,120.61161,24.14566,3
7578,66000,387130000C,(04)23274275,(04)23288582,2025,06,20,14,30,臺中市,西屯區,0,1,0,7,2,6,40,13,8,1,5,4,6,6,4,4,1,4,1,2,13,2,9,2,1,C03,7,9,1,10,2,11,,7,7,1,13,4,120.615268,24.182938,2
7579,66000,387130000C,(04)23274275,(04)23288582,2025,06,20,14,33,臺中市,北區,0,1,0,7,2,6,30,3,2,1,5,4,6,6,4,4,10,5,5,2,12,3,10,3,1,B03,7,5,1,8,2,8,,14,14,1,13,4,120.681265,24.163293,2
7580,66000,387130000C,(04)23274275,(04)23288582,2025,06,20,14,33,臺中市,南屯區,0,1,0,7,2,6,50,13,9,1,5,4,6,6,4,4,8,5,5,2,17,2,9,2,4,C03,7,9,1,10,2,12,14,59,59,1,13,4,120.630573,24.140645,2
7581,66000,387130000C,(04)23274275,(04)23288582,2025,06,20,14,35,臺中市,北區,0,0,0,7,3,6,50,18,24,1,5,4,6,6,1,1,5,5,5,2,17,,,,,B03,,,1,,1,,,59,59,1,13,4,120.681734,24.155426,4
7582,66000,387130000C,(04)23274275,(04)23288582,2025,06,20,14,35,臺中市,大里區,0,1,0,7,2,6,50,18,24,1,5,4,6,6,1,1,10,5,5,2,17,3,10,3,1,B01,7,1,1,4,2,8,,51,51,1,6,4,120.729581,24.092225,2
7583,66000,387130000C,(04)23274275,(04)23288582,2025,06,20,14,36,臺中市,北區,0,3,0,7,2,6,50,4,2,1,5,4,6,6,2,1,1,4,4,2,13,2,9,2,1,C03,7,9,1,10,2,11,,7,7,1,12,4,120.674174,24.164801,2
7584,66000,387130000C,(04)23274275,(04)23288582,2025,06,20,14,37,臺中市,大里區,0,0,0,7,,,50,,,,,,,,,,,,,,,,,,,B03,,,1,,2,,,87,87,1,13,4,120.694661,24.097869,3
7585,66000,387130000C,(04)23274275,(04)23288582,2025,06,20,14,41,臺中市,東區,0,0,0,7,,,30,,,,,,,,,,,,,,14,,,,,B12,,,1,,1,,,49,49,1,6,4,120.703804,24.126807,3
7586,66000,387130000C,(04)23274275,(04)23288582,2025,06,20,14,42,臺中市,西屯區,0,0,0,7,,,30,,,,,,,,,,,,,,11,,,,,C03,,,1,,1,,,8,8,1,13,4,120.640834,24.196748,3
7587,66000,387130000C,(04)23274275,(04)23288582,2025,06,20,14,43,臺中市,豐原區,0,1,0,7,2,6,50,4,4,1,5,4,6,6,1,1,5,4,5,2,13,3,10,5,4,B03,7,1,1,8,2,5,,59,59,1,12,4,120.722596,24.255849,2
7588,66000,387130000C,(04)23274275,(04)23288582,2025,06,20,14,45,臺中市,太平區,0,1,0,7,2,6,50,3,1,1,5,4,6,6,1,1,10,5,5,2,18,2,9,1,1,C03,7,6,1,10,2,14,,84,84,1,12,4,120.734092,24.143423,2
7589,66000,387130000C,(04)23274275,(04)23288582,2025,06,20,14,45,臺中市,豐原區,0,0,0,7,,,50,,,,,,,,,,,,,,17,,,,,B12,,,1,,2,,,51,51,1,13,4,120.714693,24.239294,4
7590,66000,387130000C,(04)23274275,(04)23288582,2025,06,20,14,50,臺中市,南區,0,2,0,7,2,6,50,3,1,1,5,4,6,6,4,4,10,5,5,2,17,2,9,1,1,C03,7,9,1,10,2,11,,85,85,1,12,4,120.666291,24.128499,2
7591,66000,387130000C,(04)23274275,(04)23288582,2025,06,20,14,50,臺中市,沙鹿區,0,0,0,7,,,50,,,,,,,,,,,,,,17,,,,,B03,,,1,,1,,,50,50,1,6,4,120.566235,24.251233,3
7592,66000,387130000C,(04)23274275,(04)23288582,2025,06,20,14,55,臺中市,大雅區,0,0,0,7,,,70,,,,,,,,,,,,,,,,,,,B03,,,1,,1,,,7,7,1,13,4,120.641417,24.229975,3
7593,66000,387130000C,(04)23274275,(04)23288582,2025,06,20,14,59,臺中市,大里區,0,1,0,7,2,6,30,13,9,1,5,4,6,6,4,4,10,5,5,1,14,3,10,3,1,B03,7,2,1,8,2,3,,49,49,1,12,4,120.665712,24.085862,2
7594,66000,387130000C,(04)23274275,(04)23288582,2025,06,20,15,0,臺中市,太平區,0,0,0,7,,,50,,,,,,,,,,,,,,10,,,,,C03,,,1,,2,,,39,39,1,6,4,120.716617,24.124192,3
7595,66000,387130000C,(04)23274275,(04)23288582,2025,06,20,15,4,臺中市,西區,0,0,0,7,,,40,,,,,,,,,,,,,,,,,,,B03,,,1,,2,,,84,84,1,12,4,120.655205,24.14788,3
7596,66000,387130000C,(04)23274275,(04)23288582,2025,06,20,15,6,臺中市,太平區,0,0,0,7,,,50,,,,,,,,,,,,,,,,,,,B12,,,1,,1,,,49,49,1,12,4,120.722352,24.154142,3
7597,66000,387130000C,(04)23274275,(04)23288582,2025,06,20,15,8,臺中市,豐原區,0,2,0,7,2,6,50,13,9,1,5,4,6,6,4,4,10,5,5,2,13,2,9,1,1,C03,7,9,1,10,2,11,,7,7,1,6,4,120.700404,24.249354,2
7598,66000,387130000C,(04)23274275,(04)23288582,2025,06,20,15,11,臺中市,西屯區,0,1,0,6,3,6,50,13,7,1,5,4,6,6,4,4,1,4,4,2,13,3,10,5,4,B12,7,9,1,8,2,1,,56,56,1,12,4,120.651801,24.207547,2
7599,66000,387130000C,(04)23274275,(04)23288582,2025,06,20,15,13,臺中市,大里區,0,0,0,7,,,50,,,,,,,,,,,,,,15,,,,,C03,,,5,,1,,,21,21,1,12,4,120.701568,24.096122,3
7600,66000,387130000C,(04)23274275,(04)23288582,2025,06,20,15,13,臺中市,沙鹿區,0,1,0,7,2,6,60,13,7,1,5,4,6,6,4,4,1,4,1,1,13,3,10,3,1,B03,7,9,1,8,2,5,,85,85,1,12,4,120.58361,24.250097,2
7601,66000,387130000C,(04)23274275,(04)23288582,2025,06,20,15,14,臺中市,西屯區,0,0,0,7,,,50,,,,,,,,,,,,,,13,,,,,B01,,,1,,1,,,84,84,1,13,4,120.649864,24.163498,3
7602,66000,387130000C,(04)23274275,(04)23288582,2025,06,20,15,15,臺中市,北區,0,0,0,7,,,50,,,,,,,,,,,,,,17,,,,,B03,,,1,,1,,,84,84,1,13,4,120.685027,24.165262,4
7603,66000,387130000C,(04)23274275,(04)23288582,2025,06,20,15,15,臺中市,南屯區,0,1,0,7,2,6,30,3,1,1,5,4,6,6,4,4,10,5,5,2,17,2,7,3,1,B03,7,5,1,8,1,8,,14,14,1,12,4,120.622706,24.149843,2
7604,66000,387130000C,(04)23274275,(04)23288582,2025,06,20,15,15,臺中市,西屯區,0,0,0,7,,,40,,,,,,,,,,,,,,13,,,,,B03,,,1,,1,,,7,7,1,12,4,120.654523,24.159506,4
7605,66000,387130000C,(04)23274275,(04)23288582,2025,06,20,15,16,臺中市,大甲區,0,0,0,7,,,50,,,,,,,,,,,,,,14,,,,,B03,,,1,,1,,,49,49,1,6,4,120.623699,24.341102,3
7606,66000,387130000C,(04)23274275,(04)23288582,2025,06,20,15,19,臺中市,大里區,0,0,0,7,,,80,,,,,,,,,,,,,,13,,,,,B03,,,1,,2,,,7,7,1,13,4,120.700935,24.121131,3
7607,66000,387130000C,(04)23274275,(04)23288582,2025,06,20,15,20,臺中市,北區,0,0,0,7,,,30,,,,,,,,,,,,,,14,,,,,B03,,,1,,9,,,49,49,2,13,4,120.68149,24.155063,3
7608,66000,387130000C,(04)23274275,(04)23288582,2025,06,20,15,21,臺中市,龍井區,0,1,0,7,3,6,50,13,9,1,5,4,6,6,4,4,5,5,5,2,13,3,10,3,1,B03,7,9,1,8,2,1,,84,84,1,6,4,120.545803,24.183916,2
7609,66000,387130000C,(04)23274275,(04)23288582,2025,06,20,15,25,臺中市,烏日區,0,0,0,7,2,6,50,4,1,1,,4,6,6,1,1,10,5,5,2,13,3,10,3,1,B12,7,9,1,8,1,1,,7,7,1,6,4,120.62734,24.10404,3
7610,66000,387130000C,(04)23274275,(04)23288582,2025,06,20,15,26,臺中市,太平區,0,0,0,7,2,6,50,,,,,,,,,,,,,,,,,,,B03,,,1,,2,5,,84,84,1,12,4,120.716559,24.150537,3
7611,66000,387130000C,(04)23274275,(04)23288582,2025,06,20,15,29,臺中市,西屯區,0,0,0,7,,,50,,,,,,,,,,,,,,12,,,,,A04,,,1,,1,,,50,50,1,13,4,120.636539,24.168585,3
7612,66000,387130000C,(04)23274275,(04)23288582,2025,06,20,15,30,臺中市,烏日區,0,0,0,7,,,30,,,,,,,,,,,,,,,,,,,B03,,,1,,2,,,50,50,1,6,4,120.639,24.103014,3
7613,66000,387130000C,(04)23274275,(04)23288582,2025,06,20,15,34,臺中市,大里區,0,0,0,7,,,50,,,,,,,,,,,,,,16,,,,,C03,,,1,,2,,,84,84,1,12,4,120.664464,24.096892,3
7614,66000,387130000C,(04)23274275,(04)23288582,2025,06,20,15,40,臺中市,中區,0,0,0,7,,,50,,,,,,,,,,,,,,,,,,,B03,,,1,,2,,,43,43,1,12,4,120.684806,24.141874,3
7615,66000,387130000C,(04)23274275,(04)23288582,2025,06,20,15,40,臺中市,大里區,0,0,0,7,2,6,50,3,1,1,5,4,6,6,4,4,10,5,5,2,16,,,,,B03,,,1,,2,,,14,14,1,6,4,120.712308,24.08601,3
7616,66000,387130000C,(04)23274275,(04)23288582,2025,06,20,15,41,臺中市,北區,0,1,0,7,2,6,50,3,1,1,5,4,6,6,1,1,10,5,5,2,17,3,10,5,4,B03,7,15,1,8,2,16,,42,42,1,13,4,120.67206,24.15572,2
7617,66000,387130000C,(04)23274275,(04)23288582,2025,06,20,15,45,臺中市,豐原區,0,1,0,7,2,6,50,4,1,1,5,4,6,6,1,1,10,5,5,2,17,3,10,3,1,B03,7,9,1,8,2,4,,58,58,1,13,4,120.718948,24.243416,2
7618,66000,387130000C,(04)23274275,(04)23288582,2025,06,20,15,46,臺中市,烏日區,0,1,0,7,2,6,50,13,9,1,5,4,6,6,1,1,5,4,5,1,13,2,8,1,1,C03,7,9,1,10,2,11,,84,84,1,6,4,120.636044,24.09735,2
7619,66000,387130000C,(04)23274275,(04)23288582,2025,06,20,15,50,臺中市,南屯區,0,1,0,7,3,6,40,13,8,1,5,4,6,6,4,4,5,5,4,2,17,3,10,3,1,B03,7,1,1,8,2,5,,51,51,1,12,4,120.630065,24.122826,2
7620,66000,387130000C,(04)23274275,(04)23288582,2025,06,20,15,53,臺中市,西區,0,1,0,7,3,6,50,4,1,1,5,4,6,6,1,1,10,5,5,2,16,2,9,2,1,C03,7,5,1,10,1,12,,84,84,1,12,4,120.665207,24.150823,2
7621,66000,387130000C,(04)23274275,(04)23288582,2025,06,20,15,53,臺中市,南區,0,0,0,7,,,50,,,,,,,,,,,,,,12,,,,,B11,,,1,,1,,,8,8,1,13,4,120.652873,24.108827,3
7622,66000,387130000C,(04)23274275,(04)23288582,2025,06,20,15,55,臺中市,西區,0,0,0,7,,,50,,,,,,,,,,,,,,12,,,,,B03,,,1,,1,,,50,50,1,12,4,120.675867,24.137003,3
7623,66000,387130000C,(04)23274275,(04)23288582,2025,06,20,15,59,臺中市,北屯區,0,0,0,7,,,80,,,,,,,,,,,,,,,,,,,B03,,,1,,2,,,7,7,1,6,4,120.72213,24.192894,3
7624,66000,387130000C,(04)23274275,(04)23288582,2025,06,20,15,59,臺中市,大里區,0,1,0,7,2,6,50,4,2,1,5,4,6,6,1,1,10,5,5,1,16,3,10,3,1,B12,7,5,1,6,2,5,,11,11,1,12,4,120.696682,24.111169,2
7625,66000,387130000C,(04)23274275,(04)23288582,2025,06,20,16,0,臺中市,北屯區,0,1,0,7,2,6,50,4,1,1,5,4,6,6,1,1,10,5,5,2,17,3,10,3,1,B03,7,5,1,8,2,2,,20,20,1,12,4,120.70396,24.182162,2
7626,66000,387130000C,(04)23274275,(04)23288582,2025,06,20,16,0,臺中市,太平區,0,2,0,7,3,6,50,3,1,1,5,4,6,6,4,4,10,5,5,2,13,2,9,1,1,C03,7,9,2,19,2,11,,58,58,1,12,4,120.73525,24.133706,2
7627,66000,387130000C,(04)23274275,(04)23288582,2025,06,20,16,5,臺中市,沙鹿區,0,1,0,7,2,6,50,13,9,1,5,4,6,6,4,4,9,5,5,2,17,2,8,1,1,C03,7,1,1,10,2,11,14,51,51,1,6,4,120.609142,24.243309,2
7628,66000,387130000C,(04)23274275,(04)23288582,2025,06,20,16,6,臺中市,后里區,0,2,0,7,2,6,50,4,1,1,5,4,6,6,4,4,10,5,5,2,15,2,9,1,1,C03,7,9,1,10,2,11,,15,15,1,12,4,120.71259,24.306654,2
7629,66000,387130000C,(04)23274275,(04)23288582,2025,06,20,16,11,臺中市,潭子區,0,2,0,7,3,6,50,3,1,1,5,4,6,6,4,4,5,5,5,2,17,2,9,2,1,C03,7,6,3,19,2,14,,48,48,1,13,4,120.713825,24.205536,2
7630,66000,387130000C,(04)23274275,(04)23288582,2025,06,20,16,17,臺中市,霧峰區,0,1,0,7,3,6,50,13,9,1,5,4,6,6,4,4,9,5,5,2,12,3,10,3,1,B03,7,11,1,8,2,4,,45,45,1,12,4,120.685362,24.050311,2
7631,66000,387130000C,(04)23274275,(04)23288582,2025,06,20,16,17,臺中市,大里區,0,0,0,7,,,60,,,,,,,,,,,,,,13,,,,,B03,,,1,,2,,,7,7,1,13,4,120.690909,24.100987,3
7632,66000,387130000C,(04)23274275,(04)23288582,2025,06,20,16,17,臺中市,龍井區,0,0,0,7,,,50,,,,,,,,,,,,,,,,,,,A05,,,1,,9,,,77,77,1,6,4,120.523674,24.202803,3
7633,66000,387130000C,(04)23274275,(04)23288582,2025,06,20,16,18,臺中市,豐原區,0,1,0,7,2,6,40,13,14,1,5,4,6,6,4,4,5,5,5,1,17,2,7,5,4,C03,7,9,2,19,2,11,,84,84,1,13,4,120.728142,24.244846,2
7634,66000,387130000C,(04)23274275,(04)23288582,2025,06,20,16,19,臺中市,北屯區,0,0,0,7,,,50,,,,,,,,,,,,,,13,,,,,B03,,,1,,1,,,84,84,1,12,4,120.737647,24.178458,3
7635,66000,387130000C,(04)23274275,(04)23288582,2025,06,20,16,20,臺中市,東區,0,0,0,7,,,50,,,,,,,,,,,,,,16,,,,,B03,,,1,,1,,,45,45,1,12,4,120.684233,24.130588,3
7636,66000,387130000C,(04)23274275,(04)23288582,2025,06,20,16,20,臺中市,南屯區,0,2,0,7,3,6,50,4,2,1,5,4,6,6,1,1,10,5,5,2,17,3,10,3,1,B03,7,9,1,8,2,5,,8,8,1,12,4,120.652912,24.140389,2
7637,66000,387130000C,(04)23274275,(04)23288582,2025,06,20,16,20,臺中市,大里區,0,0,0,7,,,50,,,,,,,,,,,,,,13,,,,,B03,,,1,,2,,,7,7,1,12,4,120.693594,24.105302,3
7638,66000,387130000C,(04)23274275,(04)23288582,2025,06,20,16,20,臺中市,沙鹿區,0,1,0,7,2,6,50,13,9,1,5,4,6,6,4,4,5,5,5,2,17,2,9,1,1,C03,7,9,1,10,2,11,,84,84,1,12,4,120.557507,24.23417,2
7639,66000,387130000C,(04)23274275,(04)23288582,2025,06,20,16,22,臺中市,霧峰區,0,1,0,7,2,6,60,13,9,1,5,4,6,6,1,1,1,4,4,1,13,3,10,1,1,C03,7,9,1,10,1,11,,59,59,1,6,4,120.692016,24.043001,2
7640,66000,387130000C,(04)23274275,(04)23288582,2025,06,20,16,24,臺中市,南屯區,0,0,0,7,,,50,,,,,,,,,,,,,,,,,,,C03,,,1,,9,,,8,8,1,12,4,120.646661,24.144035,3
7641,66000,387130000C,(04)23274275,(04)23288582,2025,06,20,16,27,臺中市,豐原區,0,1,0,7,2,6,50,4,1,1,5,4,6,6,1,1,1,2,5,1,18,2,9,1,1,C03,7,12,1,10,2,12,,43,43,1,13,4,120.720028,24.262164,2
7642,66000,387130000C,(04)23274275,(04)23288582,2025,06,20,16,30,臺中市,北區,0,0,0,7,,,30,,,,,,,,,,,,,,15,,,,,C03,,,1,,2,,,15,15,1,12,4,120.686057,24.16226,4
7643,66000,387130000C,(04)23274275,(04)23288582,2025,06,20,16,30,臺中市,大里區,0,1,0,7,2,6,50,4,1,1,5,4,6,6,4,4,10,5,5,1,15,3,10,3,1,B03,7,9,1,8,2,8,,20,20,1,12,4,120.675654,24.110845,2
7644,66000,387130000C,(04)23274275,(04)23288582,2025,06,20,16,30,臺中市,太平區,0,0,0,7,,,50,,,,,,,,,,,,,,,,,,,B03,,,1,,2,,,59,59,1,12,4,120.716236,24.148718,3
7645,66000,387130000C,(04)23274275,(04)23288582,2025,06,20,16,30,臺中市,神岡區,0,1,0,7,2,6,30,13,9,1,5,4,6,6,4,4,1,5,5,1,12,2,9,2,1,C03,7,15,1,10,2,14,,84,84,1,12,4,120.657565,24.265061,2
7646,66000,387130000C,(04)23274275,(04)23288582,2025,06,20,16,32,臺中市,北區,0,0,0,7,,,50,,,,,,,,,,,,,,13,,,,,B12,,,1,,1,,,7,7,1,13,4,120.675585,24.150016,3
7647,66000,387130000C,(04)23274275,(04)23288582,2025,06,20,16,35,臺中市,烏日區,0,0,0,7,,,60,,,,,,,,,,,,,,,,,,,C03,,,1,,1,,,8,8,1,12,4,120.617781,24.105491,3
7648,66000,387130000C,(04)23274275,(04)23288582,2025,06,20,16,39,臺中市,大雅區,0,0,0,7,,,50,,,,,,,,,,,,,,,,,,,B03,,,1,,2,,,40,40,1,12,4,120.6673,24.21613,3
7649,66000,387130000C,(04)23274275,(04)23288582,2025,06,20,16,43,臺中市,大甲區,0,1,0,7,2,6,50,4,1,1,5,4,6,6,4,4,10,5,5,2,15,2,9,1,1,C03,7,9,1,10,2,12,,13,13,1,6,4,120.619952,24.353009,2
7650,66000,387130000C,(04)23274275,(04)23288582,2025,06,20,16,45,臺中市,潭子區,0,2,0,7,3,6,50,4,1,1,5,4,6,6,1,1,5,4,4,2,17,2,9,2,1,C03,7,6,2,19,2,12,,48,48,1,13,4,120.701197,24.194379,2
7651,66000,387130000C,(04)23274275,(04)23288582,2025,06,20,16,45,臺中市,西屯區,0,0,0,7,,,30,,,,,,,,,,,,,,15,,,,,B03,,,1,,1,,,12,12,1,12,4,120.625065,24.191383,3
7652,66000,387130000C,(04)23274275,(04)23288582,2025,06,20,16,45,臺中市,龍井區,0,2,0,7,3,6,60,3,9,1,5,4,6,6,4,4,5,5,5,1,16,2,9,1,1,C03,7,6,1,10,2,12,,38,38,1,6,4,120.518458,24.197422,2
7653,66000,387130000C,(04)23274275,(04)23288582,2025,06,20,16,52,臺中市,西屯區,0,0,0,7,3,6,30,4,9,1,5,4,6,6,1,1,5,4,5,2,12,,,,,B03,,,1,,1,,,34,34,1,12,4,120.637283,24.173182,3
7654,66000,387130000C,(04)23274275,(04)23288582,2025,06,20,16,54,臺中市,北區,0,0,0,7,3,6,50,4,1,1,5,4,6,6,2,1,10,5,5,2,17,,,,,C03,,,1,,1,,,51,51,1,13,4,120.689134,24.153572,3
7655,66000,387130000C,(04)23274275,(04)23288582,2025,06,20,16,54,臺中市,北屯區,0,0,0,7,,,60,,,,,,,,,,,,,,13,,,,,B03,,,1,,1,,,84,84,1,6,4,120.714957,24.164117,3
7656,66000,387130000C,(04)23274275,(04)23288582,2025,06,20,16,58,臺中市,沙鹿區,0,0,0,7,,,50,,,,,,,,,,,,,,17,,,,,B03,,,1,,1,,,8,8,1,6,4,120.56261,24.236665,3
7657,66000,387130000C,(04)23274275,(04)23288582,2025,06,20,17,0,臺中市,西區,0,0,0,7,,,50,,,,,,,,,,,,,,,,,,,C03,,,1,,11,,,8,8,2,12,4,120.661555,24.153783,3
7658,66000,387130000C,(04)23274275,(04)23288582,2025,06,20,17,0,臺中市,龍井區,0,0,0,7,,,60,,,,,,,,,,,,,,,,,,,B03,,,1,,1,,,7,7,1,12,4,120.577744,24.186533,3
7659,66000,387130000C,(04)23274275,(04)23288582,2025,06,20,17,4,臺中市,烏日區,0,1,0,7,2,6,40,4,1,1,5,4,6,1,3,1,10,5,5,2,15,3,10,1,1,C03,7,9,1,10,2,11,,12,12,1,6,4,120.640349,24.098318,2
7660,66000,387130000C,(04)23274275,(04)23288582,2025,06,20,17,5,臺中市,沙鹿區,0,0,0,7,,,60,,,,,,,,,,,,,,16,,,,,B03,,,1,,2,,,21,21,1,12,4,120.569327,24.237169,4
7661,66000,387130000C,(04)23274275,(04)23288582,2025,06,20,17,7,臺中市,后里區,0,0,0,7,,,50,,,,,,,,,,,,,,14,3,10,1,1,C03,7,2,1,10,2,13,,49,49,1,13,4,120.721495,24.306151,3
7662,66000,387130000C,(04)23274275,(04)23288582,2025,06,20,17,10,臺中市,北屯區,0,0,0,7,,,50,,,,,,,,,,,,,,,,,,,C03,,,1,,1,,,7,7,1,12,4,120.711355,24.1722,3
7663,66000,387130000C,(04)23274275,(04)23288582,2025,06,20,17,11,臺中市,東區,0,0,0,7,,,50,,,,,,,,,,,,,,16,,,,,B03,,,1,,2,,,12,12,1,13,4,120.706225,24.146682,3
7664,66000,387130000C,(04)23274275,(04)23288582,2025,06,20,17,11,臺中市,西屯區,0,1,0,7,2,6,50,3,1,1,5,4,6,6,4,4,10,5,5,2,16,2,9,5,4,C03,7,9,1,10,2,12,,6,6,1,13,4,120.661036,24.201759,2
7665,66000,387130000C,(04)23274275,(04)23288582,2025,06,20,17,12,臺中市,北屯區,0,0,0,7,,,50,,,,,,,,,,,,,,17,,,,,C03,,,1,,11,,,84,84,1,12,4,120.688761,24.181357,3
7666,66000,387130000C,(04)23274275,(04)23288582,2025,06,20,17,14,臺中市,西屯區,0,0,0,7,,,50,,,,,,,,,,,,,,13,,,,,B03,,,1,,1,,,7,7,1,12,4,120.645453,24.162823,3
7667,66000,387130000C,(04)23274275,(04)23288582,2025,06,20,17,14,臺中市,太平區,0,2,0,7,3,6,50,4,1,1,5,4,6,6,2,1,10,5,5,2,16,2,9,2,1,C03,7,6,1,10,2,11,,25,25,1,12,4,120.715974,24.148847,2
7668,66000,387130000C,(04)23274275,(04)23288582,2025,06,20,17,16,臺中市,西屯區,0,0,0,7,,,50,,,,,,,,,,,,,,17,,,,,B03,,,1,,2,,,51,51,1,12,4,120.654249,24.169792,3
7669,66000,387130000C,(04)23274275,(04)23288582,2025,06,20,17,17,臺中市,烏日區,0,0,0,7,,,80,,,,,,,,,,,,,,,,,,,B12,,,1,,1,,,84,84,1,6,4,120.614977,24.105807,3
7670,66000,387130000C,(04)23274275,(04)23288582,2025,06,20,17,18,臺中市,潭子區,0,0,0,7,,,40,,,,,,,,,,,,,,,,,,,C03,,,1,,2,,,59,59,1,12,4,120.706684,24.206872,3
7671,66000,387130000C,(04)23274275,(04)23288582,2025,06,20,17,18,臺中市,豐原區,0,1,0,7,2,6,50,5,1,1,5,4,6,6,1,1,10,5,5,2,12,2,9,2,1,C03,7,9,1,10,2,11,,84,84,1,13,4,120.722253,24.277738,2
7672,66000,387130000C,(04)23274275,(04)23288582,2025,06,20,17,19,臺中市,北區,0,2,0,7,2,6,50,5,1,1,5,4,6,6,1,1,10,5,5,2,13,2,9,5,4,C03,7,9,1,10,2,11,,84,84,1,12,4,120.682788,24.146225,2
7673,66000,387130000C,(04)23274275,(04)23288582,2025,06,20,17,20,臺中市,大里區,0,0,0,7,,,50,,,,,,,,,,,,,,16,,,,,B03,,,1,,2,,,11,11,1,13,4,120.661543,24.087664,3
7674,66000,387130000C,(04)23274275,(04)23288582,2025,06,20,17,20,臺中市,龍井區,0,0,0,7,,,30,,,,,,,,,,,,,,,,,,,A11,,,1,,2,,,93,93,1,6,4,120.549742,24.187837,3
7675,66000,387130000C,(04)23274275,(04)23288582,2025,06,20,17,21,臺中市,梧棲區,0,1,0,7,3,6,50,13,9,1,5,4,6,6,4,4,9,5,5,1,10,2,9,1,1,C03,7,1,1,10,2,11,,51,51,1,6,4,120.541587,24.25625,2
7676,66000,387130000C,(04)23274275,(04)23288582,2025,06,20,17,22,臺中市,南屯區,0,0,0,7,,,50,,,,,,,,,,,,,,,,,,,B02,,,1,,2,,,84,84,1,12,4,120.632466,24.138849,3
7677,66000,387130000C,(04)23274275,(04)23288582,2025,06,20,17,22,臺中市,西屯區,0,1,0,7,2,6,80,13,9,1,5,4,6,6,4,4,1,4,5,2,17,2,8,3,4,B12,7,9,1,8,1,5,,59,59,1,13,4,120.654654,24.199224,2
7678,66000,387130000C,(04)23274275,(04)23288582,2025,06,20,17,24,臺中市,大雅區,0,1,0,7,3,6,50,11,9,1,5,4,6,6,4,4,5,4,5,1,17,3,10,2,1,C03,7,9,1,10,2,11,,84,84,1,12,4,120.655435,24.229808,2