﻿序號,縣市別代碼,機關代碼,市話,傳真,年,月,日,時,分,縣市,區,死亡數量,受傷數量,2-30,天候,道路照明設備,道路類別,道路速限,道路型態,事故位置,路面鋪裝,路面狀態,路面缺陷,障礙物,視距,號誌種類,號誌動作,分向設施,快車道或一般車道間,快慢車道間,路面邊線,事故類型及型態,受傷程度,主要傷處,保護裝備,行動電話或功能裝置,當事者區分_類別,車輛用途,當事者行動狀態,駕照狀態,駕照種類,飲酒情形,車輛撞擊部位最初,車輛撞擊部位其他,肇事因素個別,肇事因素主要,肇事逃逸,職業,共享經濟或外送平台,GPS座標X,GPS座標Y,事故類別
7679,66000,387130000C,(04)23274275,(04)23288582,2025,06,20,17,25,臺中市,大雅區,0,1,0,7,3,6,60,3,9,1,5,4,6,6,4,4,9,4,5,1,13,2,9,2,1,C03,7,9,1,10,2,11,,7,7,1,13,4,120.650496,24.21105,2
7680,66000,387130000C,(04)23274275,(04)23288582,2025,06,20,17,25,臺中市,豐原區,0,1,0,7,2,6,50,3,1,1,5,4,6,6,4,4,10,5,5,2,16,3,10,3,1,B03,7,6,1,8,2,2,,14,14,1,13,4,120.713488,24.261092,2
7681,66000,387130000C,(04)23274275,(04)23288582,2025,06,20,17,26,臺中市,西屯區,0,0,0,6,,,40,,,,,,,,,,,,,,12,,,,,C03,,,1,,2,,,8,8,1,12,4,120.657435,24.158059,3
7682,66000,387130000C,(04)23274275,(04)23288582,2025,06,20,17,26,臺中市,西屯區,0,0,0,7,,,50,,,,,,,,,,,,,,12,,,,,B02,,,1,,2,,,47,47,1,13,4,120.657327,24.16315,3
7683,66000,387130000C,(04)23274275,(04)23288582,2025,06,20,17,28,臺中市,南屯區,0,2,0,7,3,6,50,13,9,1,5,4,6,6,1,1,5,2,5,2,17,2,9,1,1,C03,7,9,3,19,2,11,,21,21,1,12,4,120.647818,24.146815,2
7684,66000,387130000C,(04)23274275,(04)23288582,2025,06,20,17,28,臺中市,西屯區,0,0,0,7,3,6,50,13,9,1,5,4,6,6,4,4,1,4,5,2,13,,,,,B03,,,1,,1,,,7,7,1,12,4,120.622196,24.183449,3
7685,66000,387130000C,(04)23274275,(04)23288582,2025,06,20,17,28,臺中市,烏日區,0,0,0,7,,,50,,,,,,,,,,,,,,,,,,,C03,,,1,,2,,,48,48,1,6,4,120.618706,24.103048,3
7686,66000,387130000C,(04)23274275,(04)23288582,2025,06,20,17,29,臺中市,霧峰區,0,0,0,7,,,50,,,,,,,,,,,,,,11,,,,,B03,,,1,,2,,,8,8,1,12,4,120.687262,24.044251,3
7687,66000,387130000C,(04)23274275,(04)23288582,2025,06,20,17,30,臺中市,南區,0,0,0,7,,,50,,,,,,,,,,,,,,9,,,,,,,,,,,,,119,119,1,,,120.669051,24.128577,3
7688,66000,387130000C,(04)23274275,(04)23288582,2025,06,20,17,30,臺中市,南屯區,0,0,0,7,,,50,,,,,,,,,,,,,,14,,,,,C03,,,5,,1,,,49,49,1,12,4,120.650104,24.14731,3
7689,66000,387130000C,(04)23274275,(04)23288582,2025,06,20,17,32,臺中市,北區,0,2,0,7,2,6,50,13,9,1,5,4,6,6,4,4,8,3,5,2,9,2,9,1,1,C03,7,9,1,10,2,11,,7,7,1,13,4,120.675447,24.159645,2
7690,66000,387130000C,(04)23274275,(04)23288582,2025,06,20,17,34,臺中市,東區,0,1,0,6,2,6,50,3,1,1,5,4,6,6,4,4,5,2,5,2,16,3,10,3,1,B03,7,5,1,8,2,5,,14,14,1,13,4,120.700284,24.127975,2
7691,66000,387130000C,(04)23274275,(04)23288582,2025,06,20,17,34,臺中市,東區,0,0,0,7,,,40,,,,,,,,,,,,,,13,,,,,C03,,,3,,1,,,84,84,1,12,4,120.696454,24.135567,3
7692,66000,387130000C,(04)23274275,(04)23288582,2025,06,20,17,34,臺中市,梧棲區,0,2,0,7,3,6,50,3,1,1,5,4,6,6,4,4,10,5,5,2,16,2,9,5,1,F01,7,9,7,21,2,11,,4,4,1,6,4,120.546766,24.244284,2
7693,66000,387130000C,(04)23274275,(04)23288582,2025,06,20,17,35,臺中市,大雅區,0,0,0,7,,,0,,,,,,,,,,,,,,,,,,,B03,,,1,,2,,,51,51,1,13,4,120.653738,24.223461,3
7694,66000,387130000C,(04)23274275,(04)23288582,2025,06,20,17,36,臺中市,大雅區,0,0,0,7,,,30,,,,,,,,,,,,,,,,,,,C03,,,1,,2,,,14,14,1,12,4,120.604043,24.223535,3
7695,66000,387130000C,(04)23274275,(04)23288582,2025,06,20,17,38,臺中市,北區,0,0,0,7,,,50,,,,,,,,,,,,,,35,,,,,B02,,,1,,9,,,49,49,1,13,4,120.688071,24.158893,3
7696,66000,387130000C,(04)23274275,(04)23288582,2025,06,20,17,38,臺中市,太平區,0,0,0,5,,,40,,,,,,,,,,,,,,14,,,,,B03,,,1,,2,,,49,49,1,5,4,120.727312,24.145741,3
7697,66000,387130000C,(04)23274275,(04)23288582,2025,06,20,17,40,臺中市,南區,0,2,0,7,2,6,50,13,9,1,5,4,6,6,4,4,5,4,5,2,10,2,9,2,1,C03,7,1,1,10,2,11,,39,39,1,13,4,120.665964,24.116738,2
7698,66000,387130000C,(04)23274275,(04)23288582,2025,06,20,17,40,臺中市,北屯區,0,0,0,7,,,50,,,,,,,,,,,,,,,,,,,C03,,,1,,1,,,7,7,1,6,4,120.719061,24.176296,3
7699,66000,387130000C,(04)23274275,(04)23288582,2025,06,20,17,43,臺中市,神岡區,0,1,0,7,2,6,50,3,1,1,5,4,6,6,2,1,10,5,5,2,17,3,10,5,4,B12,7,6,1,8,2,5,,11,11,1,13,4,120.682561,24.246104,2
7700,66000,387130000C,(04)23274275,(04)23288582,2025,06,20,17,44,臺中市,南區,0,3,0,7,2,6,50,4,1,1,5,4,6,6,1,1,10,5,5,2,16,3,10,3,1,B03,7,6,1,4,2,1,,11,11,1,12,4,120.66251,24.127467,2
7701,66000,387130000C,(04)23274275,(04)23288582,2025,06,20,17,44,臺中市,大里區,0,0,0,7,2,6,60,13,7,1,5,4,6,6,4,4,1,4,4,2,13,,,,,B03,,,1,,1,,,59,59,1,6,4,120.688497,24.081037,3
7702,66000,387130000C,(04)23274275,(04)23288582,2025,06,20,17,45,臺中市,潭子區,0,0,0,6,,,50,,,,,,,,,,,,,,,,,,,B03,,,1,,2,,,1,1,1,13,4,120.718325,24.21811,3
7703,66000,387130000C,(04)23274275,(04)23288582,2025,06,20,17,47,臺中市,大雅區,0,1,0,7,3,6,30,3,1,1,5,4,6,6,4,4,9,5,5,1,17,2,9,2,1,C03,7,9,1,10,2,16,,84,84,1,13,4,120.645549,24.208358,2
7704,66000,387130000C,(04)23274275,(04)23288582,2025,06,20,17,48,臺中市,龍井區,0,1,0,7,2,6,30,11,9,1,5,4,6,6,4,4,10,5,5,1,30,2,9,5,4,F01,7,9,7,21,2,12,,82,82,1,4,4,120.575712,24.189374,2
7705,66000,387130000C,(04)23274275,(04)23288582,2025,06,20,17,49,臺中市,烏日區,0,0,0,7,2,6,60,13,7,1,5,4,,6,4,4,1,4,4,1,13,3,10,3,1,A02,7,9,1,2,1,8,,84,84,1,6,4,120.622438,24.104755,3
7706,66000,387130000C,(04)23274275,(04)23288582,2025,06,20,17,50,臺中市,大甲區,0,0,0,7,,,60,,,,,,,,,,,,,,12,,,,,B12,,,1,,2,,,8,8,1,6,4,120.623112,24.356998,3
7707,66000,387130000C,(04)23274275,(04)23288582,2025,06,20,17,51,臺中市,西屯區,0,1,0,7,2,6,50,13,9,1,5,4,6,6,4,4,3,4,5,2,17,3,10,3,1,B03,7,13,1,8,2,4,,76,76,1,12,4,120.638965,24.17524,2
7708,66000,387130000C,(04)23274275,(04)23288582,2025,06,20,17,52,臺中市,西區,0,0,0,7,,,30,,,,,,,,,,,,,,11,,,,,B03,,,1,,1,,,41,41,1,12,4,120.656207,24.142522,3
7709,66000,387130000C,(04)23274275,(04)23288582,2025,06,20,17,52,臺中市,太平區,0,1,0,5,2,6,40,4,2,1,4,4,6,6,1,1,5,2,5,1,17,2,8,1,1,C03,7,5,1,10,2,14,,84,84,1,12,4,120.713132,24.124785,2
7710,66000,387130000C,(04)23274275,(04)23288582,2025,06,20,17,52,臺中市,豐原區,0,1,0,7,2,6,50,3,1,1,5,4,6,6,1,1,10,5,5,2,13,3,10,5,4,B03,7,9,1,8,2,5,,7,7,1,12,4,120.701209,24.249299,2
7711,66000,387130000C,(04)23274275,(04)23288582,2025,06,20,17,53,臺中市,北屯區,0,1,0,7,2,6,50,13,9,1,5,4,6,6,4,4,1,2,5,2,13,2,8,2,1,C03,7,9,3,19,1,11,,7,7,1,12,4,120.698217,24.173084,2
7712,66000,387130000C,(04)23274275,(04)23288582,2025,06,20,17,53,臺中市,大里區,0,0,0,7,,,50,,,,,,,,,,,,,,,,,,,B03,,,1,,1,,,51,51,1,12,4,120.70229,24.086761,3
7713,66000,387130000C,(04)23274275,(04)23288582,2025,06,20,17,54,臺中市,西區,0,0,0,7,,,50,,,,,,,,,,,,,,,,,,,C03,,,1,,1,,,4,4,1,6,4,120.676275,24.137076,3
7714,66000,387130000C,(04)23274275,(04)23288582,2025,06,20,17,54,臺中市,霧峰區,0,0,0,7,,,50,,,,,,,,,,,,,,,,,,,B03,,,1,,2,,,59,59,1,12,4,120.713336,24.077313,3
7715,66000,387130000C,(04)23274275,(04)23288582,2025,06,20,17,54,臺中市,后里區,0,2,0,7,2,6,50,4,1,1,5,4,6,6,1,1,10,5,5,2,13,2,9,1,1,C03,7,9,1,10,2,11,,84,84,1,12,4,120.717624,24.304482,2
7716,66000,387130000C,(04)23274275,(04)23288582,2025,06,20,17,55,臺中市,潭子區,0,1,0,6,3,6,30,4,1,1,5,4,6,6,4,4,10,5,5,2,15,3,10,3,1,B03,7,9,1,8,2,1,,15,15,1,13,4,120.706733,24.210367,2
7717,66000,387130000C,(04)23274275,(04)23288582,2025,06,20,17,55,臺中市,北屯區,0,0,0,7,,,30,,,,,,,,,,,,,,14,,,,,B03,,,1,,2,,,49,49,1,6,4,120.70406,24.171718,3
7718,66000,387130000C,(04)23274275,(04)23288582,2025,06,20,17,56,臺中市,北區,0,0,0,7,,,50,,,,,,,,,,,,,,14,,,,,B03,,,1,,1,,,49,49,1,13,4,120.684433,24.153025,3
7719,66000,387130000C,(04)23274275,(04)23288582,2025,06,20,17,56,臺中市,梧棲區,0,0,0,7,,,50,,,,,,,,,,,,,,17,,,,,B12,,,1,,1,,,76,76,1,6,4,120.541851,24.248781,3
7720,66000,387130000C,(04)23274275,(04)23288582,2025,06,20,17,57,臺中市,北屯區,0,1,0,7,3,6,50,13,7,1,4,4,6,6,4,4,10,2,5,2,17,3,10,1,1,C03,7,9,1,10,2,13,,85,85,1,12,4,120.744283,24.186377,2
7721,66000,387130000C,(04)23274275,(04)23288582,2025,06,20,17,59,臺中市,西屯區,0,0,0,7,,,50,,,,,,,,,,,,,,13,,,,,B12,,,1,,1,,,7,7,1,12,4,120.635934,24.179175,3
7722,66000,387130000C,(04)23274275,(04)23288582,2025,06,20,18,0,臺中市,豐原區,0,1,0,7,2,6,50,3,1,1,5,4,6,6,3,1,10,5,5,2,16,3,10,2,1,C03,7,6,1,10,2,11,,20,20,1,13,4,120.717024,24.24943,2
7723,66000,387130000C,(04)23274275,(04)23288582,2025,06,20,18,1,臺中市,南區,0,0,0,7,,,50,,,,,,,,,,,,,,24,,,,,B02,,,1,,2,,,84,84,1,12,4,120.661461,24.125031,3
7724,66000,387130000C,(04)23274275,(04)23288582,2025,06,20,18,1,臺中市,南屯區,0,0,0,7,,,50,,,,,,,,,,,,,,,,,,,C03,,,1,,1,,,84,84,1,13,4,120.647001,24.149423,3
7725,66000,387130000C,(04)23274275,(04)23288582,2025,06,20,18,1,臺中市,南屯區,0,0,0,6,,,50,,,,,,,,,,,,,,16,,,,,B03,,,3,,1,,,47,47,1,6,4,120.62267,24.140394,4
7726,66000,387130000C,(04)23274275,(04)23288582,2025,06,20,18,2,臺中市,西區,0,1,0,6,2,6,50,4,2,1,5,4,6,6,4,4,9,4,5,2,9,3,10,6,5,H01,8,16,7,21,10,17,,95,95,1,12,5,120.661213,24.146839,2
7727,66000,387130000C,(04)23274275,(04)23288582,2025,06,20,18,4,臺中市,清水區,0,1,0,7,3,6,50,3,1,1,5,4,6,6,4,4,1,4,5,1,16,3,10,3,1,B03,7,6,1,8,2,2,,14,14,1,12,4,120.570732,24.275997,2
7728,66000,387130000C,(04)23274275,(04)23288582,2025,06,20,18,4,臺中市,大甲區,0,0,0,7,,,50,,,,,,,,,,,,,,8,,,,,B03,,,1,,10,,,87,87,1,13,5,120.644978,24.399133,3
7729,66000,387130000C,(04)23274275,(04)23288582,2025,06,20,18,5,臺中市,霧峰區,0,1,0,5,2,6,30,13,9,1,4,4,6,6,4,4,10,5,5,2,18,2,9,5,1,F01,7,9,7,21,2,15,,87,87,1,5,4,120.70878,24.070563,2
7730,66000,387130000C,(04)23274275,(04)23288582,2025,06,20,18,5,臺中市,太平區,0,1,0,7,3,6,40,4,1,1,4,4,6,6,1,1,10,5,5,2,16,3,10,3,1,B03,7,6,1,8,2,5,,11,11,1,12,4,120.71528,24.108052,2
7731,66000,387130000C,(04)23274275,(04)23288582,2025,06,20,18,8,臺中市,西屯區,0,0,0,7,1,6,50,4,1,1,5,4,6,6,4,4,1,4,4,2,16,,,,,B03,,,1,,2,,,51,51,1,12,4,120.664667,24.176598,3
7732,66000,387130000C,(04)23274275,(04)23288582,2025,06,20,18,12,臺中市,西屯區,0,0,0,7,,,40,,,,,,,,,,,,,,17,,,,,,,,,,,,,87,87,1,,,120.639173,24.165186,3
7733,66000,387130000C,(04)23274275,(04)23288582,2025,06,20,18,17,臺中市,北屯區,0,1,0,6,2,6,50,4,1,1,5,4,6,6,2,1,10,5,5,2,12,2,9,2,1,C03,7,9,1,10,2,14,,8,8,1,12,4,120.68581,24.175657,2
7734,66000,387130000C,(04)23274275,(04)23288582,2025,06,20,18,20,臺中市,太平區,0,0,0,7,2,6,50,,,,,,,,,,,,,,,,,,,B03,,,1,,2,2,,49,49,1,12,4,120.714614,24.136408,3
7735,66000,387130000C,(04)23274275,(04)23288582,2025,06,20,18,20,臺中市,龍井區,0,0,0,7,,,50,,,,,,,,,,,,,,,,,,,B12,,,1,,2,,,49,49,1,6,4,120.549659,24.208933,3
7736,66000,387130000C,(04)23274275,(04)23288582,2025,06,20,18,22,臺中市,西屯區,0,0,0,7,,,50,,,,,,,,,,,,,,13,,,,,C03,,,1,,1,,,7,7,1,13,4,120.636326,24.171436,3
7737,66000,387130000C,(04)23274275,(04)23288582,2025,06,20,18,24,臺中市,北屯區,0,0,0,7,,,50,,,,,,,,,,,,,,17,,,,,B03,,,1,,2,,,24,24,1,12,4,120.69975,24.166161,3
7738,66000,387130000C,(04)23274275,(04)23288582,2025,06,20,18,29,臺中市,南屯區,0,0,0,7,,,50,,,,,,,,,,,,,,,,,,,C03,,,1,,2,,,12,12,1,12,4,120.63923,24.148751,4
7739,66000,387130000C,(04)23274275,(04)23288582,2025,06,20,18,33,臺中市,西屯區,0,0,0,7,,,60,,,,,,,,,,,,,,12,,,,,B03,,,1,,1,,,8,8,1,12,4,120.649214,24.162784,3
7740,66000,387130000C,(04)23274275,(04)23288582,2025,06,20,18,33,臺中市,霧峰區,0,0,0,7,,,40,,,,,,,,,,,,,,13,,,,,C03,,,1,,1,,,7,7,1,12,4,120.689781,24.065863,3
7741,66000,387130000C,(04)23274275,(04)23288582,2025,06,20,18,33,臺中市,石岡區,0,2,0,7,1,6,70,13,7,1,5,4,6,6,4,4,1,4,4,1,13,3,10,5,4,B03,7,9,1,8,2,1,,7,7,1,13,4,120.785392,24.274446,2
7742,66000,387130000C,(04)23274275,(04)23288582,2025,06,20,18,34,臺中市,北屯區,0,2,0,7,2,6,50,13,9,1,5,4,6,6,4,4,5,4,5,2,17,2,7,2,1,C03,7,11,1,10,11,11,,34,34,1,6,4,120.725943,24.176032,2
7743,66000,387130000C,(04)23274275,(04)23288582,2025,06,20,18,39,臺中市,西區,0,1,0,7,1,6,50,3,1,1,5,4,6,6,1,1,10,5,5,2,17,3,10,5,4,B03,7,11,1,8,2,8,,45,45,1,12,4,120.661678,24.141244,2
7744,66000,387130000C,(04)23274275,(04)23288582,2025,06,20,18,42,臺中市,烏日區,0,2,0,5,1,6,50,4,1,1,4,4,6,6,2,1,1,2,4,2,12,2,9,1,1,C03,7,9,1,10,2,14,,26,26,1,6,4,120.614223,24.10669,2
7745,66000,387130000C,(04)23274275,(04)23288582,2025,06,20,18,43,臺中市,大里區,0,2,0,7,1,6,50,3,1,1,5,4,6,6,1,1,5,5,4,1,12,2,9,1,1,C03,7,1,1,10,2,11,,51,51,1,12,4,120.704435,24.095813,2
7746,66000,387130000C,(04)23274275,(04)23288582,2025,06,20,18,47,臺中市,大雅區,0,0,0,7,,,50,,,,,,,,,,,,,,,,,,,B03,,,1,,9,,,49,49,1,13,4,120.648477,24.224688,3
7747,66000,387130000C,(04)23274275,(04)23288582,2025,06,20,18,53,臺中市,龍井區,0,0,0,7,,,40,,,,,,,,,,,,,,,,,,,B12,,,1,,1,,,49,49,1,12,4,120.591014,24.183569,3
7748,66000,387130000C,(04)23274275,(04)23288582,2025,06,20,18,59,臺中市,北區,0,1,0,7,1,6,50,13,9,1,5,4,6,6,4,4,3,4,5,2,13,3,10,5,4,C03,7,9,1,10,2,11,,7,7,1,12,4,120.674066,24.162948,2
7749,66000,387130000C,(04)23274275,(04)23288582,2025,06,20,18,59,臺中市,北屯區,0,1,0,7,2,6,50,3,1,1,5,4,6,6,4,4,5,5,5,2,16,3,10,3,1,B03,7,5,1,8,2,2,,65,65,1,12,4,120.706426,24.166087,2
7750,66000,387130000C,(04)23274275,(04)23288582,2025,06,20,19,0,臺中市,后里區,0,0,0,7,1,6,30,3,9,1,5,4,6,6,4,4,9,5,5,1,17,3,10,3,1,B03,7,5,1,8,2,5,,84,84,1,6,4,120.712666,24.300312,3
7751,66000,387130000C,(04)23274275,(04)23288582,2025,06,20,19,8,臺中市,西屯區,0,0,0,7,,,30,,,,,,,,,,,,,,14,,,,,B02,,,1,,1,,,49,49,1,12,4,120.623759,24.182472,3
7752,66000,387130000C,(04)23274275,(04)23288582,2025,06,20,19,20,臺中市,沙鹿區,0,2,0,7,1,6,50,13,9,1,5,4,6,6,4,4,5,5,4,2,17,2,9,1,1,C03,7,6,1,10,2,12,,34,34,1,12,4,120.581091,24.222093,2
7753,66000,387130000C,(04)23274275,(04)23288582,2025,06,20,19,27,臺中市,豐原區,0,1,0,7,1,6,50,13,7,1,5,4,6,6,4,4,1,4,4,2,17,3,10,2,1,C03,7,4,1,10,2,12,,8,8,1,12,4,120.72461,24.260622,2
7754,66000,387130000C,(04)23274275,(04)23288582,2025,06,20,19,30,臺中市,西區,0,0,0,7,,,30,,,,,,,,,,,,,,17,,,,,B03,,,1,,2,,,59,59,1,12,4,120.657848,24.137354,3
7755,66000,387130000C,(04)23274275,(04)23288582,2025,06,20,19,30,臺中市,烏日區,0,0,0,7,1,6,60,13,8,1,5,4,6,6,4,4,1,4,4,1,17,3,10,1,1,C03,7,2,1,10,1,13,,49,49,1,6,4,120.606567,24.108557,3
7756,66000,387130000C,(04)23274275,(04)23288582,2025,06,20,19,34,臺中市,梧棲區,0,1,0,7,1,6,50,13,9,1,5,4,6,6,4,4,5,5,5,1,16,3,10,3,1,B03,7,9,1,8,2,2,,59,59,1,6,4,120.536691,24.240139,2
7757,66000,387130000C,(04)23274275,(04)23288582,2025,06,20,19,36,臺中市,北屯區,0,1,0,7,2,6,50,13,7,1,5,4,6,6,4,4,5,5,4,2,17,3,10,3,1,B03,7,1,1,8,2,1,,51,51,1,12,4,120.687187,24.168319,2
7758,66000,387130000C,(04)23274275,(04)23288582,2025,06,20,19,37,臺中市,潭子區,0,1,0,7,1,6,50,4,2,1,5,4,6,6,1,1,10,5,5,2,12,3,10,3,1,B03,7,5,1,8,2,8,,84,84,1,12,4,120.710406,24.210004,2
7759,66000,387130000C,(04)23274275,(04)23288582,2025,06,20,19,44,臺中市,西區,0,0,0,7,,,50,,,,,,,,,,,,,,17,,,,,B03,,,1,,1,,,40,40,1,12,4,120.664208,24.154416,3
7760,66000,387130000C,(04)23274275,(04)23288582,2025,06,20,19,49,臺中市,潭子區,0,2,0,6,1,6,50,4,1,1,5,4,6,6,4,4,5,4,4,1,17,2,9,4,1,F01,7,5,7,21,2,12,,84,84,1,13,4,120.708016,24.211031,2
7761,66000,387130000C,(04)23274275,(04)23288582,2025,06,20,19,54,臺中市,北區,0,0,0,7,,,50,,,,,,,,,,,,,,35,,,,,C03,,,1,,2,,,8,8,1,13,4,120.686354,24.152734,3
7762,66000,387130000C,(04)23274275,(04)23288582,2025,06,20,19,58,臺中市,霧峰區,0,0,0,7,1,6,50,13,9,1,5,4,6,,4,4,5,5,5,1,1,,,,,B03,,,1,,2,,,8,8,1,6,4,120.704313,24.072856,3
7763,66000,387130000C,(04)23274275,(04)23288582,2025,06,20,20,2,臺中市,東區,0,1,0,7,1,6,50,13,8,1,5,4,6,6,4,4,5,5,4,2,16,3,10,3,1,B11,7,6,1,8,2,2,,39,39,1,13,4,120.705368,24.137614,2
7764,66000,387130000C,(04)23274275,(04)23288582,2025,06,20,20,10,臺中市,沙鹿區,0,0,0,7,1,6,50,13,9,5,5,4,6,6,4,4,4,5,5,2,14,,,,,A11,,,1,,2,,,49,49,1,12,4,120.578511,24.208618,3
7765,66000,387130000C,(04)23274275,(04)23288582,2025,06,20,20,11,臺中市,南區,0,2,0,6,1,6,50,3,1,1,5,4,6,6,1,1,5,2,5,2,16,3,10,3,1,B03,7,5,1,8,2,5,,11,11,1,13,4,120.668205,24.112678,2
7766,66000,387130000C,(04)23274275,(04)23288582,2025,06,20,20,14,臺中市,西區,0,1,0,7,1,6,40,4,1,1,5,4,6,6,4,4,10,5,5,2,17,2,1,3,1,B03,7,11,1,8,2,5,,45,45,1,13,4,120.670283,24.15287,2
7767,66000,387130000C,(04)23274275,(04)23288582,2025,06,20,20,18,臺中市,龍井區,0,1,0,6,1,6,30,4,1,1,5,4,6,6,4,4,10,5,5,2,15,3,10,3,1,B03,7,9,1,8,2,2,,20,20,1,6,4,120.530346,24.184226,2
7768,66000,387130000C,(04)23274275,(04)23288582,2025,06,20,20,19,臺中市,潭子區,0,1,0,7,1,6,60,3,1,1,5,4,6,6,1,1,10,5,5,2,16,3,10,3,1,B03,7,6,1,8,2,2,,11,11,1,12,4,120.707632,24.225728,2
7769,66000,387130000C,(04)23274275,(04)23288582,2025,06,20,20,19,臺中市,沙鹿區,0,0,0,7,,,50,,,,,,,,,,,,,,,,,,,B12,,,1,,2,,,93,93,1,12,4,120.558236,24.236151,3
7770,66000,387130000C,(04)23274275,(04)23288582,2025,06,20,20,20,臺中市,北屯區,0,0,0,7,,,50,,,,,,,,,,,,,,,,,,,B03,,,1,,1,,,84,84,1,12,4,120.696428,24.164751,3
7771,66000,387130000C,(04)23274275,(04)23288582,2025,06,20,20,20,臺中市,豐原區,0,1,0,7,1,6,50,4,1,1,5,4,6,6,1,1,10,5,5,2,13,3,10,3,1,B03,7,9,1,8,2,1,,84,84,1,13,4,120.703123,24.249458,2
7772,66000,387130000C,(04)23274275,(04)23288582,2025,06,20,20,26,臺中市,南區,0,1,0,7,1,6,50,4,1,1,5,4,6,6,1,1,10,5,5,2,13,3,10,5,4,B03,7,5,1,8,2,5,,84,84,1,12,4,120.670095,24.119043,2
7773,66000,387130000C,(04)23274275,(04)23288582,2025,06,20,20,28,臺中市,東區,0,1,0,7,1,6,50,3,1,1,5,4,6,6,4,4,10,5,5,2,13,2,8,1,1,C03,7,9,1,10,1,11,,84,84,1,12,4,120.702109,24.131646,2
7774,66000,387130000C,(04)23274275,(04)23288582,2025,06,20,20,30,臺中市,后里區,0,0,0,7,,,50,,,,,,,,,,,,,,17,,,,,B03,,,1,,1,,,84,84,1,6,4,120.721587,24.312358,3
7775,66000,387130000C,(04)23274275,(04)23288582,2025,06,20,20,44,臺中市,太平區,0,1,0,7,1,6,50,4,1,1,5,4,6,6,1,1,10,5,5,2,16,3,10,3,1,B03,7,6,1,8,2,5,,11,11,1,12,4,120.723989,24.111101,2
7776,66000,387130000C,(04)23274275,(04)23288582,2025,06,20,20,45,臺中市,東區,0,0,0,7,,,50,,,,,,,,,,,,,,12,,,,,B03,,,1,,1,,,84,84,1,13,4,120.705793,24.129368,3
7777,66000,387130000C,(04)23274275,(04)23288582,2025,06,20,20,49,臺中市,南屯區,0,2,0,7,3,6,50,4,1,1,5,4,6,6,1,1,10,5,5,2,17,2,3,3,1,B03,7,6,1,8,2,8,,84,84,1,12,4,120.648204,24.1295,2
7778,66000,387130000C,(04)23274275,(04)23288582,2025,06,20,20,50,臺中市,沙鹿區,0,0,0,7,1,6,40,13,8,1,5,4,6,6,4,4,4,3,4,2,12,,,,,B03,,,1,,2,,,51,51,1,12,4,120.579754,24.22399,3
7779,66000,387130000C,(04)23274275,(04)23288582,2025,06,20,20,58,臺中市,西屯區,0,1,0,7,1,6,30,13,9,1,5,4,6,6,4,4,10,5,5,2,17,2,9,5,4,C03,7,9,1,10,1,14,,59,59,1,13,4,120.657478,24.163695,2
7780,66000,387130000C,(04)23274275,(04)23288582,2025,06,20,21,8,臺中市,北區,0,2,0,7,1,6,30,4,1,1,5,4,6,6,4,4,9,5,5,2,15,2,9,5,4,C03,7,9,1,10,2,12,,20,20,1,13,4,120.678362,24.162684,2
7781,66000,387130000C,(04)23274275,(04)23288582,2025,06,20,21,10,臺中市,豐原區,0,0,0,7,,,50,,,,,,,,,,,,,,17,,,,,C03,,,1,,2,,,24,24,1,12,4,120.719621,24.260103,3
7782,66000,387130000C,(04)23274275,(04)23288582,2025,06,20,21,25,臺中市,大里區,0,0,0,7,,,60,,,,,,,,,,,,,,,,,,,B03,,,1,,2,,,51,51,1,12,4,120.674476,24.102516,3
7783,66000,387130000C,(04)23274275,(04)23288582,2025,06,20,21,25,臺中市,烏日區,0,0,0,7,,,70,,,,,,,,,,,,,,13,,,,,B03,,,1,,1,,,7,7,1,6,4,120.607643,24.108542,3
7784,66000,387130000C,(04)23274275,(04)23288582,2025,06,20,21,27,臺中市,霧峰區,0,2,0,7,1,6,40,4,12,1,5,4,6,6,4,4,3,4,5,1,13,2,9,5,4,C03,7,9,3,19,2,11,,84,84,1,13,4,120.664463,24.083177,2
7785,66000,387130000C,(04)23274275,(04)23288582,2025,06,20,21,30,臺中市,北屯區,0,1,0,7,1,6,40,4,2,1,5,4,6,6,2,1,10,5,5,2,17,2,9,2,1,C03,7,8,1,10,2,13,,85,85,1,6,4,120.694688,24.174435,2
7786,66000,387130000C,(04)23274275,(04)23288582,2025,06,20,21,45,臺中市,大里區,0,0,0,7,,,50,,,,,,,,,,,,,,13,,,,,B03,,,1,,1,,,58,58,1,12,4,120.680117,24.074283,3
7787,66000,387130000C,(04)23274275,(04)23288582,2025,06,20,21,47,臺中市,西區,0,0,0,7,,,0,,,,,,,,,,,,,,17,,,,,C03,,,1,,9,,,50,50,1,12,4,120.656087,24.139904,3
7788,66000,387130000C,(04)23274275,(04)23288582,2025,06,20,21,50,臺中市,中區,0,0,0,7,,,50,,,,,,,,,,,,,,,,,,,B03,,,1,,1,,,7,7,1,12,4,120.675931,24.144413,3