﻿序號,縣市別代碼,機關代碼,市話,傳真,年,月,日,時,分,縣市,區,死亡數量,受傷數量,2-30,天候,道路照明設備,道路類別,道路速限,道路型態,事故位置,路面鋪裝,路面狀態,路面缺陷,障礙物,視距,號誌種類,號誌動作,分向設施,快車道或一般車道間,快慢車道間,路面邊線,事故類型及型態,受傷程度,主要傷處,保護裝備,行動電話或功能裝置,當事者區分_類別,車輛用途,當事者行動狀態,駕照狀態,駕照種類,飲酒情形,車輛撞擊部位最初,車輛撞擊部位其他,肇事因素個別,肇事因素主要,肇事逃逸,職業,共享經濟或外送平台,GPS座標X,GPS座標Y,事故類別
7789,66000,387130000C,(04)23274275,(04)23288582,2025,06,20,21,52,臺中市,東區,0,1,0,7,2,6,0,18,21,1,5,4,6,6,4,4,10,5,5,2,26,2,9,2,1,C03,7,9,1,10,2,11,,87,87,1,13,4,120.705485,24.137479,2
7790,66000,387130000C,(04)23274275,(04)23288582,2025,06,20,21,53,臺中市,西屯區,0,1,0,7,1,6,40,13,8,1,5,4,6,6,4,4,1,5,1,2,13,2,9,2,1,C03,7,9,1,10,2,11,,7,7,1,12,4,120.615318,24.183529,2
7791,66000,387130000C,(04)23274275,(04)23288582,2025,06,20,21,55,臺中市,南屯區,0,2,0,7,1,6,50,4,1,1,5,4,6,6,2,1,10,5,5,2,13,2,9,2,4,C03,7,9,1,10,2,11,,7,7,1,6,4,120.640748,24.153709,2
7792,66000,387130000C,(04)23274275,(04)23288582,2025,06,20,21,56,臺中市,烏日區,0,2,0,7,1,6,60,4,1,1,5,4,6,6,1,1,1,4,4,1,16,2,9,1,1,C03,7,6,3,19,2,11,,11,11,1,6,4,120.620366,24.105564,2
7793,66000,387130000C,(04)23274275,(04)23288582,2025,06,20,21,57,臺中市,太平區,0,1,0,7,1,6,50,4,1,1,5,4,6,6,2,1,10,5,5,2,13,3,10,3,1,B03,7,9,1,8,2,8,,84,84,1,12,4,120.713927,24.145097,2
7794,66000,387130000C,(04)23274275,(04)23288582,2025,06,20,22,3,臺中市,潭子區,0,0,0,7,,,30,,,,,,,,,,,,,,,,,,,B03,,,1,,9,,,8,8,1,12,4,120.704534,24.215401,3
7795,66000,387130000C,(04)23274275,(04)23288582,2025,06,20,22,5,臺中市,北屯區,0,0,0,7,,,50,,,,,,,,,,,,,,17,,,,,B03,,,1,,1,,,51,51,1,12,4,120.694354,24.166946,3
7796,66000,387130000C,(04)23274275,(04)23288582,2025,06,20,22,6,臺中市,西屯區,0,1,0,6,1,6,40,13,8,1,5,4,6,6,4,4,1,4,1,2,18,2,9,5,4,F01,7,9,7,21,2,14,,59,59,1,5,4,120.602027,24.181931,2
7797,66000,387130000C,(04)23274275,(04)23288582,2025,06,20,22,12,臺中市,北屯區,0,0,0,7,,,50,,,,,,,,,,,,,,12,,,,,C03,,,1,,1,,,40,40,1,6,4,120.6736,24.201271,4
7798,66000,387130000C,(04)23274275,(04)23288582,2025,06,20,22,23,臺中市,大雅區,0,1,0,7,1,6,50,3,1,1,5,4,6,6,3,1,9,5,5,1,11,3,10,3,1,B03,7,6,1,8,2,5,,24,24,1,13,4,120.647904,24.216474,2
7799,66000,387130000C,(04)23274275,(04)23288582,2025,06,20,22,34,臺中市,北屯區,0,0,0,7,,,50,,,,,,,,,,,,,,,,,,,C03,,,1,,1,,,84,84,1,12,4,120.700255,24.164783,3
7800,66000,387130000C,(04)23274275,(04)23288582,2025,06,20,22,38,臺中市,太平區,0,1,0,7,1,6,50,4,4,1,5,4,6,6,1,1,5,5,5,1,13,3,10,3,1,B01,7,9,1,4,1,1,,84,84,1,12,4,120.713974,24.125213,2
7801,66000,387130000C,(04)23274275,(04)23288582,2025,06,20,22,56,臺中市,東區,0,1,0,7,1,6,50,4,1,1,5,4,6,6,1,1,10,5,5,2,16,3,10,1,1,C03,7,6,1,10,2,12,,48,48,1,12,4,120.701029,24.144602,2
7802,66000,387130000C,(04)23274275,(04)23288582,2025,06,20,23,20,臺中市,西區,0,0,0,7,,,50,,,,,,,,,,,,,,13,,,,,B01,,,1,,1,,,7,7,1,12,4,120.659894,24.158815,3
7803,66000,387130000C,(04)23274275,(04)23288582,2025,06,20,23,32,臺中市,西屯區,0,1,0,7,1,6,50,4,1,1,5,4,6,6,4,4,10,5,5,2,15,3,10,5,4,B01,7,9,1,3,2,8,,12,12,1,13,4,120.663114,24.178916,2
7804,66000,387130000C,(04)23274275,(04)23288582,2025,06,20,23,48,臺中市,清水區,0,0,0,7,,,50,,,,,,,,,,,,,,12,,,,,B03,,,1,,9,,,8,8,1,13,4,120.600071,24.305018,3
7805,66000,387130000C,(04)23274275,(04)23288582,2025,06,20,23,50,臺中市,南屯區,0,0,0,7,1,6,50,13,9,1,5,4,6,6,4,4,9,5,5,2,17,,,,,B03,,,1,,1,,,87,87,1,12,4,120.61161,24.14566,3
7806,66000,387130000C,(04)23274275,(04)23288582,2025,06,20,23,53,臺中市,西屯區,0,1,0,7,1,6,50,3,1,1,5,4,6,6,4,4,10,5,5,2,16,3,10,3,1,B03,7,11,1,8,2,4,,32,32,1,13,4,120.667185,24.178179,2
7807,66000,387130000C,(04)23274275,(04)23288582,2025,06,20,23,57,臺中市,西屯區,0,1,0,6,1,6,50,8,9,1,5,4,6,6,2,1,5,5,5,2,13,2,9,1,1,C03,7,9,1,10,2,11,,7,7,1,13,4,120.643003,24.176992,2
7808,66000,387130000C,(04)23274275,(04)23288582,2025,06,20,23,57,臺中市,西屯區,0,1,0,7,1,6,50,13,7,1,5,4,6,6,4,4,5,4,4,2,17,2,9,2,1,C03,7,9,1,10,2,12,,59,59,1,12,4,120.662744,24.176437,2
7809,66000,387130000C,(04)23274275,(04)23288582,2025,06,21,0,3,臺中市,大雅區,0,1,0,7,1,6,70,5,1,1,5,4,1,6,3,1,10,5,5,2,15,2,9,2,1,C03,7,1,1,10,2,13,,20,20,1,12,4,120.627701,24.242288,2
7810,66000,387130000C,(04)23274275,(04)23288582,2025,06,21,0,5,臺中市,西屯區,0,0,0,7,,,30,,,,,,,,,,,,,,16,,,,,B02,,,1,,2,,,59,59,1,12,4,120.638252,24.169267,3
7811,66000,387130000C,(04)23274275,(04)23288582,2025,06,21,0,38,臺中市,西區,0,1,0,7,1,6,50,13,9,1,5,4,6,6,4,4,5,4,5,2,17,2,9,1,1,C03,7,8,1,10,2,14,,84,84,1,12,4,120.673839,24.14706,2
7812,66000,387130000C,(04)23274275,(04)23288582,2025,06,21,0,50,臺中市,梧棲區,0,1,0,7,1,6,50,13,9,1,5,4,6,6,4,4,9,5,5,1,13,3,10,3,1,B03,7,13,1,8,2,7,,77,77,1,12,4,120.534048,24.249789,2
7813,66000,387130000C,(04)23274275,(04)23288582,2025,06,21,1,3,臺中市,中區,0,0,0,6,,,50,,,,,,,,,,,,,,,,,,,B03,,,1,,1,,,51,51,1,13,4,120.675492,24.133622,3
7814,66000,387130000C,(04)23274275,(04)23288582,2025,06,21,1,5,臺中市,西屯區,0,0,0,6,,,30,,,,,,,,,,,,,,,,,,,B02,,,1,,1,,,8,8,1,13,4,120.646479,24.181969,3
7815,66000,387130000C,(04)23274275,(04)23288582,2025,06,21,1,40,臺中市,北區,0,0,0,7,,,50,,,,,,,,,,,,,,15,,,,,B03,,,1,,1,,,24,24,1,12,4,120.673635,24.151592,3
7816,66000,387130000C,(04)23274275,(04)23288582,2025,06,21,1,43,臺中市,東區,0,1,0,7,1,6,50,13,7,1,5,4,6,6,1,1,10,5,5,2,13,3,10,3,1,B01,7,9,1,3,2,1,,7,7,1,12,4,120.685212,24.128773,2
7817,66000,387130000C,(04)23274275,(04)23288582,2025,06,21,2,6,臺中市,豐原區,0,1,0,7,1,6,50,13,11,1,5,4,6,6,4,4,10,4,5,1,12,2,9,5,4,C03,7,9,1,10,2,11,,59,59,1,12,4,120.723226,24.264032,2
7818,66000,387130000C,(04)23274275,(04)23288582,2025,06,21,4,13,臺中市,龍井區,0,1,0,7,1,6,60,4,1,1,5,4,6,6,2,1,3,5,5,2,23,2,1,3,1,B03,7,9,1,8,2,1,,59,59,1,6,4,120.575699,24.177611,2
7819,66000,387130000C,(04)23274275,(04)23288582,2025,06,21,4,45,臺中市,北屯區,0,1,0,7,1,6,50,4,2,1,5,4,6,6,1,1,5,4,4,2,12,2,8,1,1,C03,7,9,1,10,2,11,,25,25,1,13,4,120.676129,24.197903,2
7820,66000,387130000C,(04)23274275,(04)23288582,2025,06,21,5,4,臺中市,大里區,0,0,0,7,,6,30,,,,,,,,,,,,,,17,,,,,C03,,,3,19,2,,,84,84,1,13,4,120.703281,24.09445,3
7821,66000,387130000C,(04)23274275,(04)23288582,2025,06,21,5,8,臺中市,西區,0,1,0,7,2,6,50,13,9,1,5,4,6,6,4,4,5,4,4,2,17,2,1,1,1,C03,7,1,1,10,2,11,,51,51,1,12,4,120.676673,24.139355,2
7822,66000,387130000C,(04)23274275,(04)23288582,2025,06,21,5,25,臺中市,西屯區,0,3,0,7,2,6,50,3,1,1,5,4,6,6,1,1,3,5,5,2,16,2,9,5,4,B03,7,6,1,8,2,5,,11,11,1,13,4,120.637193,24.162098,2
7823,66000,387130000C,(04)23274275,(04)23288582,2025,06,21,6,21,臺中市,北屯區,0,1,0,7,2,6,50,13,9,1,5,4,6,6,4,4,1,4,5,2,12,3,10,1,1,C03,7,7,5,19,2,12,,40,40,1,6,4,120.670532,24.201526,2
7824,66000,387130000C,(04)23274275,(04)23288582,2025,06,21,6,27,臺中市,大里區,0,0,0,7,3,6,30,11,9,1,5,4,6,6,4,4,10,5,5,2,12,,,,,B03,,,1,,2,,,84,84,1,12,4,120.699972,24.102587,3
7825,66000,387130000C,(04)23274275,(04)23288582,2025,06,21,6,35,臺中市,大雅區,0,1,0,7,3,6,60,4,2,1,5,4,6,6,1,1,1,3,4,1,17,2,7,5,4,C01,7,15,1,9,2,11,,84,84,1,12,4,120.647553,24.220359,2
7826,66000,387130000C,(04)23274275,(04)23288582,2025,06,21,6,39,臺中市,豐原區,0,2,0,7,2,6,50,13,9,1,5,4,6,6,4,4,5,5,5,1,17,2,9,1,1,C03,7,1,5,19,2,14,,51,51,1,13,4,120.722356,24.245681,2
7827,66000,387130000C,(04)23274275,(04)23288582,2025,06,21,6,48,臺中市,北屯區,0,1,0,7,1,6,50,4,2,1,5,4,6,6,1,1,3,4,5,2,12,2,9,1,1,C03,7,9,5,19,2,11,,26,26,1,13,4,120.697745,24.170349,2
7828,66000,387130000C,(04)23274275,(04)23288582,2025,06,21,7,1,臺中市,龍井區,0,1,0,7,3,9,70,4,1,1,5,4,6,6,1,1,10,5,5,2,12,3,10,3,1,B03,7,6,1,8,2,4,,8,8,1,6,4,120.505882,24.210065,2
7829,66000,387130000C,(04)23274275,(04)23288582,2025,06,21,7,11,臺中市,神岡區,0,1,0,7,3,6,30,4,1,1,5,4,6,6,3,1,10,5,5,1,15,3,10,3,1,B03,7,9,3,19,2,8,,24,24,1,13,4,120.648162,24.253714,2
7830,66000,387130000C,(04)23274275,(04)23288582,2025,06,21,7,20,臺中市,和平區,0,0,0,7,3,6,30,12,9,1,5,4,6,6,4,4,10,5,5,1,14,3,10,3,1,B03,7,3,1,7,2,7,4,49,49,1,13,4,121.264153,24.264149,3
7831,66000,387130000C,(04)23274275,(04)23288582,2025,06,21,7,27,臺中市,西區,0,0,0,7,,,50,,,,,,,,,,,,,,,,,,,C03,,,1,,6,,,84,84,1,13,4,120.651487,24.146851,3
7832,66000,387130000C,(04)23274275,(04)23288582,2025,06,21,7,29,臺中市,東區,0,0,0,7,,,50,,,,,,,,,,,,,,17,,,,,B03,,,1,,1,,,7,7,1,12,4,120.698852,24.125078,3
7833,66000,387130000C,(04)23274275,(04)23288582,2025,06,21,7,35,臺中市,北區,0,2,0,7,2,6,50,13,7,1,5,4,6,6,4,4,1,4,4,2,13,2,9,1,1,C03,7,9,1,10,2,11,,7,7,1,12,4,120.673205,24.166875,2
7834,66000,387130000C,(04)23274275,(04)23288582,2025,06,21,7,37,臺中市,神岡區,0,1,0,7,2,6,50,4,1,1,5,4,6,6,1,1,10,5,5,2,17,3,10,3,1,A04,7,6,1,2,2,1,,11,11,1,6,4,120.658626,24.258922,2
7835,66000,387130000C,(04)23274275,(04)23288582,2025,06,21,7,41,臺中市,北區,0,1,0,7,3,6,50,4,9,1,5,4,6,6,4,4,5,4,5,2,17,2,9,5,4,C03,7,6,1,10,2,11,,39,39,1,13,4,120.683201,24.16042,2
7836,66000,387130000C,(04)23274275,(04)23288582,2025,06,21,7,49,臺中市,西區,0,1,0,7,2,6,40,13,8,1,5,4,6,6,4,4,3,4,4,2,17,3,10,5,4,B03,7,1,1,8,2,8,,51,51,1,12,4,120.657476,24.143919,2
7837,66000,387130000C,(04)23274275,(04)23288582,2025,06,21,7,50,臺中市,北區,0,2,0,7,2,6,50,4,1,1,5,4,6,6,1,1,10,5,5,2,16,2,9,1,1,C03,7,9,1,10,2,14,,84,84,1,12,4,120.685166,24.165005,2
7838,66000,387130000C,(04)23274275,(04)23288582,2025,06,21,7,51,臺中市,太平區,0,1,0,7,3,6,50,4,1,1,5,4,6,6,1,1,10,5,5,2,16,2,9,5,4,C03,7,6,1,10,2,12,,11,11,1,12,4,120.725034,24.108008,2
7839,66000,387130000C,(04)23274275,(04)23288582,2025,06,21,7,53,臺中市,烏日區,0,0,0,7,,,50,,,,,,,,,,,,,,,,,,,B03,,,1,,1,,,8,8,1,8,4,120.634966,24.104911,3
7840,66000,387130000C,(04)23274275,(04)23288582,2025,06,21,7,54,臺中市,大肚區,0,0,0,7,,,50,,,,,,,,,,,,,,,,,,,C03,,,1,,2,,,39,39,1,6,4,120.58027,24.11235,3
7841,66000,387130000C,(04)23274275,(04)23288582,2025,06,21,7,56,臺中市,北區,0,0,0,7,2,6,50,13,9,1,5,4,6,6,4,4,1,4,5,2,13,3,10,3,1,B03,7,9,1,8,1,1,,59,59,1,12,4,120.686246,24.146215,3
7842,66000,387130000C,(04)23274275,(04)23288582,2025,06,21,7,56,臺中市,北屯區,0,1,0,7,3,6,40,3,2,1,5,4,6,6,4,4,1,4,4,2,16,3,10,1,1,C03,7,9,1,10,2,11,,6,6,1,12,4,120.664775,24.184107,2
7843,66000,387130000C,(04)23274275,(04)23288582,2025,06,21,7,57,臺中市,沙鹿區,0,3,0,7,2,6,30,12,9,1,5,4,6,6,4,4,10,5,5,2,17,2,9,1,1,C03,7,9,1,10,4,14,,8,8,1,13,4,120.559814,24.222816,2
7844,66000,387130000C,(04)23274275,(04)23288582,2025,06,21,8,1,臺中市,大甲區,0,1,0,7,2,6,50,3,1,1,5,4,6,6,1,1,5,5,5,1,13,3,10,3,1,B03,7,9,1,10,2,5,,84,84,1,12,4,120.619319,24.345484,2
7845,66000,387130000C,(04)23274275,(04)23288582,2025,06,21,8,9,臺中市,烏日區,0,1,0,7,2,6,50,4,1,1,5,4,6,6,1,1,10,5,5,2,12,3,10,5,4,B03,7,5,1,8,2,6,,47,47,1,13,4,120.619559,24.110259,2
7846,66000,387130000C,(04)23274275,(04)23288582,2025,06,21,8,14,臺中市,北屯區,0,1,0,7,2,6,50,4,1,1,5,4,6,6,1,1,10,5,5,2,16,2,9,1,1,C03,7,7,1,10,2,12,,40,40,1,12,4,120.722543,24.176029,2
7847,66000,387130000C,(04)23274275,(04)23288582,2025,06,21,8,16,臺中市,北區,0,1,0,7,3,6,50,4,2,1,5,4,6,6,1,1,5,4,5,2,17,3,10,5,4,B03,7,15,1,8,2,4,,76,76,1,13,4,120.68996,24.161586,2
7848,66000,387130000C,(04)23274275,(04)23288582,2025,06,21,8,20,臺中市,沙鹿區,0,0,0,7,,,50,,,,,,,,,,,,,,13,,,,,B12,,,1,,2,,,7,7,1,6,4,120.566323,24.243844,3
7849,66000,387130000C,(04)23274275,(04)23288582,2025,06,21,8,28,臺中市,梧棲區,0,1,0,7,3,6,30,4,1,1,5,4,6,6,1,1,10,5,5,2,16,3,10,1,1,F03,7,5,7,21,2,13,,20,20,1,6,4,120.553467,24.247412,2
7850,66000,387130000C,(04)23274275,(04)23288582,2025,06,21,8,31,臺中市,南屯區,0,1,0,7,2,6,50,3,1,1,5,4,6,6,4,4,10,5,5,2,16,3,10,2,4,C03,7,6,1,10,2,11,,12,12,1,13,4,120.611976,24.140269,2
7851,66000,387130000C,(04)23274275,(04)23288582,2025,06,21,8,33,臺中市,西屯區,0,1,0,7,2,6,40,3,19,1,5,4,6,6,4,4,10,5,5,2,9,3,10,5,4,C03,7,9,1,10,2,11,,10,10,1,13,4,120.667185,24.178179,2
7852,66000,387130000C,(04)23274275,(04)23288582,2025,06,21,8,34,臺中市,北屯區,0,1,0,7,1,6,50,13,9,1,5,4,6,6,4,4,10,5,5,2,18,2,9,1,1,C03,7,1,1,10,2,12,,51,51,1,13,4,120.698267,24.166434,2
7853,66000,387130000C,(04)23274275,(04)23288582,2025,06,21,8,43,臺中市,太平區,0,2,0,7,2,6,50,3,2,1,5,4,6,6,4,4,5,4,5,2,17,2,7,2,1,C03,7,9,1,10,2,11,,84,84,1,12,4,120.734419,24.14941,2
7854,66000,387130000C,(04)23274275,(04)23288582,2025,06,21,8,45,臺中市,大甲區,0,1,0,7,2,6,50,13,9,1,5,4,6,6,4,4,9,5,5,1,12,3,10,2,1,C03,7,9,1,10,2,12,,8,8,1,6,4,120.625924,24.348351,2
7855,66000,387130000C,(04)23274275,(04)23288582,2025,06,21,8,48,臺中市,太平區,0,0,0,7,,,50,,,,,,,,,,,,,,,,,,,B12,,,1,,2,,,59,59,1,12,4,120.73202,24.134614,3
7856,66000,387130000C,(04)23274275,(04)23288582,2025,06,21,8,55,臺中市,北區,0,2,0,7,2,6,50,4,1,1,5,4,6,6,1,1,10,5,5,2,16,2,9,1,1,C03,7,4,3,19,2,12,,1,1,1,12,4,120.676438,24.16172,2
7857,66000,387130000C,(04)23274275,(04)23288582,2025,06,21,8,56,臺中市,北屯區,0,0,0,7,,,50,,,,,,,,,,,,,,16,,,,,B03,,,1,,1,,,14,14,1,6,4,120.664674,24.178938,3
7858,66000,387130000C,(04)23274275,(04)23288582,2025,06,21,8,56,臺中市,大肚區,0,1,0,7,2,6,30,13,9,1,5,4,6,6,4,4,10,5,5,2,9,3,10,1,1,C03,7,9,1,10,2,12,,7,7,1,6,4,120.563448,24.124312,2
7859,66000,387130000C,(04)23274275,(04)23288582,2025,06,21,8,56,臺中市,東勢區,0,2,0,7,2,6,60,4,1,1,5,4,6,6,4,4,10,5,5,2,9,2,7,5,4,C03,7,9,1,10,2,11,,85,85,1,13,4,120.80646,24.28393,2
7860,66000,387130000C,(04)23274275,(04)23288582,2025,06,21,8,57,臺中市,北區,0,2,0,7,2,6,50,13,9,1,5,4,6,6,4,4,5,4,5,2,12,2,8,1,1,C03,7,5,1,10,2,12,,20,20,1,12,4,120.682042,24.167041,2
7861,66000,387130000C,(04)23274275,(04)23288582,2025,06,21,9,0,臺中市,南區,0,1,0,7,2,6,50,4,2,1,5,4,6,6,4,4,10,5,5,2,12,3,10,3,1,B12,7,9,1,8,2,2,,85,85,1,6,4,120.676992,24.13172,2
7862,66000,387130000C,(04)23274275,(04)23288582,2025,06,21,9,0,臺中市,南屯區,0,1,0,7,1,6,50,13,8,1,5,4,6,6,4,4,9,5,4,2,18,2,9,1,1,C03,7,9,1,10,2,14,,84,84,1,6,4,120.620827,24.117898,2
7863,66000,387130000C,(04)23274275,(04)23288582,2025,06,21,9,0,臺中市,北屯區,0,0,0,7,,,50,,,,,,,,,,,,,,17,,,,,C03,,,1,,1,,,50,50,1,12,4,120.688734,24.180158,3
7864,66000,387130000C,(04)23274275,(04)23288582,2025,06,21,9,0,臺中市,烏日區,0,0,0,7,,,50,,,,,,,,,,,,,,,,,,,C03,,,3,,2,,,6,6,1,13,4,120.637243,24.104322,3
7865,66000,387130000C,(04)23274275,(04)23288582,2025,06,21,9,1,臺中市,大里區,0,0,0,7,,,25,,,,,,,,,,,,,,13,,,,,B03,,,1,,1,,,84,84,1,6,4,120.697596,24.111052,3
7866,66000,387130000C,(04)23274275,(04)23288582,2025,06,21,9,3,臺中市,烏日區,0,1,0,7,3,6,60,3,1,1,5,4,6,6,4,4,1,4,5,1,16,3,10,3,1,B12,7,5,1,8,2,2,,47,47,1,6,4,120.633177,24.105785,2
7867,66000,387130000C,(04)23274275,(04)23288582,2025,06,21,9,4,臺中市,北屯區,0,1,0,7,2,6,50,13,9,1,4,4,6,6,4,4,5,4,5,2,18,2,9,1,1,C03,7,9,1,10,2,14,,82,82,1,6,4,120.708668,24.170824,2
7868,66000,387130000C,(04)23274275,(04)23288582,2025,06,21,9,13,臺中市,北區,0,2,0,7,3,6,50,4,2,1,5,4,6,6,1,1,3,4,5,2,17,2,7,5,4,C03,7,1,1,10,2,14,,51,51,1,13,4,120.691723,24.160167,2
7869,66000,387130000C,(04)23274275,(04)23288582,2025,06,21,9,16,臺中市,西區,0,0,0,7,,,50,,,,,,,,,,,,,,,,,,,C03,,,1,,1,,,7,7,1,12,4,120.670251,24.146339,3
7870,66000,387130000C,(04)23274275,(04)23288582,2025,06,21,9,17,臺中市,西區,0,1,0,7,2,6,30,4,1,1,5,4,6,6,4,4,10,5,5,2,15,3,10,3,1,B03,7,9,1,8,2,6,,15,15,1,12,4,120.658121,24.149481,2
7871,66000,387130000C,(04)23274275,(04)23288582,2025,06,21,9,21,臺中市,潭子區,0,0,0,7,,,50,,,,,,,,,,,,,,,,,,,A11,,,1,,2,,,84,84,1,13,4,120.704713,24.200921,3
7872,66000,387130000C,(04)23274275,(04)23288582,2025,06,21,9,24,臺中市,西區,0,1,0,7,3,6,50,4,1,1,5,4,6,6,2,1,10,5,5,2,17,3,10,3,1,B03,7,6,1,8,2,5,,11,11,1,13,4,120.657353,24.147862,2
7873,66000,387130000C,(04)23274275,(04)23288582,2025,06,21,9,30,臺中市,南屯區,0,0,0,7,,,50,,,,,,,,,,,,,,,,,,,B03,,,1,,1,,,7,7,1,12,4,120.62603,24.136091,3
7874,66000,387130000C,(04)23274275,(04)23288582,2025,06,21,9,34,臺中市,北區,0,0,0,7,,,50,,,,,,,,,,,,,,,,,,,C03,,,4,,1,,,87,87,1,12,4,120.681651,24.154496,4
7875,66000,387130000C,(04)23274275,(04)23288582,2025,06,21,9,37,臺中市,烏日區,0,0,0,7,,,50,,,,,,,,,,,,,,12,,,,,B03,,,1,,2,,,40,40,1,13,4,120.612438,24.10646,3
7876,66000,387130000C,(04)23274275,(04)23288582,2025,06,21,9,38,臺中市,大里區,0,2,0,7,2,6,50,4,1,1,5,4,6,6,4,4,5,5,5,2,15,2,9,1,1,C03,7,9,1,10,2,12,14,15,15,1,6,4,120.691492,24.107138,2
7877,66000,387130000C,(04)23274275,(04)23288582,2025,06,21,9,39,臺中市,西區,0,1,0,7,2,6,50,3,1,1,5,4,6,6,4,4,10,5,5,2,18,2,9,5,4,C03,7,9,1,8,2,12,,84,84,1,12,4,120.667907,24.138423,2
7878,66000,387130000C,(04)23274275,(04)23288582,2025,06,21,9,43,臺中市,梧棲區,0,0,0,7,,,50,,,,,,,,,,,,,,16,,,,,B03,,,1,,1,,,45,45,1,6,4,120.54886,24.248334,3
7879,66000,387130000C,(04)23274275,(04)23288582,2025,06,21,9,44,臺中市,烏日區,0,0,0,7,,,30,,,,,,,,,,,,,,,,,,,B03,,,1,,2,,,14,14,1,13,4,120.628477,24.103568,3
7880,66000,387130000C,(04)23274275,(04)23288582,2025,06,21,9,48,臺中市,南區,0,0,0,7,,,50,,,,,,,,,,,,,,17,,,,,B03,,,1,,2,,,40,40,1,6,4,120.670799,24.127401,3
7881,66000,387130000C,(04)23274275,(04)23288582,2025,06,21,9,50,臺中市,西區,0,1,0,7,2,6,50,13,7,1,5,4,6,6,4,4,5,4,4,2,13,2,9,1,1,C03,7,9,1,10,2,11,,7,7,1,12,4,120.675117,24.133895,2
7882,66000,387130000C,(04)23274275,(04)23288582,2025,06,21,9,51,臺中市,北區,0,1,0,7,2,6,50,13,9,1,5,4,6,6,4,4,9,5,5,2,17,3,10,5,1,C03,7,9,1,10,9,15,,42,42,1,13,4,120.676876,24.16249,2
7883,66000,387130000C,(04)23274275,(04)23288582,2025,06,21,9,51,臺中市,北屯區,0,1,0,7,2,6,50,13,9,1,5,4,6,6,4,4,1,3,5,2,12,2,9,1,1,C03,7,9,1,10,2,12,,84,84,1,12,2,120.701548,24.181397,2
7884,66000,387130000C,(04)23274275,(04)23288582,2025,06,21,9,51,臺中市,北屯區,0,1,0,7,2,6,50,3,2,1,5,4,6,6,1,1,1,4,5,2,13,3,10,1,1,C03,7,9,1,10,2,11,,58,58,1,6,4,120.709699,24.164769,2
7885,66000,387130000C,(04)23274275,(04)23288582,2025,06,21,9,55,臺中市,南區,0,0,0,7,,,50,,,,,,,,,,,,,,17,,,,,B03,,,1,,10,,,87,87,1,12,4,120.654381,24.126268,3
7886,66000,387130000C,(04)23274275,(04)23288582,2025,06,21,10,3,臺中市,東區,0,1,0,7,2,6,0,4,1,1,5,4,6,6,4,4,10,5,5,2,3,2,8,6,5,H01,8,16,7,21,10,17,,98,98,1,13,5,120.687598,24.143394,2
7887,66000,387130000C,(04)23274275,(04)23288582,2025,06,21,10,7,臺中市,東區,0,1,0,7,2,6,50,13,9,1,5,4,6,6,4,4,9,5,5,2,18,2,9,1,1,C03,7,9,1,10,2,11,,84,84,1,12,4,120.693882,24.134772,2
7888,66000,387130000C,(04)23274275,(04)23288582,2025,06,21,10,8,臺中市,大里區,0,0,0,7,,,30,,,,,,,,,,,,,,11,,,,,B03,,,1,,2,,,41,41,1,13,4,120.711453,24.08741,3
7889,66000,387130000C,(04)23274275,(04)23288582,2025,06,21,10,9,臺中市,潭子區,0,0,0,7,,,40,,,,,,,,,,,,,,,,,,,B12,,,1,,2,,,84,84,1,13,4,120.706616,24.225995,3
7890,66000,387130000C,(04)23274275,(04)23288582,2025,06,21,10,10,臺中市,北屯區,0,0,0,7,,,40,,,,,,,,,,,,,,16,,,,,C03,,,1,,1,,,14,14,1,6,4,120.668637,24.188931,3
7891,66000,387130000C,(04)23274275,(04)23288582,2025,06,21,10,13,臺中市,太平區,0,0,0,7,,,50,,,,,,,,,,,,,,17,,,,,B03,,,1,,2,,,51,51,1,12,4,120.716394,24.127923,3
7892,66000,387130000C,(04)23274275,(04)23288582,2025,06,21,10,14,臺中市,烏日區,0,1,0,7,3,6,50,13,9,1,5,4,6,6,4,4,5,5,5,2,17,2,9,4,1,F02,7,15,7,21,10,14,,84,84,1,12,4,120.640385,24.103253,2
7893,66000,387130000C,(04)23274275,(04)23288582,2025,06,21,10,15,臺中市,北屯區,0,0,0,7,,,30,,,,,,,,,,,,,,17,,,,,B03,,,1,7,2,,,58,58,2,12,4,120.666971,24.178532,3
7894,66000,387130000C,(04)23274275,(04)23288582,2025,06,21,10,25,臺中市,龍井區,0,0,0,7,,,50,,,,,,,,,,,,,,,,,,,B03,,,1,,1,,,7,7,1,6,4,120.5235,24.206509,3
7895,66000,387130000C,(04)23274275,(04)23288582,2025,06,21,10,28,臺中市,南屯區,0,0,0,7,3,6,50,13,9,1,5,4,6,6,4,4,3,5,5,2,14,,,,,B03,,,1,,9,,,50,50,2,12,4,120.625023,24.140172,3
7896,66000,387130000C,(04)23274275,(04)23288582,2025,06,21,10,29,臺中市,南區,0,0,0,7,,,50,,,,,,,,,,,,,,17,,,,,B03,,,1,,2,,,50,50,1,12,4,120.66385,24.126332,3
7897,66000,387130000C,(04)23274275,(04)23288582,2025,06,21,10,32,臺中市,西區,0,0,0,7,,,50,,,,,,,,,,,,,,13,,,,,B03,,,1,,1,,,59,59,1,12,4,120.671438,24.132741,3