﻿序號,縣市別代碼,機關代碼,市話,傳真,年,月,日,時,分,縣市,區,死亡數量,受傷數量,2-30,天候,道路照明設備,道路類別,道路速限,道路型態,事故位置,路面鋪裝,路面狀態,路面缺陷,障礙物,視距,號誌種類,號誌動作,分向設施,快車道或一般車道間,快慢車道間,路面邊線,事故類型及型態,受傷程度,主要傷處,保護裝備,行動電話或功能裝置,當事者區分_類別,車輛用途,當事者行動狀態,駕照狀態,駕照種類,飲酒情形,車輛撞擊部位最初,車輛撞擊部位其他,肇事因素個別,肇事因素主要,肇事逃逸,職業,共享經濟或外送平台,GPS座標X,GPS座標Y,事故類別
7898,66000,387130000C,(04)23274275,(04)23288582,2025,06,21,10,32,臺中市,梧棲區,0,1,0,7,3,6,70,3,1,1,5,4,6,6,1,1,10,5,5,2,16,3,10,3,1,B03,7,5,3,19,2,2,,20,20,1,6,4,120.546085,24.23032,2
7899,66000,387130000C,(04)23274275,(04)23288582,2025,06,21,10,33,臺中市,大里區,0,2,0,7,3,6,50,4,1,1,5,4,6,6,3,1,10,5,5,2,15,2,9,1,1,C03,7,9,1,10,2,13,,24,24,1,6,4,120.683261,24.106839,2
7900,66000,387130000C,(04)23274275,(04)23288582,2025,06,21,10,39,臺中市,大里區,0,1,0,7,2,6,50,13,7,1,5,4,6,6,4,4,3,4,4,1,16,2,7,2,1,C03,7,6,1,10,2,14,,48,48,1,13,4,120.69439,24.089165,2
7901,66000,387130000C,(04)23274275,(04)23288582,2025,06,21,10,40,臺中市,西屯區,0,0,0,7,,,50,,,,,,,,,,,,,,17,,,,,B03,,,1,,1,,,50,50,1,13,4,120.660554,24.172974,3
7902,66000,387130000C,(04)23274275,(04)23288582,2025,06,21,10,42,臺中市,北區,0,2,0,7,3,6,50,4,2,1,5,4,6,6,4,4,5,4,5,2,17,2,9,5,4,C03,7,9,1,10,2,11,,15,15,1,13,4,120.679668,24.162133,2
7903,66000,387130000C,(04)23274275,(04)23288582,2025,06,21,10,43,臺中市,豐原區,0,1,0,7,2,6,30,3,1,1,5,4,6,6,3,1,10,5,5,2,17,2,9,2,1,C03,7,6,1,10,2,12,,24,24,1,13,4,120.720837,24.250632,2
7904,66000,387130000C,(04)23274275,(04)23288582,2025,06,21,10,46,臺中市,西屯區,0,0,0,7,,,50,,,,,,,,,,,,,,13,,,,,B03,,,1,,2,,,7,7,1,12,4,120.61978,24.180941,3
7905,66000,387130000C,(04)23274275,(04)23288582,2025,06,21,10,48,臺中市,東勢區,0,0,0,7,,,50,,,,,,,,,,,,,,12,,,,,B12,,,3,,2,,,50,50,1,13,4,120.827297,24.259633,3
7906,66000,387130000C,(04)23274275,(04)23288582,2025,06,21,10,48,臺中市,豐原區,0,0,0,7,,,50,,,,,,,,,,,,,,17,,,,,C03,,,1,,2,,,56,56,1,13,4,120.730636,24.242489,3
7907,66000,387130000C,(04)23274275,(04)23288582,2025,06,21,10,51,臺中市,烏日區,0,0,0,7,,,40,,,,,,,,,,,,,,14,,,,,B03,,,1,,1,,,49,49,1,13,4,120.626577,24.106142,3
7908,66000,387130000C,(04)23274275,(04)23288582,2025,06,21,10,54,臺中市,西屯區,0,0,0,7,,,50,,,,,,,,,,,,,,13,,,,,B03,,,1,,1,,,59,59,1,12,4,120.639822,24.166099,3
7909,66000,387130000C,(04)23274275,(04)23288582,2025,06,21,10,55,臺中市,北區,0,2,0,7,2,6,40,13,8,1,5,4,6,6,4,4,5,5,4,2,16,2,9,1,1,C03,7,5,1,10,2,12,,65,65,1,12,4,120.68592,24.159095,2
7910,66000,387130000C,(04)23274275,(04)23288582,2025,06,21,10,56,臺中市,北屯區,0,1,0,7,2,6,50,4,1,1,5,4,6,6,4,4,10,5,5,2,16,2,9,1,1,C03,7,6,1,10,2,13,,36,36,1,12,4,120.687028,24.185493,2
7911,66000,387130000C,(04)23274275,(04)23288582,2025,06,21,10,58,臺中市,西區,0,1,0,7,3,6,30,3,1,1,5,4,6,6,4,4,10,5,5,2,17,2,9,1,1,C03,7,6,1,10,2,12,,13,13,1,13,4,120.661749,24.153365,2
7912,66000,387130000C,(04)23274275,(04)23288582,2025,06,21,11,8,臺中市,烏日區,0,0,0,7,,,50,,,,,,,,,,,,,,,,,,,B03,,,1,,1,,,49,49,1,13,4,120.602695,24.110603,3
7913,66000,387130000C,(04)23274275,(04)23288582,2025,06,21,11,8,臺中市,烏日區,0,3,0,7,3,6,50,4,1,1,5,4,6,6,2,1,1,2,4,2,16,2,9,1,1,C03,7,9,1,10,2,11,12,26,26,1,6,4,120.614235,24.106715,2
7914,66000,387130000C,(04)23274275,(04)23288582,2025,06,21,11,9,臺中市,西區,0,0,0,7,,,50,,,,,,,,,,,,,,,,,,,C03,,,1,,2,,,40,40,1,12,4,120.680851,24.137116,3
7915,66000,387130000C,(04)23274275,(04)23288582,2025,06,21,11,9,臺中市,大里區,0,1,0,7,2,6,50,13,7,1,5,4,4,6,4,4,5,5,4,1,18,2,9,1,1,F03,7,15,7,21,2,12,,54,54,1,6,4,120.694801,24.112836,2
7916,66000,387130000C,(04)23274275,(04)23288582,2025,06,21,11,9,臺中市,神岡區,0,1,0,7,2,6,1,13,9,1,5,4,6,6,4,4,5,5,5,1,17,3,10,5,1,B03,7,13,1,8,1,4,,76,76,1,6,4,120.67704,24.264548,2
7917,66000,387130000C,(04)23274275,(04)23288582,2025,06,21,11,12,臺中市,潭子區,0,1,0,7,3,6,50,3,1,1,5,4,6,6,1,1,5,4,4,2,17,3,10,3,1,B03,7,6,1,8,2,6,,11,11,1,13,4,120.701039,24.209742,2
7918,66000,387130000C,(04)23274275,(04)23288582,2025,06,21,11,13,臺中市,大雅區,0,0,0,7,,,50,,,,,,,,,,,,,,,,,,,B03,,,1,,1,,,7,7,1,12,4,120.644792,24.229324,4
7919,66000,387130000C,(04)23274275,(04)23288582,2025,06,21,11,15,臺中市,烏日區,0,0,0,7,,,50,,,,,,,,,,,,,,12,,,,,B03,,,1,,1,,,1,1,1,13,4,120.617939,24.117325,3
7920,66000,387130000C,(04)23274275,(04)23288582,2025,06,21,11,16,臺中市,南屯區,0,0,0,7,,,50,,,,,,,,,,,,,,16,,,,,B03,,,1,,2,,,39,39,2,13,4,120.643821,24.15108,3
7921,66000,387130000C,(04)23274275,(04)23288582,2025,06,21,11,17,臺中市,霧峰區,0,0,0,7,,,50,,,,,,,,,,,,,,17,,,,,B03,,,3,,2,,,42,42,1,13,4,120.698155,24.060607,3
7922,66000,387130000C,(04)23274275,(04)23288582,2025,06,21,11,20,臺中市,北屯區,0,2,0,7,2,6,50,4,1,1,5,4,6,6,2,1,5,5,5,2,15,2,9,2,1,C03,7,9,1,10,2,12,,21,21,1,12,4,120.705794,24.178224,2
7923,66000,387130000C,(04)23274275,(04)23288582,2025,06,21,11,20,臺中市,龍井區,0,2,0,7,2,6,50,4,1,1,5,4,6,6,1,1,10,5,5,2,16,2,9,1,1,C03,7,6,1,10,2,11,,23,23,1,6,4,120.546034,24.201728,2
7924,66000,387130000C,(04)23274275,(04)23288582,2025,06,21,11,21,臺中市,西屯區,0,0,0,7,,,40,,,,,,,,,,,,,,13,,,,,B03,,,1,,1,,,59,59,1,12,4,120.646692,24.155593,3
7925,66000,387130000C,(04)23274275,(04)23288582,2025,06,21,11,24,臺中市,南區,0,1,0,7,2,6,50,4,1,1,5,4,6,6,1,1,9,4,5,2,17,3,10,3,1,B01,7,15,1,4,2,2,,84,84,1,12,4,120.683335,24.13342,2
7926,66000,387130000C,(04)23274275,(04)23288582,2025,06,21,11,25,臺中市,大里區,0,1,0,7,3,6,80,10,7,1,5,4,6,6,4,4,1,3,5,1,12,3,10,3,1,A11,7,7,1,1,2,2,,40,40,1,6,4,120.699356,24.113756,2
7927,66000,387130000C,(04)23274275,(04)23288582,2025,06,21,11,30,臺中市,太平區,0,0,0,7,,,50,,,,,,,,,,,,,,,,,,,C03,,,1,,2,,,7,7,1,12,4,120.71155,24.126537,3
7928,66000,387130000C,(04)23274275,(04)23288582,2025,06,21,11,30,臺中市,神岡區,0,0,0,7,,,50,,,,,,,,,,,,,,12,,,,,B03,,,1,,2,,,8,8,1,13,4,120.661004,24.258151,3
7929,66000,387130000C,(04)23274275,(04)23288582,2025,06,21,11,31,臺中市,西屯區,0,0,0,7,,,70,,,,,,,,,,,,,,13,,,,,B03,,,1,,1,,,7,7,1,12,4,120.615917,24.182717,3
7930,66000,387130000C,(04)23274275,(04)23288582,2025,06,21,11,31,臺中市,后里區,0,1,0,7,2,6,40,4,7,1,5,4,6,6,4,4,1,4,4,1,17,2,9,2,1,C03,7,8,1,10,2,14,,40,40,1,12,4,120.722765,24.301206,2
7931,66000,387130000C,(04)23274275,(04)23288582,2025,06,21,11,32,臺中市,北區,0,1,0,7,2,6,50,4,2,1,5,4,6,6,1,1,5,4,5,2,12,3,10,3,1,B03,7,7,1,8,2,5,,40,40,1,12,4,120.68891,24.153053,2
7932,66000,387130000C,(04)23274275,(04)23288582,2025,06,21,11,35,臺中市,清水區,0,0,0,7,2,6,50,4,1,1,5,4,6,6,4,4,8,4,5,2,15,,,,,B03,,,1,,1,,,12,12,1,12,4,120.548903,24.262312,3
7933,66000,387130000C,(04)23274275,(04)23288582,2025,06,21,11,37,臺中市,北屯區,0,2,0,7,3,6,50,4,2,1,5,4,6,6,1,1,10,5,5,2,17,3,10,1,1,C03,7,9,1,10,2,11,,7,7,1,12,4,120.711881,24.182277,2
7934,66000,387130000C,(04)23274275,(04)23288582,2025,06,21,11,38,臺中市,大肚區,0,2,0,7,2,6,50,3,1,1,5,4,6,6,4,4,10,5,5,2,14,3,10,3,1,B12,7,2,1,8,2,3,,49,49,1,6,4,120.575573,24.172435,2
7935,66000,387130000C,(04)23274275,(04)23288582,2025,06,21,11,39,臺中市,北屯區,0,1,0,7,2,6,50,13,9,1,5,4,6,6,1,1,5,4,5,2,12,3,10,1,1,C03,7,8,1,10,1,14,,8,8,1,6,4,120.70061,24.170103,2
7936,66000,387130000C,(04)23274275,(04)23288582,2025,06,21,11,39,臺中市,北屯區,0,0,0,7,,,50,,,,,,,,,,,,,,12,,,,,B03,,,1,,2,,,8,8,1,6,4,120.685735,24.173141,3
7937,66000,387130000C,(04)23274275,(04)23288582,2025,06,21,11,43,臺中市,西區,0,1,0,7,2,6,50,4,4,1,5,4,6,6,1,1,5,4,4,2,12,3,10,1,1,C03,7,9,1,10,2,14,,8,8,1,12,4,120.669373,24.138795,2
7938,66000,387130000C,(04)23274275,(04)23288582,2025,06,21,11,43,臺中市,太平區,0,0,0,7,2,6,50,,,,,,,,,,,,,,16,,,,,B03,,,1,,2,5,,12,12,1,12,4,120.729784,24.156115,3
7939,66000,387130000C,(04)23274275,(04)23288582,2025,06,21,11,48,臺中市,南區,0,0,0,7,,,50,,,,,,,,,,,,,,16,,,,,C03,,,1,,2,,,84,84,1,12,4,120.675249,24.126531,3
7940,66000,387130000C,(04)23274275,(04)23288582,2025,06,21,11,51,臺中市,潭子區,0,1,0,6,3,6,60,3,2,1,5,4,6,6,4,4,1,4,4,1,17,3,10,3,1,B03,7,5,1,8,9,6,,65,65,2,13,4,120.70533,24.210748,2
7941,66000,387130000C,(04)23274275,(04)23288582,2025,06,21,11,53,臺中市,龍井區,0,2,0,7,2,6,50,3,1,1,5,4,6,6,4,4,10,5,5,2,16,2,9,1,1,C03,7,6,3,19,2,12,,14,14,1,6,4,120.59194,24.181321,2
7942,66000,387130000C,(04)23274275,(04)23288582,2025,06,21,11,54,臺中市,東區,0,1,0,7,2,6,50,13,9,1,5,4,6,6,4,4,5,4,5,2,13,2,9,2,1,C03,7,9,1,10,2,11,,7,7,1,6,4,120.690636,24.140081,2
7943,66000,387130000C,(04)23274275,(04)23288582,2025,06,21,11,55,臺中市,沙鹿區,0,1,0,7,2,6,50,3,1,1,5,4,6,6,1,1,5,5,5,2,17,3,10,1,1,C03,7,6,1,10,2,13,,20,20,1,13,4,120.558557,24.231246,2
7944,66000,387130000C,(04)23274275,(04)23288582,2025,06,21,11,58,臺中市,西屯區,0,0,0,7,,,30,,,,,,,,,,,,,,14,,,,,B03,,,1,,1,,,49,49,1,13,4,120.656333,24.162517,3
7945,66000,387130000C,(04)23274275,(04)23288582,2025,06,21,12,0,臺中市,潭子區,0,0,0,7,,,30,,,,,,,,,,,,,,,,,,,B03,,,1,,2,,,49,49,1,13,4,120.707833,24.21365,3
7946,66000,387130000C,(04)23274275,(04)23288582,2025,06,21,12,5,臺中市,烏日區,0,0,0,7,,,50,,,,,,,,,,,,,,17,,,,,B03,,,1,,1,,,41,41,1,6,4,120.640902,24.11166,3
7947,66000,387130000C,(04)23274275,(04)23288582,2025,06,21,12,9,臺中市,北屯區,0,0,0,7,,,50,,,,,,,,,,,,,,15,,,,,B03,,,1,,2,,,21,21,1,12,4,120.679441,24.169777,3
7948,66000,387130000C,(04)23274275,(04)23288582,2025,06,21,12,12,臺中市,東區,0,0,0,7,,,50,,,,,,,,,,,,,,17,,,,,C03,,,1,,1,,,50,50,1,12,4,120.70689,24.142448,3
7949,66000,387130000C,(04)23274275,(04)23288582,2025,06,21,12,14,臺中市,龍井區,0,0,0,7,,,30,,,,,,,,,,,,,,14,,,,,C03,,,1,,1,,,49,49,1,6,4,120.592438,24.187774,3
7950,66000,387130000C,(04)23274275,(04)23288582,2025,06,21,12,15,臺中市,東勢區,0,0,0,7,,,50,,,,,,,,,,,,,,,,,,,B03,,,1,,1,,,84,84,1,12,4,120.830324,24.250689,3
7951,66000,387130000C,(04)23274275,(04)23288582,2025,06,21,12,17,臺中市,太平區,0,0,0,7,,,50,,,,,,,,,,,,,,,,,,,C03,,,1,,2,,,59,59,1,12,4,120.71375,24.125121,3
7952,66000,387130000C,(04)23274275,(04)23288582,2025,06,21,12,22,臺中市,豐原區,0,1,0,7,2,6,50,4,1,1,5,4,6,6,1,1,5,5,5,2,11,3,10,5,4,B03,7,6,1,8,2,1,,11,11,1,13,4,120.716464,24.260541,2
7953,66000,387130000C,(04)23274275,(04)23288582,2025,06,21,12,23,臺中市,大甲區,0,0,0,7,,,50,,,,,,,,,,,,,,13,,,,,C03,,,1,,2,,,7,7,1,12,4,120.63032,24.346912,3
7954,66000,387130000C,(04)23274275,(04)23288582,2025,06,21,12,25,臺中市,清水區,0,0,0,7,,,50,,,,,,,,,,,,,,17,,,,,B03,,,1,,1,,,35,35,1,12,4,120.575556,24.269449,3
7955,66000,387130000C,(04)23274275,(04)23288582,2025,06,21,12,29,臺中市,北區,0,2,0,7,3,6,50,13,9,1,5,4,6,6,1,1,5,4,5,2,12,2,9,5,4,C03,7,9,1,10,2,12,,39,39,1,13,4,120.675437,24.152681,2
7956,66000,387130000C,(04)23274275,(04)23288582,2025,06,21,12,35,臺中市,南屯區,0,0,0,7,,,50,,,,,,,,,,,,,,12,,,,,C03,,,1,,1,,,85,85,1,13,4,120.636776,24.146841,3
7957,66000,387130000C,(04)23274275,(04)23288582,2025,06,21,12,43,臺中市,西區,0,0,0,7,,,50,,,,,,,,,,,,,,13,,,,,B03,,,1,,1,,,84,84,1,12,4,120.657375,24.146713,3
7958,66000,387130000C,(04)23274275,(04)23288582,2025,06,21,12,43,臺中市,西屯區,0,0,0,7,,,60,,,,,,,,,,,,,,13,,,,,B03,,,1,,1,,,58,58,1,13,4,120.649048,24.163025,3
7959,66000,387130000C,(04)23274275,(04)23288582,2025,06,21,12,45,臺中市,霧峰區,0,0,0,7,,,30,,,,,,,,,,,,,,12,,,,,B03,,,1,,2,,,8,8,1,13,4,120.699925,24.066651,3
7960,66000,387130000C,(04)23274275,(04)23288582,2025,06,21,13,0,臺中市,大里區,0,0,0,7,,,40,,,,,,,,,,,,,,13,,,,,C03,,,1,,2,,,7,7,1,13,4,120.692171,24.115696,3
7961,66000,387130000C,(04)23274275,(04)23288582,2025,06,21,13,2,臺中市,東區,0,0,0,7,,,50,,,,,,,,,,,,,,16,,,,,B03,,,1,,1,,,14,14,1,12,4,120.707554,24.13615,3
7962,66000,387130000C,(04)23274275,(04)23288582,2025,06,21,13,2,臺中市,神岡區,0,3,0,7,2,6,40,4,1,1,5,4,6,6,1,1,10,5,5,2,16,2,9,5,4,B12,7,6,1,10,6,1,,11,11,1,13,4,120.646359,24.250547,2
7963,66000,387130000C,(04)23274275,(04)23288582,2025,06,21,13,3,臺中市,南區,0,0,0,7,,,0,,,,,,,,,,,,,,9,,,,,H01,,,7,,10,,,109,109,1,5,5,120.673929,24.129087,3
7964,66000,387130000C,(04)23274275,(04)23288582,2025,06,21,13,4,臺中市,霧峰區,0,0,0,7,,,30,,,,,,,,,,,,,,,,,,,B03,,,1,,2,,,84,84,1,13,4,120.687399,24.044384,3
7965,66000,387130000C,(04)23274275,(04)23288582,2025,06,21,13,5,臺中市,東區,0,0,0,7,,,30,,,,,,,,,,,,,,14,,,,,B03,,,1,,9,,,49,49,1,12,4,120.705046,24.13194,3
7966,66000,387130000C,(04)23274275,(04)23288582,2025,06,21,13,5,臺中市,西屯區,0,0,0,7,,,50,,,,,,,,,,,,,,14,,,,,B12,,,1,,1,,,49,49,1,13,4,120.636243,24.172394,3
7967,66000,387130000C,(04)23274275,(04)23288582,2025,06,21,13,6,臺中市,北屯區,0,0,0,7,,,50,,,,,,,,,,,,,,,,,,,B03,,,1,,1,,,84,84,1,12,4,120.694258,24.171813,3
7968,66000,387130000C,(04)23274275,(04)23288582,2025,06,21,13,15,臺中市,北屯區,0,0,0,7,,,50,,,,,,,,,,,,,,13,,,,,B03,,,1,,2,,,59,59,1,12,4,120.721511,24.182797,3
7969,66000,387130000C,(04)23274275,(04)23288582,2025,06,21,13,18,臺中市,西區,0,0,0,7,,,,,,,,,,,,,,,,,,,,,,,,,,,,,,119,119,1,,,120.658617,24.14681,3
7970,66000,387130000C,(04)23274275,(04)23288582,2025,06,21,13,20,臺中市,北區,0,0,0,7,,,50,,,,,,,,,,,,,,,,,,,B03,,,1,,1,,,7,7,1,12,4,120.677319,24.159304,3
7971,66000,387130000C,(04)23274275,(04)23288582,2025,06,21,13,23,臺中市,北區,0,1,0,7,2,6,40,4,2,1,5,4,6,6,1,1,1,4,4,2,16,3,10,3,1,B03,7,5,1,8,2,2,,20,20,1,12,4,120.67487,24.16167,2
7972,66000,387130000C,(04)23274275,(04)23288582,2025,06,21,13,26,臺中市,南區,0,1,0,7,2,6,50,4,1,1,5,4,6,6,2,1,10,5,5,2,16,2,9,2,1,C03,7,6,1,10,2,14,,48,48,1,6,4,120.663344,24.119827,2
7973,66000,387130000C,(04)23274275,(04)23288582,2025,06,21,13,29,臺中市,西屯區,0,0,0,7,,,30,,,,,,,,,,,,,,17,,,,,B03,,,1,,1,,,59,59,1,12,4,120.613847,24.177527,3
7974,66000,387130000C,(04)23274275,(04)23288582,2025,06,21,13,29,臺中市,太平區,0,0,0,7,,,50,,,,,,,,,,,,,,13,,,,,B03,,,1,,2,,,7,7,1,12,4,120.713284,24.146884,3
7975,66000,387130000C,(04)23274275,(04)23288582,2025,06,21,13,34,臺中市,豐原區,0,0,0,7,,,30,,,,,,,,,,,,,,14,,,,,B12,,,1,,1,,,49,49,1,12,4,120.718152,24.248229,3
7976,66000,387130000C,(04)23274275,(04)23288582,2025,06,21,13,35,臺中市,南區,0,0,0,7,,,50,,,,,,,,,,,,,,17,,,,,B03,,,1,,2,,,51,51,1,13,4,120.669982,24.112793,3
7977,66000,387130000C,(04)23274275,(04)23288582,2025,06,21,13,35,臺中市,東區,0,2,0,6,2,6,50,4,1,1,5,4,6,6,1,1,9,5,4,2,17,2,9,1,1,C03,7,9,1,10,2,11,,21,21,1,12,4,120.705817,24.140951,2
7978,66000,387130000C,(04)23274275,(04)23288582,2025,06,21,13,36,臺中市,大甲區,0,2,0,7,3,6,50,13,9,1,5,4,6,6,4,4,5,5,5,1,12,2,9,1,1,C03,7,4,1,10,2,14,,84,84,1,6,4,120.611281,24.348094,2
7979,66000,387130000C,(04)23274275,(04)23288582,2025,06,21,13,37,臺中市,大里區,0,0,0,7,,,0,,,,,,,,,,,,,,14,,,,,B03,,,1,,2,,,49,49,1,12,4,120.703335,24.091401,3
7980,66000,387130000C,(04)23274275,(04)23288582,2025,06,21,13,38,臺中市,霧峰區,0,0,0,7,,,40,,,,,,,,,,,,,,,,,,,B03,,,1,,2,,,51,51,1,13,4,120.680809,24.065036,3
7981,66000,387130000C,(04)23274275,(04)23288582,2025,06,21,13,39,臺中市,大里區,0,0,0,7,,,30,,,,,,,,,,,,,,12,,,,,B03,,,1,,2,,,8,8,1,6,4,120.700185,24.10841,3
7982,66000,387130000C,(04)23274275,(04)23288582,2025,06,21,13,40,臺中市,北屯區,0,1,0,7,3,6,30,4,1,1,5,4,6,6,4,4,10,5,5,2,15,3,10,1,1,C03,7,9,1,10,2,11,,15,15,1,12,4,120.701879,24.167531,2
7983,66000,387130000C,(04)23274275,(04)23288582,2025,06,21,13,47,臺中市,西屯區,0,0,0,7,,,50,,,,,,,,,,,,,,13,,,,,C03,,,1,,1,,,11,11,1,12,4,120.635989,24.169183,3
7984,66000,387130000C,(04)23274275,(04)23288582,2025,06,21,13,47,臺中市,龍井區,0,1,0,7,2,6,50,3,1,1,5,4,6,6,4,4,10,5,5,2,16,3,10,3,1,B03,7,6,1,8,2,8,,84,84,1,6,4,120.586557,24.181516,2
7985,66000,387130000C,(04)23274275,(04)23288582,2025,06,21,13,49,臺中市,南區,0,1,0,7,2,6,50,3,1,1,5,4,6,6,4,4,5,4,5,2,16,3,10,3,1,B03,7,5,1,8,1,2,,14,14,1,12,4,120.676427,24.132319,2
7986,66000,387130000C,(04)23274275,(04)23288582,2025,06,21,13,58,臺中市,北屯區,0,0,0,7,,,50,,,,,,,,,,,,,,12,,,,,B03,,,1,,1,,,40,40,1,12,4,120.691711,24.162494,3
7987,66000,387130000C,(04)23274275,(04)23288582,2025,06,21,13,58,臺中市,西屯區,0,0,0,7,,,60,,,,,,,,,,,,,,13,,,,,B03,,,1,,1,,,59,59,1,12,4,120.648176,24.163931,3
7988,66000,387130000C,(04)23274275,(04)23288582,2025,06,21,14,3,臺中市,北屯區,0,0,0,7,,,50,,,,,,,,,,,,,,17,,,,,B03,,,1,,9,,,49,49,1,12,4,120.699893,24.168213,3
7989,66000,387130000C,(04)23274275,(04)23288582,2025,06,21,14,5,臺中市,北屯區,0,0,0,7,,,50,,,,,,,,,,,,,,,,,,,B03,,,1,,1,,,50,50,1,12,4,120.705897,24.192414,3
7990,66000,387130000C,(04)23274275,(04)23288582,2025,06,21,14,8,臺中市,南區,0,2,0,7,2,6,50,4,19,1,5,4,6,6,2,1,10,5,5,2,3,2,8,1,1,C03,7,9,1,10,2,11,,10,10,1,12,4,120.675046,24.124491,2
7991,66000,387130000C,(04)23274275,(04)23288582,2025,06,21,14,9,臺中市,北屯區,0,0,0,7,,,50,,,,,,,,,,,,,,17,,,,,B03,,,1,,1,,,50,50,1,12,4,120.723462,24.165481,3
7992,66000,387130000C,(04)23274275,(04)23288582,2025,06,21,14,13,臺中市,北屯區,0,0,0,7,,,50,,,,,,,,,,,,,,17,,,,,B13,,,1,,1,,,78,78,1,12,4,120.658998,24.187909,3
7993,66000,387130000C,(04)23274275,(04)23288582,2025,06,21,14,18,臺中市,太平區,0,3,0,7,3,6,30,3,1,1,5,4,6,6,4,4,10,5,5,2,17,2,9,1,1,C03,7,9,1,10,2,11,,7,7,1,11,4,120.73096,24.141012,2
7994,66000,387130000C,(04)23274275,(04)23288582,2025,06,21,14,18,臺中市,烏日區,0,1,0,7,3,6,30,13,9,1,5,4,6,6,4,4,10,5,5,2,11,2,9,1,1,C03,7,9,1,10,2,11,14,41,41,1,12,4,120.605814,24.118634,2
7995,66000,387130000C,(04)23274275,(04)23288582,2025,06,21,14,19,臺中市,梧棲區,0,1,0,7,2,6,50,4,1,1,5,4,6,6,1,1,10,5,5,2,15,3,10,3,1,B03,7,9,1,8,2,2,,21,21,1,12,4,120.522446,24.22391,2
7996,66000,387130000C,(04)23274275,(04)23288582,2025,06,21,14,20,臺中市,南屯區,0,0,0,7,3,7,50,13,9,1,5,4,6,6,1,1,1,4,5,2,13,,,,,B03,,,1,,1,,,59,59,1,12,4,120.646549,24.131928,3
7997,66000,387130000C,(04)23274275,(04)23288582,2025,06,21,14,20,臺中市,西屯區,0,0,0,7,,,40,,,,,,,,,,,,,,17,,,,,B03,,,1,,2,,,8,8,1,12,4,120.654813,24.161714,3
7998,66000,387130000C,(04)23274275,(04)23288582,2025,06,21,14,20,臺中市,沙鹿區,0,1,0,7,2,6,50,11,9,1,5,4,6,6,4,4,4,4,5,1,18,2,9,2,1,C03,7,9,1,10,2,14,,84,84,1,12,4,120.588837,24.252032,2
7999,66000,387130000C,(04)23274275,(04)23288582,2025,06,21,14,21,臺中市,北屯區,0,0,0,7,,,50,,,,,,,,,,,,,,17,,,,,B03,,,1,,1,,,84,84,1,12,4,120.663769,24.19171,3
8000,66000,387130000C,(04)23274275,(04)23288582,2025,06,21,14,21,臺中市,東勢區,0,1,0,7,2,6,60,11,9,1,5,4,6,6,4,4,5,5,5,1,19,2,9,2,1,C03,7,9,1,10,2,16,,55,55,1,12,4,120.842804,24.168465,2
8001,66000,387130000C,(04)23274275,(04)23288582,2025,06,21,14,22,臺中市,北區,0,0,0,7,,,50,,,,,,,,,,,,,,,,,,,B03,,,1,,2,,,7,7,1,12,4,120.675237,24.149222,4
8002,66000,387130000C,(04)23274275,(04)23288582,2025,06,21,14,22,臺中市,北區,0,0,0,7,,,50,,,,,,,,,,,,,,,,,,,C03,,,1,,1,,,84,84,1,13,4,120.676304,24.150176,3
8003,66000,387130000C,(04)23274275,(04)23288582,2025,06,21,14,27,臺中市,沙鹿區,0,1,0,7,2,6,50,3,1,1,5,4,6,6,4,4,5,4,4,2,18,2,9,1,1,C03,7,9,1,10,2,12,,43,43,1,13,4,120.584595,24.24426,2
8004,66000,387130000C,(04)23274275,(04)23288582,2025,06,21,14,28,臺中市,西區,0,1,0,7,3,6,50,13,9,1,5,4,6,3,4,4,5,5,5,2,12,3,10,3,1,B03,7,1,1,8,2,8,,51,51,1,6,4,120.669462,24.149147,2
8005,66000,387130000C,(04)23274275,(04)23288582,2025,06,21,14,28,臺中市,太平區,0,1,0,7,3,6,40,13,9,1,5,4,6,6,4,4,5,5,5,1,13,2,8,2,1,C03,7,1,1,10,2,11,,58,58,1,6,4,120.726033,24.137072,2
8006,66000,387130000C,(04)23274275,(04)23288582,2025,06,21,14,32,臺中市,烏日區,0,0,0,7,,,40,,,,,,,,,,,,,,13,,,,,B03,,,1,,1,,,84,84,1,6,4,120.616521,24.107356,3
8007,66000,387130000C,(04)23274275,(04)23288582,2025,06,21,14,33,臺中市,太平區,0,1,0,7,2,6,50,13,9,1,5,4,6,6,4,4,5,5,5,1,16,3,10,3,1,B03,7,1,1,8,2,8,,51,51,1,12,4,120.730526,24.112262,2
8008,66000,387130000C,(04)23274275,(04)23288582,2025,06,21,14,39,臺中市,北區,0,0,0,7,,,50,,,,,,,,,,,,,,11,,,,,B03,,,1,,1,,,84,84,1,13,4,120.674056,24.16524,3
8009,66000,387130000C,(04)23274275,(04)23288582,2025,06,21,14,39,臺中市,豐原區,0,0,0,7,,,50,,,,,,,,,,,,,,12,,,,,A04,,,1,,2,,,84,84,1,12,4,120.722413,24.253727,3
8010,66000,387130000C,(04)23274275,(04)23288582,2025,06,21,14,44,臺中市,西區,0,0,0,7,,,0,,,,,,,,,,,,,,17,,,,,C03,,,1,,9,,,84,84,2,12,4,120.664294,24.146308,3