﻿序號,縣市別代碼,機關代碼,市話,傳真,年,月,日,時,分,縣市,區,死亡數量,受傷數量,2-30,天候,道路照明設備,道路類別,道路速限,道路型態,事故位置,路面鋪裝,路面狀態,路面缺陷,障礙物,視距,號誌種類,號誌動作,分向設施,快車道或一般車道間,快慢車道間,路面邊線,事故類型及型態,受傷程度,主要傷處,保護裝備,行動電話或功能裝置,當事者區分_類別,車輛用途,當事者行動狀態,駕照狀態,駕照種類,飲酒情形,車輛撞擊部位最初,車輛撞擊部位其他,肇事因素個別,肇事因素主要,肇事逃逸,職業,共享經濟或外送平台,GPS座標X,GPS座標Y,事故類別
8011,66000,387130000C,(04)23274275,(04)23288582,2025,06,21,14,44,臺中市,太平區,0,1,0,7,3,6,50,4,1,1,5,4,6,6,1,1,10,5,5,2,12,2,9,1,1,C03,7,5,1,10,2,13,,84,84,1,12,4,120.716345,24.141799,2
8012,66000,387130000C,(04)23274275,(04)23288582,2025,06,21,14,50,臺中市,西區,0,1,0,7,3,6,50,3,1,1,5,4,6,6,4,4,10,5,5,2,16,2,9,1,1,C03,7,6,1,10,2,11,,14,14,1,12,4,120.656627,24.149538,2
8013,66000,387130000C,(04)23274275,(04)23288582,2025,06,21,14,51,臺中市,大雅區,0,1,0,7,3,6,30,4,1,1,5,4,6,6,3,1,10,5,5,2,17,2,8,2,1,C03,7,9,1,10,2,14,,24,24,1,12,4,120.66722,24.239471,2
8014,66000,387130000C,(04)23274275,(04)23288582,2025,06,21,14,51,臺中市,大甲區,0,0,0,7,,,50,,,,,,,,,,,,,,13,,,,,B03,,,1,,2,,,84,84,1,12,4,120.622987,24.345381,3
8015,66000,387130000C,(04)23274275,(04)23288582,2025,06,21,14,56,臺中市,北區,0,1,0,7,2,6,50,4,1,1,5,4,6,6,1,1,10,5,5,2,16,3,10,5,4,B03,7,6,1,8,2,6,,11,11,1,13,4,120.685514,24.153649,2
8016,66000,387130000C,(04)23274275,(04)23288582,2025,06,21,14,57,臺中市,東區,0,1,0,7,2,6,50,3,1,1,5,4,6,6,4,4,9,5,4,2,17,3,10,1,1,C03,7,11,1,10,2,12,,45,45,1,12,4,120.709129,24.148811,2
8017,66000,387130000C,(04)23274275,(04)23288582,2025,06,21,14,57,臺中市,西屯區,0,0,0,7,,,40,,,,,,,,,,,,,,13,,,,,C03,,,1,,1,,,7,7,1,13,4,120.646268,24.164383,3
8018,66000,387130000C,(04)23274275,(04)23288582,2025,06,21,15,0,臺中市,西屯區,0,0,0,7,,,50,,,,,,,,,,,,,,14,,,,,B03,,,1,,1,,,49,49,1,12,4,120.655224,24.200551,3
8019,66000,387130000C,(04)23274275,(04)23288582,2025,06,21,15,0,臺中市,清水區,0,2,0,7,3,6,50,13,9,1,5,4,6,6,4,4,9,5,5,2,14,3,10,3,1,B03,7,2,1,8,2,3,,49,49,1,12,4,120.57459,24.271991,2
8020,66000,387130000C,(04)23274275,(04)23288582,2025,06,21,15,3,臺中市,東區,0,0,0,7,,,50,,,,,,,,,,,,,,14,,,,,B03,,,1,,1,,,49,49,1,6,4,120.698879,24.125446,3
8021,66000,387130000C,(04)23274275,(04)23288582,2025,06,21,15,7,臺中市,北區,0,0,0,7,3,6,,13,9,1,5,4,6,6,4,4,10,5,5,2,30,,,,,,,,,,,,,119,119,1,,,120.666308,24.167606,3
8022,66000,387130000C,(04)23274275,(04)23288582,2025,06,21,15,7,臺中市,西屯區,0,0,0,7,,,50,,,,,,,,,,,,,,16,,,,,C02,,,1,,1,,,11,11,1,12,4,120.638827,24.180171,3
8023,66000,387130000C,(04)23274275,(04)23288582,2025,06,21,15,9,臺中市,南屯區,0,1,0,7,2,6,50,4,2,1,5,4,6,6,2,1,1,4,5,2,17,2,7,2,1,C01,7,15,1,9,2,11,,84,84,1,12,4,120.640828,24.141389,2
8024,66000,387130000C,(04)23274275,(04)23288582,2025,06,21,15,10,臺中市,北屯區,0,0,0,7,,,50,,,,,,,,,,,,,,,,,,,B03,,,1,,1,,,84,84,1,12,4,120.665169,24.182517,3
8025,66000,387130000C,(04)23274275,(04)23288582,2025,06,21,15,12,臺中市,北區,0,0,0,7,,,40,,,,,,,,,,,,,,17,,,,,B03,,,1,,1,,,8,8,1,13,4,120.685319,24.160614,3
8026,66000,387130000C,(04)23274275,(04)23288582,2025,06,21,15,13,臺中市,北屯區,0,0,0,7,,,30,,,,,,,,,,,,,,15,,,,,C03,,,1,,1,,,15,15,1,12,4,120.670429,24.182465,4
8027,66000,387130000C,(04)23274275,(04)23288582,2025,06,21,15,15,臺中市,南屯區,0,0,0,7,3,6,50,13,9,1,5,4,6,6,4,4,3,4,5,2,12,,,,,B03,,,1,,1,,,8,8,1,12,4,120.63255,24.145483,3
8028,66000,387130000C,(04)23274275,(04)23288582,2025,06,21,15,15,臺中市,大里區,0,1,0,7,2,6,50,4,2,1,5,4,6,6,1,1,10,5,5,2,13,3,10,2,1,C03,7,9,1,10,2,11,,84,84,1,13,4,120.701611,24.085891,2
8029,66000,387130000C,(04)23274275,(04)23288582,2025,06,21,15,18,臺中市,北區,0,0,0,7,,,50,,,,,,,,,,,,,,15,,,,,C03,,,1,,1,,,21,21,1,13,4,120.691553,24.160023,3
8030,66000,387130000C,(04)23274275,(04)23288582,2025,06,21,15,18,臺中市,烏日區,0,0,0,7,,,30,,,,,,,,,,,,,,,,,,,F03,,,1,,1,,,14,14,1,6,4,120.613957,24.103745,3
8031,66000,387130000C,(04)23274275,(04)23288582,2025,06,21,15,21,臺中市,太平區,0,0,0,7,,,50,,,,,,,,,,,,,,13,,,,,B03,,,1,,2,,,59,59,1,12,4,120.714813,24.148964,3
8032,66000,387130000C,(04)23274275,(04)23288582,2025,06,21,15,23,臺中市,神岡區,0,1,0,7,3,6,50,3,1,1,5,4,6,6,4,4,5,5,5,1,16,3,10,3,1,B03,7,5,1,8,2,2,,20,20,1,13,4,120.681749,24.242362,2
8033,66000,387130000C,(04)23274275,(04)23288582,2025,06,21,15,30,臺中市,南屯區,0,0,0,7,3,6,50,13,9,1,5,4,6,6,4,4,5,4,5,2,14,,,,,B03,,,1,,1,,,49,49,1,12,4,120.633296,24.137305,3
8034,66000,387130000C,(04)23274275,(04)23288582,2025,06,21,15,30,臺中市,西屯區,0,0,0,7,,,50,,,,,,,,,,,,,,12,,,,,C03,,,1,,1,,,20,20,1,13,4,120.654038,24.167953,4
8035,66000,387130000C,(04)23274275,(04)23288582,2025,06,21,15,33,臺中市,沙鹿區,0,1,0,7,2,6,60,13,7,1,5,4,1,6,1,1,10,5,5,2,17,2,2,3,1,B03,7,7,1,1,2,6,,40,40,1,6,4,120.569037,24.202562,2
8036,66000,387130000C,(04)23274275,(04)23288582,2025,06,21,15,33,臺中市,后里區,0,0,0,7,2,6,50,13,9,1,5,4,6,6,4,4,5,5,5,2,13,3,10,2,1,C03,7,9,1,10,2,11,,7,7,1,12,4,120.719775,24.307572,3
8037,66000,387130000C,(04)23274275,(04)23288582,2025,06,21,15,35,臺中市,北屯區,0,1,0,7,2,3,80,13,9,1,5,4,6,6,4,4,1,4,5,1,13,2,7,3,1,B03,7,9,1,7,2,1,,59,59,1,6,4,120.719677,24.163921,2
8038,66000,387130000C,(04)23274275,(04)23288582,2025,06,21,15,40,臺中市,西屯區,0,1,0,7,2,6,40,3,1,1,5,4,6,6,1,1,10,5,5,2,12,2,9,5,1,C03,7,9,1,10,2,12,11,59,59,1,12,4,120.662968,24.163798,2
8039,66000,387130000C,(04)23274275,(04)23288582,2025,06,21,15,44,臺中市,神岡區,0,0,0,7,,,30,,,,,,,,,,,,,,17,,,,,C03,,,1,,1,,,59,59,1,13,4,120.682829,24.244232,3
8040,66000,387130000C,(04)23274275,(04)23288582,2025,06,21,15,47,臺中市,北區,0,0,0,7,,,50,,,,,,,,,,,,,,17,,,,,B01,,,1,,1,,,59,59,1,12,4,120.683173,24.158323,3
8041,66000,387130000C,(04)23274275,(04)23288582,2025,06,21,15,50,臺中市,中區,0,1,0,7,2,6,50,4,1,1,5,4,6,6,1,1,9,4,5,2,13,3,10,3,1,B01,7,12,1,8,2,1,,7,7,1,12,4,120.678757,24.141681,2
8042,66000,387130000C,(04)23274275,(04)23288582,2025,06,21,15,50,臺中市,南屯區,0,0,0,7,,,50,,,,,,,,,,,,,,,,,,,A12,,,1,,1,,,59,59,1,12,4,120.646274,24.137511,3
8043,66000,387130000C,(04)23274275,(04)23288582,2025,06,21,15,51,臺中市,大肚區,0,1,0,7,2,6,40,4,1,1,5,4,6,6,3,1,10,5,5,2,16,2,9,2,1,C03,7,8,1,10,1,14,,40,40,1,6,4,120.554741,24.129845,2
8044,66000,387130000C,(04)23274275,(04)23288582,2025,06,21,15,53,臺中市,南屯區,0,0,0,7,,,50,,,,,,,,,,,,,,,,,,,B03,,,1,,1,,,8,8,1,12,4,120.648228,24.155445,3
8045,66000,387130000C,(04)23274275,(04)23288582,2025,06,21,15,56,臺中市,南區,0,0,0,7,,,40,,,,,,,,,,,,,,17,,,,,C03,,,1,,2,,,84,84,1,12,4,120.676562,24.126527,3
8046,66000,387130000C,(04)23274275,(04)23288582,2025,06,21,15,56,臺中市,西屯區,0,0,0,7,,,50,,,,,,,,,,,,,,13,,,,,C03,,,1,,1,,,7,7,1,13,4,120.659304,24.161514,3
8047,66000,387130000C,(04)23274275,(04)23288582,2025,06,21,15,57,臺中市,西區,0,1,0,7,2,6,50,13,9,1,5,4,6,6,4,4,10,5,5,2,17,2,9,1,1,C03,7,1,1,10,2,14,,51,51,1,13,4,120.672192,24.138874,2
8048,66000,387130000C,(04)23274275,(04)23288582,2025,06,21,15,57,臺中市,東區,0,1,0,7,2,6,50,13,7,1,5,4,6,6,4,4,1,4,4,2,18,2,9,2,1,C03,7,9,1,10,2,11,,84,84,1,13,4,120.694216,24.13434,2
8049,66000,387130000C,(04)23274275,(04)23288582,2025,06,21,15,58,臺中市,豐原區,0,1,0,7,2,6,50,5,1,1,5,4,6,6,1,1,10,5,5,2,16,3,10,3,1,B03,7,6,1,8,2,2,,11,11,1,13,4,120.715394,24.248234,2
8050,66000,387130000C,(04)23274275,(04)23288582,2025,06,21,15,59,臺中市,南屯區,0,1,0,7,2,6,50,4,2,1,5,4,6,6,2,1,1,4,4,2,17,3,10,3,1,B03,7,5,1,8,9,16,,11,11,2,13,4,120.630772,24.144797,2
8051,66000,387130000C,(04)23274275,(04)23288582,2025,06,21,16,0,臺中市,龍井區,0,0,0,7,,,40,,,,,,,,,,,,,,,,,,,B03,,,1,,1,,,43,43,1,6,4,120.512836,24.19907,3
8052,66000,387130000C,(04)23274275,(04)23288582,2025,06,21,16,4,臺中市,外埔區,0,2,0,7,2,6,30,11,9,1,5,4,6,6,4,4,10,5,5,2,17,2,7,2,1,C03,7,9,3,19,2,11,,41,41,1,12,4,120.625738,24.336276,2
8053,66000,387130000C,(04)23274275,(04)23288582,2025,06,21,16,10,臺中市,北屯區,0,1,0,7,2,3,50,13,9,1,5,4,6,6,4,4,1,4,5,2,13,3,10,3,1,B03,7,9,1,8,2,1,,84,84,1,12,4,120.683588,24.200814,2
8054,66000,387130000C,(04)23274275,(04)23288582,2025,06,21,16,13,臺中市,中區,0,0,0,7,,,50,,,,,,,,,,,,,,,,,,,B03,,,1,,1,,,8,8,1,6,4,120.682419,24.143021,3
8055,66000,387130000C,(04)23274275,(04)23288582,2025,06,21,16,16,臺中市,大雅區,0,0,0,7,,,30,,,,,,,,,,,,,,14,,,,,B03,,,1,,11,,,49,49,2,12,4,120.646348,24.224244,3
8056,66000,387130000C,(04)23274275,(04)23288582,2025,06,21,16,17,臺中市,霧峰區,0,1,0,7,3,6,40,13,9,1,5,4,6,6,4,4,5,5,5,1,16,2,7,1,1,C03,7,11,5,19,2,12,,45,45,1,12,4,120.679304,24.07145,2
8057,66000,387130000C,(04)23274275,(04)23288582,2025,06,21,16,21,臺中市,大雅區,0,1,0,7,3,6,50,3,9,1,5,4,6,6,4,4,9,4,5,2,12,2,9,2,1,C03,7,9,1,10,2,12,,84,84,1,13,4,120.633766,24.242339,2
8058,66000,387130000C,(04)23274275,(04)23288582,2025,06,21,16,22,臺中市,西屯區,0,0,0,7,,,50,,,,,,,,,,,,,,17,,,,,B03,,,1,,1,,,87,87,1,12,4,120.635813,24.168548,3
8059,66000,387130000C,(04)23274275,(04)23288582,2025,06,21,16,22,臺中市,大里區,0,1,0,7,2,6,50,5,1,1,5,4,6,6,1,1,10,5,5,2,18,2,9,1,1,C03,7,9,1,10,2,14,,84,84,1,12,4,120.686751,24.095063,2
8060,66000,387130000C,(04)23274275,(04)23288582,2025,06,21,16,29,臺中市,北屯區,0,2,0,7,2,3,40,10,17,1,5,4,6,6,4,4,1,3,5,1,13,3,10,5,4,B03,7,9,1,8,2,1,,84,84,1,12,4,120.669366,24.200906,2
8061,66000,387130000C,(04)23274275,(04)23288582,2025,06,21,16,31,臺中市,東區,0,0,0,7,,,50,,,,,,,,,,,,,,12,,,,,C03,,,5,,2,,,51,51,1,12,4,120.702929,24.144558,3
8062,66000,387130000C,(04)23274275,(04)23288582,2025,06,21,16,32,臺中市,大甲區,0,1,0,7,2,6,50,3,2,1,5,4,6,6,4,4,5,5,5,1,16,2,9,4,1,F02,7,5,7,21,8,14,,12,12,1,6,4,120.668037,24.391684,2
8063,66000,387130000C,(04)23274275,(04)23288582,2025,06,21,16,33,臺中市,豐原區,0,1,0,7,3,6,50,13,8,1,5,4,6,6,4,4,5,5,4,2,17,2,9,1,4,C03,7,15,3,19,8,11,,53,53,1,12,4,120.717765,24.240789,2
8064,66000,387130000C,(04)23274275,(04)23288582,2025,06,21,16,35,臺中市,龍井區,0,0,0,7,,,50,,,,,,,,,,,,,,,,,,,B03,,,1,,2,,,49,49,1,12,4,120.523623,24.200368,3
8065,66000,387130000C,(04)23274275,(04)23288582,2025,06,21,16,39,臺中市,西屯區,0,0,0,7,,,40,,,,,,,,,,,,,,13,,,,,C03,,,1,,1,,,7,7,1,12,4,120.652966,24.160544,3
8066,66000,387130000C,(04)23274275,(04)23288582,2025,06,21,16,40,臺中市,南屯區,0,1,0,7,3,6,40,5,1,1,5,4,6,6,1,1,5,5,4,2,15,2,9,1,1,C03,7,9,3,19,2,12,,21,21,1,12,4,120.637061,24.130282,2
8067,66000,387130000C,(04)23274275,(04)23288582,2025,06,21,16,40,臺中市,南屯區,0,0,0,7,3,6,30,13,9,1,5,4,6,6,4,4,10,5,5,2,14,,,,,B12,,,1,,2,,,49,49,1,12,4,120.638422,24.138597,3
8068,66000,387130000C,(04)23274275,(04)23288582,2025,06,21,16,40,臺中市,外埔區,0,0,0,7,,,40,,,,,,,,,,,,,,7,,,,,B03,,,3,,2,,,8,8,1,13,4,120.653658,24.334295,3
8069,66000,387130000C,(04)23274275,(04)23288582,2025,06,21,16,44,臺中市,北屯區,0,1,0,7,2,6,50,13,22,1,5,4,6,6,3,1,5,5,4,2,13,3,10,1,1,C03,7,9,1,10,2,11,,7,7,1,6,4,120.684901,24.197854,2
8070,66000,387130000C,(04)23274275,(04)23288582,2025,06,21,16,48,臺中市,梧棲區,0,2,0,7,3,6,50,13,8,1,5,4,6,6,4,4,1,4,1,1,3,2,9,6,5,H01,8,18,7,21,10,17,,109,109,1,2,5,120.544015,24.255737,2
8071,66000,387130000C,(04)23274275,(04)23288582,2025,06,21,16,49,臺中市,西區,0,1,0,7,3,6,50,13,9,1,5,4,6,6,4,4,9,5,5,2,17,2,9,1,1,C03,7,9,1,10,2,11,,84,84,1,12,4,120.655996,24.147427,2
8072,66000,387130000C,(04)23274275,(04)23288582,2025,06,21,16,50,臺中市,南區,0,2,0,7,3,6,30,4,1,1,5,4,6,6,4,4,10,5,5,2,15,3,10,5,4,B03,7,9,1,8,2,8,,12,12,1,12,4,120.672824,24.125672,2
8073,66000,387130000C,(04)23274275,(04)23288582,2025,06,21,16,50,臺中市,南屯區,0,1,0,7,2,6,50,4,1,1,5,4,6,6,4,4,5,5,5,2,16,2,9,2,1,C03,7,6,1,10,2,12,,12,12,1,12,4,120.612557,24.144336,2
8074,66000,387130000C,(04)23274275,(04)23288582,2025,06,21,16,50,臺中市,清水區,0,0,0,7,,,50,,,,,,,,,,,,,,17,,,,,B12,,,1,,2,,,84,84,1,12,4,120.611824,24.27735,3
8075,66000,387130000C,(04)23274275,(04)23288582,2025,06,21,16,53,臺中市,西屯區,0,1,0,7,2,6,50,13,9,1,5,4,6,6,4,4,3,4,5,2,18,2,9,2,1,C03,7,9,3,19,7,14,,6,6,1,12,4,120.659297,24.193299,2
8076,66000,387130000C,(04)23274275,(04)23288582,2025,06,21,16,57,臺中市,清水區,0,0,0,7,,,70,,,,,,,,,,,,,,,,,,,B03,,,1,,1,,,7,7,1,12,4,120.567431,24.26998,3
8077,66000,387130000C,(04)23274275,(04)23288582,2025,06,21,16,58,臺中市,大里區,0,0,0,7,,,50,,,,,,,,,,,,,,,,,,,B03,,,1,,2,,,7,7,1,12,4,120.688325,24.120091,3
8078,66000,387130000C,(04)23274275,(04)23288582,2025,06,21,16,58,臺中市,沙鹿區,0,1,0,7,3,6,40,13,8,1,5,4,6,6,4,4,3,4,3,1,13,2,9,2,1,C03,7,9,1,10,2,11,,7,7,1,6,4,120.581421,24.209662,2
8079,66000,387130000C,(04)23274275,(04)23288582,2025,06,21,17,0,臺中市,中區,0,3,0,7,3,6,50,4,1,1,5,4,6,6,1,1,10,5,5,2,17,2,9,1,1,C03,7,15,1,10,2,14,,42,42,1,12,4,120.679157,24.145556,2
8080,66000,387130000C,(04)23274275,(04)23288582,2025,06,21,17,0,臺中市,北屯區,0,0,0,7,,,50,,,,,,,,,,,,,,,,,,,B03,,,1,,1,,,7,7,1,12,4,120.671509,24.174049,3
8081,66000,387130000C,(04)23274275,(04)23288582,2025,06,21,17,1,臺中市,大雅區,0,0,0,7,,,30,,,,,,,,,,,,,,,,,,,B03,,,1,,2,,,51,51,1,13,4,120.642703,24.230961,3
8082,66000,387130000C,(04)23274275,(04)23288582,2025,06,21,17,2,臺中市,西屯區,0,0,0,7,,,50,,,,,,,,,,,,,,13,,,,,B03,,,1,,2,,,59,59,1,13,4,120.662968,24.163798,3
8083,66000,387130000C,(04)23274275,(04)23288582,2025,06,21,17,2,臺中市,大里區,0,2,0,7,2,6,50,4,1,1,5,4,6,6,4,4,10,5,5,2,17,2,9,2,1,C03,7,9,1,10,2,11,,4,4,1,5,4,120.716311,24.096326,2
8084,66000,387130000C,(04)23274275,(04)23288582,2025,06,21,17,3,臺中市,太平區,0,1,0,7,2,6,50,13,9,1,5,4,6,6,4,4,5,4,5,1,17,2,9,2,1,C03,7,9,1,10,2,12,,84,84,1,12,4,120.711518,24.154235,2
8085,66000,387130000C,(04)23274275,(04)23288582,2025,06,21,17,10,臺中市,東區,0,0,0,7,,,50,,,,,,,,,,,,,,12,,,,,B03,,,1,,1,,,84,84,1,13,4,120.70196,24.131808,3
8086,66000,387130000C,(04)23274275,(04)23288582,2025,06,21,17,10,臺中市,豐原區,0,1,0,7,2,6,50,4,1,1,5,4,6,6,1,1,10,5,5,2,16,3,10,3,1,B03,7,6,1,8,2,2,,11,11,1,13,4,120.720413,24.26559,2
8087,66000,387130000C,(04)23274275,(04)23288582,2025,06,21,17,11,臺中市,龍井區,0,0,0,7,,,50,,,,,,,,,,,,,,,,,,,B03,,,1,,2,,,49,49,1,6,4,120.530609,24.18368,3
8088,66000,387130000C,(04)23274275,(04)23288582,2025,06,21,17,12,臺中市,烏日區,0,0,0,7,,,50,,,,,,,,,,,,,,11,,,,,A12,,,1,,2,,,48,48,1,13,4,120.647302,24.092278,3
8089,66000,387130000C,(04)23274275,(04)23288582,2025,06,21,17,12,臺中市,烏日區,0,0,0,7,,,60,,,,,,,,,,,,,,13,,,,,B03,,,1,,2,,,7,7,1,6,4,120.652446,24.090773,3
8090,66000,387130000C,(04)23274275,(04)23288582,2025,06,21,17,13,臺中市,霧峰區,0,0,0,7,,,70,,,,,,,,,,,,,,13,,,,,B03,,,1,,1,,,7,7,1,12,4,120.663828,24.076976,3
8091,66000,387130000C,(04)23274275,(04)23288582,2025,06,21,17,15,臺中市,南屯區,0,0,0,7,,,50,,,,,,,,,,,,,,,,,,,B01,,,1,,2,,,59,59,1,12,4,120.636901,24.135997,3
8092,66000,387130000C,(04)23274275,(04)23288582,2025,06,21,17,15,臺中市,北屯區,0,0,0,7,,,50,,,,,,,,,,,,,,,,,,,C03,,,1,,1,,,7,7,1,12,4,120.685522,24.172194,3
8093,66000,387130000C,(04)23274275,(04)23288582,2025,06,21,17,18,臺中市,東勢區,0,0,0,5,,,30,,,,,,,,,,,,,,11,,,,,A12,,,1,,1,,,8,8,1,13,4,120.83036,24.244678,3
8094,66000,387130000C,(04)23274275,(04)23288582,2025,06,21,17,20,臺中市,東區,0,0,0,7,,,50,,,,,,,,,,,,,,30,,,,,C03,,,1,,2,,,87,87,1,6,4,120.705338,24.144582,3
8095,66000,387130000C,(04)23274275,(04)23288582,2025,06,21,17,20,臺中市,大里區,0,1,0,7,2,6,50,13,24,1,5,4,6,6,4,4,10,5,5,2,17,3,10,3,1,B03,7,11,1,8,2,4,,45,45,1,6,4,120.709688,24.094527,2
8096,66000,387130000C,(04)23274275,(04)23288582,2025,06,21,17,21,臺中市,西屯區,0,2,0,7,3,6,50,4,1,1,5,4,6,6,2,1,10,5,5,2,16,3,10,3,1,B03,7,6,1,8,1,6,,11,11,1,13,4,120.64693,24.168943,2
8097,66000,387130000C,(04)23274275,(04)23288582,2025,06,21,17,22,臺中市,北區,0,0,0,7,,,50,,,,,,,,,,,,,,13,,,,,B12,,,1,,1,,,7,7,1,13,4,120.684227,24.145313,3
8098,66000,387130000C,(04)23274275,(04)23288582,2025,06,21,17,23,臺中市,北區,0,1,0,7,3,6,50,4,1,1,5,4,6,6,2,1,10,5,5,2,17,2,9,5,4,C03,7,9,1,10,2,11,,7,7,1,13,4,120.674674,24.162866,2
8099,66000,387130000C,(04)23274275,(04)23288582,2025,06,21,17,28,臺中市,烏日區,0,0,0,7,,,50,,,,,,,,,,,,,,,,,,,B03,,,1,,1,,,14,14,1,13,4,120.621202,24.106475,4
8100,66000,387130000C,(04)23274275,(04)23288582,2025,06,21,17,30,臺中市,西屯區,0,0,0,7,,,50,,,,,,,,,,,,,,17,,,,,B12,,,1,,1,,,51,51,1,12,4,120.658743,24.171757,3
8101,66000,387130000C,(04)23274275,(04)23288582,2025,06,21,17,32,臺中市,北屯區,0,1,0,7,2,6,50,4,1,1,5,4,6,6,4,4,10,5,5,2,15,2,7,2,1,C03,7,9,3,19,2,11,,15,15,1,6,4,120.715878,24.170899,2
8102,66000,387130000C,(04)23274275,(04)23288582,2025,06,21,17,32,臺中市,神岡區,0,0,0,7,,,50,,,,,,,,,,,,,,11,,,,,C03,,,3,,2,,,26,26,1,12,4,120.661407,24.261807,3
8103,66000,387130000C,(04)23274275,(04)23288582,2025,06,21,17,35,臺中市,豐原區,0,2,0,7,3,6,50,4,1,1,5,4,6,6,4,4,5,5,5,2,17,2,9,1,4,C03,7,4,2,19,2,12,,7,7,1,12,4,120.719915,24.252733,2
8104,66000,387130000C,(04)23274275,(04)23288582,2025,06,21,17,35,臺中市,豐原區,0,0,0,7,,,50,,,,,,,,,,,,,,16,,,,,B03,,,1,,2,,,11,11,1,13,4,120.699207,24.248976,3
8105,66000,387130000C,(04)23274275,(04)23288582,2025,06,21,17,38,臺中市,神岡區,0,0,0,7,,,30,,,,,,,,,,,,,,17,,,,,B12,,,5,,2,,,59,59,1,13,4,120.692535,24.236345,3
8106,66000,387130000C,(04)23274275,(04)23288582,2025,06,21,17,39,臺中市,神岡區,0,2,0,7,2,6,50,4,1,1,5,4,6,6,1,1,10,5,5,2,15,2,9,5,4,C03,7,9,1,10,2,14,,21,21,1,12,4,120.692085,24.235345,2
8107,66000,387130000C,(04)23274275,(04)23288582,2025,06,21,17,40,臺中市,南屯區,0,1,0,7,2,6,50,4,2,1,5,4,6,6,2,1,1,4,4,2,13,2,9,2,1,C03,7,9,1,10,1,11,,84,84,1,13,4,120.646627,24.137415,2
8108,66000,387130000C,(04)23274275,(04)23288582,2025,06,21,17,41,臺中市,西區,0,0,0,7,,,50,,,,,,,,,,,,,,13,,,,,B13,,,1,,2,,,84,84,1,12,4,120.676494,24.140766,3
8109,66000,387130000C,(04)23274275,(04)23288582,2025,06,21,17,46,臺中市,大里區,0,0,0,7,,,50,,,,,,,,,,,,,,17,,,,,B03,,,1,,2,,,49,49,1,12,4,120.681141,24.103737,3
8110,66000,387130000C,(04)23274275,(04)23288582,2025,06,21,17,47,臺中市,豐原區,0,1,0,7,2,6,50,4,1,1,5,4,6,6,1,1,5,4,5,1,12,3,10,5,4,C03,7,5,3,19,2,12,,47,47,1,13,4,120.720283,24.264687,2
8111,66000,387130000C,(04)23274275,(04)23288582,2025,06,21,17,50,臺中市,沙鹿區,0,0,0,7,2,6,50,13,7,1,5,4,6,6,4,4,4,3,4,2,20,,,,,B03,,,1,,2,,,84,84,1,12,4,120.567072,24.254237,3
8112,66000,387130000C,(04)23274275,(04)23288582,2025,06,21,17,51,臺中市,北屯區,0,0,0,7,,,50,,,,,,,,,,,,,,17,,,,,B03,,,1,,1,,,8,8,1,12,4,120.692133,24.179476,3
8113,66000,387130000C,(04)23274275,(04)23288582,2025,06,21,17,52,臺中市,北區,0,0,0,7,,,50,,,,,,,,,,,,,,16,,,,,B03,,,1,,1,,,47,47,1,13,4,120.680022,24.152442,3
8114,66000,387130000C,(04)23274275,(04)23288582,2025,06,21,17,55,臺中市,北屯區,0,1,0,7,2,6,50,3,1,1,5,4,6,6,4,4,10,5,5,2,17,3,10,3,1,B01,7,6,1,4,2,16,,48,48,1,6,4,120.726511,24.169319,2
8115,66000,387130000C,(04)23274275,(04)23288582,2025,06,21,17,56,臺中市,龍井區,0,1,0,7,3,6,30,4,1,1,5,4,6,6,4,4,10,5,5,2,16,3,10,3,1,B03,7,6,1,8,2,1,,12,12,1,6,4,120.524145,24.210858,2
8116,66000,387130000C,(04)23274275,(04)23288582,2025,06,21,17,56,臺中市,豐原區,0,0,0,7,,,50,,,,,,,,,,,,,,13,,,,,B03,,,1,,2,,,84,84,1,12,4,120.714862,24.249042,3
8117,66000,387130000C,(04)23274275,(04)23288582,2025,06,21,18,0,臺中市,西區,0,1,0,7,3,6,50,4,1,1,5,4,6,6,1,1,10,5,5,2,17,3,10,2,1,C03,7,14,1,10,2,12,,84,84,1,12,4,120.673347,24.147628,2
8118,66000,387130000C,(04)23274275,(04)23288582,2025,06,21,18,0,臺中市,沙鹿區,0,2,0,7,1,6,40,3,3,1,5,4,6,6,1,1,1,3,4,1,13,2,8,2,1,C03,7,9,1,10,2,11,,7,7,1,12,4,120.575288,24.247375,2
8119,66000,387130000C,(04)23274275,(04)23288582,2025,06,21,18,2,臺中市,烏日區,0,0,0,7,,,30,,,,,,,,,,,,,,13,,,,,C03,,,1,,2,,,7,7,1,12,4,120.634267,24.105041,3
8120,66000,387130000C,(04)23274275,(04)23288582,2025,06,21,18,5,臺中市,南屯區,0,0,0,7,,,50,,,,,,,,,,,,,,,,,,,B03,,,1,,1,,,59,59,1,12,4,120.640337,24.151214,3
8121,66000,387130000C,(04)23274275,(04)23288582,2025,06,21,18,8,臺中市,大甲區,0,0,0,7,,,70,,,,,,,,,,,,,,,,,,,C03,,,1,,2,,,7,7,1,6,4,120.641583,24.404479,3