﻿序號,縣市別代碼,機關代碼,市話,傳真,年,月,日,時,分,縣市,區,死亡數量,受傷數量,2-30,天候,道路照明設備,道路類別,道路速限,道路型態,事故位置,路面鋪裝,路面狀態,路面缺陷,障礙物,視距,號誌種類,號誌動作,分向設施,快車道或一般車道間,快慢車道間,路面邊線,事故類型及型態,受傷程度,主要傷處,保護裝備,行動電話或功能裝置,當事者區分_類別,車輛用途,當事者行動狀態,駕照狀態,駕照種類,飲酒情形,車輛撞擊部位最初,車輛撞擊部位其他,肇事因素個別,肇事因素主要,肇事逃逸,職業,共享經濟或外送平台,GPS座標X,GPS座標Y,事故類別
8122,66000,387130000C,(04)23274275,(04)23288582,2025,06,21,18,9,臺中市,北屯區,0,1,0,7,3,6,50,4,1,1,5,4,6,6,1,1,10,5,5,2,17,3,10,3,1,B03,7,5,1,8,1,2,,11,11,1,11,4,120.693391,24.19284,2
8123,66000,387130000C,(04)23274275,(04)23288582,2025,06,21,18,15,臺中市,南屯區,0,0,0,7,1,6,50,13,9,1,5,4,6,6,4,4,5,5,5,2,11,,,,,B03,,,1,,1,,,8,8,1,12,4,120.651494,24.135812,3
8124,66000,387130000C,(04)23274275,(04)23288582,2025,06,21,18,15,臺中市,清水區,0,3,0,7,3,6,50,4,2,1,5,4,6,6,1,1,5,4,5,1,17,2,9,2,1,C03,7,9,1,10,2,11,,7,7,1,12,4,120.603178,24.310116,2
8125,66000,387130000C,(04)23274275,(04)23288582,2025,06,21,18,17,臺中市,中區,0,0,0,7,,,50,,,,,,,,,,,,,,12,,,,,B03,,,1,,1,,,40,40,1,12,4,120.680994,24.14383,3
8126,66000,387130000C,(04)23274275,(04)23288582,2025,06,21,18,19,臺中市,東區,0,0,0,7,,,30,,,,,,,,,,,,,,16,,,,,B03,,,1,,2,,,12,12,1,12,4,120.692432,24.140709,3
8127,66000,387130000C,(04)23274275,(04)23288582,2025,06,21,18,19,臺中市,南屯區,0,1,0,7,2,6,50,4,2,1,5,4,6,6,4,4,5,5,5,2,17,3,10,3,1,B03,7,13,1,8,2,4,,76,76,1,12,4,120.643857,24.137816,2
8128,66000,387130000C,(04)23274275,(04)23288582,2025,06,21,18,22,臺中市,大肚區,0,0,0,7,,,30,,,,,,,,,,,,,,,,,,,B03,,,1,,2,,,49,49,1,6,4,120.576922,24.114413,3
8129,66000,387130000C,(04)23274275,(04)23288582,2025,06,21,18,25,臺中市,西屯區,0,1,0,7,1,6,30,4,1,1,5,4,6,6,4,4,10,5,5,2,15,2,9,1,1,C03,7,9,1,10,2,11,,15,15,1,12,4,120.660281,24.196417,2
8130,66000,387130000C,(04)23274275,(04)23288582,2025,06,21,18,26,臺中市,烏日區,0,1,0,7,1,6,30,13,9,1,5,4,6,6,4,4,10,5,5,1,12,2,9,1,1,C03,7,9,1,10,2,11,14,41,41,1,12,4,120.638884,24.084353,2
8131,66000,387130000C,(04)23274275,(04)23288582,2025,06,21,18,29,臺中市,烏日區,0,0,0,7,,,50,,,,,,,,,,,,,,11,,,,,C03,,,1,,2,,,39,39,1,13,4,120.589787,24.113372,3
8132,66000,387130000C,(04)23274275,(04)23288582,2025,06,21,18,42,臺中市,北屯區,0,0,0,7,,,50,,,,,,,,,,,,,,17,,,,,B03,,,1,,1,,,34,34,1,12,4,120.719414,24.174848,3
8133,66000,387130000C,(04)23274275,(04)23288582,2025,06,21,18,49,臺中市,北屯區,0,4,0,7,1,6,50,4,1,1,5,4,6,6,2,1,10,5,5,2,16,3,10,3,1,B03,7,6,1,8,2,1,,11,11,1,6,4,120.668248,24.197949,2
8134,66000,387130000C,(04)23274275,(04)23288582,2025,06,21,18,51,臺中市,北區,0,0,0,7,,,50,,,,,,,,,,,,,,13,,,,,B03,,,1,,2,,,59,59,1,12,4,120.686894,24.162873,3
8135,66000,387130000C,(04)23274275,(04)23288582,2025,06,21,18,54,臺中市,北區,0,1,0,7,1,6,50,13,9,1,5,4,6,6,4,4,9,5,5,2,17,3,10,5,4,B01,7,11,1,4,2,8,,45,45,1,13,4,120.698072,24.15504,2
8136,66000,387130000C,(04)23274275,(04)23288582,2025,06,21,18,55,臺中市,南區,0,0,0,7,,,50,,,,,,,,,,,,,,12,,,,,B03,,,1,,2,,,84,84,1,12,4,120.65513,24.114932,3
8137,66000,387130000C,(04)23274275,(04)23288582,2025,06,21,18,55,臺中市,大里區,0,0,0,7,,,50,,,,,,,,,,,,,,13,,,,,C03,,,1,,2,,,58,58,1,12,4,120.693858,24.090199,3
8138,66000,387130000C,(04)23274275,(04)23288582,2025,06,21,19,5,臺中市,南屯區,0,0,0,7,1,6,50,13,9,1,5,4,6,6,1,1,5,5,5,2,14,,,,,B03,,,1,,1,,,49,49,1,12,4,120.652176,24.148788,3
8139,66000,387130000C,(04)23274275,(04)23288582,2025,06,21,19,10,臺中市,沙鹿區,0,1,0,6,1,6,50,4,1,1,5,4,6,6,2,1,5,4,5,2,16,2,9,4,1,C03,7,6,1,10,2,14,,48,48,1,12,4,120.562195,24.24515,2
8140,66000,387130000C,(04)23274275,(04)23288582,2025,06,21,19,24,臺中市,潭子區,0,0,0,7,,,60,,,,,,,,,,,,,,9,,,,,B03,,,1,,2,,,40,40,1,12,4,120.705519,24.215827,3
8141,66000,387130000C,(04)23274275,(04)23288582,2025,06,21,19,25,臺中市,南區,0,0,0,7,,,40,,,,,,,,,,,,,,17,,,,,,,,,,,,,86,86,1,,,120.654125,24.111064,4
8142,66000,387130000C,(04)23274275,(04)23288582,2025,06,21,19,26,臺中市,烏日區,0,1,0,7,1,6,80,13,9,1,5,4,6,6,4,4,1,4,5,1,12,3,10,3,1,A11,7,7,1,3,2,5,,40,40,1,6,4,120.614826,24.105552,2
8143,66000,387130000C,(04)23274275,(04)23288582,2025,06,21,19,33,臺中市,北區,0,0,0,7,,,50,,,,,,,,,,,,,,35,,,,,A11,,,1,,1,,,51,51,1,13,4,120.695487,24.158329,3
8144,66000,387130000C,(04)23274275,(04)23288582,2025,06,21,19,34,臺中市,北區,0,2,0,7,1,6,40,4,8,1,5,4,6,6,1,1,5,5,4,2,17,2,9,5,4,C03,7,9,1,10,2,12,,84,84,1,13,4,120.675433,24.167465,2
8145,66000,387130000C,(04)23274275,(04)23288582,2025,06,21,19,35,臺中市,西屯區,0,0,0,7,,,50,,,,,,,,,,,,,,13,,,,,C04,,,1,,1,,,22,22,1,13,4,120.663965,24.164434,3
8146,66000,387130000C,(04)23274275,(04)23288582,2025,06,21,19,35,臺中市,西屯區,0,1,0,7,1,6,50,4,1,1,5,4,6,6,1,1,10,5,5,2,16,3,10,5,1,C03,7,9,1,10,1,14,,7,7,1,12,4,120.655099,24.176111,2
8147,66000,387130000C,(04)23274275,(04)23288582,2025,06,21,19,37,臺中市,西屯區,0,0,0,7,,,50,,,,,,,,,,,,,,13,,,,,A05,,,1,,1,,,82,82,1,12,4,120.639868,24.166206,3
8148,66000,387130000C,(04)23274275,(04)23288582,2025,06,21,19,40,臺中市,龍井區,0,0,0,7,,,30,,,,,,,,,,,,,,,,,,,C03,,,1,,11,,,87,87,1,6,4,120.592418,24.182087,3
8149,66000,387130000C,(04)23274275,(04)23288582,2025,06,21,19,40,臺中市,大甲區,0,2,0,7,1,6,50,4,1,1,5,4,6,6,4,4,10,5,5,2,17,2,9,5,4,C03,7,9,1,10,2,16,,15,15,1,6,4,120.630122,24.348796,2
8150,66000,387130000C,(04)23274275,(04)23288582,2025,06,21,19,46,臺中市,大甲區,0,1,0,7,1,6,50,4,1,1,5,4,6,6,2,1,10,5,5,2,11,2,9,5,4,C03,7,9,1,10,2,11,,21,21,1,6,4,120.627759,24.346588,2
8151,66000,387130000C,(04)23274275,(04)23288582,2025,06,21,19,47,臺中市,南屯區,0,0,0,7,,,50,,,,,,,,,,,,,,,,,,,B03,,,1,,2,,,84,84,1,12,4,120.646601,24.150751,3
8152,66000,387130000C,(04)23274275,(04)23288582,2025,06,21,19,57,臺中市,大里區,0,1,0,7,1,6,50,13,9,1,5,4,6,6,1,1,9,4,5,1,30,,,,,,,,,,,,,118,118,1,,,120.679955,24.109083,2
8153,66000,387130000C,(04)23274275,(04)23288582,2025,06,21,20,0,臺中市,中區,0,2,0,7,1,6,50,4,1,1,5,4,6,6,1,1,10,5,5,2,16,2,8,2,1,C03,7,6,1,10,2,11,,48,48,1,13,4,120.679881,24.146232,2
8154,66000,387130000C,(04)23274275,(04)23288582,2025,06,21,20,2,臺中市,北區,0,0,0,7,,,50,,,,,,,,,,,,,,17,,,,,,,,,,,,,86,86,1,,,120.680568,24.167269,4
8155,66000,387130000C,(04)23274275,(04)23288582,2025,06,21,20,3,臺中市,太平區,0,0,0,7,,,50,,,,,,,,,,,,,,17,,,,,B03,,,1,,2,,,50,50,1,12,4,120.749419,24.121975,3
8156,66000,387130000C,(04)23274275,(04)23288582,2025,06,21,20,12,臺中市,南屯區,0,2,0,7,1,6,50,4,2,1,5,4,6,6,4,4,10,5,4,2,17,3,10,2,1,C03,7,9,1,10,2,16,,84,84,1,12,4,120.614335,24.14375,2
8157,66000,387130000C,(04)23274275,(04)23288582,2025,06,21,20,13,臺中市,西屯區,0,0,0,7,,,30,,,,,,,,,,,,,,17,,,,,A12,,,1,,9,,,8,8,1,12,4,120.64442,24.17758,3
8158,66000,387130000C,(04)23274275,(04)23288582,2025,06,21,20,14,臺中市,南區,0,0,0,7,,,50,,,,,,,,,,,,,,14,,,,,B03,,,1,,2,,,49,49,1,6,4,120.655282,24.123101,3
8159,66000,387130000C,(04)23274275,(04)23288582,2025,06,21,20,18,臺中市,大里區,0,0,0,7,,,50,,,,,,,,,,,,,,,,,,,B03,,,1,,2,,,78,78,1,13,4,120.707387,24.095259,3
8160,66000,387130000C,(04)23274275,(04)23288582,2025,06,21,20,25,臺中市,南屯區,0,0,0,7,1,6,40,13,8,1,5,4,6,6,4,4,5,5,4,2,14,,,,,B03,,,1,,2,,,50,50,1,12,4,120.643557,24.151639,3
8161,66000,387130000C,(04)23274275,(04)23288582,2025,06,21,20,27,臺中市,南屯區,0,1,0,7,1,6,50,13,9,1,5,4,6,6,4,4,5,4,5,2,12,2,9,2,1,C03,7,9,1,10,2,11,,59,59,1,12,4,120.641906,24.134794,2
8162,66000,387130000C,(04)23274275,(04)23288582,2025,06,21,20,32,臺中市,西屯區,0,0,0,7,,,50,,,,,,,,,,,,,,12,,,,,C03,,,1,,2,,,39,39,1,12,4,120.593534,24.180452,3
8163,66000,387130000C,(04)23274275,(04)23288582,2025,06,21,20,40,臺中市,豐原區,0,1,0,7,1,6,50,3,2,1,5,4,6,6,4,4,5,4,4,2,17,3,10,3,1,B03,7,14,1,8,2,4,,76,76,1,6,4,120.710665,24.239681,2
8164,66000,387130000C,(04)23274275,(04)23288582,2025,06,21,20,43,臺中市,西屯區,0,0,0,7,,,50,,,,,,,,,,,,,,11,,,,,C02,,,1,,1,,,11,11,1,12,4,120.645472,24.175895,3
8165,66000,387130000C,(04)23274275,(04)23288582,2025,06,21,20,49,臺中市,北屯區,0,0,0,7,,,80,,,,,,,,,,,,,,,,,,,B03,,,1,,1,,,59,59,1,6,4,120.675499,24.201163,3
8166,66000,387130000C,(04)23274275,(04)23288582,2025,06,21,20,51,臺中市,北區,0,0,0,7,,,50,,,,,,,,,,,,,,17,,,,,B03,,,1,,1,,,84,84,1,13,4,120.69438,24.161191,3
8167,66000,387130000C,(04)23274275,(04)23288582,2025,06,21,21,8,臺中市,大雅區,0,0,0,7,,,50,,,,,,,,,,,,,,12,,,,,C03,,,1,,2,,,20,20,1,12,4,120.656817,24.220736,3
8168,66000,387130000C,(04)23274275,(04)23288582,2025,06,21,21,10,臺中市,大里區,0,0,0,7,,,40,,,,,,,,,,,,,,17,,,,,B03,,,1,,1,,,49,49,1,12,4,120.682941,24.115355,3
8169,66000,387130000C,(04)23274275,(04)23288582,2025,06,21,21,10,臺中市,梧棲區,0,1,0,7,1,6,30,13,9,1,5,4,6,6,4,4,10,5,5,2,2,3,10,1,1,F02,7,9,7,21,2,11,,84,84,1,12,4,120.539591,24.246509,2
8170,66000,387130000C,(04)23274275,(04)23288582,2025,06,21,21,26,臺中市,石岡區,0,1,0,7,1,6,50,13,9,1,5,4,6,6,4,4,5,5,5,1,17,2,9,1,1,C03,7,4,1,10,2,14,,85,85,1,12,4,120.808819,24.257184,2
8171,66000,387130000C,(04)23274275,(04)23288582,2025,06,21,21,29,臺中市,大里區,0,0,0,7,,,50,,,,,,,,,,,,,,,,,,,B03,,,1,,9,,,8,8,1,12,4,120.708791,24.110738,3
8172,66000,387130000C,(04)23274275,(04)23288582,2025,06,21,21,29,臺中市,龍井區,0,0,0,7,,,40,,,,,,,,,,,,,,,,,,,B12,,,1,,1,,,49,49,1,12,4,120.580706,24.176525,3
8173,66000,387130000C,(04)23274275,(04)23288582,2025,06,21,21,38,臺中市,大甲區,0,1,0,7,2,6,50,5,1,1,5,4,6,6,1,1,10,5,5,2,16,2,9,4,1,C03,7,9,1,11,2,11,,21,21,1,6,4,120.623489,24.344284,2
8174,66000,387130000C,(04)23274275,(04)23288582,2025,06,21,21,40,臺中市,北區,0,0,0,7,,,50,,,,,,,,,,,,,,17,,,,,B03,,,1,,1,,,8,8,1,13,4,120.669221,24.172588,3
8175,66000,387130000C,(04)23274275,(04)23288582,2025,06,21,21,46,臺中市,南屯區,0,2,0,7,1,6,50,4,1,1,5,4,6,6,4,4,7,4,5,2,15,3,10,3,1,B03,7,9,1,8,2,1,,12,12,1,12,4,120.639724,24.138853,2
8176,66000,387130000C,(04)23274275,(04)23288582,2025,06,21,21,58,臺中市,烏日區,0,0,0,7,,,50,,,,,,,,,,,,,,17,,,,,B03,,,1,,9,,,77,77,1,6,4,120.644398,24.112869,3
8177,66000,387130000C,(04)23274275,(04)23288582,2025,06,21,22,0,臺中市,東區,0,1,0,7,1,6,40,13,8,1,5,4,6,6,4,4,5,5,4,2,18,2,9,1,1,C03,7,9,1,10,1,12,,84,84,1,12,4,120.708993,24.144349,2
8178,66000,387130000C,(04)23274275,(04)23288582,2025,06,21,22,10,臺中市,東區,0,0,0,7,,,30,,,,,,,,,,,,,,17,,,,,B03,,,1,,2,,,84,84,1,12,4,120.695758,24.145234,3
8179,66000,387130000C,(04)23274275,(04)23288582,2025,06,21,22,10,臺中市,南屯區,0,1,0,7,1,6,40,13,8,1,5,4,6,6,4,4,1,5,4,2,18,2,9,6,4,F02,7,9,7,21,2,14,,59,59,1,6,1,120.586328,24.141657,2
8180,66000,387130000C,(04)23274275,(04)23288582,2025,06,21,22,55,臺中市,西屯區,0,1,0,7,1,6,40,13,8,1,5,4,6,6,4,4,1,5,1,1,16,3,10,3,1,B03,7,5,1,8,2,2,,65,65,1,12,4,120.617469,24.182191,2
8181,66000,387130000C,(04)23274275,(04)23288582,2025,06,21,22,59,臺中市,北區,0,0,0,7,,,50,,,,,,,,,,,,,,14,,,,,B03,,,1,,2,,,50,50,1,13,4,120.684866,24.151189,3
8182,66000,387130000C,(04)23274275,(04)23288582,2025,06,21,23,5,臺中市,東區,0,2,0,7,1,6,50,4,9,1,5,4,6,6,2,1,5,5,5,2,16,3,10,5,4,B03,7,6,1,8,2,8,,11,11,1,6,4,120.700999,24.135767,2
8183,66000,387130000C,(04)23274275,(04)23288582,2025,06,21,23,20,臺中市,太平區,0,0,0,7,,,50,,,,,,,,,,,,,,,,,,,C03,,,1,,2,,,7,7,1,12,4,120.727059,24.115262,4
8184,66000,387130000C,(04)23274275,(04)23288582,2025,06,21,23,22,臺中市,西區,0,0,0,6,,,50,,,,,,,,,,,,,,,,,,,B03,,,1,,1,,,8,8,1,13,4,120.662591,24.150782,3
8185,66000,387130000C,(04)23274275,(04)23288582,2025,06,21,23,27,臺中市,南屯區,0,1,0,7,1,6,60,13,9,1,5,4,6,6,4,4,7,2,5,2,13,2,9,1,1,C03,7,14,2,19,2,11,,84,84,1,12,4,120.616293,24.153058,2
8186,66000,387130000C,(04)23274275,(04)23288582,2025,06,21,23,27,臺中市,和平區,0,1,0,7,3,9,30,11,9,1,5,4,6,6,4,4,10,5,5,1,18,2,9,2,1,C04,7,9,3,19,2,14,,87,87,1,6,4,121.304139,24.324135,2
8187,66000,387130000C,(04)23274275,(04)23288582,2025,06,21,23,30,臺中市,西區,0,1,0,6,2,6,50,4,1,1,5,4,6,6,1,1,10,5,5,2,17,3,10,3,1,B03,7,5,1,8,2,2,,47,47,1,13,4,120.657271,24.146713,2
8188,66000,387130000C,(04)23274275,(04)23288582,2025,06,21,23,32,臺中市,西屯區,0,0,0,7,,,30,,,,,,,,,,,,,,20,,,,,B03,,,3,,9,,,59,59,1,12,4,120.644517,24.177543,3
8189,66000,387130000C,(04)23274275,(04)23288582,2025,06,21,23,37,臺中市,西屯區,0,2,0,7,1,6,50,4,1,1,5,4,6,6,2,1,1,4,5,2,12,2,8,5,4,C03,7,9,1,10,2,11,,2,2,1,13,4,120.667123,24.173226,2
8190,66000,387130000C,(04)23274275,(04)23288582,2025,06,21,23,55,臺中市,大雅區,0,1,0,7,1,6,30,13,24,1,5,4,6,6,4,4,10,5,5,2,17,2,7,2,1,C03,7,9,1,10,2,11,,59,59,1,12,4,120.643926,24.205809,2
8191,66000,387130000C,(04)23274275,(04)23288582,2025,06,21,23,59,臺中市,北區,0,1,0,7,1,6,50,13,9,1,5,4,6,6,4,4,9,5,5,2,17,3,10,5,4,B03,7,1,1,8,2,8,,51,51,1,12,4,120.667909,24.169291,2
8192,66000,387130000C,(04)23274275,(04)23288582,2025,06,22,0,10,臺中市,東區,0,0,0,7,,,50,,,,,,,,,,,,,,13,,,,,C03,,,3,,2,,,7,7,1,12,4,120.704306,24.138324,3
8193,66000,387130000C,(04)23274275,(04)23288582,2025,06,22,0,12,臺中市,大肚區,0,1,0,7,2,6,50,12,9,1,5,4,6,6,4,4,4,5,5,2,18,2,9,2,1,C03,7,9,1,10,2,12,,87,87,1,6,4,120.56081,24.160688,2
8194,66000,387130000C,(04)23274275,(04)23288582,2025,06,22,0,21,臺中市,南屯區,0,0,0,7,,,50,,,,,,,,,,,,,,15,,,,,B03,,,1,,2,,,24,24,1,6,4,120.649991,24.13204,3
8195,66000,387130000C,(04)23274275,(04)23288582,2025,06,22,0,29,臺中市,南屯區,0,2,0,7,1,6,40,13,8,1,5,4,6,6,4,4,3,5,3,2,17,2,9,1,1,C03,7,9,1,10,2,12,,7,7,1,12,4,120.61266,24.149815,2
8196,66000,387130000C,(04)23274275,(04)23288582,2025,06,22,0,30,臺中市,南區,0,1,0,7,3,6,50,13,9,1,5,4,6,6,4,4,5,5,5,2,17,2,9,5,4,C03,7,9,3,19,2,11,,84,84,1,6,4,120.68377,24.130078,2
8197,66000,387130000C,(04)23274275,(04)23288582,2025,06,22,0,31,臺中市,北屯區,0,0,0,7,,,50,,,,,,,,,,,,,,,,,,,C03,,,1,,2,,,84,84,1,13,4,120.663084,24.187737,3
8198,66000,387130000C,(04)23274275,(04)23288582,2025,06,22,0,37,臺中市,西屯區,0,0,0,7,,,50,,,,,,,,,,,,,,16,,,,,B01,,,1,,2,,,21,21,1,13,4,120.650871,24.166529,3
8199,66000,387130000C,(04)23274275,(04)23288582,2025,06,22,0,54,臺中市,北屯區,0,1,0,7,1,6,50,13,9,1,5,4,6,6,4,4,5,4,5,2,30,2,9,1,1,C03,7,15,1,10,8,12,,53,53,1,6,4,120.676748,24.185112,2
8200,66000,387130000C,(04)23274275,(04)23288582,2025,06,22,3,36,臺中市,龍井區,0,0,1,7,1,6,60,13,7,1,5,4,6,6,4,4,1,4,1,2,4,5,9,6,5,H01,8,17,7,21,10,17,,99,99,1,6,5,120.587223,24.185429,2
8201,66000,387130000C,(04)23274275,(04)23288582,2025,06,22,4,32,臺中市,東勢區,0,0,0,7,,,30,,,,,,,,,,,,,,,,,,,B03,,,1,,2,,,41,41,1,12,4,120.878825,24.227586,3
8202,66000,387130000C,(04)23274275,(04)23288582,2025,06,22,4,43,臺中市,北屯區,0,0,0,7,,,50,,,,,,,,,,,,,,,,,,,B03,,,1,,2,,,26,26,1,13,4,120.73325,24.164388,4
8203,66000,387130000C,(04)23274275,(04)23288582,2025,06,22,5,50,臺中市,西區,0,0,0,7,,,50,,,,,,,,,,,,,,,,,,,C03,,,1,,1,,,4,4,1,13,4,120.671994,24.135147,3
8204,66000,387130000C,(04)23274275,(04)23288582,2025,06,22,6,4,臺中市,西屯區,0,1,0,7,2,6,50,5,1,1,5,4,6,6,1,1,10,5,5,2,23,2,9,5,4,B12,7,9,1,8,3,1,,59,59,1,13,4,120.59479,24.190714,2
8205,66000,387130000C,(04)23274275,(04)23288582,2025,06,22,6,25,臺中市,和平區,0,0,0,7,3,7,30,13,9,1,5,4,6,6,4,4,10,5,5,2,14,3,10,3,1,B03,7,2,1,4,2,7,,49,49,1,13,4,121.011268,24.204984,3
8206,66000,387130000C,(04)23274275,(04)23288582,2025,06,22,6,34,臺中市,潭子區,0,2,0,7,2,6,50,3,2,1,5,4,6,6,1,1,5,4,5,1,18,2,7,2,1,C03,7,14,1,10,2,12,,84,84,1,13,4,120.710131,24.232842,2
8207,66000,387130000C,(04)23274275,(04)23288582,2025,06,22,6,41,臺中市,南區,0,1,0,7,2,6,50,4,1,1,5,4,6,6,1,1,10,5,5,2,15,3,10,3,1,B03,7,9,1,8,2,8,,21,21,1,12,4,120.651957,24.114744,2
8208,66000,387130000C,(04)23274275,(04)23288582,2025,06,22,6,57,臺中市,太平區,0,1,0,7,3,6,50,3,2,1,5,4,6,6,4,4,5,4,5,1,17,3,10,4,1,B03,7,13,1,8,2,4,,76,76,1,6,4,120.723195,24.133953,2
8209,66000,387130000C,(04)23274275,(04)23288582,2025,06,22,7,28,臺中市,西屯區,0,2,0,7,2,6,50,4,1,1,5,4,6,6,1,1,8,4,5,1,17,2,9,5,4,C03,7,6,1,10,2,11,,11,11,1,13,4,120.656181,24.192117,2
8210,66000,387130000C,(04)23274275,(04)23288582,2025,06,22,7,29,臺中市,北屯區,0,1,0,7,2,6,50,13,9,1,5,4,6,6,4,4,10,5,5,2,13,3,10,5,4,C03,7,9,5,19,6,11,,7,7,1,12,4,120.766208,24.198844,2
8211,66000,387130000C,(04)23274275,(04)23288582,2025,06,22,7,35,臺中市,北屯區,0,1,0,7,2,6,50,13,9,1,5,4,6,6,4,4,5,2,5,2,18,2,9,1,1,C03,7,9,1,10,2,12,,5,5,1,12,4,120.680127,24.188889,2
8212,66000,387130000C,(04)23274275,(04)23288582,2025,06,22,7,49,臺中市,豐原區,0,0,0,7,,,50,,,,,,,,,,,,,,12,,,,,B12,,,1,,2,,,82,82,1,12,4,120.707017,24.24756,3
8213,66000,387130000C,(04)23274275,(04)23288582,2025,06,22,7,54,臺中市,北區,0,0,0,7,2,6,50,13,9,1,5,4,6,6,4,4,10,5,5,2,17,,,,,B03,,,1,,1,,,43,43,1,12,4,120.671677,24.168607,3
8214,66000,387130000C,(04)23274275,(04)23288582,2025,06,22,8,17,臺中市,北屯區,0,1,0,7,3,6,50,13,9,1,5,4,6,6,4,4,1,4,5,2,12,3,10,1,1,C03,7,9,1,10,2,14,,7,7,1,12,4,120.703924,24.164923,2
8215,66000,387130000C,(04)23274275,(04)23288582,2025,06,22,8,25,臺中市,霧峰區,0,0,0,7,,,50,,,,,,,,,,,,,,,,,,,C03,,,1,,2,,,7,7,1,6,4,120.697537,24.056201,3
8216,66000,387130000C,(04)23274275,(04)23288582,2025,06,22,8,33,臺中市,清水區,0,2,0,7,2,6,50,4,1,1,5,4,6,6,4,4,8,3,4,2,15,2,9,1,1,C03,7,9,1,10,2,11,,13,13,1,12,4,120.562924,24.27408,2
8217,66000,387130000C,(04)23274275,(04)23288582,2025,06,22,8,35,臺中市,大雅區,0,0,0,7,,,70,,,,,,,,,,,,,,,,,,,C03,,,1,,1,,,23,23,1,12,4,120.640832,24.230677,3
8218,66000,387130000C,(04)23274275,(04)23288582,2025,06,22,8,49,臺中市,南屯區,0,1,0,7,2,6,50,13,9,1,5,4,6,6,4,4,1,4,5,2,18,2,9,1,1,C03,7,9,1,10,2,14,,84,84,1,12,4,120.635337,24.143838,2
8219,66000,387130000C,(04)23274275,(04)23288582,2025,06,22,8,50,臺中市,大里區,0,0,0,7,,,50,,,,,,,,,,,,,,16,,,,,B12,,,1,,2,,,11,11,1,13,4,120.687129,24.104962,3
8220,66000,387130000C,(04)23274275,(04)23288582,2025,06,22,8,50,臺中市,豐原區,0,1,0,7,2,6,50,3,9,1,5,4,6,6,1,1,5,5,5,2,17,2,9,2,1,C03,7,9,1,10,2,11,,84,84,1,13,4,120.729505,24.24406,2
8221,66000,387130000C,(04)23274275,(04)23288582,2025,06,22,8,54,臺中市,大里區,0,1,0,7,2,6,30,3,1,1,5,4,6,6,4,4,5,5,5,1,16,3,10,3,1,B03,7,6,1,8,2,4,7,14,14,1,6,4,120.678844,24.096533,2
8222,66000,387130000C,(04)23274275,(04)23288582,2025,06,22,8,55,臺中市,潭子區,0,0,0,7,,,30,,,,,,,,,,,,,,14,,,,,B03,,,1,,2,,,49,49,1,13,4,120.693755,24.219419,3
8223,66000,387130000C,(04)23274275,(04)23288582,2025,06,22,9,1,臺中市,南區,0,1,0,7,2,6,50,13,9,1,5,4,6,6,4,4,1,4,5,2,13,2,7,1,1,C02,7,9,1,9,2,11,,84,84,1,12,4,120.670707,24.126566,2
8224,66000,387130000C,(04)23274275,(04)23288582,2025,06,22,9,10,臺中市,大雅區,0,2,0,7,3,6,50,4,1,1,5,4,6,6,1,1,10,5,5,2,17,2,8,2,1,C03,7,9,1,8,2,11,,84,84,1,12,4,120.645196,24.236186,2
8225,66000,387130000C,(04)23274275,(04)23288582,2025,06,22,9,10,臺中市,東勢區,0,0,0,7,,,50,,,,,,,,,,,,,,14,,,,,B03,,,1,,2,,,49,49,1,12,4,120.835784,24.222419,3
8226,66000,387130000C,(04)23274275,(04)23288582,2025,06,22,9,11,臺中市,北屯區,0,1,0,7,2,6,30,4,2,1,5,4,6,6,4,4,4,5,5,2,15,3,10,1,1,C03,7,9,1,10,2,14,,6,6,1,12,4,120.697419,24.161172,2
8227,66000,387130000C,(04)23274275,(04)23288582,2025,06,22,9,15,臺中市,北區,0,1,0,7,3,6,50,4,2,1,5,4,6,6,1,1,5,4,5,2,17,3,10,5,4,B03,7,3,1,8,2,8,,84,84,1,13,4,120.678224,24.149208,2
8228,66000,387130000C,(04)23274275,(04)23288582,2025,06,22,9,15,臺中市,南區,0,1,0,7,2,6,50,4,1,1,5,4,6,6,1,1,3,4,4,2,17,3,10,3,1,B03,7,5,1,8,2,2,,47,47,1,12,4,120.676944,24.13176,2
8229,66000,387130000C,(04)23274275,(04)23288582,2025,06,22,9,19,臺中市,西屯區,0,1,0,7,2,6,50,13,9,1,5,4,6,6,4,4,1,5,5,2,12,2,9,2,1,C03,7,9,1,10,2,14,,7,7,1,12,4,120.645191,24.162759,2
8230,66000,387130000C,(04)23274275,(04)23288582,2025,06,22,9,20,臺中市,大肚區,0,0,0,7,,,30,,,,,,,,,,,,,,,,,,,B03,,,1,,2,,,49,49,1,6,4,120.577463,24.120251,3
8231,66000,387130000C,(04)23274275,(04)23288582,2025,06,22,9,27,臺中市,霧峰區,0,0,0,7,,,50,,,,,,,,,,,,,,13,,,,,B03,,,1,,2,,,59,59,1,13,4,120.69654,24.069191,3