﻿序號,縣市別代碼,機關代碼,市話,傳真,年,月,日,時,分,縣市,區,死亡數量,受傷數量,2-30,天候,道路照明設備,道路類別,道路速限,道路型態,事故位置,路面鋪裝,路面狀態,路面缺陷,障礙物,視距,號誌種類,號誌動作,分向設施,快車道或一般車道間,快慢車道間,路面邊線,事故類型及型態,受傷程度,主要傷處,保護裝備,行動電話或功能裝置,當事者區分_類別,車輛用途,當事者行動狀態,駕照狀態,駕照種類,飲酒情形,車輛撞擊部位最初,車輛撞擊部位其他,肇事因素個別,肇事因素主要,肇事逃逸,職業,共享經濟或外送平台,GPS座標X,GPS座標Y,事故類別
8232,66000,387130000C,(04)23274275,(04)23288582,2025,06,22,9,30,臺中市,東區,0,0,0,7,,,50,,,,,,,,,,,,,,9,,,,,C03,,,1,,1,,,84,84,1,13,4,120.689339,24.137456,4
8233,66000,387130000C,(04)23274275,(04)23288582,2025,06,22,9,30,臺中市,南屯區,0,0,0,7,,,50,,,,,,,,,,,,,,17,,,,,B03,,,1,,1,,,84,84,1,13,4,120.638387,24.137801,3
8234,66000,387130000C,(04)23274275,(04)23288582,2025,06,22,9,35,臺中市,神岡區,0,1,0,7,1,6,50,3,1,1,5,4,6,6,4,4,10,5,4,1,16,2,9,1,1,C03,7,6,1,10,2,11,,13,13,1,12,4,120.658476,24.257167,2
8235,66000,387130000C,(04)23274275,(04)23288582,2025,06,22,9,40,臺中市,后里區,0,0,0,7,2,6,50,13,14,1,5,4,6,6,4,4,4,5,5,1,17,3,10,3,1,B03,7,3,1,8,1,2,,50,50,1,12,4,120.713851,24.306482,3
8236,66000,387130000C,(04)23274275,(04)23288582,2025,06,22,9,40,臺中市,豐原區,0,2,0,7,2,6,30,4,1,1,5,4,6,1,4,4,10,5,5,2,15,2,9,1,1,C03,7,9,1,10,2,11,,12,12,1,13,4,120.71542,24.242967,2
8237,66000,387130000C,(04)23274275,(04)23288582,2025,06,22,9,45,臺中市,大雅區,0,2,0,7,2,6,50,4,1,1,5,4,6,6,1,1,1,4,4,1,12,3,10,3,1,B03,7,9,1,8,2,2,,84,84,1,13,4,120.662457,24.219498,2
8238,66000,387130000C,(04)23274275,(04)23288582,2025,06,22,9,45,臺中市,神岡區,0,2,0,7,3,6,50,13,7,1,5,4,6,6,4,4,5,4,4,2,17,2,9,1,1,C03,7,1,1,10,2,14,,51,51,1,13,4,120.702446,24.26263,2
8239,66000,387130000C,(04)23274275,(04)23288582,2025,06,22,9,49,臺中市,北區,0,2,0,7,2,6,50,4,2,1,5,4,6,6,2,1,5,5,5,2,13,2,9,1,1,C03,7,9,1,10,2,11,,7,7,1,12,4,120.685119,24.165279,2
8240,66000,387130000C,(04)23274275,(04)23288582,2025,06,22,10,0,臺中市,后里區,0,1,0,7,3,6,50,13,9,1,5,4,6,6,4,4,9,5,5,1,16,2,9,2,1,C03,7,4,1,10,2,12,,84,84,1,6,4,120.727243,24.309057,2
8241,66000,387130000C,(04)23274275,(04)23288582,2025,06,22,10,7,臺中市,北區,0,0,0,7,2,6,30,13,9,1,5,4,6,6,4,4,10,5,5,2,17,,10,3,1,B03,7,1,1,8,1,11,,51,51,1,12,4,120.667928,24.170311,3
8242,66000,387130000C,(04)23274275,(04)23288582,2025,06,22,10,7,臺中市,南區,0,0,0,7,,,40,,,,,,,,,,,,,,14,,,,,B03,,,1,,1,,,49,49,1,12,4,120.680038,24.123643,3
8243,66000,387130000C,(04)23274275,(04)23288582,2025,06,22,10,8,臺中市,東區,0,2,0,7,2,6,30,3,1,1,5,4,6,6,4,4,10,5,5,2,16,3,10,1,1,C03,7,5,1,10,2,11,,14,14,1,12,4,120.699728,24.140078,2
8244,66000,387130000C,(04)23274275,(04)23288582,2025,06,22,10,11,臺中市,大雅區,0,1,0,7,3,6,70,13,7,1,5,4,6,6,4,4,1,4,4,1,17,2,8,2,1,C03,7,7,1,10,2,12,,40,40,1,12,4,120.640832,24.230677,2
8245,66000,387130000C,(04)23274275,(04)23288582,2025,06,22,10,21,臺中市,西區,0,3,0,7,3,6,50,3,1,1,5,4,6,6,4,4,10,5,5,2,17,2,9,1,1,C03,7,6,1,10,2,14,,84,84,1,12,4,120.655112,24.149868,2
8246,66000,387130000C,(04)23274275,(04)23288582,2025,06,22,10,21,臺中市,大里區,0,1,0,7,3,6,50,4,2,1,5,4,6,6,1,1,1,4,4,1,12,2,9,1,1,C03,7,9,1,10,2,14,,7,7,1,13,4,120.697117,24.111041,2
8247,66000,387130000C,(04)23274275,(04)23288582,2025,06,22,10,26,臺中市,東區,0,0,0,7,,,50,,,,,,,,,,,,,,17,,,,,B03,,,1,,1,,,7,7,1,12,4,120.687758,24.13593,3
8248,66000,387130000C,(04)23274275,(04)23288582,2025,06,22,10,29,臺中市,西屯區,0,0,0,7,,,50,,,,,,,,,,,,,,12,,,,,C03,,,1,,2,,,59,59,1,12,4,120.667006,24.175161,3
8249,66000,387130000C,(04)23274275,(04)23288582,2025,06,22,10,30,臺中市,西區,0,0,0,7,,,50,,,,,,,,,,,,,,,,,,,B03,,,1,,1,,,15,15,1,6,4,120.66305,24.135165,3
8250,66000,387130000C,(04)23274275,(04)23288582,2025,06,22,10,37,臺中市,新社區,0,1,0,7,2,6,50,4,9,1,5,4,6,6,4,4,10,5,5,1,17,3,10,5,4,B12,7,5,1,8,2,5,,84,84,1,13,4,120.795868,24.212173,2
8251,66000,387130000C,(04)23274275,(04)23288582,2025,06,22,10,42,臺中市,大雅區,0,2,0,7,2,6,30,4,1,1,5,4,6,6,4,4,5,5,5,1,16,2,9,1,1,C03,7,6,1,10,2,14,,14,14,1,13,4,120.648545,24.226061,2
8252,66000,387130000C,(04)23274275,(04)23288582,2025,06,22,10,48,臺中市,東勢區,0,1,0,7,2,6,50,13,9,1,5,4,6,6,1,1,4,3,5,1,15,3,10,5,4,B12,7,9,1,8,2,1,,21,21,1,12,4,120.830917,24.261979,2
8253,66000,387130000C,(04)23274275,(04)23288582,2025,06,22,10,49,臺中市,西屯區,0,0,0,7,,,50,,,,,,,,,,,,,,17,,,,,B03,,,1,,1,,,8,8,1,12,4,120.642038,24.171537,3
8254,66000,387130000C,(04)23274275,(04)23288582,2025,06,22,10,58,臺中市,西屯區,0,0,0,7,,,50,,,,,,,,,,,,,,17,,,,,C03,,,1,,1,,,8,8,1,12,4,120.64566,24.172643,3
8255,66000,387130000C,(04)23274275,(04)23288582,2025,06,22,10,59,臺中市,南區,0,0,0,7,,,40,,,,,,,,,,,,,,17,,,,,B03,,,1,,2,,,84,84,1,13,4,120.657878,24.12546,3
8256,66000,387130000C,(04)23274275,(04)23288582,2025,06,22,11,0,臺中市,梧棲區,0,0,0,7,,,50,,,,,,,,,,,,,,13,,,,,B03,,,1,,1,,,84,84,1,12,4,120.537678,24.245353,3
8257,66000,387130000C,(04)23274275,(04)23288582,2025,06,22,11,11,臺中市,沙鹿區,0,0,0,7,,,50,,,,,,,,,,,,,,,,,,,B03,,,1,,1,,,51,51,1,13,4,120.560164,24.237822,3
8258,66000,387130000C,(04)23274275,(04)23288582,2025,06,22,11,15,臺中市,西區,0,1,0,7,2,6,50,13,9,1,5,4,6,6,4,4,5,5,5,2,3,3,10,1,1,C03,7,9,1,10,2,11,,84,84,1,6,4,120.671778,24.13836,2
8259,66000,387130000C,(04)23274275,(04)23288582,2025,06,22,11,22,臺中市,西區,0,1,0,7,3,6,50,13,9,1,5,4,6,6,4,4,5,4,5,2,12,2,9,1,1,C03,7,9,1,10,2,14,,8,8,1,12,4,120.661396,24.139776,2
8260,66000,387130000C,(04)23274275,(04)23288582,2025,06,22,11,25,臺中市,北屯區,0,0,0,7,2,6,50,13,9,1,5,4,6,6,4,4,1,3,5,2,13,,,,,B03,,,1,,2,,,7,7,1,12,4,120.686719,24.200081,3
8261,66000,387130000C,(04)23274275,(04)23288582,2025,06,22,11,27,臺中市,東區,0,1,0,7,2,6,50,3,2,1,5,4,6,6,2,1,1,4,5,2,13,3,10,3,1,B03,7,9,1,8,2,5,,59,59,1,12,4,120.696016,24.140523,2
8262,66000,387130000C,(04)23274275,(04)23288582,2025,06,22,11,29,臺中市,西屯區,0,1,0,7,2,6,50,4,1,1,5,4,6,6,2,1,10,5,5,2,17,3,10,5,4,B03,7,6,1,8,2,8,,11,11,1,13,4,120.657725,24.158038,2
8263,66000,387130000C,(04)23274275,(04)23288582,2025,06,22,11,30,臺中市,東勢區,0,1,0,7,2,6,60,13,7,1,5,4,6,6,1,1,1,4,4,1,12,3,10,5,4,B03,7,8,1,8,2,8,,7,7,1,13,4,120.824544,24.257513,2
8264,66000,387130000C,(04)23274275,(04)23288582,2025,06,22,11,34,臺中市,西區,0,0,0,7,,,50,,,,,,,,,,,,,,14,,,,,B03,,,1,,2,,,49,49,1,12,4,120.662833,24.151944,3
8265,66000,387130000C,(04)23274275,(04)23288582,2025,06,22,11,35,臺中市,龍井區,0,0,0,7,,,50,,,,,,,,,,,,,,30,,,,,B03,,,1,,2,,,50,50,1,13,4,120.594092,24.190833,3
8266,66000,387130000C,(04)23274275,(04)23288582,2025,06,22,11,41,臺中市,大肚區,0,0,0,6,,,30,,,,,,,,,,,,,,,,,,,C03,,,1,,1,,,41,41,1,6,4,120.540489,24.149107,3
8267,66000,387130000C,(04)23274275,(04)23288582,2025,06,22,11,43,臺中市,大甲區,0,2,0,7,3,6,50,4,1,1,5,4,6,6,1,1,10,5,5,2,16,2,7,1,1,C03,7,6,1,10,2,11,,11,11,1,6,4,120.620464,24.34815,2
8268,66000,387130000C,(04)23274275,(04)23288582,2025,06,22,11,50,臺中市,后里區,0,1,0,7,2,6,50,13,8,1,5,4,6,6,4,4,5,5,4,2,17,2,9,2,1,C03,7,3,1,11,2,12,,50,50,1,12,4,120.713441,24.305826,2
8269,66000,387130000C,(04)23274275,(04)23288582,2025,06,22,11,59,臺中市,大里區,0,0,0,7,,,50,,,,,,,,,,,,,,,,,,,B03,,,1,,1,,,51,51,1,6,4,120.696715,24.084182,3
8270,66000,387130000C,(04)23274275,(04)23288582,2025,06,22,12,18,臺中市,大里區,0,1,0,7,2,6,50,3,1,1,5,4,6,6,4,4,5,5,5,2,16,2,9,1,1,C03,7,9,1,10,2,14,,84,84,1,12,4,120.688325,24.120091,2
8271,66000,387130000C,(04)23274275,(04)23288582,2025,06,22,12,18,臺中市,大里區,0,0,0,7,,,50,,,,,,,,,,,,,,12,,,,,B03,,,1,,2,,,8,8,1,13,4,120.717745,24.100693,3
8272,66000,387130000C,(04)23274275,(04)23288582,2025,06,22,12,19,臺中市,北屯區,0,0,0,7,2,6,50,4,1,1,5,4,6,6,1,1,10,5,5,2,16,3,10,5,4,C03,7,5,1,10,9,5,,8,8,1,12,4,120.685498,24.172177,3
8273,66000,387130000C,(04)23274275,(04)23288582,2025,06,22,12,20,臺中市,大里區,0,0,0,7,,,30,,,,,,,,,,,,,,,,,,,B03,,,1,,11,,,8,8,1,6,4,120.703032,24.0941,3
8274,66000,387130000C,(04)23274275,(04)23288582,2025,06,22,12,20,臺中市,霧峰區,0,1,0,7,2,6,30,3,2,1,5,4,6,6,4,4,10,5,5,1,11,2,9,2,1,C03,7,9,1,10,2,14,,58,58,1,13,4,120.740286,24.063929,2
8275,66000,387130000C,(04)23274275,(04)23288582,2025,06,22,12,21,臺中市,南區,0,0,0,7,,,50,,,,,,,,,,,,,,12,,,,,B12,,,1,,1,,,87,87,1,12,4,120.683938,24.123202,3
8276,66000,387130000C,(04)23274275,(04)23288582,2025,06,22,12,30,臺中市,霧峰區,0,0,0,7,,,50,,,,,,,,,,,,,,,,,,,C03,,,3,,2,,,59,59,1,6,4,120.707559,24.073784,3
8277,66000,387130000C,(04)23274275,(04)23288582,2025,06,22,12,38,臺中市,北區,0,1,0,7,3,6,50,4,2,1,5,4,6,6,1,1,3,2,4,2,17,3,10,5,4,B03,7,6,1,8,2,5,,84,84,1,13,4,120.685079,24.151991,2
8278,66000,387130000C,(04)23274275,(04)23288582,2025,06,22,12,39,臺中市,西區,0,1,0,7,2,6,50,4,1,1,5,4,6,6,2,1,10,5,5,2,18,2,9,1,1,C03,7,9,1,10,2,12,,84,84,1,6,4,120.665178,24.144371,2
8279,66000,387130000C,(04)23274275,(04)23288582,2025,06,22,12,39,臺中市,西屯區,0,0,0,7,,,40,,,,,,,,,,,,,,17,,,,,B03,,,1,,2,,,59,59,1,12,4,120.654813,24.161714,3
8280,66000,387130000C,(04)23274275,(04)23288582,2025,06,22,12,39,臺中市,清水區,0,1,0,7,2,6,50,4,1,1,5,4,6,6,3,1,8,3,4,2,16,2,9,1,1,C03,7,6,1,10,2,11,,24,24,1,12,4,120.559096,24.27495,2
8281,66000,387130000C,(04)23274275,(04)23288582,2025,06,22,12,57,臺中市,北區,0,0,0,7,,,50,,,,,,,,,,,,,,17,,,,,C03,,,1,,1,,,8,8,1,13,2,120.683972,24.149889,3
8282,66000,387130000C,(04)23274275,(04)23288582,2025,06,22,13,0,臺中市,豐原區,0,0,0,7,,,50,,,,,,,,,,,,,,13,,,,,B03,,,1,,1,,,56,56,1,13,4,120.720142,24.249753,3
8283,66000,387130000C,(04)23274275,(04)23288582,2025,06,22,13,1,臺中市,北區,0,0,0,7,2,6,50,13,9,1,5,4,6,6,4,4,5,5,5,2,13,3,10,1,1,C03,7,9,1,10,2,11,,7,7,1,12,4,120.681956,24.158123,3
8284,66000,387130000C,(04)23274275,(04)23288582,2025,06,22,13,6,臺中市,北區,0,1,0,7,3,6,50,5,2,1,5,4,6,6,1,1,3,2,5,2,13,2,9,5,4,C03,7,9,1,10,2,11,,8,8,1,13,4,120.677156,24.150952,2
8285,66000,387130000C,(04)23274275,(04)23288582,2025,06,22,13,19,臺中市,東區,0,0,0,7,,,50,,,,,,,,,,,,,,17,,,,,B03,,,1,,1,,,7,7,1,12,4,120.710667,24.142593,3
8286,66000,387130000C,(04)23274275,(04)23288582,2025,06,22,13,20,臺中市,沙鹿區,0,0,0,7,,,40,,,,,,,,,,,,,,12,,,,,B03,,,1,,1,,,50,50,1,12,4,120.559842,24.23901,4
8287,66000,387130000C,(04)23274275,(04)23288582,2025,06,22,13,28,臺中市,豐原區,0,0,0,7,2,6,50,5,7,1,5,4,6,6,2,1,1,2,5,1,13,3,10,3,1,B03,7,9,1,8,2,1,,57,57,1,12,4,120.737442,24.25079,3
8288,66000,387130000C,(04)23274275,(04)23288582,2025,06,22,13,29,臺中市,北區,0,1,0,7,2,6,50,3,1,1,5,4,6,6,4,4,5,5,5,2,17,3,10,5,1,B03,7,5,1,8,2,2,,84,84,1,13,4,120.698372,24.156729,2
8289,66000,387130000C,(04)23274275,(04)23288582,2025,06,22,13,31,臺中市,北屯區,0,1,0,7,3,6,50,13,9,1,5,4,6,6,4,4,5,5,4,2,16,2,7,1,1,C03,7,9,1,10,2,12,,34,34,1,12,4,120.661995,24.188286,2
8290,66000,387130000C,(04)23274275,(04)23288582,2025,06,22,13,33,臺中市,中區,0,0,0,7,,,50,,,,,,,,,,,,,,,,,,,B03,,,1,,2,,,84,84,1,13,4,120.685428,24.137911,3
8291,66000,387130000C,(04)23274275,(04)23288582,2025,06,22,13,34,臺中市,大里區,0,1,0,7,3,6,50,4,1,1,5,4,6,6,1,1,10,5,5,2,16,3,10,3,1,B03,7,5,1,8,2,6,,11,11,1,12,4,120.694621,24.089347,2
8292,66000,387130000C,(04)23274275,(04)23288582,2025,06,22,13,35,臺中市,西屯區,0,1,0,7,2,6,50,13,9,1,5,4,6,6,4,4,5,4,5,2,17,3,10,5,4,C03,7,6,1,10,2,14,,39,39,1,13,4,120.611371,24.191811,2
8293,66000,387130000C,(04)23274275,(04)23288582,2025,06,22,13,40,臺中市,北屯區,0,1,0,7,2,6,50,3,1,1,5,4,6,6,1,1,10,5,5,2,18,2,9,1,1,C03,7,9,5,19,2,15,,84,84,1,12,4,120.778265,24.198863,2
8294,66000,387130000C,(04)23274275,(04)23288582,2025,06,22,13,50,臺中市,西屯區,0,0,0,7,,,50,,,,,,,,,,,,,,12,,,,,B03,,,1,,1,,,34,34,1,12,4,120.646075,24.172055,3
8295,66000,387130000C,(04)23274275,(04)23288582,2025,06,22,13,58,臺中市,大里區,0,2,0,7,2,6,50,13,9,1,5,4,4,6,4,4,1,5,5,1,13,2,9,1,1,C03,7,9,1,10,2,11,14,7,7,1,6,4,120.680397,24.108469,2
8296,66000,387130000C,(04)23274275,(04)23288582,2025,06,22,14,0,臺中市,西區,0,3,0,7,2,6,50,4,1,1,5,4,6,6,2,1,10,5,5,2,15,3,10,5,1,B03,7,9,1,8,2,8,,21,21,1,6,4,120.665269,24.149019,2
8297,66000,387130000C,(04)23274275,(04)23288582,2025,06,22,14,0,臺中市,太平區,0,0,0,7,,,50,,,,,,,,,,,,,,,,,,,C03,,,1,,1,,,59,59,1,12,4,120.722378,24.112677,3
8298,66000,387130000C,(04)23274275,(04)23288582,2025,06,22,14,4,臺中市,東區,0,0,0,7,,,50,,,,,,,,,,,,,,14,,,,,B03,,,1,,2,,,49,49,1,13,4,120.701206,24.142874,3
8299,66000,387130000C,(04)23274275,(04)23288582,2025,06,22,14,6,臺中市,東區,0,0,0,7,,,50,,,,,,,,,,,,,,16,,,,,B03,,,1,,9,,,84,84,2,12,4,120.687842,24.136516,3
8300,66000,387130000C,(04)23274275,(04)23288582,2025,06,22,14,8,臺中市,潭子區,0,1,0,7,2,6,50,3,1,1,5,4,6,6,4,4,10,5,5,2,16,3,10,2,1,C03,7,6,1,10,2,14,,14,14,1,12,4,120.691192,24.215642,2
8301,66000,387130000C,(04)23274275,(04)23288582,2025,06,22,14,8,臺中市,大里區,0,0,0,7,,,50,,,,,,,,,,,,,,13,,,,,B03,,,1,,1,,,58,58,1,13,4,120.691656,24.091591,3
8302,66000,387130000C,(04)23274275,(04)23288582,2025,06,22,14,13,臺中市,大里區,0,0,0,7,,,40,,,,,,,,,,,,,,,,,,,B03,,,1,,2,,,49,49,1,13,4,120.698285,24.086829,3
8303,66000,387130000C,(04)23274275,(04)23288582,2025,06,22,14,17,臺中市,西屯區,0,0,0,7,,,40,,,,,,,,,,,,,,12,,,,,B03,,,1,,1,,,8,8,1,12,4,120.644938,24.16486,3
8304,66000,387130000C,(04)23274275,(04)23288582,2025,06,22,14,18,臺中市,沙鹿區,0,0,0,7,,,50,,,,,,,,,,,,,,,,,,,B03,,,1,,1,,,78,78,1,13,4,120.599313,24.248937,3
8305,66000,387130000C,(04)23274275,(04)23288582,2025,06,22,14,18,臺中市,東勢區,0,1,0,7,2,6,50,3,2,1,5,4,6,6,4,4,5,5,4,1,16,3,10,5,4,B12,7,5,1,8,2,5,,20,20,1,13,4,120.832154,24.24735,2
8306,66000,387130000C,(04)23274275,(04)23288582,2025,06,22,14,18,臺中市,東勢區,0,1,0,7,2,6,60,13,9,1,5,4,6,6,1,1,5,5,5,1,17,3,10,5,4,B03,7,9,1,8,2,5,,7,7,1,13,4,120.81218,24.30418,2
8307,66000,387130000C,(04)23274275,(04)23288582,2025,06,22,14,24,臺中市,北屯區,0,0,0,7,,,50,,,,,,,,,,,,,,12,,,,,B03,,,1,,1,,,40,40,1,6,4,120.721655,24.182436,3
8308,66000,387130000C,(04)23274275,(04)23288582,2025,06,22,14,30,臺中市,西屯區,0,2,0,7,2,6,80,13,7,1,5,4,6,6,4,4,1,4,4,2,17,2,9,3,1,B03,7,9,1,8,2,1,,85,85,1,12,4,120.643943,24.194159,2
8309,66000,387130000C,(04)23274275,(04)23288582,2025,06,22,14,32,臺中市,東區,0,0,0,7,,,50,,,,,,,,,,,,,,13,,,,,F01,,,7,,1,,,7,7,1,12,4,120.689653,24.132655,3
8310,66000,387130000C,(04)23274275,(04)23288582,2025,06,22,14,33,臺中市,南屯區,0,0,0,7,,,50,,,,,,,,,,,,,,11,,,,,B03,,,1,,2,,,84,84,1,12,4,120.623141,24.145201,3
8311,66000,387130000C,(04)23274275,(04)23288582,2025,06,22,14,35,臺中市,大里區,0,0,0,7,,,50,,,,,,,,,,,,,,14,,,,,B03,,,1,,1,,,49,49,1,13,4,120.678863,24.111504,3
8312,66000,387130000C,(04)23274275,(04)23288582,2025,06,22,14,37,臺中市,南區,0,0,0,7,,,50,,,,,,,,,,,,,,17,,,,,B03,,,1,,1,,,7,7,1,12,4,120.667132,24.128698,3
8313,66000,387130000C,(04)23274275,(04)23288582,2025,06,22,14,37,臺中市,豐原區,0,0,0,7,,,50,,,,,,,,,,,,,,17,,,,,B03,,,1,,2,,,84,84,1,12,4,120.728606,24.257326,3
8314,66000,387130000C,(04)23274275,(04)23288582,2025,06,22,14,40,臺中市,西屯區,0,0,0,7,,,30,,,,,,,,,,,,,,17,,,,,B03,,,1,,1,,,8,8,1,13,4,120.664642,24.167804,3
8315,66000,387130000C,(04)23274275,(04)23288582,2025,06,22,14,41,臺中市,北區,0,2,0,7,2,6,50,13,7,1,5,4,6,6,4,4,1,4,4,2,13,2,9,5,4,C03,7,12,1,10,2,11,,7,7,1,13,4,120.684798,24.158092,2
8316,66000,387130000C,(04)23274275,(04)23288582,2025,06,22,14,50,臺中市,太平區,0,1,0,7,3,6,30,3,1,1,5,4,6,6,3,1,10,5,5,2,1,3,10,3,1,B12,7,6,3,19,2,1,,10,10,1,6,4,120.719908,24.13375,2
8317,66000,387130000C,(04)23274275,(04)23288582,2025,06,22,14,52,臺中市,和平區,0,0,0,7,,,30,,,,,,,,,,,,,,12,3,10,3,1,B03,7,9,1,8,2,5,,8,8,1,6,4,120.924615,24.183646,3
8318,66000,387130000C,(04)23274275,(04)23288582,2025,06,22,14,55,臺中市,南區,0,0,0,7,,,50,,,,,,,,,,,,,,17,,,,,B03,,,1,,1,,,50,50,1,13,4,120.663995,24.125281,3
8319,66000,387130000C,(04)23274275,(04)23288582,2025,06,22,14,57,臺中市,西區,0,0,0,7,,,50,,,,,,,,,,,,,,17,,,,,B03,,,1,,2,,,43,43,1,12,4,120.670432,24.149584,3
8320,66000,387130000C,(04)23274275,(04)23288582,2025,06,22,15,9,臺中市,西區,0,1,0,7,2,6,50,4,1,1,5,4,6,6,4,4,10,5,5,2,15,3,10,5,1,B03,7,9,1,8,2,2,,15,15,1,6,4,120.658813,24.141573,2
8321,66000,387130000C,(04)23274275,(04)23288582,2025,06,22,15,10,臺中市,北屯區,0,0,0,7,,,50,,,,,,,,,,,,,,9,,,,,B03,,,1,,9,,,84,84,1,6,4,120.70829,24.178281,3
8322,66000,387130000C,(04)23274275,(04)23288582,2025,06,22,15,12,臺中市,西屯區,0,1,0,7,2,6,35,11,9,1,5,4,6,6,4,4,1,5,5,2,18,2,9,1,1,C03,7,6,1,10,2,11,,59,59,1,12,4,120.628495,24.173063,2
8323,66000,387130000C,(04)23274275,(04)23288582,2025,06,22,15,13,臺中市,龍井區,0,0,0,7,,,30,,,,,,,,,,,,,,12,,,,,B03,,,1,,2,,,51,51,1,6,4,120.587472,24.191598,3
8324,66000,387130000C,(04)23274275,(04)23288582,2025,06,22,15,27,臺中市,外埔區,0,1,0,7,3,6,50,13,9,1,5,4,6,5,4,4,10,5,5,1,16,2,9,2,1,C03,7,1,1,10,2,12,,51,51,1,6,4,120.665492,24.316571,2
8325,66000,387130000C,(04)23274275,(04)23288582,2025,06,22,15,29,臺中市,太平區,0,1,0,7,2,6,50,3,1,1,5,4,6,6,3,1,5,2,5,1,17,2,8,2,1,C03,7,9,1,10,2,14,,6,6,1,6,4,120.735865,24.13335,2
8326,66000,387130000C,(04)23274275,(04)23288582,2025,06,22,15,30,臺中市,西區,0,0,0,7,,,50,,,,,,,,,,,,,,,,,,,B12,,,1,,1,,,78,78,1,13,4,120.657559,24.141671,3
8327,66000,387130000C,(04)23274275,(04)23288582,2025,06,22,15,30,臺中市,北屯區,0,2,0,7,2,6,50,4,1,1,5,4,6,6,2,1,10,5,5,2,16,2,9,2,1,C03,7,6,2,19,2,14,,23,23,1,12,4,120.68692,24.186897,2
8328,66000,387130000C,(04)23274275,(04)23288582,2025,06,22,15,33,臺中市,東區,0,0,0,7,,,50,,,,,,,,,,,,,,,,,,,,,,,,,,,86,86,1,,,120.699357,24.14797,4
8329,66000,387130000C,(04)23274275,(04)23288582,2025,06,22,15,40,臺中市,西區,0,1,0,7,2,6,30,4,1,1,5,4,6,6,4,4,10,5,5,2,15,2,5,6,1,F01,7,9,7,21,2,11,,12,12,1,12,1,120.656632,24.154587,2
8330,66000,387130000C,(04)23274275,(04)23288582,2025,06,22,15,40,臺中市,北屯區,0,1,0,7,2,6,50,13,9,1,5,4,6,6,4,4,1,4,5,2,17,2,9,1,1,C03,7,1,1,10,2,14,,51,51,1,12,4,120.72984,24.173194,2
8331,66000,387130000C,(04)23274275,(04)23288582,2025,06,22,15,45,臺中市,西區,0,1,0,7,3,6,50,4,2,1,5,4,6,6,1,1,1,4,4,2,17,3,10,3,1,B03,7,7,1,7,2,6,,40,40,1,12,4,120.65717,24.147695,2
8332,66000,387130000C,(04)23274275,(04)23288582,2025,06,22,15,45,臺中市,大甲區,0,1,0,7,2,6,50,4,1,1,5,4,6,6,4,4,10,5,5,2,13,3,10,3,1,B12,7,6,1,8,2,1,,58,58,1,6,4,120.645644,24.403486,2
8333,66000,387130000C,(04)23274275,(04)23288582,2025,06,22,15,51,臺中市,大里區,0,0,0,7,,,50,,,,,,,,,,,,,,17,,,,,F01,,,7,,2,,,84,84,1,13,4,120.704992,24.105566,3
8334,66000,387130000C,(04)23274275,(04)23288582,2025,06,22,16,4,臺中市,西屯區,0,0,0,7,,,30,,,,,,,,,,,,,,17,,,,,B03,,,1,,1,,,8,8,1,12,4,120.650202,24.175837,3
8335,66000,387130000C,(04)23274275,(04)23288582,2025,06,22,16,4,臺中市,霧峰區,0,0,0,7,,,50,,,,,,,,,,,,,,,,,,,B03,,,1,,2,,,76,76,1,13,4,120.713008,24.07728,3
8336,66000,387130000C,(04)23274275,(04)23288582,2025,06,22,16,8,臺中市,太平區,0,1,0,7,3,6,30,3,1,1,5,4,6,6,4,4,10,5,5,2,16,3,10,3,1,B03,7,5,1,8,2,8,,14,14,1,6,4,120.737095,24.14357,2
8337,66000,387130000C,(04)23274275,(04)23288582,2025,06,22,16,10,臺中市,東區,0,0,0,7,,,50,,,,,,,,,,,,,,,,,,,B03,,,1,,2,,,51,51,1,13,4,120.68927,24.145238,3
8338,66000,387130000C,(04)23274275,(04)23288582,2025,06,22,16,10,臺中市,北屯區,0,1,0,7,2,6,50,13,9,1,5,4,6,6,4,4,1,4,5,2,13,2,9,2,1,C03,7,9,3,19,2,11,,7,7,1,6,4,120.66932,24.201405,2
8339,66000,387130000C,(04)23274275,(04)23288582,2025,06,22,16,12,臺中市,大甲區,0,0,0,7,3,6,50,4,1,1,5,4,6,6,1,1,10,5,5,2,13,3,10,3,1,B03,7,9,1,8,2,1,,84,84,1,6,4,120.641447,24.36582,3
8340,66000,387130000C,(04)23274275,(04)23288582,2025,06,22,16,14,臺中市,新社區,0,0,0,7,2,6,50,1,9,1,5,4,6,6,4,4,4,3,5,1,13,3,10,5,4,B03,7,9,5,8,8,1,,7,7,2,12,4,120.797827,24.226778,3
8341,66000,387130000C,(04)23274275,(04)23288582,2025,06,22,16,15,臺中市,沙鹿區,0,2,0,7,2,6,60,4,9,1,5,4,6,6,1,1,1,3,1,2,11,3,10,3,1,B03,7,6,1,8,2,2,,48,48,1,12,4,120.597591,24.249998,2
8342,66000,387130000C,(04)23274275,(04)23288582,2025,06,22,16,15,臺中市,新社區,0,0,0,7,,,40,,,,,,,,,,,,,,,,,,,B03,,,5,,8,,,7,7,1,13,4,120.795915,24.22434,3