﻿序號,縣市別代碼,機關代碼,市話,傳真,年,月,日,時,分,縣市,區,死亡數量,受傷數量,2-30,天候,道路照明設備,道路類別,道路速限,道路型態,事故位置,路面鋪裝,路面狀態,路面缺陷,障礙物,視距,號誌種類,號誌動作,分向設施,快車道或一般車道間,快慢車道間,路面邊線,事故類型及型態,受傷程度,主要傷處,保護裝備,行動電話或功能裝置,當事者區分_類別,車輛用途,當事者行動狀態,駕照狀態,駕照種類,飲酒情形,車輛撞擊部位最初,車輛撞擊部位其他,肇事因素個別,肇事因素主要,肇事逃逸,職業,共享經濟或外送平台,GPS座標X,GPS座標Y,事故類別
8343,66000,387130000C,(04)23274275,(04)23288582,2025,06,22,16,16,臺中市,霧峰區,0,1,0,7,2,6,50,4,1,1,5,4,6,6,1,1,10,5,5,2,15,2,9,2,1,C03,7,9,1,10,2,11,,21,21,1,6,4,120.69581,24.012581,2
8344,66000,387130000C,(04)23274275,(04)23288582,2025,06,22,16,19,臺中市,北屯區,0,1,0,7,2,6,40,4,1,1,5,4,6,6,1,1,10,5,5,2,16,2,9,5,4,C03,7,6,1,10,2,14,,48,48,1,12,4,120.687838,24.173097,2
8345,66000,387130000C,(04)23274275,(04)23288582,2025,06,22,16,20,臺中市,大里區,0,1,0,7,2,6,50,13,9,1,5,4,6,6,4,4,10,5,5,2,14,3,10,3,1,B03,7,2,1,8,2,3,,49,49,1,11,4,120.688426,24.109688,2
8346,66000,387130000C,(04)23274275,(04)23288582,2025,06,22,16,21,臺中市,東區,0,0,0,7,,,50,,,,,,,,,,,,,,17,,,,,B03,,,1,,2,,,84,84,1,12,4,120.709246,24.144506,3
8347,66000,387130000C,(04)23274275,(04)23288582,2025,06,22,16,30,臺中市,南屯區,0,0,0,7,,,50,,,,,,,,,,,,,,,,,,,B03,,,1,,9,,,87,87,1,12,4,120.644793,24.153506,3
8348,66000,387130000C,(04)23274275,(04)23288582,2025,06,22,16,35,臺中市,西區,0,0,0,7,,,50,,,,,,,,,,,,,,12,,,,,C03,,,1,,1,,,40,40,1,12,4,120.67444,24.137563,3
8349,66000,387130000C,(04)23274275,(04)23288582,2025,06,22,16,38,臺中市,神岡區,0,0,0,7,,,50,,,,,,,,,,,,,,2,,,,,B03,,,1,,2,,,20,20,1,12,4,120.665129,24.27377,3
8350,66000,387130000C,(04)23274275,(04)23288582,2025,06,22,16,40,臺中市,南屯區,0,1,0,7,2,6,50,13,9,1,5,4,6,6,4,4,9,5,5,2,17,3,10,3,1,B03,7,11,1,8,2,8,,45,45,1,13,4,120.634739,24.141495,2
8351,66000,387130000C,(04)23274275,(04)23288582,2025,06,22,16,40,臺中市,南屯區,0,1,0,7,2,6,50,3,1,1,5,4,6,6,4,4,9,4,4,2,12,3,10,3,1,B03,7,5,1,8,2,3,,14,14,1,11,4,120.640635,24.154672,2
8352,66000,387130000C,(04)23274275,(04)23288582,2025,06,22,16,44,臺中市,梧棲區,0,1,0,7,3,6,30,13,9,1,5,4,6,6,4,4,10,5,5,2,16,3,10,3,1,B03,7,5,1,8,2,4,,8,8,1,6,4,120.557934,24.258389,2
8353,66000,387130000C,(04)23274275,(04)23288582,2025,06,22,16,45,臺中市,南屯區,0,1,0,7,3,6,50,13,9,1,5,4,6,6,1,1,1,4,5,2,13,3,10,3,1,B03,7,9,1,8,2,1,,7,7,1,12,4,120.646645,24.133348,2
8354,66000,387130000C,(04)23274275,(04)23288582,2025,06,22,16,46,臺中市,南屯區,0,0,0,7,,,50,,,,,,,,,,,,,,13,,,,,B01,,,1,,1,,,7,7,1,12,4,120.610596,24.132343,3
8355,66000,387130000C,(04)23274275,(04)23288582,2025,06,22,16,48,臺中市,霧峰區,0,0,0,7,,,50,,,,,,,,,,,,,,17,,,,,B03,,,1,,1,,,7,7,1,13,4,120.683069,24.068663,3
8356,66000,387130000C,(04)23274275,(04)23288582,2025,06,22,16,50,臺中市,南區,0,1,0,7,1,6,50,4,1,1,5,4,6,6,1,1,9,4,5,2,16,3,10,3,1,B03,7,6,1,8,2,1,,11,11,1,12,4,120.662665,24.126976,2
8357,66000,387130000C,(04)23274275,(04)23288582,2025,06,22,16,54,臺中市,大雅區,0,1,0,7,1,6,25,13,13,1,5,4,6,6,4,4,9,5,5,1,11,2,7,2,1,F01,7,9,7,21,2,11,,4,4,1,2,4,120.625373,24.234012,2
8358,66000,387130000C,(04)23274275,(04)23288582,2025,06,22,16,54,臺中市,大安區,0,1,0,7,2,6,60,3,2,1,5,4,6,6,1,1,5,5,4,1,13,2,7,2,1,C03,7,9,1,10,2,11,,7,7,1,6,4,120.602788,24.362804,2
8359,66000,387130000C,(04)23274275,(04)23288582,2025,06,22,16,55,臺中市,南屯區,0,1,0,7,2,6,40,13,7,1,5,4,6,6,4,4,1,4,4,2,17,3,10,2,1,C03,7,8,1,10,2,14,,40,40,1,13,4,120.642923,24.150904,2
8360,66000,387130000C,(04)23274275,(04)23288582,2025,06,22,16,55,臺中市,西屯區,0,1,0,7,2,6,40,13,8,1,5,4,6,6,2,1,1,4,1,2,13,2,1,1,1,C03,7,9,1,10,2,11,,7,7,1,12,4,120.650014,24.162634,2
8361,66000,387130000C,(04)23274275,(04)23288582,2025,06,22,16,56,臺中市,南區,0,0,0,7,,,50,,,,,,,,,,,,,,,,,,,C03,,,1,,1,,,59,59,1,6,4,120.68353,24.130349,3
8362,66000,387130000C,(04)23274275,(04)23288582,2025,06,22,17,4,臺中市,大里區,0,2,0,7,2,6,50,13,8,1,5,4,6,6,4,4,5,5,4,1,16,3,10,3,1,B03,7,5,1,1,2,2,,47,47,1,13,4,120.713021,24.094305,2
8363,66000,387130000C,(04)23274275,(04)23288582,2025,06,22,17,5,臺中市,西屯區,0,0,0,7,,,40,,,,,,,,,,,,,,17,,,,,C03,,,1,,1,,,59,59,1,12,4,120.638278,24.159295,3
8364,66000,387130000C,(04)23274275,(04)23288582,2025,06,22,17,8,臺中市,北屯區,0,0,0,7,,,50,,,,,,,,,,,,,,,,,,,C03,,,1,,2,,,84,84,1,12,4,120.660436,24.191306,3
8365,66000,387130000C,(04)23274275,(04)23288582,2025,06,22,17,8,臺中市,霧峰區,0,0,0,7,,,40,,,,,,,,,,,,,,,,,,,B03,,,1,,1,,,84,84,1,13,4,120.680389,24.06492,3
8366,66000,387130000C,(04)23274275,(04)23288582,2025,06,22,17,9,臺中市,南區,0,1,0,7,3,6,50,13,9,1,5,4,6,6,4,4,5,4,5,2,17,,,,,,,21,,,,,,86,86,2,,,120.65422,24.123306,2
8367,66000,387130000C,(04)23274275,(04)23288582,2025,06,22,17,16,臺中市,中區,0,1,0,7,2,6,50,4,1,1,5,4,6,6,1,1,9,4,5,2,17,3,10,3,1,B03,7,6,1,8,9,16,,38,38,2,12,4,120.683807,24.138724,2
8368,66000,387130000C,(04)23274275,(04)23288582,2025,06,22,17,17,臺中市,東區,0,0,0,7,,,50,,,,,,,,,,,,,,17,,,,,B12,,,1,,9,,,84,84,1,12,4,120.687499,24.135149,3
8369,66000,387130000C,(04)23274275,(04)23288582,2025,06,22,17,18,臺中市,清水區,0,0,0,7,,,70,,,,,,,,,,,,,,,,,,,B03,,,1,,2,,,58,58,1,12,4,120.562149,24.26279,3
8370,66000,387130000C,(04)23274275,(04)23288582,2025,06,22,17,20,臺中市,南屯區,0,1,0,7,2,6,50,4,2,1,5,4,6,6,4,4,5,4,5,2,17,2,9,2,1,C03,7,9,1,10,2,12,,59,59,1,12,4,120.646273,24.146792,2
8371,66000,387130000C,(04)23274275,(04)23288582,2025,06,22,17,20,臺中市,霧峰區,0,0,0,7,,,50,,,,,,,,,,,,,,,,,,,B03,,,1,,2,,,84,84,1,6,4,120.699052,24.077985,3
8372,66000,387130000C,(04)23274275,(04)23288582,2025,06,22,17,30,臺中市,西屯區,0,2,0,7,2,6,50,13,9,1,5,4,6,6,1,1,5,2,5,2,13,2,9,2,1,C03,7,9,1,10,2,11,,7,7,1,12,4,120.624816,24.196374,2
8373,66000,387130000C,(04)23274275,(04)23288582,2025,06,22,17,33,臺中市,北屯區,0,0,0,7,,,50,,,,,,,,,,,,,,17,,,,,,,,,,,,,119,119,1,,,120.693254,24.168053,3
8374,66000,387130000C,(04)23274275,(04)23288582,2025,06,22,17,34,臺中市,霧峰區,0,0,0,7,,,50,,,,,,,,,,,,,,18,,,,,B03,,,1,,11,,,84,84,1,13,4,120.67394,24.042312,3
8375,66000,387130000C,(04)23274275,(04)23288582,2025,06,22,17,35,臺中市,西屯區,0,2,0,7,3,6,40,4,1,1,5,4,6,6,1,1,1,4,1,2,12,2,9,5,4,C03,7,9,1,10,2,14,,8,8,1,12,4,120.640794,24.167694,2
8376,66000,387130000C,(04)23274275,(04)23288582,2025,06,22,17,41,臺中市,豐原區,0,0,0,7,,,60,,,,,,,,,,,,,,13,,,,,B03,,,1,,2,,,84,84,1,12,4,120.703258,24.251619,3
8377,66000,387130000C,(04)23274275,(04)23288582,2025,06,22,17,43,臺中市,東區,0,0,0,7,,,50,,,,,,,,,,,,,,12,,,,,C03,,,1,,2,,,40,40,1,12,4,120.689628,24.137752,3
8378,66000,387130000C,(04)23274275,(04)23288582,2025,06,22,17,47,臺中市,太平區,0,0,0,7,,,40,,,,,,,,,,,,,,,,,,,C03,,,1,,1,,,84,84,1,12,4,120.711673,24.149919,3
8379,66000,387130000C,(04)23274275,(04)23288582,2025,06,22,17,50,臺中市,南屯區,0,2,0,7,3,6,50,13,9,1,5,4,6,6,1,1,5,2,5,2,12,3,10,3,1,B03,7,5,1,8,2,2,,84,84,1,12,4,120.622319,24.140261,2
8380,66000,387130000C,(04)23274275,(04)23288582,2025,06,22,17,58,臺中市,南屯區,0,0,0,7,,,50,,,,,,,,,,,,,,17,,,,,B03,,,1,,1,,,87,87,1,12,4,120.608874,24.135685,3
8381,66000,387130000C,(04)23274275,(04)23288582,2025,06,22,18,0,臺中市,西區,0,0,0,7,,,50,,,,,,,,,,,,,,13,,,,,C03,,,1,,1,,,43,43,1,12,4,120.669792,24.143996,3
8382,66000,387130000C,(04)23274275,(04)23288582,2025,06,22,18,0,臺中市,豐原區,0,0,0,7,,,50,,,,,,,,,,,,,,12,,,,,B03,,,1,,2,,,84,84,1,13,4,120.719867,24.253543,3
8383,66000,387130000C,(04)23274275,(04)23288582,2025,06,22,18,1,臺中市,北屯區,0,0,0,7,,,50,,,,,,,,,,,,,,13,,,,,B03,,,1,,1,,,7,7,1,12,4,120.721732,24.174978,3
8384,66000,387130000C,(04)23274275,(04)23288582,2025,06,22,18,4,臺中市,后里區,0,1,0,7,2,6,50,5,1,1,5,4,6,6,4,4,4,5,5,1,17,2,9,2,1,C03,7,9,1,10,2,11,,85,85,1,12,2,120.709958,24.308685,2
8385,66000,387130000C,(04)23274275,(04)23288582,2025,06,22,18,9,臺中市,潭子區,0,0,0,7,,,50,,,,,,,,,,,,,,13,,,,,B03,,,1,,2,,,59,59,1,12,4,120.691085,24.215388,3
8386,66000,387130000C,(04)23274275,(04)23288582,2025,06,22,18,12,臺中市,南屯區,0,1,0,7,2,6,50,3,1,1,5,4,6,6,4,4,9,4,4,2,3,3,10,3,1,B03,7,5,5,8,2,2,,10,10,1,12,4,120.638571,24.133663,2
8387,66000,387130000C,(04)23274275,(04)23288582,2025,06,22,18,12,臺中市,烏日區,0,0,0,7,,,40,,,,,,,,,,,,,,,,,,,B03,,,1,,2,,,84,84,1,13,4,120.617857,24.119853,3
8388,66000,387130000C,(04)23274275,(04)23288582,2025,06,22,18,12,臺中市,后里區,0,0,0,7,,,50,,,,,,,,,,,,,,,,,,,B03,,,1,,2,,,49,49,1,12,4,120.721659,24.306016,3
8389,66000,387130000C,(04)23274275,(04)23288582,2025,06,22,18,21,臺中市,東區,0,1,0,7,1,6,50,3,1,1,5,4,6,6,1,1,9,4,5,2,12,3,10,3,1,B03,7,9,1,8,2,1,,7,7,1,12,4,120.707015,24.136384,2
8390,66000,387130000C,(04)23274275,(04)23288582,2025,06,22,18,30,臺中市,北屯區,0,0,0,7,1,6,50,13,9,1,5,4,6,6,4,1,1,3,5,2,14,,,,,B03,,,1,,1,,,49,49,1,12,4,120.682278,24.185353,3
8391,66000,387130000C,(04)23274275,(04)23288582,2025,06,22,18,43,臺中市,西區,0,0,0,7,,,50,,,,,,,,,,,,,,,,,,,B03,,,1,,1,,,49,49,1,6,4,120.666633,24.146728,3
8392,66000,387130000C,(04)23274275,(04)23288582,2025,06,22,18,44,臺中市,南屯區,0,0,0,7,,,50,,,,,,,,,,,,,,,,,,,B03,,,1,,1,,,84,84,1,13,4,120.650091,24.147561,3
8393,66000,387130000C,(04)23274275,(04)23288582,2025,06,22,18,44,臺中市,西屯區,0,0,0,7,,,30,,,,,,,,,,,,,,30,,,,,B03,,,1,,2,,,51,51,1,13,4,120.65478,24.1904,3
8394,66000,387130000C,(04)23274275,(04)23288582,2025,06,22,18,50,臺中市,西屯區,0,0,0,7,,,50,,,,,,,,,,,,,,13,,,,,B03,,,1,,1,,,56,56,1,12,4,120.659835,24.161729,3
8395,66000,387130000C,(04)23274275,(04)23288582,2025,06,22,18,55,臺中市,大肚區,0,0,0,7,,,30,,,,,,,,,,,,,,,,,,,B03,,,1,,1,,,51,51,1,12,4,120.553812,24.134471,3
8396,66000,387130000C,(04)23274275,(04)23288582,2025,06,22,18,58,臺中市,西區,0,1,0,7,3,6,50,4,4,1,5,4,6,6,1,1,1,2,5,2,13,2,9,1,1,C03,7,9,1,10,2,11,,7,7,1,12,4,120.65939,24.156288,2
8397,66000,387130000C,(04)23274275,(04)23288582,2025,06,22,19,2,臺中市,北區,0,1,0,7,1,6,50,4,1,1,5,4,6,6,1,1,10,5,5,2,16,2,9,1,1,C03,7,9,1,10,2,14,,59,59,1,12,2,120.68616,24.146227,2
8398,66000,387130000C,(04)23274275,(04)23288582,2025,06,22,19,2,臺中市,西屯區,0,2,0,7,1,6,50,3,1,1,5,4,6,6,4,4,5,2,4,2,16,3,10,3,1,B01,7,11,1,4,2,2,,20,20,1,12,4,120.650202,24.175837,2
8399,66000,387130000C,(04)23274275,(04)23288582,2025,06,22,19,6,臺中市,豐原區,0,2,0,7,1,6,50,13,7,1,5,4,6,6,4,4,9,5,4,2,17,2,9,1,4,C03,7,9,3,19,2,12,,7,7,1,12,4,120.727883,24.244109,2
8400,66000,387130000C,(04)23274275,(04)23288582,2025,06,22,19,7,臺中市,潭子區,0,2,0,7,1,6,60,13,14,1,5,4,6,6,4,4,1,4,4,1,17,2,9,4,1,F01,7,9,7,21,1,12,,43,43,1,13,4,120.687588,24.214192,2
8401,66000,387130000C,(04)23274275,(04)23288582,2025,06,22,19,7,臺中市,西區,0,2,0,7,1,6,50,4,1,1,5,4,6,6,1,1,10,5,5,2,16,2,9,2,1,C03,7,6,1,10,2,14,,36,36,1,12,4,120.662413,24.155386,2
8402,66000,387130000C,(04)23274275,(04)23288582,2025,06,22,19,7,臺中市,大甲區,0,1,0,7,1,6,50,4,1,1,5,4,6,6,4,4,10,5,5,2,11,3,10,5,4,B03,7,6,1,8,2,8,,14,14,1,6,4,120.622139,24.344761,2
8403,66000,387130000C,(04)23274275,(04)23288582,2025,06,22,19,8,臺中市,西屯區,0,2,0,7,1,6,50,4,1,1,5,4,6,6,4,4,10,5,5,2,15,2,9,1,1,C03,7,9,2,19,2,12,,4,4,1,12,4,120.652089,24.191177,2
8404,66000,387130000C,(04)23274275,(04)23288582,2025,06,22,19,43,臺中市,南屯區,0,1,0,7,1,6,40,13,9,1,5,4,6,6,4,4,5,5,4,2,12,2,9,1,1,C03,7,6,1,10,2,14,,48,48,1,12,4,120.614957,24.1468,2
8405,66000,387130000C,(04)23274275,(04)23288582,2025,06,22,19,43,臺中市,龍井區,0,0,0,7,,,50,,,,,,,,,,,,,,,,,,,B03,,,1,,10,,,77,77,1,12,4,120.530346,24.184226,3
8406,66000,387130000C,(04)23274275,(04)23288582,2025,06,22,19,47,臺中市,南屯區,0,0,0,7,,,50,,,,,,,,,,,,,,11,,,,,B03,,,1,,2,,,84,84,1,12,4,120.623141,24.145201,3
8407,66000,387130000C,(04)23274275,(04)23288582,2025,06,22,19,47,臺中市,西屯區,0,1,0,7,1,6,0,13,21,2,5,4,6,6,4,4,10,5,5,2,18,2,8,5,4,F01,7,9,7,21,2,12,,59,59,1,12,4,120.615368,24.182704,2
8408,66000,387130000C,(04)23274275,(04)23288582,2025,06,22,19,50,臺中市,北屯區,0,0,0,7,,,50,,,,,,,,,,,,,,,,,,,B03,,,1,,1,,,84,84,1,12,4,120.686522,24.198432,3
8409,66000,387130000C,(04)23274275,(04)23288582,2025,06,22,19,52,臺中市,太平區,0,1,0,7,1,6,50,4,19,1,5,4,6,6,2,1,10,5,5,2,3,3,10,5,4,B03,7,9,5,8,2,1,,10,10,1,12,4,120.710896,24.151066,2
8410,66000,387130000C,(04)23274275,(04)23288582,2025,06,22,19,53,臺中市,東區,0,0,0,7,,,50,,,,,,,,,,,,,,17,,,,,B03,,,6,,11,,,7,7,1,13,4,120.692282,24.12962,3
8411,66000,387130000C,(04)23274275,(04)23288582,2025,06,22,20,2,臺中市,大里區,0,0,0,6,,,50,,,,,,,,,,,,,,17,,,,,B03,,,1,,1,,,51,51,1,13,4,120.702066,24.085065,3
8412,66000,387130000C,(04)23274275,(04)23288582,2025,06,22,20,5,臺中市,南區,0,0,0,7,,,50,,,,,,,,,,,,,,13,,,,,C03,,,1,,1,,,84,84,1,12,4,120.648523,24.119534,3
8413,66000,387130000C,(04)23274275,(04)23288582,2025,06,22,20,10,臺中市,后里區,0,0,0,7,1,6,30,13,9,1,5,4,6,6,4,4,10,5,5,2,12,3,10,3,1,B03,7,9,3,19,2,2,,84,84,1,12,4,120.734868,24.312941,3
8414,66000,387130000C,(04)23274275,(04)23288582,2025,06,22,20,16,臺中市,大里區,0,1,0,7,1,6,50,4,2,1,5,4,6,6,4,4,5,5,4,2,17,3,10,3,1,B02,7,6,1,8,2,5,,48,48,1,13,4,120.68409,24.105883,2
8415,66000,387130000C,(04)23274275,(04)23288582,2025,06,22,20,17,臺中市,東區,0,2,0,7,3,6,50,3,1,1,5,4,6,6,1,1,10,5,5,2,16,3,10,5,4,B12,7,11,1,8,2,5,,45,45,1,12,4,120.684947,24.13522,2
8416,66000,387130000C,(04)23274275,(04)23288582,2025,06,22,20,20,臺中市,北屯區,0,0,0,7,,,50,,,,,,,,,,,,,,21,,,,,B02,,,1,,2,,,58,58,1,12,4,120.710589,24.177513,3
8417,66000,387130000C,(04)23274275,(04)23288582,2025,06,22,20,22,臺中市,北區,0,0,0,7,,,50,,,,,,,,,,,,,,14,,,,,B03,,,5,,2,,,49,49,1,13,4,120.697773,24.152039,3
8418,66000,387130000C,(04)23274275,(04)23288582,2025,06,22,20,23,臺中市,太平區,0,1,0,7,1,6,50,4,1,1,5,4,6,6,2,1,10,5,5,2,16,3,10,2,1,C03,7,6,1,10,2,14,,39,39,1,12,4,120.710107,24.134798,2
8419,66000,387130000C,(04)23274275,(04)23288582,2025,06,22,20,24,臺中市,北屯區,0,1,0,7,1,6,50,4,2,1,5,4,6,6,2,1,10,5,5,2,30,2,9,2,1,C03,7,9,1,10,2,14,,58,58,1,6,4,120.721013,24.172595,2
8420,66000,387130000C,(04)23274275,(04)23288582,2025,06,22,20,25,臺中市,北區,0,0,0,7,,,50,,,,,,,,,,,,,,17,,,,,B03,,,1,,1,,,13,13,1,13,4,120.692026,24.155614,3
8421,66000,387130000C,(04)23274275,(04)23288582,2025,06,22,20,30,臺中市,沙鹿區,0,0,0,6,,,50,,,,,,,,,,,,,,14,,,,,B03,,,1,,2,,,49,49,1,12,4,120.558726,24.207958,3
8422,66000,387130000C,(04)23274275,(04)23288582,2025,06,22,20,38,臺中市,北區,0,2,0,7,1,6,50,13,9,1,5,4,6,6,4,4,3,4,5,2,13,2,9,5,4,C03,7,9,1,10,2,11,,59,59,1,13,4,120.671799,24.172627,2
8423,66000,387130000C,(04)23274275,(04)23288582,2025,06,22,20,38,臺中市,東區,0,0,0,7,,,50,,,,,,,,,,,,,,,,,,,B03,,,1,,1,,,7,7,1,12,4,120.709122,24.144469,3
8424,66000,387130000C,(04)23274275,(04)23288582,2025,06,22,20,39,臺中市,北區,0,2,0,7,1,6,50,5,2,1,5,4,6,6,2,1,10,5,5,2,13,2,9,2,1,C03,7,9,1,10,2,11,,7,7,1,13,4,120.676182,24.158189,2
8425,66000,387130000C,(04)23274275,(04)23288582,2025,06,22,20,39,臺中市,東區,0,1,0,7,1,6,50,13,9,1,5,4,6,6,4,4,10,5,5,2,12,3,10,3,1,B02,7,5,1,8,2,5,,47,47,1,13,1,120.686439,24.136112,2
8426,66000,387130000C,(04)23274275,(04)23288582,2025,06,22,20,42,臺中市,北屯區,0,0,0,7,,,50,,,,,,,,,,,,,,17,,,,,B03,,,1,,1,,,51,51,1,12,4,120.684325,24.178927,3
8427,66000,387130000C,(04)23274275,(04)23288582,2025,06,22,20,58,臺中市,外埔區,0,0,0,7,1,6,30,3,2,1,5,4,6,6,4,4,10,5,5,2,12,3,10,3,1,C03,7,5,1,10,2,11,,59,59,1,12,4,120.636193,24.341952,3
8428,66000,387130000C,(04)23274275,(04)23288582,2025,06,22,21,5,臺中市,太平區,0,0,0,7,1,6,50,3,2,1,5,4,6,6,1,1,5,5,5,1,16,3,10,3,1,B12,7,9,1,8,2,1,,85,85,1,6,4,120.703419,24.112484,3
8429,66000,387130000C,(04)23274275,(04)23288582,2025,06,22,21,9,臺中市,太平區,0,2,0,7,1,6,50,13,9,1,5,4,6,6,4,4,9,4,5,2,13,3,10,1,1,C03,7,9,1,10,2,13,,87,87,1,12,4,120.713952,24.115894,2
8430,66000,387130000C,(04)23274275,(04)23288582,2025,06,22,21,15,臺中市,西屯區,0,0,0,7,,,60,,,,,,,,,,,,,,13,,,,,B03,,,1,,1,,,7,7,1,12,4,120.648,24.163443,3
8431,66000,387130000C,(04)23274275,(04)23288582,2025,06,22,21,18,臺中市,西屯區,0,0,0,7,,,60,,,,,,,,,,,,,,13,,,,,B03,,,1,,1,,,7,7,1,12,4,120.649452,24.162794,3
8432,66000,387130000C,(04)23274275,(04)23288582,2025,06,22,21,33,臺中市,西屯區,0,0,0,7,1,6,50,4,1,1,5,4,6,6,1,1,5,5,5,2,14,,,,,B03,,,1,,1,,,49,49,1,12,4,120.645541,24.172432,3
8433,66000,387130000C,(04)23274275,(04)23288582,2025,06,22,21,39,臺中市,太平區,0,2,0,7,1,6,50,13,9,1,5,4,6,6,4,4,1,4,5,2,3,2,9,6,5,H01,8,16,7,21,10,17,,95,95,1,12,5,120.718841,24.137815,2
8434,66000,387130000C,(04)23274275,(04)23288582,2025,06,22,21,40,臺中市,北區,0,0,0,7,,,50,,,,,,,,,,,,,,17,,,,,,,,,,,,,86,86,1,,,120.686768,24.163303,4
8435,66000,387130000C,(04)23274275,(04)23288582,2025,06,22,21,41,臺中市,霧峰區,0,1,0,7,1,6,40,3,1,1,5,4,6,6,1,1,5,5,5,1,16,3,10,3,1,B03,7,5,1,8,2,2,,84,84,1,13,4,120.669994,24.061683,2
8436,66000,387130000C,(04)23274275,(04)23288582,2025,06,22,22,23,臺中市,東區,0,1,0,7,1,6,50,5,1,1,5,4,6,6,1,1,10,5,5,2,16,3,10,3,1,B03,7,6,1,8,2,5,,11,11,1,12,4,120.696955,24.142722,2
8437,66000,387130000C,(04)23274275,(04)23288582,2025,06,22,22,32,臺中市,豐原區,0,2,0,7,1,6,60,5,3,1,5,4,6,6,1,1,1,4,5,2,17,2,9,1,4,C03,7,9,1,10,2,14,,84,84,1,12,4,120.729763,24.243619,2
8438,66000,387130000C,(04)23274275,(04)23288582,2025,06,22,22,35,臺中市,北屯區,0,0,0,7,,,50,,,,,,,,,,,,,,11,,,,,B03,,,1,,2,,,8,8,1,6,4,120.702631,24.173892,3
8439,66000,387130000C,(04)23274275,(04)23288582,2025,06,22,22,38,臺中市,東區,0,1,0,7,1,6,50,13,8,1,5,4,6,6,4,4,9,4,4,2,24,2,9,1,1,C03,7,9,1,10,2,11,14,84,84,1,12,4,120.693102,24.132943,2
8440,66000,387130000C,(04)23274275,(04)23288582,2025,06,22,23,3,臺中市,北區,0,2,0,7,1,6,40,4,1,1,5,4,6,6,1,1,10,5,5,2,28,2,9,5,4,C03,7,9,1,10,2,11,,84,84,1,12,4,120.676172,24.150283,2
8441,66000,387130000C,(04)23274275,(04)23288582,2025,06,22,23,10,臺中市,西屯區,0,0,0,7,,,30,,,,,,,,,,,,,,12,,,,,C03,,,1,,2,,,59,59,1,12,4,120.640397,24.17224,3
8442,66000,387130000C,(04)23274275,(04)23288582,2025,06,22,23,11,臺中市,北屯區,0,0,0,7,,,50,,,,,,,,,,,,,,16,,,,,B03,,,1,,1,,,12,12,1,12,4,120.688576,24.170557,3
8443,66000,387130000C,(04)23274275,(04)23288582,2025,06,22,23,15,臺中市,中區,0,1,0,7,1,6,50,4,1,1,5,4,6,6,1,1,10,5,5,2,3,3,10,3,1,B03,7,6,1,8,2,1,,10,10,1,12,4,120.683008,24.139218,2
8444,66000,387130000C,(04)23274275,(04)23288582,2025,06,22,23,21,臺中市,南區,0,0,0,7,,,40,,,,,,,,,,,,,,30,,,,,B03,,,1,,9,,,87,87,1,6,4,120.650594,24.111535,3
8445,66000,387130000C,(04)23274275,(04)23288582,2025,06,22,23,25,臺中市,大雅區,0,0,0,7,,,50,,,,,,,,,,,,,,15,,,,,C02,,,1,,2,,,20,20,1,13,4,120.657072,24.225187,3
8446,66000,387130000C,(04)23274275,(04)23288582,2025,06,22,23,35,臺中市,東區,0,1,0,7,3,6,50,13,7,1,5,4,6,6,1,1,5,5,5,2,17,2,9,5,4,C03,7,9,1,10,2,11,,7,7,1,6,4,120.694024,24.138769,2
8447,66000,387130000C,(04)23274275,(04)23288582,2025,06,22,23,38,臺中市,南屯區,0,2,0,7,1,6,40,4,2,1,5,4,6,6,1,1,8,3,5,1,17,2,9,1,1,C03,7,9,1,10,2,12,,85,85,1,12,4,120.651349,24.148825,2
8448,66000,387130000C,(04)23274275,(04)23288582,2025,06,22,23,40,臺中市,沙鹿區,0,0,0,6,,,60,,,,,,,,,,,,,,13,,,,,B03,,,3,,2,,,7,7,1,12,4,120.58641,24.249966,3
8449,66000,387130000C,(04)23274275,(04)23288582,2025,06,22,23,45,臺中市,北區,0,0,0,7,,,50,,,,,,,,,,,,,,13,,,,,B01,,,1,,2,5,,59,59,1,12,4,120.684933,24.142754,3
8450,66000,387130000C,(04)23274275,(04)23288582,2025,06,23,0,24,臺中市,南區,0,0,0,7,,,50,,,,,,,,,,,,,,13,,,,,B03,,,1,,1,,,56,56,1,6,4,120.666824,24.119158,3
8451,66000,387130000C,(04)23274275,(04)23288582,2025,06,23,0,44,臺中市,北區,0,0,0,7,,,50,,,,,,,,,,,,,,17,,,,,B01,,,1,,1,,,84,84,1,12,4,120.677776,24.150185,3
8452,66000,387130000C,(04)23274275,(04)23288582,2025,06,23,1,0,臺中市,南區,0,0,0,7,,,50,,,,,,,,,,,,,,,,,,,C03,,,1,,2,,,8,8,1,6,4,120.674155,24.13045,3
8453,66000,387130000C,(04)23274275,(04)23288582,2025,06,23,2,48,臺中市,西屯區,0,1,0,7,1,6,50,13,9,1,5,4,6,6,4,4,1,4,5,2,18,2,9,1,1,C03,7,9,1,10,2,14,,59,59,1,12,4,120.651754,24.187653,2