﻿序號,縣市別代碼,機關代碼,市話,傳真,年,月,日,時,分,縣市,區,死亡數量,受傷數量,2-30,天候,道路照明設備,道路類別,道路速限,道路型態,事故位置,路面鋪裝,路面狀態,路面缺陷,障礙物,視距,號誌種類,號誌動作,分向設施,快車道或一般車道間,快慢車道間,路面邊線,事故類型及型態,受傷程度,主要傷處,保護裝備,行動電話或功能裝置,當事者區分_類別,車輛用途,當事者行動狀態,駕照狀態,駕照種類,飲酒情形,車輛撞擊部位最初,車輛撞擊部位其他,肇事因素個別,肇事因素主要,肇事逃逸,職業,共享經濟或外送平台,GPS座標X,GPS座標Y,事故類別
8454,66000,387130000C,(04)23274275,(04)23288582,2025,06,23,4,58,臺中市,南屯區,0,0,0,7,,,50,,,,,,,,,,,,,,17,,,,,,,,,,,,,119,119,1,,,120.642163,24.146617,3
8455,66000,387130000C,(04)23274275,(04)23288582,2025,06,23,5,28,臺中市,太平區,0,1,0,7,2,6,40,11,9,1,5,4,6,6,4,4,5,5,5,1,17,3,10,3,1,B12,7,1,1,8,2,8,,51,51,1,6,4,120.755185,24.121328,2
8456,66000,387130000C,(04)23274275,(04)23288582,2025,06,23,6,7,臺中市,太平區,0,1,0,7,2,6,50,13,9,1,5,4,6,6,4,4,1,4,5,2,17,2,9,1,1,C03,7,9,1,10,2,12,,85,85,1,6,4,120.721945,24.144927,2
8457,66000,387130000C,(04)23274275,(04)23288582,2025,06,23,6,21,臺中市,神岡區,0,0,0,7,,,50,,,,,,,,,,,,,,12,,,,,B03,,,1,,1,,,7,7,1,13,4,120.663878,24.272683,3
8458,66000,387130000C,(04)23274275,(04)23288582,2025,06,23,6,45,臺中市,大安區,0,2,0,7,2,6,30,4,1,1,5,4,6,6,3,1,10,5,5,2,15,2,9,2,1,C03,7,9,1,10,2,11,,24,24,1,6,4,120.595535,24.372592,2
8459,66000,387130000C,(04)23274275,(04)23288582,2025,06,23,6,46,臺中市,西屯區,0,1,0,7,2,6,50,4,1,1,5,4,6,6,1,1,10,5,5,2,16,3,10,5,1,B03,7,6,1,8,2,4,,23,23,1,12,4,120.647384,24.159428,2
8460,66000,387130000C,(04)23274275,(04)23288582,2025,06,23,6,46,臺中市,太平區,0,1,0,7,2,6,30,4,1,1,5,4,6,6,4,4,10,5,5,2,15,3,10,3,1,B03,7,9,1,8,2,5,,15,15,1,12,4,120.723934,24.141731,2
8461,66000,387130000C,(04)23274275,(04)23288582,2025,06,23,6,47,臺中市,南屯區,0,1,0,7,2,6,50,13,9,1,5,4,6,6,4,4,10,5,5,2,17,2,9,1,1,C03,7,2,1,10,2,13,,84,84,1,12,4,120.647549,24.148578,2
8462,66000,387130000C,(04)23274275,(04)23288582,2025,06,23,6,48,臺中市,西屯區,0,2,0,7,2,6,60,13,8,1,5,4,6,6,4,4,5,4,4,2,1,2,9,2,1,C03,7,9,1,10,2,15,,87,87,1,12,4,120.647556,24.173702,2
8463,66000,387130000C,(04)23274275,(04)23288582,2025,06,23,6,48,臺中市,清水區,0,1,0,7,2,6,50,13,9,1,5,4,6,6,4,4,8,3,5,1,12,3,10,1,1,C03,7,9,1,10,4,12,,8,8,1,12,4,120.548544,24.264396,2
8464,66000,387130000C,(04)23274275,(04)23288582,2025,06,23,6,51,臺中市,北屯區,0,1,0,7,1,6,50,13,9,1,5,4,6,6,1,1,3,4,5,2,13,3,10,1,1,C04,7,9,1,10,2,11,,84,84,1,13,4,120.710234,24.18197,2
8465,66000,387130000C,(04)23274275,(04)23288582,2025,06,23,6,58,臺中市,北區,0,1,0,7,2,6,50,4,1,1,5,4,6,6,1,1,5,5,4,2,17,2,8,1,1,C03,7,6,1,10,2,12,,34,34,1,12,4,120.682378,24.159066,2
8466,66000,387130000C,(04)23274275,(04)23288582,2025,06,23,7,0,臺中市,大雅區,0,1,0,7,3,6,50,3,1,1,5,4,6,6,4,4,9,4,5,1,16,3,10,3,1,B03,7,6,1,8,2,5,,14,14,1,13,4,120.666576,24.232869,2
8467,66000,387130000C,(04)23274275,(04)23288582,2025,06,23,7,0,臺中市,大肚區,0,0,0,7,,,40,,,,,,,,,,,,,,13,,,,,B02,,,1,,1,,,39,39,1,6,4,120.55226,24.136139,3
8468,66000,387130000C,(04)23274275,(04)23288582,2025,06,23,7,3,臺中市,北屯區,0,2,0,7,2,6,50,4,1,1,5,4,6,6,4,4,10,5,5,2,16,2,9,2,1,C03,7,9,1,10,2,12,14,85,85,1,13,4,120.701879,24.167529,2
8469,66000,387130000C,(04)23274275,(04)23288582,2025,06,23,7,4,臺中市,龍井區,0,2,0,7,2,6,30,4,1,1,5,4,4,6,4,4,10,5,5,2,15,2,9,1,1,C03,7,9,1,10,2,11,,6,6,1,6,4,120.54469,24.205649,2
8470,66000,387130000C,(04)23274275,(04)23288582,2025,06,23,7,7,臺中市,豐原區,0,0,0,7,2,6,50,3,7,1,5,4,6,6,4,4,5,5,4,2,12,3,10,1,1,C03,7,9,1,10,2,12,,8,8,1,12,4,120.725653,24.24305,3
8471,66000,387130000C,(04)23274275,(04)23288582,2025,06,23,7,8,臺中市,北屯區,0,1,0,7,2,6,50,13,7,1,5,4,6,6,4,4,5,5,4,2,13,2,7,1,1,C03,7,9,1,10,2,11,,7,7,1,12,4,120.6937,24.165048,2
8472,66000,387130000C,(04)23274275,(04)23288582,2025,06,23,7,9,臺中市,北屯區,0,0,0,7,,,50,,,,,,,,,,,,,,16,,,,,B03,,,1,,1,,,14,14,1,12,4,120.720484,24.162908,3
8473,66000,387130000C,(04)23274275,(04)23288582,2025,06,23,7,10,臺中市,清水區,0,1,0,7,2,6,50,3,9,1,5,4,6,6,4,4,8,3,5,1,12,3,10,3,1,B03,7,6,1,8,2,4,,14,14,1,12,4,120.595486,24.305418,2
8474,66000,387130000C,(04)23274275,(04)23288582,2025,06,23,7,12,臺中市,沙鹿區,0,0,0,7,,,50,,,,,,,,,,,,,,,,,,,B03,,,1,,1,,,78,78,1,13,4,120.552306,24.216459,3
8475,66000,387130000C,(04)23274275,(04)23288582,2025,06,23,7,13,臺中市,大里區,0,0,0,7,,,60,,,,,,,,,,,,,,17,,,,,C03,,,1,,1,,,7,7,1,6,4,120.687433,24.086936,3
8476,66000,387130000C,(04)23274275,(04)23288582,2025,06,23,7,17,臺中市,北屯區,0,0,0,7,,,50,,,,,,,,,,,,,,13,,,,,B03,,,1,,1,,,56,56,1,6,4,120.673673,24.174073,3
8477,66000,387130000C,(04)23274275,(04)23288582,2025,06,23,7,20,臺中市,大雅區,0,1,0,7,3,6,30,4,1,1,5,4,6,6,4,4,10,5,5,1,17,2,7,1,1,C03,7,9,1,10,2,11,,15,15,1,13,4,120.655045,24.215697,2
8478,66000,387130000C,(04)23274275,(04)23288582,2025,06,23,7,20,臺中市,南屯區,0,0,0,7,,,50,,,,,,,,,,,,,,13,,,,,B03,,,1,,1,,,7,7,1,12,4,120.635428,24.14362,3
8479,66000,387130000C,(04)23274275,(04)23288582,2025,06,23,7,23,臺中市,烏日區,0,2,0,7,2,6,50,4,1,1,5,4,6,6,2,1,10,5,5,2,15,2,3,1,1,C03,7,9,1,10,2,11,,21,21,1,6,4,120.644169,24.085755,2
8480,66000,387130000C,(04)23274275,(04)23288582,2025,06,23,7,23,臺中市,梧棲區,0,0,0,7,,,50,,,,,,,,,,,,,,17,,,,,B03,,,1,,2,,,50,50,1,6,4,120.54061,24.255534,3
8481,66000,387130000C,(04)23274275,(04)23288582,2025,06,23,7,26,臺中市,南屯區,0,0,0,7,,,50,,,,,,,,,,,,,,13,,,,,C03,,,1,,2,,,7,7,1,13,4,120.614391,24.139367,3
8482,66000,387130000C,(04)23274275,(04)23288582,2025,06,23,7,26,臺中市,東勢區,0,2,0,7,2,6,40,13,8,1,5,4,6,6,4,4,5,5,4,1,13,2,9,1,4,C03,7,14,3,19,2,11,,84,84,1,12,4,120.815902,24.279176,2
8483,66000,387130000C,(04)23274275,(04)23288582,2025,06,23,7,29,臺中市,大里區,0,0,0,7,,,40,,,,,,,,,,,,,,,,,,,C03,,,1,,2,,,8,8,1,12,4,120.694671,24.111811,3
8484,66000,387130000C,(04)23274275,(04)23288582,2025,06,23,7,30,臺中市,西區,0,1,0,7,2,6,50,13,7,1,5,4,6,6,1,1,1,5,5,2,13,2,9,1,1,C03,7,8,1,10,2,11,12,35,35,1,13,4,120.666393,24.133614,2
8485,66000,387130000C,(04)23274275,(04)23288582,2025,06,23,7,30,臺中市,大肚區,0,0,0,7,,,50,,,,,,,,,,,,,,13,,,,,B03,,,1,,1,,,59,59,1,6,4,120.544177,24.154137,3
8486,66000,387130000C,(04)23274275,(04)23288582,2025,06,23,7,30,臺中市,后里區,0,0,0,7,2,6,50,13,4,1,5,4,6,6,1,1,5,5,4,1,12,3,10,3,1,B03,7,9,1,8,2,14,,39,39,1,12,4,120.690453,24.314061,3
8487,66000,387130000C,(04)23274275,(04)23288582,2025,06,23,7,33,臺中市,北區,0,0,0,7,,,50,,,,,,,,,,,,,,17,,,,,B03,,,1,,1,,,40,40,1,13,4,120.670168,24.173471,3
8488,66000,387130000C,(04)23274275,(04)23288582,2025,06,23,7,33,臺中市,南屯區,0,0,0,7,,,50,,,,,,,,,,,,,,13,,,,,B03,,,1,,2,,,59,59,1,13,4,120.611931,24.136532,3
8489,66000,387130000C,(04)23274275,(04)23288582,2025,06,23,7,35,臺中市,南屯區,0,0,0,7,,,50,,,,,,,,,,,,,,13,,,,,B03,,,1,,1,,,84,84,1,6,4,120.626126,24.112608,3
8490,66000,387130000C,(04)23274275,(04)23288582,2025,06,23,7,35,臺中市,大安區,0,1,0,7,2,6,40,13,9,1,5,4,6,6,4,4,7,5,5,2,12,3,10,3,1,B03,7,1,1,8,2,5,,51,51,1,12,4,120.605191,24.362375,2
8491,66000,387130000C,(04)23274275,(04)23288582,2025,06,23,7,36,臺中市,大里區,0,1,0,7,2,6,50,3,1,1,5,4,6,6,4,4,10,5,5,2,17,3,10,1,1,C03,7,6,1,10,2,12,,14,14,1,6,4,120.716635,24.095354,2
8492,66000,387130000C,(04)23274275,(04)23288582,2025,06,23,7,40,臺中市,潭子區,0,0,0,7,,,50,,,,,,,,,,,,,,13,,,,,B03,,,1,,2,,,7,7,1,12,4,120.680015,24.206736,3
8493,66000,387130000C,(04)23274275,(04)23288582,2025,06,23,7,41,臺中市,西屯區,0,0,0,7,,,60,,,,,,,,,,,,,,13,,,,,B03,,,1,,1,,,7,7,1,13,4,120.637853,24.170122,3
8494,66000,387130000C,(04)23274275,(04)23288582,2025,06,23,7,43,臺中市,北屯區,0,1,0,7,2,6,50,13,9,1,5,4,6,6,4,4,10,5,5,2,17,3,10,1,1,C03,7,5,1,10,2,13,,20,20,1,13,4,120.709756,24.179718,2
8495,66000,387130000C,(04)23274275,(04)23288582,2025,06,23,7,47,臺中市,霧峰區,0,2,0,7,2,6,50,4,2,1,5,4,6,6,3,1,4,3,5,1,17,2,9,2,1,C03,7,9,1,10,2,14,,24,24,1,6,4,120.698065,24.069364,2
8496,66000,387130000C,(04)23274275,(04)23288582,2025,06,23,7,48,臺中市,北屯區,0,1,0,7,2,6,50,13,9,1,5,4,6,6,4,4,3,3,5,2,16,3,10,3,1,B03,7,5,1,8,2,2,,84,84,1,13,4,120.693522,24.163367,2
8497,66000,387130000C,(04)23274275,(04)23288582,2025,06,23,7,50,臺中市,潭子區,0,0,0,7,,,60,,,,,,,,,,,,,,,,,,,,,,,,,,,119,119,1,,,120.689546,24.222847,3
8498,66000,387130000C,(04)23274275,(04)23288582,2025,06,23,7,50,臺中市,南屯區,0,1,0,7,3,6,50,4,1,1,5,4,6,6,1,1,10,5,5,2,13,3,10,3,1,B03,7,9,1,8,2,2,,84,84,1,12,4,120.64679,24.146683,2
8499,66000,387130000C,(04)23274275,(04)23288582,2025,06,23,7,50,臺中市,清水區,0,2,0,7,2,6,30,11,9,1,5,4,6,6,4,4,9,4,5,2,11,2,9,1,1,C03,7,6,1,10,2,11,,41,41,1,12,4,120.633516,24.282666,2
8500,66000,387130000C,(04)23274275,(04)23288582,2025,06,23,7,52,臺中市,北區,0,0,0,7,2,6,50,13,9,1,5,4,6,6,4,4,5,,5,2,12,3,10,1,1,C03,7,9,1,10,1,12,,84,84,1,12,4,120.687837,24.150332,4
8501,66000,387130000C,(04)23274275,(04)23288582,2025,06,23,7,53,臺中市,西區,0,1,0,7,3,6,50,13,9,1,5,4,6,6,4,4,9,5,5,2,17,2,9,1,1,C03,7,15,1,10,2,12,,84,84,1,13,4,120.65861,24.159038,2
8502,66000,387130000C,(04)23274275,(04)23288582,2025,06,23,7,53,臺中市,南屯區,0,1,0,7,3,6,50,11,9,1,5,4,6,6,4,4,10,5,5,2,11,3,10,5,4,B01,7,9,1,4,2,8,4,84,84,1,6,4,120.592373,24.143729,2
8503,66000,387130000C,(04)23274275,(04)23288582,2025,06,23,7,54,臺中市,后里區,0,1,0,7,2,6,50,3,2,1,5,4,6,6,4,4,5,5,5,2,18,2,9,2,1,C03,7,9,1,10,2,14,,84,84,1,12,4,120.73164,24.304835,2
8504,66000,387130000C,(04)23274275,(04)23288582,2025,06,23,7,55,臺中市,西屯區,0,1,0,7,2,6,50,4,1,1,5,4,6,6,1,1,8,4,5,1,17,2,9,5,4,C03,7,9,1,10,1,11,,84,84,1,13,4,120.636,24.176023,2
8505,66000,387130000C,(04)23274275,(04)23288582,2025,06,23,7,55,臺中市,梧棲區,0,0,0,7,,,40,,,,,,,,,,,,,,13,,,,,C03,,,1,,11,,,7,7,1,6,4,120.513558,24.227653,3
8506,66000,387130000C,(04)23274275,(04)23288582,2025,06,23,7,56,臺中市,潭子區,0,2,0,7,2,6,50,13,9,1,5,4,6,6,4,4,10,5,5,1,20,2,9,1,1,C03,7,9,1,10,2,12,,59,59,1,13,4,120.716803,24.212307,2
8507,66000,387130000C,(04)23274275,(04)23288582,2025,06,23,7,56,臺中市,神岡區,0,0,0,7,,,50,,,,,,,,,,,,,,13,,,,,B03,,,1,,1,,,59,59,1,12,4,120.696854,24.233859,3
8508,66000,387130000C,(04)23274275,(04)23288582,2025,06,23,7,59,臺中市,南屯區,0,2,0,7,2,6,50,13,9,1,5,4,6,6,4,4,5,4,5,2,12,2,9,2,1,C03,7,1,1,10,2,13,,51,51,1,13,4,120.633102,24.158209,2
8509,66000,387130000C,(04)23274275,(04)23288582,2025,06,23,7,59,臺中市,北屯區,0,0,0,7,,,50,,,,,,,,,,,,,,9,,,,,C03,,,1,10,1,,,40,40,1,12,4,120.706999,24.189861,3
8510,66000,387130000C,(04)23274275,(04)23288582,2025,06,23,7,59,臺中市,太平區,0,0,0,7,,,50,,,,,,,,,,,,,,,,,,,B12,,,1,,1,,,51,51,1,6,4,120.719405,24.146479,3
8511,66000,387130000C,(04)23274275,(04)23288582,2025,06,23,8,0,臺中市,大甲區,0,0,0,7,,,40,,,,,,,,,,,,,,,,,,,B03,,,1,,2,,,8,8,1,12,4,120.616674,24.348253,4
8512,66000,387130000C,(04)23274275,(04)23288582,2025,06,23,8,2,臺中市,北屯區,0,2,0,7,2,6,50,4,1,1,5,4,6,6,2,1,10,5,5,2,12,3,10,3,1,B12,7,9,1,8,2,2,,84,84,1,12,4,120.698364,24.172746,2
8513,66000,387130000C,(04)23274275,(04)23288582,2025,06,23,8,3,臺中市,西區,0,0,0,7,,,50,,,,,,,,,,,,,,,,,,,B03,,,1,8,1,,,84,84,1,13,4,120.661828,24.147279,3
8514,66000,387130000C,(04)23274275,(04)23288582,2025,06,23,8,3,臺中市,沙鹿區,0,0,0,7,,,60,,,,,,,,,,,,,,12,,,,,B03,,,1,,1,,,40,40,1,13,4,120.597137,24.250142,3
8515,66000,387130000C,(04)23274275,(04)23288582,2025,06,23,8,5,臺中市,北屯區,0,1,0,7,3,6,50,4,1,1,5,4,6,6,4,4,10,5,5,2,16,3,10,3,1,B03,7,5,1,8,2,2,,14,14,1,12,4,120.702145,24.18451,2
8516,66000,387130000C,(04)23274275,(04)23288582,2025,06,23,8,5,臺中市,北屯區,0,1,0,7,2,6,40,4,1,1,5,4,6,6,1,1,10,5,5,2,16,2,9,5,4,C03,7,6,1,10,2,14,,48,48,1,12,4,120.718009,24.167973,2
8517,66000,387130000C,(04)23274275,(04)23288582,2025,06,23,8,7,臺中市,潭子區,0,3,0,7,2,6,60,13,8,1,5,4,6,6,4,4,1,4,4,1,12,3,10,3,1,B03,7,7,1,8,2,5,,40,40,1,13,4,120.705289,24.214262,2
8518,66000,387130000C,(04)23274275,(04)23288582,2025,06,23,8,9,臺中市,大里區,0,0,0,7,,,50,,,,,,,,,,,,,,14,,,,,B12,,,1,,2,,,49,49,1,12,4,120.692266,24.110669,3
8519,66000,387130000C,(04)23274275,(04)23288582,2025,06,23,8,12,臺中市,北區,0,1,0,7,2,6,50,3,2,1,5,4,6,6,4,4,5,5,5,2,30,2,9,2,1,C03,7,9,1,10,2,11,,84,84,1,13,4,120.676435,24.164449,2
8520,66000,387130000C,(04)23274275,(04)23288582,2025,06,23,8,13,臺中市,東區,0,1,0,7,2,6,30,4,1,1,5,4,6,6,4,4,10,5,5,2,15,3,10,3,1,B03,7,9,1,8,2,1,,12,12,1,12,4,120.708321,24.141204,2
8521,66000,387130000C,(04)23274275,(04)23288582,2025,06,23,8,13,臺中市,太平區,0,0,0,7,2,6,40,,,,,,,,,,,,,,,,,,,B03,,,1,,2,8,,84,84,1,12,4,120.702602,24.148248,3
8522,66000,387130000C,(04)23274275,(04)23288582,2025,06,23,8,15,臺中市,南屯區,0,1,0,7,2,6,50,13,8,1,5,4,6,6,4,4,4,3,4,2,13,2,9,2,4,C03,7,9,1,10,2,11,,7,7,1,13,4,120.629136,24.121204,2
8523,66000,387130000C,(04)23274275,(04)23288582,2025,06,23,8,15,臺中市,北屯區,0,0,0,7,,,40,,,,,,,,,,,,,,12,,,,,B03,,,1,,1,,,84,84,1,6,4,120.730646,24.161152,3
8524,66000,387130000C,(04)23274275,(04)23288582,2025,06,23,8,17,臺中市,龍井區,0,0,0,7,,,30,,,,,,,,,,,,,,16,,,,,B03,,,1,,2,,,6,6,1,12,4,120.596843,24.189274,3
8525,66000,387130000C,(04)23274275,(04)23288582,2025,06,23,8,20,臺中市,潭子區,0,1,0,7,2,6,30,4,1,1,5,4,6,1,4,4,10,5,5,2,15,2,8,2,1,C03,7,9,1,10,2,11,,15,15,1,13,4,120.678331,24.206723,2
8526,66000,387130000C,(04)23274275,(04)23288582,2025,06,23,8,21,臺中市,烏日區,0,0,0,7,,,50,,,,,,,,,,,,,,13,,,,,B03,,,1,,1,,,59,59,1,13,4,120.648123,24.085967,3
8527,66000,387130000C,(04)23274275,(04)23288582,2025,06,23,8,24,臺中市,潭子區,0,1,0,7,2,6,50,4,1,1,5,4,6,6,4,4,10,5,5,2,11,3,10,3,1,B03,7,6,1,8,2,8,,48,48,1,13,4,120.702391,24.224566,2
8528,66000,387130000C,(04)23274275,(04)23288582,2025,06,23,8,24,臺中市,西屯區,0,2,0,7,2,6,50,4,1,1,5,4,6,6,1,1,10,5,5,2,13,2,8,5,4,C03,7,9,1,10,2,11,,7,7,1,12,4,120.656877,24.200392,2
8529,66000,387130000C,(04)23274275,(04)23288582,2025,06,23,8,28,臺中市,北區,0,1,0,7,2,6,50,4,8,1,5,4,6,6,1,1,5,4,4,2,17,3,10,3,1,B03,7,14,1,8,2,2,,76,76,1,12,4,120.692477,24.151743,2
8530,66000,387130000C,(04)23274275,(04)23288582,2025,06,23,8,29,臺中市,西屯區,0,1,0,7,2,6,40,4,1,1,5,4,6,6,2,1,1,5,1,2,12,2,7,5,4,C03,7,9,1,10,2,14,,84,84,1,13,4,120.61978,24.180941,2
8531,66000,387130000C,(04)23274275,(04)23288582,2025,06,23,8,30,臺中市,清水區,0,1,0,7,2,6,50,4,1,1,5,4,6,6,4,4,8,3,5,1,15,3,10,3,1,B03,7,9,1,8,2,4,,12,12,1,12,4,120.562197,24.275947,2
8532,66000,387130000C,(04)23274275,(04)23288582,2025,06,23,8,31,臺中市,太平區,0,1,0,7,2,6,50,3,4,1,5,4,6,6,4,4,5,5,5,1,17,3,10,5,4,C03,7,3,1,10,2,14,,84,84,1,12,4,120.702285,24.148228,2
8533,66000,387130000C,(04)23274275,(04)23288582,2025,06,23,8,32,臺中市,西區,0,0,0,7,,,50,,,,,,,,,,,,,,,,,,,B03,,,1,,1,,,84,84,1,6,4,120.669831,24.149735,3
8534,66000,387130000C,(04)23274275,(04)23288582,2025,06,23,8,32,臺中市,龍井區,0,0,0,7,,,60,,,,,,,,,,,,,,13,,,,,B02,,,1,,1,,,7,7,1,12,4,120.574167,24.181148,3
8535,66000,387130000C,(04)23274275,(04)23288582,2025,06,23,8,33,臺中市,南區,0,0,0,7,,,50,,,,,,,,,,,,,,17,,,,,B03,,,1,,1,,,8,8,1,12,4,120.680449,24.133566,3
8536,66000,387130000C,(04)23274275,(04)23288582,2025,06,23,8,34,臺中市,北區,0,1,0,7,2,6,50,3,2,1,5,4,6,6,4,4,10,5,5,2,12,2,9,2,1,C04,7,9,1,10,2,12,,39,39,1,13,4,120.667661,24.17164,2
8537,66000,387130000C,(04)23274275,(04)23288582,2025,06,23,8,36,臺中市,南屯區,0,0,0,7,,,50,,,,,,,,,,,,,,13,,,,,B01,,,1,,1,,,84,84,1,12,4,120.646789,24.142312,3
8538,66000,387130000C,(04)23274275,(04)23288582,2025,06,23,8,36,臺中市,烏日區,0,0,0,7,,,50,,,,,,,,,,,,,,,,,,,B13,,,1,,2,,,56,56,1,12,4,120.587637,24.13729,3
8539,66000,387130000C,(04)23274275,(04)23288582,2025,06,23,8,36,臺中市,沙鹿區,0,1,0,7,2,6,30,11,9,1,5,4,6,6,4,4,10,5,5,1,17,3,10,5,4,C03,7,9,1,10,2,16,,41,41,1,13,4,120.5934,24.218395,2
8540,66000,387130000C,(04)23274275,(04)23288582,2025,06,23,8,41,臺中市,南屯區,0,0,0,7,,,50,,,,,,,,,,,,,,,,,,,C03,,,1,,1,,,84,84,1,13,4,120.631844,24.144879,4
8541,66000,387130000C,(04)23274275,(04)23288582,2025,06,23,8,42,臺中市,南區,0,0,0,7,,,50,,,,,,,,,,,,,,16,,,,,B03,,,1,,1,,,84,84,1,13,4,120.658996,24.117151,3
8542,66000,387130000C,(04)23274275,(04)23288582,2025,06,23,8,42,臺中市,西屯區,0,0,0,7,,,60,,,,,,,,,,,,,,12,,,,,,,,,,,,,8,8,1,,,120.649097,24.162935,3
8543,66000,387130000C,(04)23274275,(04)23288582,2025,06,23,8,43,臺中市,大里區,0,2,0,7,3,6,50,4,1,1,5,4,6,6,1,1,10,5,5,2,16,2,8,2,1,C03,7,6,1,10,2,12,,11,11,1,13,4,120.692565,24.120086,2
8544,66000,387130000C,(04)23274275,(04)23288582,2025,06,23,8,45,臺中市,潭子區,0,1,0,7,2,6,60,13,7,1,5,4,5,6,4,4,1,4,4,1,12,3,10,3,1,B03,7,7,1,8,2,5,,40,40,1,13,4,120.705257,24.214272,2
8545,66000,387130000C,(04)23274275,(04)23288582,2025,06,23,8,46,臺中市,西屯區,0,1,0,7,2,6,60,4,1,1,5,4,6,6,2,1,5,4,4,2,12,2,8,2,1,C03,7,1,1,10,2,14,,87,87,1,12,4,120.664726,24.178119,2
8546,66000,387130000C,(04)23274275,(04)23288582,2025,06,23,8,47,臺中市,北屯區,0,0,0,7,,,50,,,,,,,,,,,,,,13,,,,,A11,,,1,,2,,,84,84,1,6,4,120.664302,24.185531,3
8547,66000,387130000C,(04)23274275,(04)23288582,2025,06,23,8,50,臺中市,北區,0,0,0,7,,,30,,,,,,,,,,,,,,14,,,,,B12,,,1,,1,,,84,84,1,13,4,120.665678,24.154495,3
8548,66000,387130000C,(04)23274275,(04)23288582,2025,06,23,8,53,臺中市,烏日區,0,2,0,7,2,6,30,4,1,1,5,4,6,6,4,4,10,5,5,2,17,2,9,1,1,C03,7,9,1,10,9,12,,20,20,1,13,4,120.637309,24.078334,2
8549,66000,387130000C,(04)23274275,(04)23288582,2025,06,23,8,54,臺中市,西屯區,0,1,0,7,2,6,40,4,1,1,5,4,6,6,1,1,10,5,5,2,17,2,9,5,4,C03,7,6,1,10,2,12,,4,4,1,13,4,120.637283,24.173182,2
8550,66000,387130000C,(04)23274275,(04)23288582,2025,06,23,8,54,臺中市,烏日區,0,0,0,7,,,50,,,,,,,,,,,,,,13,,,,,B03,,,1,,1,,,59,59,1,13,4,120.652433,24.090112,3
8551,66000,387130000C,(04)23274275,(04)23288582,2025,06,23,8,55,臺中市,北區,0,2,0,7,2,6,30,4,1,1,5,4,6,6,4,4,10,5,5,2,17,2,9,5,1,C03,7,6,1,10,2,11,,14,14,1,13,4,120.667419,24.161848,2
8552,66000,387130000C,(04)23274275,(04)23288582,2025,06,23,8,56,臺中市,西屯區,0,1,0,7,2,6,40,13,8,1,5,4,6,6,4,4,1,4,1,1,18,2,9,5,4,C03,7,9,1,10,2,12,,59,59,1,13,4,120.626942,24.158723,2
8553,66000,387130000C,(04)23274275,(04)23288582,2025,06,23,8,56,臺中市,霧峰區,0,1,0,7,2,6,50,3,2,1,5,4,6,6,1,1,3,4,4,1,13,2,9,1,1,C03,7,9,1,10,2,11,,7,7,1,12,4,120.70017,24.07499,2
8554,66000,387130000C,(04)23274275,(04)23288582,2025,06,23,9,4,臺中市,南屯區,0,0,0,7,,,50,,,,,,,,,,,,,,12,,,,,B03,,,1,,1,,,2,2,1,13,4,120.622324,24.150066,3
8555,66000,387130000C,(04)23274275,(04)23288582,2025,06,23,9,6,臺中市,南區,0,1,0,7,3,6,50,3,1,1,5,4,6,6,4,4,10,5,5,2,18,2,9,1,1,C03,7,9,1,10,2,14,,84,84,1,12,4,120.659552,24.12562,2
8556,66000,387130000C,(04)23274275,(04)23288582,2025,06,23,9,9,臺中市,西屯區,0,2,0,7,1,6,50,4,1,1,5,4,6,6,1,1,10,5,5,2,15,2,8,5,4,C03,7,9,1,10,2,12,,21,21,1,12,4,120.646861,24.174894,2
8557,66000,387130000C,(04)23274275,(04)23288582,2025,06,23,9,9,臺中市,大里區,0,0,0,7,,,30,,,,,,,,,,,,,,,,,,,B03,,,1,,1,,,84,84,1,12,4,120.675862,24.109253,3
8558,66000,387130000C,(04)23274275,(04)23288582,2025,06,23,9,10,臺中市,神岡區,0,1,0,7,1,6,50,13,9,1,5,4,6,6,4,4,5,5,5,1,12,2,9,1,4,C03,7,1,1,10,2,14,,51,51,1,12,4,120.655397,24.279631,2
8559,66000,387130000C,(04)23274275,(04)23288582,2025,06,23,9,11,臺中市,西屯區,0,1,0,7,2,6,50,13,7,1,5,4,6,6,4,4,1,4,4,2,23,2,9,5,4,B03,7,9,5,19,11,5,,59,59,1,13,4,120.65907,24.193775,2
8560,66000,387130000C,(04)23274275,(04)23288582,2025,06,23,9,14,臺中市,東區,0,1,0,7,2,6,50,4,1,1,5,4,6,6,2,1,10,5,5,2,15,3,10,2,1,C03,7,9,1,10,2,11,,21,21,1,12,4,120.689051,24.134094,2
8561,66000,387130000C,(04)23274275,(04)23288582,2025,06,23,9,17,臺中市,大雅區,0,0,0,7,,,60,,,,,,,,,,,,,,,,,,,B03,,,1,,1,,,7,7,1,13,4,120.646776,24.222323,3
8562,66000,387130000C,(04)23274275,(04)23288582,2025,06,23,9,23,臺中市,大里區,0,2,0,7,3,6,50,4,1,1,5,4,6,6,4,4,5,4,4,2,15,2,9,5,4,C03,7,9,1,10,2,11,,12,12,1,13,4,120.692129,24.112095,2
8563,66000,387130000C,(04)23274275,(04)23288582,2025,06,23,9,26,臺中市,梧棲區,0,0,0,7,,,50,,,,,,,,,,,,,,17,,,,,B03,,,1,,2,,,50,50,1,6,4,120.543138,24.242788,3