﻿序號,縣市別代碼,機關代碼,市話,傳真,年,月,日,時,分,縣市,區,死亡數量,受傷數量,2-30,天候,道路照明設備,道路類別,道路速限,道路型態,事故位置,路面鋪裝,路面狀態,路面缺陷,障礙物,視距,號誌種類,號誌動作,分向設施,快車道或一般車道間,快慢車道間,路面邊線,事故類型及型態,受傷程度,主要傷處,保護裝備,行動電話或功能裝置,當事者區分_類別,車輛用途,當事者行動狀態,駕照狀態,駕照種類,飲酒情形,車輛撞擊部位最初,車輛撞擊部位其他,肇事因素個別,肇事因素主要,肇事逃逸,職業,共享經濟或外送平台,GPS座標X,GPS座標Y,事故類別
8676,66000,387130000C,(04)23274275,(04)23288582,2025,06,23,14,0,臺中市,沙鹿區,0,0,0,7,,,50,,,,,,,,,,,,,,12,,,,,B03,,,1,,2,,,51,51,1,12,4,120.567836,24.226461,3
8677,66000,387130000C,(04)23274275,(04)23288582,2025,06,23,14,7,臺中市,南區,0,1,0,7,2,6,50,4,1,1,5,4,6,6,1,1,10,5,5,2,16,2,9,2,1,C03,7,6,1,10,2,11,,11,11,1,13,4,120.678278,24.133497,2
8678,66000,387130000C,(04)23274275,(04)23288582,2025,06,23,14,7,臺中市,東區,0,0,0,7,,,50,,,,,,,,,,,,,,17,,,,,B12,,,1,,1,,,78,78,1,12,4,120.703299,24.141562,3
8679,66000,387130000C,(04)23274275,(04)23288582,2025,06,23,14,14,臺中市,太平區,0,0,0,7,,,30,,,,,,,,,,,,,,,,,,,A12,,,1,,1,,,58,58,1,6,4,120.724156,24.120515,3
8680,66000,387130000C,(04)23274275,(04)23288582,2025,06,23,14,16,臺中市,太平區,0,1,0,7,2,6,30,11,9,1,5,4,6,6,4,4,5,5,5,1,18,2,9,5,4,C03,7,9,1,9,2,14,,58,58,1,6,4,120.80158,24.102433,2
8681,66000,387130000C,(04)23274275,(04)23288582,2025,06,23,14,20,臺中市,北屯區,0,1,0,7,3,6,50,4,2,1,5,4,6,6,2,1,1,2,5,2,12,3,10,3,1,B03,7,9,1,8,2,5,,8,8,1,12,4,120.686505,24.193503,2
8682,66000,387130000C,(04)23274275,(04)23288582,2025,06,23,14,21,臺中市,北屯區,0,0,0,7,,,50,,,,,,,,,,,,,,,,,,,B03,,,1,,1,,,8,8,1,12,4,120.68945,24.171321,3
8683,66000,387130000C,(04)23274275,(04)23288582,2025,06,23,14,28,臺中市,清水區,0,0,0,7,,,60,,,,,,,,,,,,,,,,,,,,,,,,,,,116,116,1,,,120.552961,24.27566,3
8684,66000,387130000C,(04)23274275,(04)23288582,2025,06,23,14,30,臺中市,北屯區,0,0,0,7,,,50,,,,,,,,,,,,,,13,,,,,C03,,,1,,9,,,7,7,2,12,4,120.722797,24.175834,3
8685,66000,387130000C,(04)23274275,(04)23288582,2025,06,23,14,35,臺中市,西區,0,1,0,7,3,6,50,4,1,1,5,4,6,6,1,1,10,5,5,2,16,3,10,3,1,B03,7,6,1,8,2,2,,48,48,1,12,4,120.656632,24.14912,2
8686,66000,387130000C,(04)23274275,(04)23288582,2025,06,23,14,35,臺中市,南屯區,0,2,0,7,2,6,50,3,2,1,5,4,6,6,4,4,9,4,5,2,12,2,9,6,1,F01,7,6,7,21,2,13,,48,48,1,12,4,120.654354,24.138574,2
8687,66000,387130000C,(04)23274275,(04)23288582,2025,06,23,14,39,臺中市,南區,0,1,0,7,3,6,50,13,9,1,5,4,6,6,4,4,10,5,5,2,12,3,10,3,1,A12,7,9,1,2,2,5,,87,87,1,12,4,120.670131,24.114341,2
8688,66000,387130000C,(04)23274275,(04)23288582,2025,06,23,14,39,臺中市,大里區,0,0,0,7,,,50,,,,,,,,,,,,,,17,,,,,B12,,,1,,2,,,49,49,1,12,4,120.710797,24.108784,3
8689,66000,387130000C,(04)23274275,(04)23288582,2025,06,23,14,40,臺中市,西區,0,1,0,7,2,6,30,13,9,1,5,4,6,6,4,4,10,5,5,2,13,3,10,1,1,C03,7,9,1,10,1,11,,7,7,1,13,4,120.657861,24.150171,2
8690,66000,387130000C,(04)23274275,(04)23288582,2025,06,23,14,42,臺中市,大里區,0,0,0,7,,,50,,,,,,,,,,,,,,,,,,,B03,,,1,,1,,,7,7,1,6,4,120.715883,24.099532,3
8691,66000,387130000C,(04)23274275,(04)23288582,2025,06,23,14,45,臺中市,太平區,0,0,0,7,,,40,,,,,,,,,,,,,,13,,,,,C03,,,1,,2,,,58,58,1,6,4,120.713485,24.133317,3
8692,66000,387130000C,(04)23274275,(04)23288582,2025,06,23,14,49,臺中市,大甲區,0,0,0,7,,,50,,,,,,,,,,,,,,,,,,,B03,,,1,,1,,,8,8,1,12,4,120.622014,24.346397,3
8693,66000,387130000C,(04)23274275,(04)23288582,2025,06,23,14,50,臺中市,北屯區,0,2,0,7,2,6,50,13,9,1,5,4,6,6,4,4,9,4,5,2,12,3,10,3,1,B03,7,7,1,8,2,2,,40,40,1,12,4,120.713346,24.173123,2
8694,66000,387130000C,(04)23274275,(04)23288582,2025,06,23,14,53,臺中市,北區,0,0,0,7,,,50,,,,,,,,,,,,,,17,,,,,C03,,,1,,2,,,59,59,1,13,4,120.673773,24.165153,3
8695,66000,387130000C,(04)23274275,(04)23288582,2025,06,23,14,54,臺中市,大雅區,0,0,0,7,,,70,,,,,,,,,,,,,,13,,,,,B03,,,1,,1,,,7,7,1,13,4,120.630353,24.240935,3
8696,66000,387130000C,(04)23274275,(04)23288582,2025,06,23,14,54,臺中市,霧峰區,0,0,0,7,,,,,,,,,,,,,,,,,17,,,,,,,,,,,,,119,119,1,,,120.702079,24.060909,3
8697,66000,387130000C,(04)23274275,(04)23288582,2025,06,23,14,55,臺中市,大里區,0,0,0,7,,,60,,,,,,,,,,,,,,13,,,,,A41,,,3,,2,,,7,7,1,13,4,120.667805,24.083441,4
8698,66000,387130000C,(04)23274275,(04)23288582,2025,06,23,14,55,臺中市,新社區,0,0,0,7,,,30,,,,,,,,,,,,,,14,,,,,B12,,,1,,1,,,50,50,1,12,4,120.792822,24.219734,3
8699,66000,387130000C,(04)23274275,(04)23288582,2025,06,23,14,56,臺中市,豐原區,0,0,0,7,,,50,,,,,,,,,,,,,,13,,,,,F01,,,1,,2,,,58,58,1,12,4,120.73311,24.251403,3
8700,66000,387130000C,(04)23274275,(04)23288582,2025,06,23,14,58,臺中市,北屯區,0,0,0,7,,,50,,,,,,,,,,,,,,16,,,,,C03,,,1,10,1,,,20,20,1,12,4,120.693065,24.16503,3
8701,66000,387130000C,(04)23274275,(04)23288582,2025,06,23,15,0,臺中市,后里區,0,0,0,7,,,50,,,,,,,,,,,,,,13,,,,,B01,,,1,,1,,,7,7,1,6,4,120.704322,24.311928,3
8702,66000,387130000C,(04)23274275,(04)23288582,2025,06,23,15,8,臺中市,西區,0,0,0,7,,,50,,,,,,,,,,,,,,,,,,,C03,,,1,,1,,,85,85,1,13,4,120.657261,24.139286,3
8703,66000,387130000C,(04)23274275,(04)23288582,2025,06,23,15,8,臺中市,大里區,0,0,0,7,,,50,,,,,,,,,,,,,,,,,,,B03,,,1,,2,,,8,8,1,12,4,120.680865,24.104523,3
8704,66000,387130000C,(04)23274275,(04)23288582,2025,06,23,15,13,臺中市,龍井區,0,1,0,7,2,6,40,4,1,1,5,4,6,6,2,1,10,5,5,2,16,2,9,2,1,C03,7,9,3,19,2,14,,7,7,1,6,4,120.542267,24.218547,2
8705,66000,387130000C,(04)23274275,(04)23288582,2025,06,23,15,15,臺中市,大雅區,0,0,0,7,,,70,,,,,,,,,,,,,,13,,,,,B03,,,1,,1,,,84,84,1,13,4,120.64316,24.228267,3
8706,66000,387130000C,(04)23274275,(04)23288582,2025,06,23,15,15,臺中市,西屯區,0,1,0,7,2,6,50,3,1,1,5,4,6,6,4,4,10,5,5,2,16,3,10,5,4,B03,7,6,1,8,2,5,,12,12,1,12,4,120.65481,24.198964,2
8707,66000,387130000C,(04)23274275,(04)23288582,2025,06,23,15,17,臺中市,西屯區,0,0,0,7,,,50,,,,,,,,,,,,,,13,,,,,B03,,,1,,1,,,7,7,1,12,4,120.649933,24.163668,3
8708,66000,387130000C,(04)23274275,(04)23288582,2025,06,23,15,19,臺中市,西屯區,0,0,0,7,,,50,,,,,,,,,,,,,,13,,,,,B03,,,1,,1,,,7,7,1,12,4,120.655075,24.195852,3
8709,66000,387130000C,(04)23274275,(04)23288582,2025,06,23,15,19,臺中市,太平區,0,1,0,7,2,6,50,4,2,1,5,4,6,6,4,4,5,2,5,1,17,3,10,3,1,B03,7,15,1,8,2,1,,58,58,1,12,4,120.716509,24.13233,2
8710,66000,387130000C,(04)23274275,(04)23288582,2025,06,23,15,24,臺中市,西屯區,0,0,0,7,,,50,,,,,,,,,,,,,,12,,,,,B03,,,1,,9,,,8,8,1,12,4,120.659684,24.192971,3
8711,66000,387130000C,(04)23274275,(04)23288582,2025,06,23,15,25,臺中市,西屯區,0,0,0,7,,,30,,,,,,,,,,,,,,17,,,,,B03,,,1,,1,,,8,8,1,12,4,120.646139,24.183929,3
8712,66000,387130000C,(04)23274275,(04)23288582,2025,06,23,15,28,臺中市,大雅區,0,1,0,7,3,6,50,5,2,1,5,4,6,6,1,1,9,4,5,1,13,2,9,2,1,C03,7,9,1,10,2,12,,7,7,1,13,4,120.64887,24.218022,2
8713,66000,387130000C,(04)23274275,(04)23288582,2025,06,23,15,33,臺中市,西屯區,0,0,0,7,,,,,,,,,,,,,,,,,17,,,,,,,,,,,,,119,119,1,,,120.646697,24.182847,3
8714,66000,387130000C,(04)23274275,(04)23288582,2025,06,23,15,34,臺中市,大甲區,0,1,0,7,3,6,40,13,9,1,5,4,6,6,4,4,5,4,5,1,17,2,9,1,1,C03,7,9,1,10,2,11,,84,84,1,12,4,120.627342,24.349097,2
8715,66000,387130000C,(04)23274275,(04)23288582,2025,06,23,15,34,臺中市,東勢區,0,0,0,7,,,50,,,,,,,,,,,,,,2,,,,,B12,,,1,,1,,,7,7,1,12,4,120.829193,24.255497,3
8716,66000,387130000C,(04)23274275,(04)23288582,2025,06,23,15,37,臺中市,大雅區,0,1,0,7,1,6,60,3,9,1,5,4,6,6,4,4,1,4,5,1,16,3,10,3,1,B12,7,5,1,8,2,2,,14,14,1,12,4,120.650431,24.211205,2
8717,66000,387130000C,(04)23274275,(04)23288582,2025,06,23,15,45,臺中市,南屯區,0,1,0,7,2,6,30,4,1,1,5,4,6,6,4,4,10,5,5,2,17,3,10,3,1,B02,7,5,1,8,2,8,,84,84,1,12,4,120.611915,24.145149,2
8718,66000,387130000C,(04)23274275,(04)23288582,2025,06,23,15,45,臺中市,南屯區,0,0,0,7,,,50,,,,,,,,,,,,,,,,,,,B03,,,1,,1,,,40,40,1,6,4,120.628328,24.140431,3
8719,66000,387130000C,(04)23274275,(04)23288582,2025,06,23,15,45,臺中市,太平區,0,1,0,7,3,6,50,13,9,1,5,4,6,6,4,4,5,2,5,1,12,3,10,3,1,B12,7,9,1,8,2,2,,85,85,1,6,4,120.721727,24.119681,2
8720,66000,387130000C,(04)23274275,(04)23288582,2025,06,23,15,47,臺中市,北區,0,0,0,7,,,0,,,,,,,,,,,,,,17,,,,,C03,,,1,,2,,,8,8,1,13,4,120.679196,24.152307,3
8721,66000,387130000C,(04)23274275,(04)23288582,2025,06,23,15,52,臺中市,清水區,0,1,0,7,3,6,40,3,1,1,5,4,6,6,4,4,1,4,1,2,13,3,10,3,1,A12,7,5,1,7,11,15,,87,87,1,12,4,120.537282,24.282681,2
8722,66000,387130000C,(04)23274275,(04)23288582,2025,06,23,15,53,臺中市,大雅區,0,1,0,7,1,6,60,4,1,1,5,4,6,6,3,1,10,5,5,2,15,2,9,2,1,C03,7,9,1,10,2,14,,24,24,1,12,4,120.662885,24.22156,2
8723,66000,387130000C,(04)23274275,(04)23288582,2025,06,23,15,53,臺中市,大甲區,0,1,0,7,3,6,50,4,9,1,5,4,6,6,4,4,5,4,4,2,17,2,9,1,1,C03,7,9,1,10,2,13,,15,15,1,12,4,120.62579,24.372134,2
8724,66000,387130000C,(04)23274275,(04)23288582,2025,06,23,15,54,臺中市,西屯區,0,0,0,7,,,50,,,,,,,,,,,,,,13,,,,,B03,,,1,,1,,,7,7,1,12,4,120.639445,24.183172,3
8725,66000,387130000C,(04)23274275,(04)23288582,2025,06,23,15,55,臺中市,北屯區,0,1,0,7,3,6,50,4,1,1,5,4,6,6,4,4,10,5,5,2,12,3,10,3,1,B03,7,6,5,8,5,4,,53,53,1,6,4,120.674105,24.176636,2
8726,66000,387130000C,(04)23274275,(04)23288582,2025,06,23,15,57,臺中市,西區,0,1,0,7,2,6,50,4,1,1,5,4,6,6,1,1,10,5,5,2,13,3,10,3,1,B02,7,9,1,8,2,1,,7,7,1,12,4,120.661701,24.149017,2
8727,66000,387130000C,(04)23274275,(04)23288582,2025,06,23,16,0,臺中市,后里區,0,1,0,7,3,6,50,3,1,1,5,4,6,6,1,1,3,4,4,1,16,3,10,3,1,B03,7,5,1,8,2,5,,11,11,1,6,4,120.722251,24.30289,2
8728,66000,387130000C,(04)23274275,(04)23288582,2025,06,23,16,2,臺中市,大雅區,0,0,0,7,,,30,,,,,,,,,,,,,,9,,,,,B03,,,1,,1,,,8,8,1,13,4,120.637125,24.233179,3
8729,66000,387130000C,(04)23274275,(04)23288582,2025,06,23,16,3,臺中市,西區,0,0,0,7,,,50,,,,,,,,,,,,,,,,,,,A12,,,1,,9,,,51,51,1,6,4,120.651292,24.146749,3
8730,66000,387130000C,(04)23274275,(04)23288582,2025,06,23,16,6,臺中市,神岡區,0,1,0,7,2,6,30,13,9,1,5,4,6,6,4,4,10,5,5,1,27,2,9,3,1,B03,7,9,1,8,2,5,,59,59,1,6,4,120.662515,24.250052,2
8731,66000,387130000C,(04)23274275,(04)23288582,2025,06,23,16,10,臺中市,北區,0,1,0,7,3,6,50,4,1,1,5,4,6,6,1,1,1,4,5,2,17,3,10,3,1,B03,7,5,1,8,2,2,,47,47,1,12,4,120.6722,24.16488,2
8732,66000,387130000C,(04)23274275,(04)23288582,2025,06,23,16,13,臺中市,大里區,0,1,0,7,3,6,50,4,1,1,5,4,6,6,1,1,5,4,5,2,16,3,10,3,1,B03,7,5,1,8,2,5,,11,11,1,13,4,120.674405,24.103699,2
8733,66000,387130000C,(04)23274275,(04)23288582,2025,06,23,16,15,臺中市,太平區,0,0,0,7,2,6,30,,,,,,,,,,,,,,,,,,,B12,,,1,,2,6,,84,84,1,12,4,120.705638,24.124435,3
8734,66000,387130000C,(04)23274275,(04)23288582,2025,06,23,16,17,臺中市,東區,0,2,0,7,1,6,50,4,1,1,5,4,6,6,1,1,9,4,5,2,15,2,9,1,1,C03,7,9,1,10,2,11,14,21,21,1,12,4,120.707143,24.14285,2
8735,66000,387130000C,(04)23274275,(04)23288582,2025,06,23,16,19,臺中市,北屯區,0,0,0,7,,,50,,,,,,,,,,,,,,11,,,,,B03,,,1,,1,,,8,8,1,12,4,120.689982,24.171073,3
8736,66000,387130000C,(04)23274275,(04)23288582,2025,06,23,16,21,臺中市,太平區,0,0,0,7,,,50,,,,,,,,,,,,,,,,,,,B12,,,1,,2,,,49,49,1,12,4,120.728597,24.149974,3
8737,66000,387130000C,(04)23274275,(04)23288582,2025,06,23,16,22,臺中市,清水區,0,1,0,7,3,6,30,3,1,1,5,4,6,6,4,4,10,5,5,2,16,2,8,1,1,C03,7,6,1,10,2,14,,14,14,1,12,4,120.54727,24.272303,2
8738,66000,387130000C,(04)23274275,(04)23288582,2025,06,23,16,23,臺中市,北屯區,0,0,0,7,,,50,,,,,,,,,,,,,,,,,,,B03,,,1,,1,,,84,84,1,12,4,120.683429,24.199525,3
8739,66000,387130000C,(04)23274275,(04)23288582,2025,06,23,16,27,臺中市,西區,0,1,0,7,3,6,50,4,2,1,5,4,6,6,1,1,10,4,4,2,17,3,10,3,1,B03,7,6,1,8,2,8,,48,48,1,12,4,120.667145,24.142262,2
8740,66000,387130000C,(04)23274275,(04)23288582,2025,06,23,16,29,臺中市,大里區,0,0,0,7,,,50,,,,,,,,,,,,,,17,,,,,C03,,,1,,2,,,42,42,1,13,4,120.687554,24.086311,3
8741,66000,387130000C,(04)23274275,(04)23288582,2025,06,23,16,31,臺中市,大雅區,0,1,0,7,1,6,50,4,2,1,5,4,6,6,1,1,5,4,5,1,18,2,7,2,1,C03,7,12,1,10,2,12,,84,84,1,12,4,120.648289,24.226613,2
8742,66000,387130000C,(04)23274275,(04)23288582,2025,06,23,16,33,臺中市,神岡區,0,1,0,7,2,6,50,3,1,1,5,4,6,6,1,1,5,5,4,2,16,3,10,3,1,B12,7,5,1,8,11,7,,11,11,2,12,4,120.655885,24.250141,2
8743,66000,387130000C,(04)23274275,(04)23288582,2025,06,23,16,35,臺中市,東勢區,0,2,0,7,2,6,50,3,1,1,5,4,6,6,1,1,10,5,5,1,17,3,10,5,4,B03,7,6,1,7,2,8,,14,14,1,13,4,120.83317,24.246915,2
8744,66000,387130000C,(04)23274275,(04)23288582,2025,06,23,16,36,臺中市,龍井區,0,0,0,7,,,50,,,,,,,,,,,,,,,,,,,B03,,,1,,1,,,7,7,1,6,4,120.523482,24.198602,3
8745,66000,387130000C,(04)23274275,(04)23288582,2025,06,23,16,39,臺中市,南屯區,0,1,0,7,2,6,50,18,24,1,5,4,6,6,1,1,9,5,5,2,17,3,10,3,1,B03,7,2,1,8,2,3,,49,49,1,12,4,120.654392,24.136806,2
8746,66000,387130000C,(04)23274275,(04)23288582,2025,06,23,16,40,臺中市,北屯區,0,0,0,7,,,50,,,,,,,,,,,,,,13,,,,,B03,,,1,,1,,,82,82,1,12,4,120.6851,24.190464,3
8747,66000,387130000C,(04)23274275,(04)23288582,2025,06,23,16,40,臺中市,沙鹿區,0,0,0,7,,,30,,,,,,,,,,,,,,16,,,,,C03,,,1,,2,,,48,48,1,12,4,120.57066,24.199175,3
8748,66000,387130000C,(04)23274275,(04)23288582,2025,06,23,16,43,臺中市,西屯區,0,0,0,7,,,30,,,,,,,,,,,,,,14,,,,,B12,,,1,,9,,,49,49,1,12,4,120.646408,24.176707,3
8749,66000,387130000C,(04)23274275,(04)23288582,2025,06,23,16,45,臺中市,潭子區,0,0,0,7,,,40,,,,,,,,,,,,,,,,,,,B12,,,1,,2,,,84,84,1,13,4,120.708625,24.200703,3
8750,66000,387130000C,(04)23274275,(04)23288582,2025,06,23,16,48,臺中市,南屯區,0,1,0,7,3,6,50,3,1,1,5,4,6,6,4,4,9,4,4,2,11,3,10,3,1,B03,7,6,1,8,2,1,,59,59,1,12,4,120.615853,24.151246,2
8751,66000,387130000C,(04)23274275,(04)23288582,2025,06,23,16,52,臺中市,烏日區,0,1,0,7,2,6,50,5,1,1,5,4,6,6,4,4,10,5,5,2,17,3,10,5,4,A11,7,11,1,3,2,8,,45,45,1,13,4,120.650958,24.072848,2
8752,66000,387130000C,(04)23274275,(04)23288582,2025,06,23,16,52,臺中市,豐原區,0,0,0,7,,,50,,,,,,,,,,,,,,14,,,,,B03,,,1,,2,,,49,49,1,12,4,120.710997,24.23916,3
8753,66000,387130000C,(04)23274275,(04)23288582,2025,06,23,16,53,臺中市,神岡區,0,0,0,7,,,60,,,,,,,,,,,,,,12,,,,,B03,,,1,,2,,,7,7,1,13,4,120.699119,24.248809,3
8754,66000,387130000C,(04)23274275,(04)23288582,2025,06,23,16,54,臺中市,沙鹿區,0,1,0,7,3,6,50,13,9,1,5,4,6,6,4,4,5,4,5,1,17,4,11,3,1,B03,7,9,1,8,2,1,,7,7,1,6,4,120.561223,24.231863,2
8755,66000,387130000C,(04)23274275,(04)23288582,2025,06,23,16,54,臺中市,豐原區,0,2,0,7,2,6,50,4,1,1,5,4,6,6,2,1,5,4,4,2,17,2,9,1,1,C03,7,9,1,10,2,16,,84,84,1,12,4,120.713111,24.255536,2
8756,66000,387130000C,(04)23274275,(04)23288582,2025,06,23,16,55,臺中市,大里區,0,1,0,7,2,6,50,3,1,1,5,4,6,6,4,4,5,4,5,2,17,3,10,3,1,B12,7,6,1,8,2,6,,39,39,1,12,4,120.686737,24.09339,2
8757,66000,387130000C,(04)23274275,(04)23288582,2025,06,23,16,55,臺中市,豐原區,0,3,0,7,2,6,30,4,1,1,5,4,6,6,1,1,1,2,5,1,15,2,9,1,1,C03,7,9,2,19,2,11,,19,19,1,12,4,120.723656,24.269424,2
8758,66000,387130000C,(04)23274275,(04)23288582,2025,06,23,16,56,臺中市,西屯區,0,0,0,7,,,50,,,,,,,,,,,,,,13,,,,,B03,,,1,,1,,,59,59,1,12,4,120.647847,24.196114,3
8759,66000,387130000C,(04)23274275,(04)23288582,2025,06,23,16,56,臺中市,大甲區,0,1,0,7,3,6,50,4,9,1,5,4,6,6,1,1,5,4,5,1,17,2,9,1,1,C03,7,6,1,10,2,13,,84,84,1,12,4,120.61823,24.348904,2
8760,66000,387130000C,(04)23274275,(04)23288582,2025,06,23,16,57,臺中市,大里區,0,1,0,7,2,6,50,13,9,1,5,4,6,6,4,4,9,4,5,1,16,3,10,3,1,B03,7,1,1,8,2,4,,51,51,1,12,4,120.695149,24.102554,2
8761,66000,387130000C,(04)23274275,(04)23288582,2025,06,23,16,57,臺中市,梧棲區,0,0,0,7,,,50,,,,,,,,,,,,,,14,,,,,B12,,,1,,1,,,84,84,1,12,4,120.537641,24.261064,3
8762,66000,387130000C,(04)23274275,(04)23288582,2025,06,23,16,59,臺中市,西屯區,0,0,0,7,,,50,,,,,,,,,,,,,,15,,,,,C03,,,1,,1,,,21,21,1,12,4,120.640319,24.186543,3
8763,66000,387130000C,(04)23274275,(04)23288582,2025,06,23,17,2,臺中市,豐原區,0,0,0,7,,,50,,,,,,,,,,,,,,16,,,,,B03,,,1,,2,,,25,25,1,12,4,120.725847,24.273229,3
8764,66000,387130000C,(04)23274275,(04)23288582,2025,06,23,17,3,臺中市,龍井區,0,1,0,7,2,6,30,4,1,1,5,4,6,6,4,4,10,5,5,2,15,3,10,3,1,B03,7,9,1,8,2,1,,13,13,1,6,4,120.533215,24.179603,2
8765,66000,387130000C,(04)23274275,(04)23288582,2025,06,23,17,8,臺中市,潭子區,0,2,0,7,2,6,60,3,2,1,5,4,6,6,4,4,1,4,4,1,17,3,10,2,1,C03,7,15,1,10,2,16,,75,75,1,13,4,120.686988,24.211364,2
8766,66000,387130000C,(04)23274275,(04)23288582,2025,06,23,17,8,臺中市,太平區,0,0,0,7,,,50,,,,,,,,,,,,,,17,,,,,B12,,,1,,2,,,84,84,1,12,4,120.72127,24.149059,3
8767,66000,387130000C,(04)23274275,(04)23288582,2025,06,23,17,8,臺中市,清水區,0,0,0,7,,,40,,,,,,,,,,,,,,,,,,,C03,,,1,,11,,,59,59,1,12,4,120.570992,24.274868,3
8768,66000,387130000C,(04)23274275,(04)23288582,2025,06,23,17,11,臺中市,北區,0,0,0,7,,,,,,,,,,,,,,,,,17,,,,,,,,,,,,,119,119,1,,,120.668817,24.156789,3
8769,66000,387130000C,(04)23274275,(04)23288582,2025,06,23,17,12,臺中市,潭子區,0,2,0,7,2,6,50,13,9,1,5,4,6,6,4,4,9,5,5,1,16,2,9,2,1,C03,7,6,1,10,2,12,,84,84,1,12,4,120.697023,24.194346,2
8770,66000,387130000C,(04)23274275,(04)23288582,2025,06,23,17,13,臺中市,太平區,0,2,0,7,3,6,40,13,12,1,5,4,6,6,1,1,5,2,4,1,13,2,9,1,1,C03,7,9,1,10,2,11,,7,7,1,6,4,120.733432,24.118374,2
8771,66000,387130000C,(04)23274275,(04)23288582,2025,06,23,17,15,臺中市,大里區,0,2,0,7,2,6,50,4,1,1,5,4,6,6,4,4,3,5,5,1,16,2,8,2,1,C03,7,6,1,10,2,12,,14,14,1,13,4,120.710003,24.086358,2
8772,66000,387130000C,(04)23274275,(04)23288582,2025,06,23,17,16,臺中市,烏日區,0,1,0,7,2,6,40,4,1,1,5,4,6,6,1,1,10,5,5,2,17,3,10,5,4,C03,7,6,1,10,2,12,,11,11,1,6,4,120.654872,24.095128,2
8773,66000,387130000C,(04)23274275,(04)23288582,2025,06,23,17,17,臺中市,北屯區,0,0,0,7,,,40,,,,,,,,,,,,,,14,,,,,B03,,,1,7,1,,,49,49,1,6,4,120.700071,24.162646,3
8774,66000,387130000C,(04)23274275,(04)23288582,2025,06,23,17,20,臺中市,北屯區,0,0,0,7,,,50,,,,,,,,,,,,,,9,,,,,B03,,,1,,1,,,50,50,1,6,4,120.720265,24.173497,3
8775,66000,387130000C,(04)23274275,(04)23288582,2025,06,23,17,22,臺中市,豐原區,0,1,0,7,2,6,50,4,9,1,5,4,6,6,1,1,1,4,4,1,17,3,10,4,1,G06,7,11,7,21,2,16,,85,85,1,12,4,120.709781,24.248646,2
8776,66000,387130000C,(04)23274275,(04)23288582,2025,06,23,17,26,臺中市,大雅區,0,1,0,7,2,6,50,13,9,1,5,4,6,6,4,4,5,5,5,1,17,2,9,2,1,C03,7,9,1,10,2,14,,84,84,1,13,4,120.669073,24.236581,2
8777,66000,387130000C,(04)23274275,(04)23288582,2025,06,23,17,26,臺中市,北區,0,0,0,7,,,50,,,,,,,,,,,,,,17,,,,,B03,,,1,,1,,,59,59,1,13,4,120.692848,24.159776,3
8778,66000,387130000C,(04)23274275,(04)23288582,2025,06,23,17,26,臺中市,西屯區,0,1,0,7,1,6,50,4,1,1,5,4,6,6,2,1,10,5,5,2,13,2,9,1,1,C03,7,9,1,10,2,11,,7,7,1,12,4,120.668158,24.174602,2
8779,66000,387130000C,(04)23274275,(04)23288582,2025,06,23,17,29,臺中市,西屯區,0,3,0,7,3,6,40,4,1,1,5,4,6,6,2,1,10,5,5,2,17,3,10,5,4,B03,7,5,1,8,2,16,,84,84,1,13,4,120.624192,24.178457,2
8780,66000,387130000C,(04)23274275,(04)23288582,2025,06,23,17,30,臺中市,西區,0,2,0,7,3,6,50,4,1,1,5,4,6,6,1,1,10,5,5,2,6,2,9,2,1,C03,7,5,1,10,2,11,,84,84,1,12,4,120.655108,24.146655,2
8781,66000,387130000C,(04)23274275,(04)23288582,2025,06,23,17,30,臺中市,東區,0,0,0,7,1,6,50,3,1,1,5,4,6,6,1,1,10,5,5,2,17,3,10,3,1,B03,7,5,3,19,1,8,,51,51,1,12,4,120.690338,24.125036,3
8782,66000,387130000C,(04)23274275,(04)23288582,2025,06,23,17,30,臺中市,西屯區,0,0,0,7,,,30,,,,,,,,,,,,,,,,,,,B03,,,1,,1,,,51,51,1,12,4,120.618663,24.19115,3
8783,66000,387130000C,(04)23274275,(04)23288582,2025,06,23,17,30,臺中市,太平區,0,0,0,7,,,50,,,,,,,,,,,,,,17,,,,,C03,,,1,,2,,,40,40,1,12,4,120.700801,24.149221,3
8784,66000,387130000C,(04)23274275,(04)23288582,2025,06,23,17,30,臺中市,烏日區,0,0,0,7,,,50,,,,,,,,,,,,,,17,,,,,B03,,,1,,1,,,7,7,1,6,4,120.596985,24.108577,3
8785,66000,387130000C,(04)23274275,(04)23288582,2025,06,23,17,32,臺中市,大甲區,0,1,0,7,3,6,50,13,9,1,5,4,6,6,4,4,5,4,5,1,18,2,9,1,1,C03,7,9,3,19,2,12,,6,6,1,12,4,120.625264,24.343241,2
8786,66000,387130000C,(04)23274275,(04)23288582,2025,06,23,17,33,臺中市,東區,0,2,0,7,3,6,50,13,7,1,5,4,6,6,4,4,5,4,4,2,16,2,9,2,1,F02,7,1,7,21,2,14,,84,84,1,12,4,120.698269,24.127227,2