﻿序號,縣市別代碼,機關代碼,市話,傳真,年,月,日,時,分,縣市,區,死亡數量,受傷數量,2-30,天候,道路照明設備,道路類別,道路速限,道路型態,事故位置,路面鋪裝,路面狀態,路面缺陷,障礙物,視距,號誌種類,號誌動作,分向設施,快車道或一般車道間,快慢車道間,路面邊線,事故類型及型態,受傷程度,主要傷處,保護裝備,行動電話或功能裝置,當事者區分_類別,車輛用途,當事者行動狀態,駕照狀態,駕照種類,飲酒情形,車輛撞擊部位最初,車輛撞擊部位其他,肇事因素個別,肇事因素主要,肇事逃逸,職業,共享經濟或外送平台,GPS座標X,GPS座標Y,事故類別
8898,66000,387130000C,(04)23274275,(04)23288582,2025,06,24,3,8,臺中市,大里區,0,1,0,6,1,6,50,13,9,1,5,4,6,6,4,4,9,4,5,1,17,2,9,1,1,C03,7,9,1,10,2,14,,84,84,1,13,4,120.687247,24.08856,2
8899,66000,387130000C,(04)23274275,(04)23288582,2025,06,24,3,18,臺中市,太平區,0,0,0,7,1,6,50,11,9,1,5,4,6,6,4,4,4,5,5,1,20,3,10,3,1,B03,7,9,1,8,2,4,,84,84,1,6,4,120.808065,24.095749,3
8900,66000,387130000C,(04)23274275,(04)23288582,2025,06,24,3,35,臺中市,大里區,0,1,0,6,1,6,50,13,9,1,5,4,6,6,4,4,9,5,5,2,19,2,9,1,1,C03,7,15,1,10,3,11,,84,84,1,13,4,120.675339,24.092209,2
8901,66000,387130000C,(04)23274275,(04)23288582,2025,06,24,3,44,臺中市,北區,0,1,0,7,1,6,50,13,9,1,5,4,6,6,4,4,5,4,5,2,17,3,10,3,1,B03,7,7,1,8,2,5,,40,40,1,12,4,120.677748,24.1495,2
8902,66000,387130000C,(04)23274275,(04)23288582,2025,06,24,3,59,臺中市,中區,0,0,0,7,,,50,,,,,,,,,,,,,,26,,,,,B01,,,1,,2,,,84,84,1,12,4,120.68402,24.137054,3
8903,66000,387130000C,(04)23274275,(04)23288582,2025,06,24,4,40,臺中市,大甲區,0,1,0,7,1,6,0,13,21,1,5,4,6,6,4,4,10,5,5,2,27,2,9,5,4,B03,7,9,3,19,11,1,,84,84,1,6,4,120.610394,24.329168,2
8904,66000,387130000C,(04)23274275,(04)23288582,2025,06,24,4,45,臺中市,大里區,0,1,1,6,1,6,50,13,9,1,5,4,6,6,4,4,5,4,5,1,3,2,9,6,5,H01,8,16,7,21,10,17,,95,95,1,13,5,120.702601,24.088018,2
8905,66000,387130000C,(04)23274275,(04)23288582,2025,06,24,5,58,臺中市,西區,0,1,0,7,2,6,50,4,1,1,5,4,6,6,3,1,10,5,5,2,15,2,9,2,1,C03,7,9,3,19,2,11,12,24,24,1,12,4,120.670088,24.139578,2
8906,66000,387130000C,(04)23274275,(04)23288582,2025,06,24,6,8,臺中市,北區,0,0,0,7,,,50,,,,,,,,,,,,,,17,,,,,A01,,,1,,2,,,51,51,1,12,4,120.682175,24.151197,3
8907,66000,387130000C,(04)23274275,(04)23288582,2025,06,24,6,16,臺中市,清水區,0,0,0,7,,,50,,,,,,,,,,,,,,17,,,,,,,,,,,,,,,,,,120.56883,24.200385,4
8908,66000,387130000C,(04)23274275,(04)23288582,2025,06,24,6,19,臺中市,北屯區,0,2,0,7,2,6,30,4,1,1,5,4,6,6,4,4,10,5,5,2,15,2,9,5,4,C03,7,9,1,10,2,11,,12,12,1,12,4,120.699044,24.171319,2
8909,66000,387130000C,(04)23274275,(04)23288582,2025,06,24,6,26,臺中市,龍井區,0,1,0,7,2,6,50,3,2,1,5,4,6,6,4,4,5,5,5,2,3,4,11,2,1,C03,7,9,1,10,4,11,,59,59,1,6,4,120.591309,24.181186,2
8910,66000,387130000C,(04)23274275,(04)23288582,2025,06,24,6,32,臺中市,西屯區,0,2,0,7,2,6,50,13,9,1,5,4,6,6,4,4,1,4,5,2,12,2,9,4,1,F02,7,8,7,21,2,14,,40,40,1,12,4,120.650879,24.166186,2
8911,66000,387130000C,(04)23274275,(04)23288582,2025,06,24,6,43,臺中市,西屯區,0,0,0,7,,,40,,,,,,,,,,,,,,14,,,,,B03,,,1,,1,,,49,49,1,12,4,120.610283,24.1865,3
8912,66000,387130000C,(04)23274275,(04)23288582,2025,06,24,6,43,臺中市,霧峰區,0,0,0,6,,,50,,,,,,,,,,,,,,17,,,,,B03,,,1,,1,,,49,49,1,13,4,120.699103,24.069552,3
8913,66000,387130000C,(04)23274275,(04)23288582,2025,06,24,6,46,臺中市,東區,0,1,0,7,3,6,50,4,1,1,5,4,6,6,4,4,5,5,5,2,15,3,10,3,1,B03,7,9,1,8,2,5,,15,15,1,13,4,120.687559,24.142282,2
8914,66000,387130000C,(04)23274275,(04)23288582,2025,06,24,6,56,臺中市,大肚區,0,1,0,7,2,6,30,13,9,1,5,4,6,6,4,4,10,5,5,2,17,3,10,3,1,B03,7,1,1,10,2,8,,51,51,1,6,4,120.57441,24.122195,2
8915,66000,387130000C,(04)23274275,(04)23288582,2025,06,24,6,56,臺中市,豐原區,0,2,0,7,2,6,40,13,8,1,5,4,6,3,4,4,1,4,4,2,16,2,9,2,1,C03,7,1,1,9,2,14,13,51,51,1,6,4,120.719302,24.264165,2
8916,66000,387130000C,(04)23274275,(04)23288582,2025,06,24,7,10,臺中市,沙鹿區,0,0,0,7,,,30,,,,,,,,,,,,,,14,,,,,B02,,,1,,1,,,49,49,1,12,4,120.559679,24.222652,4
8917,66000,387130000C,(04)23274275,(04)23288582,2025,06,24,7,12,臺中市,神岡區,0,0,0,7,,,1,,,,,,,,,,,,,,14,,,,,B03,,,1,,2,,,49,49,1,12,4,120.668323,24.258589,3
8918,66000,387130000C,(04)23274275,(04)23288582,2025,06,24,7,14,臺中市,南區,0,1,0,7,2,6,30,5,9,1,5,4,6,6,4,4,10,5,5,2,16,3,10,3,1,B03,7,5,1,8,2,5,,14,14,1,13,4,120.65699,24.12329,2
8919,66000,387130000C,(04)23274275,(04)23288582,2025,06,24,7,21,臺中市,大里區,0,0,0,7,,,50,,,,,,,,,,,,,,13,,,,,B03,,,1,,2,,,84,84,1,13,4,120.699014,24.110386,3
8920,66000,387130000C,(04)23274275,(04)23288582,2025,06,24,7,21,臺中市,沙鹿區,0,0,0,7,,,60,,,,,,,,,,,,,,,,,,,B03,,,1,,2,,,20,20,1,12,4,120.595864,24.249996,3
8921,66000,387130000C,(04)23274275,(04)23288582,2025,06,24,7,21,臺中市,沙鹿區,0,2,0,7,2,6,40,13,8,1,5,4,6,6,4,4,1,5,5,1,13,2,8,1,1,C03,7,9,1,10,2,11,,7,7,1,6,4,120.567396,24.238812,2
8922,66000,387130000C,(04)23274275,(04)23288582,2025,06,24,7,22,臺中市,大里區,0,1,0,7,2,6,30,18,9,1,5,4,6,6,4,4,10,5,5,2,18,2,9,5,4,C03,7,9,1,10,2,11,,84,84,1,13,4,120.689987,24.083645,2
8923,66000,387130000C,(04)23274275,(04)23288582,2025,06,24,7,24,臺中市,大肚區,0,0,0,7,,,50,,,,,,,,,,,,,,9,,,,,B03,,,1,,2,,,50,50,1,12,4,120.544776,24.15537,3
8924,66000,387130000C,(04)23274275,(04)23288582,2025,06,24,7,28,臺中市,南屯區,0,0,0,7,,,50,,,,,,,,,,,,,,17,,,,,C03,,,5,,9,,,51,51,1,12,4,120.646863,24.141574,3
8925,66000,387130000C,(04)23274275,(04)23288582,2025,06,24,7,30,臺中市,北屯區,0,1,0,7,2,6,50,5,4,1,5,4,6,6,2,1,3,3,5,2,13,3,10,3,1,B03,7,9,1,8,2,5,,59,59,1,13,4,120.686574,24.20139,2
8926,66000,387130000C,(04)23274275,(04)23288582,2025,06,24,7,33,臺中市,北屯區,0,1,0,7,2,6,50,4,1,1,5,4,6,6,2,1,10,5,5,2,13,3,10,1,1,C03,7,9,1,10,2,11,,7,7,1,12,4,120.721811,24.181854,2
8927,66000,387130000C,(04)23274275,(04)23288582,2025,06,24,7,33,臺中市,西屯區,0,0,0,7,,,50,,,,,,,,,,,,,,17,,,,,B03,,,1,,1,,,8,8,1,13,4,120.617317,24.174528,3
8928,66000,387130000C,(04)23274275,(04)23288582,2025,06,24,7,33,臺中市,大里區,0,0,0,7,,,50,,,,,,,,,,,,,,13,,,,,B03,,,1,,2,,,7,7,1,13,4,120.699314,24.110425,3
8929,66000,387130000C,(04)23274275,(04)23288582,2025,06,24,7,35,臺中市,北屯區,0,0,0,7,,,50,,,,,,,,,,,,,,12,,,,,B03,,,1,,2,,,1,1,1,6,4,120.714833,24.182266,4
8930,66000,387130000C,(04)23274275,(04)23288582,2025,06,24,7,36,臺中市,潭子區,0,0,0,7,,,30,,,,,,,,,,,,,,,,,,,B03,,,1,,2,,,14,14,1,13,4,120.704048,24.191228,3
8931,66000,387130000C,(04)23274275,(04)23288582,2025,06,24,7,36,臺中市,烏日區,0,0,0,7,,,50,,,,,,,,,,,,,,17,,,,,B03,,,5,,9,,,7,7,1,6,4,120.645898,24.058756,3
8932,66000,387130000C,(04)23274275,(04)23288582,2025,06,24,7,37,臺中市,豐原區,0,0,0,7,,,50,,,,,,,,,,,,,,13,,,,,B03,,,1,,2,,,7,7,1,12,4,120.704571,24.249653,3
8933,66000,387130000C,(04)23274275,(04)23288582,2025,06,24,7,38,臺中市,潭子區,0,2,0,7,3,6,50,13,9,1,5,4,6,6,4,4,1,4,5,2,17,2,8,1,1,C03,7,4,1,10,2,14,,84,84,1,13,4,120.706651,24.201003,2
8934,66000,387130000C,(04)23274275,(04)23288582,2025,06,24,7,38,臺中市,神岡區,0,0,0,7,,,50,,,,,,,,,,,,,,13,,,,,B03,,,1,,2,,,59,59,1,12,4,120.705344,24.261397,3
8935,66000,387130000C,(04)23274275,(04)23288582,2025,06,24,7,40,臺中市,潭子區,0,1,0,7,2,6,50,4,1,1,5,4,6,6,2,1,5,2,5,2,12,3,10,1,1,C03,7,9,1,10,2,12,,39,39,1,13,4,120.705381,24.215588,2
8936,66000,387130000C,(04)23274275,(04)23288582,2025,06,24,7,40,臺中市,北屯區,0,0,0,7,,,50,,,,,,,,,,,,,,,,,,,C03,,,1,,2,,,15,15,1,13,4,120.695393,24.172837,3
8937,66000,387130000C,(04)23274275,(04)23288582,2025,06,24,7,40,臺中市,沙鹿區,0,1,0,7,2,6,30,4,9,1,5,4,6,6,4,4,10,4,5,2,15,2,8,2,1,C03,7,9,1,10,2,11,,12,12,1,12,4,120.54997,24.216691,2
8938,66000,387130000C,(04)23274275,(04)23288582,2025,06,24,7,42,臺中市,太平區,0,0,0,7,,,50,,,,,,,,,,,,,,,,,,,B03,,,1,,2,,,57,57,1,12,4,120.714813,24.158838,3
8939,66000,387130000C,(04)23274275,(04)23288582,2025,06,24,7,43,臺中市,梧棲區,0,1,0,7,2,6,50,4,1,1,5,4,6,6,1,1,10,5,5,2,16,3,10,1,1,C03,7,5,1,10,1,12,,11,11,1,12,4,120.539485,24.252346,2
8940,66000,387130000C,(04)23274275,(04)23288582,2025,06,24,7,45,臺中市,東區,0,0,0,7,,,50,,,,,,,,,,,,,,17,,,,,C03,,,1,,2,,,7,7,1,12,4,120.705579,24.13036,3
8941,66000,387130000C,(04)23274275,(04)23288582,2025,06,24,7,45,臺中市,大甲區,0,1,0,7,3,6,50,3,1,1,5,4,6,6,4,4,10,5,5,2,17,3,10,3,1,B03,7,5,1,8,2,4,,14,14,1,6,4,120.648818,24.360337,2
8942,66000,387130000C,(04)23274275,(04)23288582,2025,06,24,7,46,臺中市,北屯區,0,0,0,7,,,50,,,,,,,,,,,,,,13,,,,,B03,,,1,,2,,,7,7,1,6,4,120.710719,24.18224,3
8943,66000,387130000C,(04)23274275,(04)23288582,2025,06,24,7,47,臺中市,大里區,0,2,0,7,2,6,50,13,7,1,5,4,6,6,4,4,1,4,4,2,13,2,9,1,1,C03,7,9,1,10,2,11,,7,7,1,12,4,120.68937,24.120105,2
8944,66000,387130000C,(04)23274275,(04)23288582,2025,06,24,7,48,臺中市,太平區,0,2,0,7,3,6,50,3,2,1,5,4,6,6,4,4,5,5,4,1,16,2,9,1,1,F03,7,8,7,21,2,13,14,65,65,1,6,4,120.733023,24.11708,2
8945,66000,387130000C,(04)23274275,(04)23288582,2025,06,24,7,48,臺中市,烏日區,0,0,0,7,,3,80,,,,,,,,,,,,,,13,,,,,B03,,,1,,1,,,7,7,1,6,4,120.614492,24.105191,3
8946,66000,387130000C,(04)23274275,(04)23288582,2025,06,24,7,49,臺中市,北屯區,0,1,0,7,2,6,50,13,7,1,5,4,6,6,4,4,5,4,4,2,16,3,10,3,1,B03,7,11,1,8,2,4,,39,39,1,12,4,120.741653,24.180511,2
8947,66000,387130000C,(04)23274275,(04)23288582,2025,06,24,7,50,臺中市,北屯區,0,2,0,7,2,6,50,13,7,1,5,4,6,6,4,4,10,5,5,2,17,2,9,5,4,C03,7,7,1,10,1,12,,85,85,1,12,4,120.716233,24.164362,2
8948,66000,387130000C,(04)23274275,(04)23288582,2025,06,24,7,50,臺中市,大里區,0,2,0,7,2,6,50,13,9,1,5,4,6,6,4,4,8,3,5,1,17,2,9,1,1,C03,7,1,1,10,2,12,,84,84,1,6,4,120.679146,24.082852,2
8949,66000,387130000C,(04)23274275,(04)23288582,2025,06,24,7,52,臺中市,豐原區,0,1,0,7,2,6,50,3,2,1,5,4,6,6,1,1,1,5,5,2,13,3,10,1,1,C03,7,9,1,10,2,11,,7,7,1,12,4,120.722089,24.275644,2
8950,66000,387130000C,(04)23274275,(04)23288582,2025,06,24,7,52,臺中市,豐原區,0,0,0,7,2,6,50,13,9,1,5,4,6,6,4,4,1,4,5,2,13,3,10,1,1,C03,7,9,1,10,2,11,,7,7,1,12,4,120.707305,24.250192,3
8951,66000,387130000C,(04)23274275,(04)23288582,2025,06,24,7,55,臺中市,南區,0,0,0,7,,,50,,,,,,,,,,,,,,14,,,,,B03,,,1,,1,,,49,49,1,12,4,120.677253,24.130775,4
8952,66000,387130000C,(04)23274275,(04)23288582,2025,06,24,7,55,臺中市,南屯區,0,1,0,7,2,6,50,4,1,1,5,4,6,6,1,1,9,4,5,2,12,3,10,3,1,B03,7,5,1,8,2,2,,11,11,1,12,4,120.611798,24.141958,2
8953,66000,387130000C,(04)23274275,(04)23288582,2025,06,24,7,55,臺中市,霧峰區,0,1,0,7,2,6,50,4,1,1,5,4,6,6,4,4,10,5,5,2,17,2,8,2,1,C03,7,4,1,10,2,12,,1,1,1,6,4,120.680393,24.023721,2
8954,66000,387130000C,(04)23274275,(04)23288582,2025,06,24,7,55,臺中市,沙鹿區,0,2,0,7,2,6,30,3,2,1,5,4,6,6,4,4,10,5,5,1,13,2,8,1,1,C03,7,9,1,10,2,11,,8,8,1,12,4,120.556517,24.239249,2
8955,66000,387130000C,(04)23274275,(04)23288582,2025,06,24,7,56,臺中市,北屯區,0,1,0,7,1,6,50,13,9,1,5,4,6,6,4,4,10,5,5,2,17,3,10,5,4,B03,7,14,1,1,2,4,,76,76,1,12,4,120.685449,24.173934,2
8956,66000,387130000C,(04)23274275,(04)23288582,2025,06,24,7,58,臺中市,西屯區,0,0,0,7,,,50,,,,,,,,,,,,,,12,,,,,B03,,,1,,1,,,87,87,1,12,4,120.593564,24.179951,3
8957,66000,387130000C,(04)23274275,(04)23288582,2025,06,24,7,59,臺中市,西區,0,1,0,7,2,6,50,13,8,1,5,4,6,6,1,1,5,5,5,2,13,2,9,1,1,C03,7,9,1,10,2,11,,7,7,1,13,4,120.669373,24.138795,2
8958,66000,387130000C,(04)23274275,(04)23288582,2025,06,24,7,59,臺中市,西區,0,1,0,7,2,6,50,4,1,1,5,4,6,6,2,1,5,4,4,2,16,3,10,3,1,B03,7,6,1,6,2,1,,23,23,1,12,4,120.66332,24.132198,2
8959,66000,387130000C,(04)23274275,(04)23288582,2025,06,24,8,0,臺中市,南屯區,0,1,0,7,3,6,50,4,1,1,5,4,6,6,4,4,10,5,5,2,15,3,10,3,1,B01,7,9,1,4,2,5,,12,12,1,12,4,120.647795,24.141764,2
8960,66000,387130000C,(04)23274275,(04)23288582,2025,06,24,8,2,臺中市,霧峰區,0,1,0,7,2,6,30,13,9,1,5,4,6,6,4,4,10,5,5,1,17,3,10,5,4,B03,7,5,1,8,2,2,,84,84,1,13,4,120.671724,24.034517,2
8961,66000,387130000C,(04)23274275,(04)23288582,2025,06,24,8,2,臺中市,大里區,0,1,0,7,2,6,50,13,9,1,5,4,6,6,4,4,5,4,5,1,16,3,10,1,1,C03,7,5,1,10,2,12,,47,47,1,12,4,120.687674,24.120489,2
8962,66000,387130000C,(04)23274275,(04)23288582,2025,06,24,8,4,臺中市,北區,0,0,0,7,,,50,,,,,,,,,,,,,,17,,,,,C03,,,1,,1,,,51,51,1,13,4,120.675333,24.151716,3
8963,66000,387130000C,(04)23274275,(04)23288582,2025,06,24,8,4,臺中市,梧棲區,0,1,0,7,1,6,40,4,2,1,5,4,6,6,1,1,10,5,5,2,16,2,9,1,1,C03,7,6,1,10,2,14,,48,48,1,6,4,120.538681,24.249161,2
8964,66000,387130000C,(04)23274275,(04)23288582,2025,06,24,8,9,臺中市,北區,0,2,0,7,2,6,50,13,9,1,5,4,6,6,2,1,1,4,5,2,17,2,9,6,1,F01,7,9,7,21,2,14,,42,42,1,12,4,120.676797,24.15187,2
8965,66000,387130000C,(04)23274275,(04)23288582,2025,06,24,8,9,臺中市,西屯區,0,1,0,7,3,6,50,13,9,1,5,4,6,6,4,4,3,4,5,2,17,3,10,5,4,B03,7,13,1,8,2,8,,76,76,1,13,4,120.641854,24.172789,2
8966,66000,387130000C,(04)23274275,(04)23288582,2025,06,24,8,9,臺中市,西屯區,0,0,0,7,,,60,,,,,,,,,,,,,,,,,,,B03,,,1,,10,,,87,87,1,12,4,120.665068,24.172475,3
8967,66000,387130000C,(04)23274275,(04)23288582,2025,06,24,8,9,臺中市,豐原區,0,1,0,7,2,6,50,13,9,1,5,4,6,6,2,1,5,4,5,1,18,2,9,1,1,C03,7,9,1,10,2,14,,84,84,1,12,4,120.722338,24.253957,2
8968,66000,387130000C,(04)23274275,(04)23288582,2025,06,24,8,10,臺中市,沙鹿區,0,0,0,7,2,6,30,11,9,1,5,4,6,6,4,4,10,5,5,2,11,,,,,C03,,,1,,2,,,41,41,1,12,4,120.571669,24.239691,3
8969,66000,387130000C,(04)23274275,(04)23288582,2025,06,24,8,10,臺中市,沙鹿區,0,0,0,7,,,30,,,,,,,,,,,,,,,,,,,C03,,,1,,2,,,12,12,1,6,4,120.568431,24.240754,4
8970,66000,387130000C,(04)23274275,(04)23288582,2025,06,24,8,12,臺中市,大里區,0,2,0,7,2,6,50,4,2,1,5,4,6,6,4,4,4,3,5,1,17,2,9,1,1,C03,7,9,1,10,2,11,,8,8,1,6,4,120.694218,24.087402,2
8971,66000,387130000C,(04)23274275,(04)23288582,2025,06,24,8,14,臺中市,大雅區,0,1,0,7,1,6,50,4,1,1,5,4,6,6,1,1,1,4,4,2,17,,,,,,,6,,,,,,86,86,2,,,120.656432,24.220792,2
8972,66000,387130000C,(04)23274275,(04)23288582,2025,06,24,8,14,臺中市,豐原區,0,1,0,7,2,6,50,3,1,1,5,4,6,6,1,1,1,3,4,1,12,3,10,3,1,B03,7,9,1,8,2,6,,84,84,1,6,4,120.751471,24.270711,2
8973,66000,387130000C,(04)23274275,(04)23288582,2025,06,24,8,16,臺中市,南區,0,0,0,7,,,30,,,,,,,,,,,,,,17,,,,,B03,,,1,,2,,,84,84,1,13,4,120.657306,24.125874,3
8974,66000,387130000C,(04)23274275,(04)23288582,2025,06,24,8,19,臺中市,大雅區,0,1,0,7,3,6,50,13,9,1,5,4,6,6,4,4,9,5,5,2,17,2,5,2,1,C03,7,9,1,10,2,11,,7,7,1,12,4,120.668687,24.218967,2
8975,66000,387130000C,(04)23274275,(04)23288582,2025,06,24,8,21,臺中市,北屯區,0,0,0,7,,,50,,,,,,,,,,,,,,13,,,,,B03,,,1,,1,,,7,7,1,13,4,120.691429,24.164963,3
8976,66000,387130000C,(04)23274275,(04)23288582,2025,06,24,8,21,臺中市,沙鹿區,0,1,0,7,2,6,40,13,8,1,5,4,6,6,4,4,1,5,1,2,13,3,10,3,1,B03,7,9,1,8,2,1,,84,84,1,12,4,120.569294,24.202281,2
8977,66000,387130000C,(04)23274275,(04)23288582,2025,06,24,8,22,臺中市,潭子區,0,1,0,7,2,6,50,3,1,1,5,4,6,6,4,4,10,5,5,2,14,3,10,3,1,A12,7,2,1,7,1,7,,49,49,1,13,4,120.697852,24.223452,2
8978,66000,387130000C,(04)23274275,(04)23288582,2025,06,24,8,23,臺中市,西屯區,0,2,0,7,2,6,50,3,1,1,5,4,6,6,2,1,10,5,5,2,15,2,9,1,1,C03,7,9,5,10,2,11,12,21,21,1,12,4,120.64238,24.169413,2
8979,66000,387130000C,(04)23274275,(04)23288582,2025,06,24,8,23,臺中市,大里區,0,1,0,7,2,6,50,4,1,1,5,4,6,6,1,1,10,5,5,2,17,3,10,3,1,B03,7,5,1,8,2,2,,47,47,1,12,4,120.680102,24.10469,2
8980,66000,387130000C,(04)23274275,(04)23288582,2025,06,24,8,23,臺中市,豐原區,0,1,0,7,2,6,50,3,1,1,5,4,6,6,4,4,9,5,4,2,11,3,10,5,4,B03,7,6,1,8,2,4,,84,84,1,12,4,120.725699,24.242976,2
8981,66000,387130000C,(04)23274275,(04)23288582,2025,06,24,8,25,臺中市,大肚區,0,2,0,7,2,6,30,4,1,1,5,4,6,6,1,1,10,5,5,2,15,2,9,4,1,C03,7,9,1,10,2,11,,25,25,1,6,4,120.578742,24.120922,2
8982,66000,387130000C,(04)23274275,(04)23288582,2025,06,24,8,28,臺中市,太平區,0,0,0,7,,,50,,,,,,,,,,,,,,,,,,,B01,,,1,,1,,,7,7,1,12,4,120.70983,24.135077,3
8983,66000,387130000C,(04)23274275,(04)23288582,2025,06,24,8,29,臺中市,大雅區,0,1,0,7,1,6,50,13,7,1,5,4,6,6,1,1,1,4,4,2,18,2,9,2,1,C03,7,12,1,10,2,12,,84,84,1,12,4,120.631732,24.230068,2
8984,66000,387130000C,(04)23274275,(04)23288582,2025,06,24,8,30,臺中市,南區,0,2,0,7,2,6,50,13,9,1,5,4,6,6,4,4,5,5,5,2,17,2,8,2,1,C03,7,9,1,10,2,11,,84,84,1,12,4,120.658036,24.108949,2
8985,66000,387130000C,(04)23274275,(04)23288582,2025,06,24,8,30,臺中市,霧峰區,0,0,0,7,,,70,,,,,,,,,,,,,,,,,,,,,,,,,,,116,116,1,,,120.662591,24.071439,3
8986,66000,387130000C,(04)23274275,(04)23288582,2025,06,24,8,31,臺中市,西區,0,0,0,7,,,50,,,,,,,,,,,,,,,,,,,A41,,,1,,9,,,8,8,1,6,4,120.668014,24.1297,3
8987,66000,387130000C,(04)23274275,(04)23288582,2025,06,24,8,34,臺中市,南屯區,0,0,0,7,,,50,,,,,,,,,,,,,,,,,,,B03,,,5,,2,,,84,84,1,13,4,120.654857,24.134946,3
8988,66000,387130000C,(04)23274275,(04)23288582,2025,06,24,8,34,臺中市,北屯區,0,1,0,7,1,6,25,4,2,1,5,4,6,6,4,4,10,5,5,2,16,2,9,1,1,C03,7,9,1,10,1,11,,15,15,1,13,4,120.701879,24.167529,2
8989,66000,387130000C,(04)23274275,(04)23288582,2025,06,24,8,36,臺中市,西屯區,0,0,0,7,,,40,,,,,,,,,,,,,,,,,,,B03,,,1,,2,,,87,87,1,12,4,120.624188,24.178128,3
8990,66000,387130000C,(04)23274275,(04)23288582,2025,06,24,8,39,臺中市,西屯區,0,1,0,7,2,6,50,13,8,1,5,4,6,6,4,4,1,4,4,2,16,3,10,5,4,B03,7,5,1,8,2,5,,47,47,1,13,4,120.640538,24.160052,2
8991,66000,387130000C,(04)23274275,(04)23288582,2025,06,24,8,40,臺中市,西區,0,0,0,7,,,50,,,,,,,,,,,,,,,,,,,B03,,,1,,1,,,84,84,1,6,4,120.662588,24.132178,3
8992,66000,387130000C,(04)23274275,(04)23288582,2025,06,24,8,41,臺中市,北屯區,0,0,0,7,,,50,,,,,,,,,,,,,,11,,,,,B03,,,1,,2,,,51,51,1,6,4,120.704971,24.178096,3
8993,66000,387130000C,(04)23274275,(04)23288582,2025,06,24,8,41,臺中市,西屯區,0,2,0,7,2,6,50,13,9,1,5,4,6,6,4,4,1,4,5,2,13,2,9,2,4,C03,7,9,1,10,2,11,,7,7,1,13,4,120.637578,24.170512,2
8994,66000,387130000C,(04)23274275,(04)23288582,2025,06,24,8,42,臺中市,潭子區,0,0,0,7,,,0,,,,,,,,,,,,,,,,,,,C03,,,1,,2,,,78,78,1,13,4,120.709793,24.235857,3
8995,66000,387130000C,(04)23274275,(04)23288582,2025,06,24,8,43,臺中市,大里區,0,1,0,7,2,6,50,3,1,1,5,4,6,6,1,1,1,5,5,2,17,3,10,3,1,B12,7,6,1,8,2,2,,11,11,1,12,4,120.668104,24.10474,2
8996,66000,387130000C,(04)23274275,(04)23288582,2025,06,24,8,43,臺中市,太平區,0,2,0,7,3,6,50,3,22,1,5,4,6,6,1,1,10,5,5,2,3,2,9,1,1,C03,7,9,1,10,2,11,,21,21,1,6,4,120.706675,24.159352,2
8997,66000,387130000C,(04)23274275,(04)23288582,2025,06,24,8,45,臺中市,大雅區,0,2,0,7,3,6,50,4,1,1,5,4,6,6,1,1,10,5,5,2,17,2,8,2,1,C03,7,9,3,19,2,14,,84,84,1,12,4,120.669875,24.22258,2
8998,66000,387130000C,(04)23274275,(04)23288582,2025,06,24,8,46,臺中市,大里區,0,0,0,7,,,50,,,,,,,,,,,,,,17,,,,,,,,,,,,,84,84,1,,,120.677269,24.093289,4
8999,66000,387130000C,(04)23274275,(04)23288582,2025,06,24,8,48,臺中市,西屯區,0,1,0,7,2,6,50,4,2,1,5,4,6,6,4,4,10,5,5,2,12,3,10,3,1,G03,7,9,1,1,1,17,,8,8,1,12,4,120.63369,24.182535,2
9000,66000,387130000C,(04)23274275,(04)23288582,2025,06,24,8,48,臺中市,太平區,0,2,0,7,3,6,30,3,1,1,5,4,6,6,4,4,10,5,5,2,16,2,9,2,1,C04,7,6,1,10,2,11,,12,12,1,12,4,120.70188,24.112452,2
9001,66000,387130000C,(04)23274275,(04)23288582,2025,06,24,8,49,臺中市,太平區,0,2,0,7,3,6,50,3,2,1,5,4,6,6,4,4,5,5,5,1,3,2,9,6,5,H01,8,16,7,21,10,17,,95,95,1,6,5,120.71451,24.143054,2
9002,66000,387130000C,(04)23274275,(04)23288582,2025,06,24,8,49,臺中市,沙鹿區,0,1,0,7,2,6,50,13,7,1,5,4,6,6,4,4,5,4,4,2,17,2,8,1,1,C03,7,8,3,19,2,14,12,43,43,1,6,4,120.559874,24.239264,2
9003,66000,387130000C,(04)23274275,(04)23288582,2025,06,24,8,50,臺中市,西屯區,0,0,0,7,,,50,,,,,,,,,,,,,,17,,,,,C03,,,1,,1,,,2,2,1,13,4,120.629749,24.165392,3
9004,66000,387130000C,(04)23274275,(04)23288582,2025,06,24,8,50,臺中市,后里區,0,3,0,7,3,6,50,13,8,1,5,4,6,6,4,4,3,4,4,1,13,2,9,2,1,C03,7,9,1,10,2,11,,7,7,1,6,4,120.72219,24.307481,2
9005,66000,387130000C,(04)23274275,(04)23288582,2025,06,24,8,51,臺中市,西屯區,0,2,0,7,2,6,50,3,2,1,5,4,6,6,4,4,5,4,5,2,16,2,9,1,1,C03,7,5,1,10,2,14,,12,12,1,12,4,120.621002,24.184991,2
9006,66000,387130000C,(04)23274275,(04)23288582,2025,06,24,8,53,臺中市,西屯區,0,0,0,7,,,50,,,,,,,,,,,,,,13,,,,,B13,,,1,,1,,,59,59,1,13,4,120.647923,24.196628,3
9007,66000,387130000C,(04)23274275,(04)23288582,2025,06,24,8,55,臺中市,南區,0,0,0,7,,,50,,,,,,,,,,,,,,13,,,,,C03,,,1,,1,,,7,7,1,12,4,120.655464,24.124055,3