﻿序號,縣市別代碼,機關代碼,市話,傳真,年,月,日,時,分,縣市,區,死亡數量,受傷數量,2-30,天候,道路照明設備,道路類別,道路速限,道路型態,事故位置,路面鋪裝,路面狀態,路面缺陷,障礙物,視距,號誌種類,號誌動作,分向設施,快車道或一般車道間,快慢車道間,路面邊線,事故類型及型態,受傷程度,主要傷處,保護裝備,行動電話或功能裝置,當事者區分_類別,車輛用途,當事者行動狀態,駕照狀態,駕照種類,飲酒情形,車輛撞擊部位最初,車輛撞擊部位其他,肇事因素個別,肇事因素主要,肇事逃逸,職業,共享經濟或外送平台,GPS座標X,GPS座標Y,事故類別
9562,66000,387130000C,(04)23274275,(04)23288582,2025,06,25,16,5,臺中市,東區,0,0,0,7,,,50,,,,,,,,,,,,,,,,,,,A12,,,1,,1,,,50,50,1,6,4,120.688873,24.132415,3
9563,66000,387130000C,(04)23274275,(04)23288582,2025,06,25,16,7,臺中市,北屯區,0,0,0,7,,,50,,,,,,,,,,,,,,,,,,,B03,,,1,,2,,,59,59,1,11,4,120.72147,24.162428,3
9564,66000,387130000C,(04)23274275,(04)23288582,2025,06,25,16,8,臺中市,北屯區,0,0,0,7,,,40,,,,,,,,,,,,,,13,,,,,B12,,,1,4,1,,,7,7,1,12,4,120.71931,24.163181,3
9565,66000,387130000C,(04)23274275,(04)23288582,2025,06,25,16,14,臺中市,烏日區,0,1,0,7,2,6,50,13,9,1,5,4,6,6,4,4,1,4,5,1,12,3,10,3,1,B03,7,7,1,8,2,5,,84,84,1,6,4,120.628217,24.104389,2
9566,66000,387130000C,(04)23274275,(04)23288582,2025,06,25,16,15,臺中市,大雅區,0,0,0,7,,,60,,,,,,,,,,,,,,,,,,,B03,,,1,,1,,,40,40,1,12,4,120.64696,24.221634,3
9567,66000,387130000C,(04)23274275,(04)23288582,2025,06,25,16,16,臺中市,豐原區,0,0,0,7,,,50,,,,,,,,,,,,,,13,,,,,B03,,,1,,2,,,59,59,1,12,4,120.720217,24.264003,3
9568,66000,387130000C,(04)23274275,(04)23288582,2025,06,25,16,17,臺中市,西屯區,0,0,0,7,,,50,,,,,,,,,,,,,,13,,,,,B01,,,1,,1,,,59,59,1,13,4,120.637963,24.163279,3
9569,66000,387130000C,(04)23274275,(04)23288582,2025,06,25,16,18,臺中市,南屯區,0,0,0,7,3,6,50,13,9,1,5,4,6,6,4,4,5,4,5,2,13,,,,,B03,,,1,,1,,,84,84,1,12,4,120.61498,24.144672,3
9570,66000,387130000C,(04)23274275,(04)23288582,2025,06,25,16,20,臺中市,西屯區,0,0,0,7,,,40,,,,,,,,,,,,,,17,,,,,B03,,,1,,9,,,49,49,1,12,4,120.643697,24.162906,3
9571,66000,387130000C,(04)23274275,(04)23288582,2025,06,25,16,21,臺中市,西區,0,0,0,7,,,50,,,,,,,,,,,,,,13,,,,,C03,,,1,,1,,,7,7,1,12,4,120.661913,24.151866,3
9572,66000,387130000C,(04)23274275,(04)23288582,2025,06,25,16,22,臺中市,豐原區,0,1,0,7,2,6,50,13,9,1,5,4,6,6,4,4,1,4,5,2,13,2,9,5,4,B03,7,9,1,8,2,1,,56,56,1,13,4,120.70853,24.250085,2
9573,66000,387130000C,(04)23274275,(04)23288582,2025,06,25,16,26,臺中市,霧峰區,0,0,0,5,,,60,,,,,,,,,,,,,,13,,,,,B03,,,1,,1,,,59,59,1,6,4,120.696053,24.053672,3
9574,66000,387130000C,(04)23274275,(04)23288582,2025,06,25,16,26,臺中市,清水區,0,0,0,7,,,50,,,,,,,,,,,,,,,,,,,B02,,,1,,2,,,87,87,1,12,4,120.575641,24.265976,3
9575,66000,387130000C,(04)23274275,(04)23288582,2025,06,25,16,33,臺中市,南屯區,0,0,0,7,,,50,,,,,,,,,,,,,,12,,,,,B03,,,1,,2,,,84,84,1,12,4,120.62181,24.137214,3
9576,66000,387130000C,(04)23274275,(04)23288582,2025,06,25,16,35,臺中市,沙鹿區,0,1,0,7,2,6,50,13,7,1,5,4,6,6,4,4,1,4,4,2,13,3,10,3,1,B03,7,9,1,8,2,1,,59,59,1,6,4,120.558661,24.210641,2
9577,66000,387130000C,(04)23274275,(04)23288582,2025,06,25,16,36,臺中市,太平區,0,2,0,6,3,6,50,3,1,1,5,4,6,6,4,4,10,5,5,2,16,2,9,1,1,F01,7,6,7,21,2,11,,84,84,1,3,4,120.7194,24.154441,2
9578,66000,387130000C,(04)23274275,(04)23288582,2025,06,25,16,36,臺中市,清水區,0,1,0,7,2,6,40,4,1,1,5,4,6,6,1,1,1,2,4,1,16,2,9,6,1,F01,7,6,7,21,2,11,,48,48,1,13,4,120.574874,24.26749,2
9579,66000,387130000C,(04)23274275,(04)23288582,2025,06,25,16,37,臺中市,后里區,0,2,0,7,3,6,30,3,1,1,5,4,6,6,4,4,10,5,5,2,16,2,9,2,1,C03,7,6,1,10,2,14,,84,84,1,6,4,120.709398,24.312414,2
9580,66000,387130000C,(04)23274275,(04)23288582,2025,06,25,16,38,臺中市,清水區,0,0,0,7,,,60,,,,,,,,,,,,,,,,,,,B03,,,1,,11,,,7,7,1,12,4,120.56179,24.271959,3
9581,66000,387130000C,(04)23274275,(04)23288582,2025,06,25,16,42,臺中市,東區,0,0,0,7,,,50,,,,,,,,,,,,,,,,,,,C03,,,1,,2,,,49,49,1,12,4,120.682981,24.134898,3
9582,66000,387130000C,(04)23274275,(04)23288582,2025,06,25,16,43,臺中市,烏日區,0,2,0,6,2,6,50,13,9,1,5,4,6,6,1,1,1,4,5,2,13,2,1,5,4,B03,7,9,1,8,2,1,,84,84,1,6,4,120.615531,24.113895,2
9583,66000,387130000C,(04)23274275,(04)23288582,2025,06,25,16,45,臺中市,北屯區,0,1,0,7,2,6,50,4,1,1,5,4,6,6,2,1,10,5,5,2,16,2,9,1,1,C03,7,9,1,10,2,11,,21,21,1,6,4,120.669621,24.188514,2
9584,66000,387130000C,(04)23274275,(04)23288582,2025,06,25,16,52,臺中市,大雅區,0,0,0,7,,,60,,,,,,,,,,,,,,13,,,,,C03,,,1,,2,,,7,7,1,13,4,120.647323,24.221074,3
9585,66000,387130000C,(04)23274275,(04)23288582,2025,06,25,16,52,臺中市,梧棲區,0,1,0,7,2,6,50,4,1,1,5,4,6,6,4,4,10,5,5,2,15,2,9,1,1,C03,7,9,1,10,2,12,,15,15,1,12,4,120.522352,24.22805,2
9586,66000,387130000C,(04)23274275,(04)23288582,2025,06,25,16,54,臺中市,北屯區,0,0,0,7,,,30,,,,,,,,,,,,,,14,,,,,B03,,,1,8,2,,,49,49,1,6,4,120.683682,24.191784,3
9587,66000,387130000C,(04)23274275,(04)23288582,2025,06,25,16,54,臺中市,大甲區,0,0,0,7,,,70,,,,,,,,,,,,,,,,,,,B03,,,1,,1,,,7,7,1,12,4,120.651535,24.388527,3
9588,66000,387130000C,(04)23274275,(04)23288582,2025,06,25,16,55,臺中市,沙鹿區,0,1,0,7,2,6,50,13,9,1,5,4,6,6,1,1,4,5,5,2,13,2,8,1,1,C03,7,9,1,10,2,11,,59,59,1,6,4,120.578465,24.221361,2
9589,66000,387130000C,(04)23274275,(04)23288582,2025,06,25,16,56,臺中市,龍井區,0,0,0,7,,,50,,,,,,,,,,,,,,13,,,,,B03,,,1,,2,,,7,7,1,6,4,120.546953,24.196735,3
9590,66000,387130000C,(04)23274275,(04)23288582,2025,06,25,16,58,臺中市,北屯區,0,1,0,7,3,6,50,4,1,1,5,4,6,6,1,1,10,5,5,2,13,2,8,2,1,C03,7,9,1,10,1,11,,7,7,1,6,4,120.686582,24.201323,2
9591,66000,387130000C,(04)23274275,(04)23288582,2025,06,25,17,0,臺中市,沙鹿區,0,0,0,7,,,50,,,,,,,,,,,,,,17,,,,,B12,,,1,,2,,,59,59,1,6,4,120.579124,24.2185,3
9592,66000,387130000C,(04)23274275,(04)23288582,2025,06,25,17,2,臺中市,西區,0,0,0,7,,,50,,,,,,,,,,,,,,,,,,,B03,,,1,,2,,,84,84,1,6,4,120.660272,24.14947,3
9593,66000,387130000C,(04)23274275,(04)23288582,2025,06,25,17,2,臺中市,大里區,0,1,0,7,2,6,50,5,2,1,5,4,6,6,1,1,1,3,5,1,17,3,10,3,1,B03,7,9,1,8,2,2,,8,8,1,6,4,120.690066,24.092644,2
9594,66000,387130000C,(04)23274275,(04)23288582,2025,06,25,17,7,臺中市,大雅區,0,1,0,7,2,6,50,11,9,1,5,4,6,6,4,4,1,4,4,1,17,3,10,3,1,B03,7,8,1,8,2,4,,20,20,1,12,4,120.650758,24.210808,2
9595,66000,387130000C,(04)23274275,(04)23288582,2025,06,25,17,8,臺中市,石岡區,0,0,0,7,,,70,,,,,,,,,,,,,,,,,,,A12,,,1,,3,,,40,40,1,13,4,120.813558,24.262133,3
9596,66000,387130000C,(04)23274275,(04)23288582,2025,06,25,17,9,臺中市,西區,0,1,0,7,2,6,0,13,21,1,5,4,6,6,4,4,10,5,5,2,17,3,10,3,1,B03,7,1,1,8,2,1,,51,51,1,12,4,120.656121,24.140308,2
9597,66000,387130000C,(04)23274275,(04)23288582,2025,06,25,17,9,臺中市,沙鹿區,0,1,0,7,2,6,50,3,1,1,5,4,6,6,1,1,10,5,5,2,16,3,10,3,1,B03,7,5,1,8,2,6,,47,47,1,6,4,120.570283,24.212015,2
9598,66000,387130000C,(04)23274275,(04)23288582,2025,06,25,17,10,臺中市,大雅區,0,2,0,7,1,6,30,4,2,1,5,4,6,6,4,4,10,5,5,1,17,2,9,1,1,C03,7,9,1,10,2,14,,12,12,1,13,4,120.626394,24.209763,2
9599,66000,387130000C,(04)23274275,(04)23288582,2025,06,25,17,10,臺中市,豐原區,0,0,0,7,,,60,,,,,,,,,,,,,,13,,,,,B03,,,1,,2,,,84,84,1,13,4,120.735044,24.246755,3
9600,66000,387130000C,(04)23274275,(04)23288582,2025,06,25,17,12,臺中市,豐原區,0,0,0,7,,,50,,,,,,,,,,,,,,17,,,,,B03,,,1,,1,,,48,48,1,12,4,120.701151,24.25036,3
9601,66000,387130000C,(04)23274275,(04)23288582,2025,06,25,17,13,臺中市,北區,0,0,0,5,,,50,,,,,,,,,,,,,,13,,,,,B03,,,1,,1,,,7,7,1,13,4,120.698895,24.159794,3
9602,66000,387130000C,(04)23274275,(04)23288582,2025,06,25,17,14,臺中市,北屯區,0,0,0,7,,,40,,,,,,,,,,,,,,,,,,,B03,,,1,,2,,,51,51,1,12,4,120.693837,24.163623,3
9603,66000,387130000C,(04)23274275,(04)23288582,2025,06,25,17,16,臺中市,龍井區,0,0,0,7,,,60,,,,,,,,,,,,,,,,,,,B03,,,1,,1,,,40,40,1,12,4,120.580157,24.189864,3
9604,66000,387130000C,(04)23274275,(04)23288582,2025,06,25,17,17,臺中市,南區,0,2,0,7,2,6,50,4,1,1,5,4,6,6,4,4,10,5,5,2,15,2,9,1,1,C03,7,9,1,10,2,11,,15,15,1,12,4,120.654769,24.124491,2
9605,66000,387130000C,(04)23274275,(04)23288582,2025,06,25,17,18,臺中市,后里區,0,1,0,7,3,6,50,5,1,1,5,4,6,6,1,1,5,5,5,1,16,2,9,2,1,C03,7,6,3,19,2,11,,85,85,1,6,4,120.709525,24.304034,2
9606,66000,387130000C,(04)23274275,(04)23288582,2025,06,25,17,19,臺中市,豐原區,0,2,0,6,2,6,50,4,2,1,5,4,6,6,1,1,5,5,5,1,13,2,9,2,1,C03,7,9,3,19,2,15,,84,84,1,13,4,120.711262,24.268768,2
9607,66000,387130000C,(04)23274275,(04)23288582,2025,06,25,17,23,臺中市,大里區,0,1,0,7,2,6,50,13,9,1,5,4,6,6,4,4,5,5,4,2,16,3,10,3,1,B03,7,1,1,8,2,4,,51,51,1,6,4,120.679056,24.09983,2
9608,66000,387130000C,(04)23274275,(04)23288582,2025,06,25,17,25,臺中市,大雅區,0,1,0,7,1,6,50,13,9,1,5,4,6,6,4,4,1,5,5,1,17,3,10,1,1,C03,7,9,1,10,2,14,,84,84,1,12,4,120.661189,24.219109,2
9609,66000,387130000C,(04)23274275,(04)23288582,2025,06,25,17,25,臺中市,龍井區,0,0,0,7,,,60,,,,,,,,,,,,,,16,,,,,B03,,,1,,2,,,26,26,1,6,4,120.542378,24.2182,3
9610,66000,387130000C,(04)23274275,(04)23288582,2025,06,25,17,27,臺中市,西屯區,0,3,0,7,2,6,50,4,1,1,5,4,6,6,2,1,10,5,5,2,16,2,7,5,4,B03,7,6,1,8,2,8,,11,11,1,13,4,120.635087,24.174294,2
9611,66000,387130000C,(04)23274275,(04)23288582,2025,06,25,17,28,臺中市,太平區,0,3,0,5,2,6,50,3,2,1,4,4,6,6,4,4,5,4,5,1,12,2,9,2,1,C03,7,9,1,10,2,14,,42,42,1,12,4,120.700654,24.149206,2
9612,66000,387130000C,(04)23274275,(04)23288582,2025,06,25,17,30,臺中市,西屯區,0,1,0,7,1,6,50,13,9,1,5,4,6,6,4,4,5,5,5,2,17,3,10,5,1,B03,7,13,1,8,2,7,,76,76,1,12,4,120.647667,24.170914,2
9613,66000,387130000C,(04)23274275,(04)23288582,2025,06,25,17,30,臺中市,太平區,0,0,0,7,,,30,,,,,,,,,,,,,,17,,,,,B03,,,1,,1,,,84,84,1,6,4,120.723689,24.133889,4
9614,66000,387130000C,(04)23274275,(04)23288582,2025,06,25,17,30,臺中市,太平區,0,0,0,7,,,30,,,,,,,,,,,,,,13,,,,,C03,,,1,,2,,,58,58,1,6,4,120.701195,24.11243,3
9615,66000,387130000C,(04)23274275,(04)23288582,2025,06,25,17,31,臺中市,北區,0,0,0,5,,,50,,,,,,,,,,,,,,12,,,,,B02,,,1,,1,,,84,84,1,12,4,120.673532,24.152725,3
9616,66000,387130000C,(04)23274275,(04)23288582,2025,06,25,17,32,臺中市,霧峰區,0,2,0,5,2,6,30,3,1,1,4,4,6,6,4,4,10,5,5,2,15,2,9,1,1,C03,7,9,1,10,2,11,,15,15,1,12,4,120.699708,24.065885,2
9617,66000,387130000C,(04)23274275,(04)23288582,2025,06,25,17,33,臺中市,西屯區,0,0,0,7,,,50,,,,,,,,,,,,,,17,,,,,B12,,,1,,11,,,8,8,1,13,4,120.658587,24.173342,3
9618,66000,387130000C,(04)23274275,(04)23288582,2025,06,25,17,34,臺中市,太平區,0,1,0,5,2,6,40,4,4,1,4,4,6,6,2,1,5,5,5,1,17,3,10,3,1,B03,7,6,1,8,2,8,,39,39,1,6,4,120.724025,24.111108,2
9619,66000,387130000C,(04)23274275,(04)23288582,2025,06,25,17,35,臺中市,西屯區,0,2,0,5,1,6,30,3,1,1,4,4,6,6,4,4,10,5,5,1,16,2,9,2,1,C03,7,6,1,10,2,13,,48,48,1,12,4,120.647707,24.176519,2
9620,66000,387130000C,(04)23274275,(04)23288582,2025,06,25,17,36,臺中市,東區,0,0,0,7,,,50,,,,,,,,,,,,,,,,,,,B03,,,1,,2,,,7,7,1,12,4,120.701029,24.144602,3
9621,66000,387130000C,(04)23274275,(04)23288582,2025,06,25,17,36,臺中市,北屯區,0,0,0,7,,,40,,,,,,,,,,,,,,,,,,,B12,,,1,,9,,,84,84,1,12,4,120.721084,24.179218,3
9622,66000,387130000C,(04)23274275,(04)23288582,2025,06,25,17,37,臺中市,南屯區,0,0,0,7,,,50,,,,,,,,,,,,,,12,,,,,B03,,,1,,1,,,59,59,1,12,4,120.635711,24.143383,3
9623,66000,387130000C,(04)23274275,(04)23288582,2025,06,25,17,37,臺中市,大肚區,0,0,0,7,,,50,,,,,,,,,,,,,,13,,,,,B03,,,1,,1,,,7,7,1,6,4,120.563042,24.124232,3
9624,66000,387130000C,(04)23274275,(04)23288582,2025,06,25,17,38,臺中市,西屯區,0,1,0,5,2,6,50,13,7,1,4,4,6,6,4,4,5,5,4,2,13,2,9,5,4,B03,7,9,1,10,2,15,,7,7,1,13,4,120.661133,24.165034,2
9625,66000,387130000C,(04)23274275,(04)23288582,2025,06,25,17,38,臺中市,大甲區,0,0,0,7,,,40,,,,,,,,,,,,,,,,,,,C03,,,1,,1,,,45,45,1,12,4,120.621899,24.357963,4
9626,66000,387130000C,(04)23274275,(04)23288582,2025,06,25,17,39,臺中市,南區,0,0,0,6,,,50,,,,,,,,,,,,,,,,,,,B03,,,1,,2,,,49,49,1,12,4,120.68473,24.130532,3
9627,66000,387130000C,(04)23274275,(04)23288582,2025,06,25,17,39,臺中市,霧峰區,0,1,0,7,2,6,50,4,2,1,5,4,6,6,4,4,4,3,5,1,17,3,10,3,1,B03,7,9,1,8,2,8,,6,6,1,6,4,120.697647,24.063365,2
9628,66000,387130000C,(04)23274275,(04)23288582,2025,06,25,17,40,臺中市,沙鹿區,0,0,0,7,,,50,,,,,,,,,,,,,,16,,,,,C03,,,1,,9,,,7,7,1,6,4,120.558328,24.22939,3
9629,66000,387130000C,(04)23274275,(04)23288582,2025,06,25,17,43,臺中市,大雅區,0,2,0,7,1,6,40,13,8,1,5,4,6,6,4,4,1,5,4,1,13,2,9,1,1,C03,7,9,1,10,2,11,,7,7,1,12,4,120.64131,24.230215,2
9630,66000,387130000C,(04)23274275,(04)23288582,2025,06,25,17,44,臺中市,龍井區,0,1,0,7,1,6,50,13,9,1,5,4,6,6,4,4,9,5,5,2,30,2,9,5,4,F01,7,9,7,21,2,15,,85,85,1,12,4,120.573865,24.185589,2
9631,66000,387130000C,(04)23274275,(04)23288582,2025,06,25,17,45,臺中市,潭子區,0,0,0,7,,3,80,,,,,,,,,,,,,,,,,,,B03,,,1,,2,,,40,40,1,13,4,120.718291,24.197277,3
9632,66000,387130000C,(04)23274275,(04)23288582,2025,06,25,17,45,臺中市,南屯區,0,0,0,7,1,6,50,13,9,1,5,4,6,6,4,4,5,5,5,2,17,,,,,B03,,,1,,2,,,85,85,1,12,4,120.63213,24.152149,3
9633,66000,387130000C,(04)23274275,(04)23288582,2025,06,25,17,45,臺中市,北屯區,0,0,0,7,,,50,,,,,,,,,,,,,,13,,,,,C03,,,1,,1,,,48,48,1,6,4,120.694508,24.185455,3
9634,66000,387130000C,(04)23274275,(04)23288582,2025,06,25,17,45,臺中市,梧棲區,0,1,0,7,3,6,30,4,1,1,5,4,6,6,1,1,10,5,5,2,16,2,9,1,1,C03,7,9,1,10,2,12,,59,59,1,6,4,120.535423,24.236022,2
9635,66000,387130000C,(04)23274275,(04)23288582,2025,06,25,17,48,臺中市,潭子區,0,2,0,7,3,6,50,13,9,1,5,4,6,6,4,4,5,4,5,2,9,2,1,2,1,C03,7,9,1,10,2,12,,8,8,1,13,4,120.704632,24.211439,2
9636,66000,387130000C,(04)23274275,(04)23288582,2025,06,25,17,48,臺中市,西屯區,0,0,0,7,,,60,,,,,,,,,,,,,,12,,,,,B03,,,1,,2,,,8,8,1,13,4,120.653422,24.160573,3
9637,66000,387130000C,(04)23274275,(04)23288582,2025,06,25,17,49,臺中市,潭子區,0,2,0,7,2,6,30,4,1,1,5,4,6,6,3,1,10,5,5,2,15,2,9,2,1,C03,7,9,1,10,2,14,,24,24,1,13,4,120.68638,24.211439,2
9638,66000,387130000C,(04)23274275,(04)23288582,2025,06,25,17,49,臺中市,北屯區,0,1,0,7,2,6,50,13,9,1,5,4,6,6,4,4,1,4,5,2,13,2,9,1,1,C03,7,9,1,10,2,11,,7,7,1,6,4,120.699246,24.177995,2
9639,66000,387130000C,(04)23274275,(04)23288582,2025,06,25,17,49,臺中市,西屯區,0,0,0,7,,,50,,,,,,,,,,,,,,16,,,,,B03,,,1,,1,,,20,20,1,12,4,120.587015,24.171278,3
9640,66000,387130000C,(04)23274275,(04)23288582,2025,06,25,17,54,臺中市,太平區,0,0,0,5,3,6,50,4,2,1,4,4,6,6,4,4,10,5,5,2,13,,,,,C03,,,,,,,,8,8,,,,120.724419,24.140382,3
9641,66000,387130000C,(04)23274275,(04)23288582,2025,06,25,17,55,臺中市,潭子區,0,0,0,7,,,50,,,,,,,,,,,,,,,,,,,B03,,,1,,2,,,8,8,1,13,4,120.705406,24.218571,3
9642,66000,387130000C,(04)23274275,(04)23288582,2025,06,25,17,55,臺中市,南屯區,0,0,0,7,,,50,,,,,,,,,,,,,,16,,,,,B03,,,1,,1,,,51,51,1,12,4,120.64831,24.132135,3
9643,66000,387130000C,(04)23274275,(04)23288582,2025,06,25,17,55,臺中市,西屯區,0,1,0,7,2,6,30,13,9,1,5,4,6,6,4,4,10,5,5,2,11,3,10,5,4,B03,7,9,1,8,2,5,,84,84,1,13,4,120.628231,24.180796,2
9644,66000,387130000C,(04)23274275,(04)23288582,2025,06,25,17,56,臺中市,南區,0,0,0,7,,,50,,,,,,,,,,,,,,,,,,,B03,,,1,,1,,,40,40,1,12,4,120.669933,24.120113,3
9645,66000,387130000C,(04)23274275,(04)23288582,2025,06,25,17,56,臺中市,梧棲區,0,1,0,7,2,6,50,4,1,1,5,4,6,6,4,4,10,5,5,2,15,3,10,3,1,B03,7,9,1,8,2,5,,15,15,1,12,4,120.554218,24.254196,2
9646,66000,387130000C,(04)23274275,(04)23288582,2025,06,25,17,57,臺中市,沙鹿區,0,1,0,7,2,6,30,3,2,1,5,4,6,6,4,4,10,5,5,2,18,2,8,2,1,C03,7,6,1,10,2,14,,84,84,1,6,4,120.564236,24.204097,2
9647,66000,387130000C,(04)23274275,(04)23288582,2025,06,25,18,0,臺中市,豐原區,0,0,0,7,,,50,,,,,,,,,,,,,,17,,,,,B12,,,1,,1,,,84,84,1,6,4,120.719221,24.249772,3
9648,66000,387130000C,(04)23274275,(04)23288582,2025,06,25,18,2,臺中市,北區,0,0,0,5,,,40,,,,,,,,,,,,,,,,,,,C03,,,1,,1,,,84,84,1,12,4,120.683834,24.148092,3
9649,66000,387130000C,(04)23274275,(04)23288582,2025,06,25,18,3,臺中市,西屯區,0,0,0,5,,,50,,,,,,,,,,,,,,13,,,,,C03,,,1,,1,,,84,84,1,12,4,120.637529,24.180957,3
9650,66000,387130000C,(04)23274275,(04)23288582,2025,06,25,18,4,臺中市,北區,0,0,0,7,,,40,,,,,,,,,,,,,,17,,,,,B03,,,1,,1,,,84,84,1,12,4,120.676751,24.150813,3
9651,66000,387130000C,(04)23274275,(04)23288582,2025,06,25,18,6,臺中市,西區,0,2,0,7,2,6,50,3,1,1,5,4,6,6,4,4,3,4,5,2,12,2,9,2,1,C03,7,4,1,10,2,15,,1,1,1,12,4,120.659,24.156316,2
9652,66000,387130000C,(04)23274275,(04)23288582,2025,06,25,18,6,臺中市,大里區,0,0,0,7,3,6,40,13,9,1,5,4,6,6,4,4,10,5,5,1,13,,,,,B03,,,1,,1,,,7,7,1,12,4,120.684706,24.09111,3
9653,66000,387130000C,(04)23274275,(04)23288582,2025,06,25,18,8,臺中市,太平區,0,0,0,7,,,40,,,,,,,,,,,,,,14,,,,,B03,,,1,,1,,,49,49,1,12,4,120.717711,24.14793,3
9654,66000,387130000C,(04)23274275,(04)23288582,2025,06,25,18,8,臺中市,烏日區,0,0,0,7,2,6,50,13,9,1,5,4,6,6,4,4,9,5,5,2,17,3,10,1,1,C03,7,3,1,10,1,14,,84,84,1,6,4,120.612372,24.110507,3
9655,66000,387130000C,(04)23274275,(04)23288582,2025,06,25,18,10,臺中市,南區,0,0,0,7,,,50,,,,,,,,,,,,,,13,,,,,B03,,,1,,2,,,84,84,1,12,4,120.654482,24.119399,3
9656,66000,387130000C,(04)23274275,(04)23288582,2025,06,25,18,11,臺中市,豐原區,0,0,0,7,,,50,,,,,,,,,,,,,,13,,,,,C03,,,1,,1,,,7,7,1,12,4,120.699464,24.248916,3
9657,66000,387130000C,(04)23274275,(04)23288582,2025,06,25,18,12,臺中市,南區,0,0,0,6,,,50,,,,,,,,,,,,,,,,,,,B03,,,1,,2,,,84,84,1,12,4,120.661934,24.121436,3
9658,66000,387130000C,(04)23274275,(04)23288582,2025,06,25,18,13,臺中市,南屯區,0,0,0,7,,,50,,,,,,,,,,,,,,,,,,,C03,,,1,,1,,,40,40,1,6,4,120.636898,24.146865,3
9659,66000,387130000C,(04)23274275,(04)23288582,2025,06,25,18,14,臺中市,西屯區,0,1,0,5,1,6,50,13,9,1,4,4,6,6,4,4,1,4,5,2,13,2,9,1,4,C03,7,9,3,19,2,11,,7,7,1,13,4,120.625586,24.172766,2
9660,66000,387130000C,(04)23274275,(04)23288582,2025,06,25,18,16,臺中市,豐原區,0,1,0,5,2,6,30,13,9,1,4,4,6,6,4,4,10,5,5,1,17,2,9,1,1,C03,7,9,1,10,2,16,,85,85,1,12,4,120.726822,24.23008,2
9661,66000,387130000C,(04)23274275,(04)23288582,2025,06,25,18,18,臺中市,太平區,0,1,0,5,3,6,50,3,2,1,4,4,6,6,4,4,5,4,5,1,17,2,9,1,1,C03,7,9,1,10,2,12,,84,84,1,6,4,120.72524,24.133986,2
9662,66000,387130000C,(04)23274275,(04)23288582,2025,06,25,18,18,臺中市,太平區,0,2,0,6,2,6,50,3,1,1,5,4,6,6,4,4,10,5,5,2,16,3,10,3,1,B03,7,5,1,8,2,8,,12,12,1,12,4,120.717027,24.154298,2
9663,66000,387130000C,(04)23274275,(04)23288582,2025,06,25,18,19,臺中市,中區,0,2,0,5,2,6,50,13,9,1,4,4,6,6,4,4,10,4,5,2,17,2,3,1,1,C03,7,9,1,10,2,11,,7,7,1,6,4,120.680366,24.143009,2
9664,66000,387130000C,(04)23274275,(04)23288582,2025,06,25,18,20,臺中市,北屯區,0,1,0,7,3,6,50,5,1,1,5,4,6,6,1,1,10,5,5,2,17,3,10,3,1,B03,7,6,1,8,2,1,,34,34,1,12,4,120.71083,24.174825,2
9665,66000,387130000C,(04)23274275,(04)23288582,2025,06,25,18,20,臺中市,梧棲區,0,1,0,7,3,6,30,4,1,1,5,4,6,3,4,4,10,5,5,2,15,2,9,1,1,C03,7,9,1,10,2,12,,15,15,1,6,4,120.528621,24.255974,2
9666,66000,387130000C,(04)23274275,(04)23288582,2025,06,25,18,21,臺中市,北屯區,0,0,0,7,,,50,,,,,,,,,,,,,,,,,,,B03,,,1,,2,,,84,84,1,12,4,120.696361,24.182334,3
9667,66000,387130000C,(04)23274275,(04)23288582,2025,06,25,18,23,臺中市,烏日區,0,0,0,7,,,50,,,,,,,,,,,,,,13,,,,,B03,,,1,,2,,,7,7,1,6,4,120.650838,24.091147,3
9668,66000,387130000C,(04)23274275,(04)23288582,2025,06,25,18,25,臺中市,南屯區,0,1,0,7,2,6,50,4,1,1,5,4,6,6,1,1,9,4,5,2,13,3,10,3,1,B03,7,9,1,8,2,1,,7,7,1,12,4,120.65458,24.14012,2
9669,66000,387130000C,(04)23274275,(04)23288582,2025,06,25,18,28,臺中市,霧峰區,0,1,0,6,2,6,40,13,9,1,5,4,6,6,4,4,5,5,5,1,16,2,9,1,1,C03,7,6,1,10,2,14,,39,39,1,5,4,120.715341,24.073689,2
9670,66000,387130000C,(04)23274275,(04)23288582,2025,06,25,18,31,臺中市,烏日區,0,0,0,7,1,6,50,13,7,1,5,4,6,6,1,1,1,4,4,1,13,3,10,3,1,B03,7,1,1,8,1,1,,84,84,1,6,4,120.624724,24.108819,3
9671,66000,387130000C,(04)23274275,(04)23288582,2025,06,25,18,32,臺中市,潭子區,0,0,0,7,,,60,,,,,,,,,,,,,,,,,,,B03,,,5,,2,,,84,84,1,13,4,120.70614,24.220729,3
9672,66000,387130000C,(04)23274275,(04)23288582,2025,06,25,18,32,臺中市,北區,0,0,0,5,,,50,,,,,,,,,,,,,,13,,,,,B03,,,1,,1,,,59,59,1,13,4,120.667931,24.15398,3