﻿序號,縣市別代碼,機關代碼,市話,傳真,年,月,日,時,分,縣市,區,死亡數量,受傷數量,2-30,天候,道路照明設備,道路類別,道路速限,道路型態,事故位置,路面鋪裝,路面狀態,路面缺陷,障礙物,視距,號誌種類,號誌動作,分向設施,快車道或一般車道間,快慢車道間,路面邊線,事故類型及型態,受傷程度,主要傷處,保護裝備,行動電話或功能裝置,當事者區分_類別,車輛用途,當事者行動狀態,駕照狀態,駕照種類,飲酒情形,車輛撞擊部位最初,車輛撞擊部位其他,肇事因素個別,肇事因素主要,肇事逃逸,職業,共享經濟或外送平台,GPS座標X,GPS座標Y,事故類別
9673,66000,387130000C,(04)23274275,(04)23288582,2025,06,25,18,35,臺中市,西屯區,0,0,0,5,,,50,,,,,,,,,,,,,,,,,,,B03,,,1,,1,,,40,40,1,12,4,120.644268,24.17889,3
9674,66000,387130000C,(04)23274275,(04)23288582,2025,06,25,18,39,臺中市,西屯區,0,1,0,5,2,6,50,3,1,1,4,4,6,6,2,1,5,5,4,2,16,3,10,5,4,B03,7,5,1,8,2,5,,11,11,1,13,4,120.653238,24.168726,2
9675,66000,387130000C,(04)23274275,(04)23288582,2025,06,25,18,51,臺中市,南屯區,0,1,0,7,1,6,50,13,8,1,5,4,6,6,4,4,8,3,4,1,17,3,10,3,1,B03,7,1,1,8,2,4,,51,51,1,12,4,120.628019,24.118669,2
9676,66000,387130000C,(04)23274275,(04)23288582,2025,06,25,18,53,臺中市,大里區,0,1,0,6,3,6,50,4,1,1,5,4,6,6,4,4,10,5,5,2,17,2,9,1,1,C03,7,8,1,10,2,11,,65,65,1,12,4,120.69076,24.104137,2
9677,66000,387130000C,(04)23274275,(04)23288582,2025,06,25,18,58,臺中市,北區,0,0,0,5,,,50,,,,,,,,,,,,,,16,,,,,C03,,,1,,2,,,47,47,1,12,4,120.682144,24.16329,3
9678,66000,387130000C,(04)23274275,(04)23288582,2025,06,25,18,58,臺中市,大里區,0,0,0,7,,,50,,,,,,,,,,,,,,17,,,,,B03,,,1,,1,,,8,8,1,6,4,120.695773,24.096526,3
9679,66000,387130000C,(04)23274275,(04)23288582,2025,06,25,19,1,臺中市,北區,0,1,0,7,1,6,40,3,1,1,5,4,6,6,4,4,1,4,4,2,16,3,10,3,1,B12,7,5,1,8,3,2,,14,14,1,12,4,120.694288,24.154117,2
9680,66000,387130000C,(04)23274275,(04)23288582,2025,06,25,19,3,臺中市,大里區,0,1,0,7,1,6,30,11,9,1,5,4,6,6,4,4,5,5,5,1,10,3,10,1,1,C03,7,9,1,10,2,11,,84,84,1,6,4,120.671027,24.105887,2
9681,66000,387130000C,(04)23274275,(04)23288582,2025,06,25,19,7,臺中市,北屯區,0,0,0,7,,,50,,,,,,,,,,,,,,13,,,,,C03,,,1,10,1,,,7,7,1,6,4,120.703417,24.162757,3
9682,66000,387130000C,(04)23274275,(04)23288582,2025,06,25,19,11,臺中市,西屯區,0,0,0,7,,,60,,,,,,,,,,,,,,,,,,,B03,,,1,,1,,,7,7,1,12,4,120.644526,24.164305,3
9683,66000,387130000C,(04)23274275,(04)23288582,2025,06,25,19,13,臺中市,西屯區,0,0,0,7,,,50,,,,,,,,,,,,,,12,,,,,B03,,,1,,1,,,7,7,1,13,4,120.644553,24.161064,3
9684,66000,387130000C,(04)23274275,(04)23288582,2025,06,25,19,15,臺中市,北屯區,0,1,0,7,3,6,50,13,9,1,5,4,1,6,4,4,1,4,5,2,18,2,9,2,1,C03,7,9,1,10,2,12,,84,84,1,6,4,120.710234,24.18197,2
9685,66000,387130000C,(04)23274275,(04)23288582,2025,06,25,19,16,臺中市,西屯區,0,0,0,7,,,50,,,,,,,,,,,,,,15,,,,,C03,,,1,,1,,,21,21,1,12,4,120.646861,24.174894,3
9686,66000,387130000C,(04)23274275,(04)23288582,2025,06,25,19,18,臺中市,南區,0,0,0,7,,,50,,,,,,,,,,,,,,,,,,,B03,,,1,,1,,,7,7,1,6,4,120.682445,24.119039,3
9687,66000,387130000C,(04)23274275,(04)23288582,2025,06,25,19,23,臺中市,北屯區,0,1,0,7,3,6,50,3,2,1,5,4,6,6,4,4,5,5,4,2,13,2,8,2,1,C01,7,9,1,9,1,11,,59,59,1,6,4,120.681195,24.191694,2
9688,66000,387130000C,(04)23274275,(04)23288582,2025,06,25,19,24,臺中市,西區,0,0,0,7,,,40,,,,,,,,,,,,,,12,,,,,C03,,,1,,1,,,84,84,1,12,4,120.66588,24.151902,3
9689,66000,387130000C,(04)23274275,(04)23288582,2025,06,25,19,24,臺中市,北屯區,0,1,0,7,1,6,50,4,1,1,5,4,6,6,4,4,10,5,5,2,15,2,9,2,1,C03,7,9,1,10,2,11,,20,20,1,12,4,120.727191,24.174654,2
9690,66000,387130000C,(04)23274275,(04)23288582,2025,06,25,19,24,臺中市,西屯區,0,1,0,5,1,6,30,3,2,1,4,4,6,6,4,4,1,4,5,2,17,3,10,3,4,B03,7,5,1,8,2,4,,20,20,1,13,4,120.61574,24.186142,2
9691,66000,387130000C,(04)23274275,(04)23288582,2025,06,25,19,25,臺中市,南屯區,0,1,0,7,1,6,50,13,7,1,5,4,6,6,4,4,5,5,4,2,13,3,10,1,1,C03,7,9,1,10,2,11,,7,7,1,12,4,120.637058,24.137249,2
9692,66000,387130000C,(04)23274275,(04)23288582,2025,06,25,19,34,臺中市,北屯區,0,1,0,7,1,6,50,4,1,1,5,4,6,6,2,1,10,5,5,2,16,3,10,3,1,B03,7,5,1,8,2,6,,20,20,1,12,4,120.678356,24.184126,2
9693,66000,387130000C,(04)23274275,(04)23288582,2025,06,25,19,35,臺中市,北區,0,1,0,6,1,6,50,11,8,1,4,4,6,6,4,4,3,4,4,2,18,2,9,5,4,C03,7,9,1,10,2,14,,84,84,1,12,4,120.677124,24.15462,2
9694,66000,387130000C,(04)23274275,(04)23288582,2025,06,25,19,37,臺中市,西區,0,0,0,7,,,50,,,,,,,,,,,,,,17,,,,,C03,,,1,,2,,,84,84,1,12,4,120.656528,24.148319,3
9695,66000,387130000C,(04)23274275,(04)23288582,2025,06,25,19,44,臺中市,大里區,0,0,0,7,,,30,,,,,,,,,,,,,,,,,,,B03,,,1,,9,,,49,49,1,12,4,120.709975,24.108236,3
9696,66000,387130000C,(04)23274275,(04)23288582,2025,06,25,19,48,臺中市,南屯區,0,0,0,7,,,50,,,,,,,,,,,,,,14,,,,,B12,,,1,,1,,,50,50,1,12,4,120.626962,24.151715,3
9697,66000,387130000C,(04)23274275,(04)23288582,2025,06,25,19,52,臺中市,北屯區,0,1,0,6,1,6,50,3,1,1,5,4,6,6,2,1,10,5,5,2,3,3,10,3,1,B03,7,6,1,8,2,1,,10,10,1,6,4,120.70566,24.172837,2
9698,66000,387130000C,(04)23274275,(04)23288582,2025,06,25,19,59,臺中市,潭子區,0,1,0,7,1,6,50,3,1,1,5,4,6,6,4,4,5,4,4,2,3,3,10,1,1,C03,7,9,1,10,2,11,,10,10,1,12,4,120.700687,24.211056,2
9699,66000,387130000C,(04)23274275,(04)23288582,2025,06,25,20,0,臺中市,清水區,0,0,0,7,,,60,,,,,,,,,,,,,,13,,,,,B03,,,1,,2,,,59,59,1,13,4,120.542519,24.264902,3
9700,66000,387130000C,(04)23274275,(04)23288582,2025,06,25,20,4,臺中市,太平區,0,1,0,6,1,6,50,4,1,1,5,4,6,6,1,1,5,5,5,2,17,3,10,3,1,B12,7,6,1,8,2,5,,11,11,1,13,4,120.703102,24.153448,2
9701,66000,387130000C,(04)23274275,(04)23288582,2025,06,25,20,5,臺中市,大里區,0,1,0,5,1,6,50,5,1,1,4,4,6,6,1,1,5,2,5,1,17,3,10,3,1,B03,7,5,1,8,2,8,,7,7,1,6,4,120.687554,24.086311,2
9702,66000,387130000C,(04)23274275,(04)23288582,2025,06,25,20,6,臺中市,北區,0,2,0,6,1,6,40,13,7,1,4,4,6,6,4,4,9,5,4,2,2,2,9,1,1,C03,7,9,1,10,2,11,,59,59,1,13,4,120.670366,24.154996,2
9703,66000,387130000C,(04)23274275,(04)23288582,2025,06,25,20,10,臺中市,北區,0,0,0,7,,,50,,,,,,,,,,,,,,16,,,,,C03,,,1,,2,,,38,38,1,12,4,120.674103,24.147025,3
9704,66000,387130000C,(04)23274275,(04)23288582,2025,06,25,20,19,臺中市,北屯區,0,1,0,7,2,6,50,13,8,1,5,4,6,6,4,4,1,4,4,2,18,2,9,2,1,C03,7,9,1,10,2,12,,84,84,1,12,4,120.667575,24.179294,2
9705,66000,387130000C,(04)23274275,(04)23288582,2025,06,25,20,25,臺中市,沙鹿區,0,1,0,7,1,6,50,3,1,1,5,4,6,6,4,4,10,5,5,2,16,2,3,1,1,C03,7,9,1,10,2,14,,7,7,1,5,4,120.558452,24.23327,2
9706,66000,387130000C,(04)23274275,(04)23288582,2025,06,25,20,27,臺中市,北屯區,0,1,0,7,2,6,50,3,1,1,5,4,6,6,4,4,10,5,5,2,17,3,10,3,1,B03,7,5,1,8,2,8,1,13,13,1,6,4,120.68348,24.182237,2
9707,66000,387130000C,(04)23274275,(04)23288582,2025,06,25,20,29,臺中市,東勢區,0,2,0,7,1,6,50,3,9,1,5,4,6,6,4,4,10,5,5,2,17,3,10,5,4,B03,7,6,1,8,5,8,,14,14,1,12,4,120.831962,24.253991,2
9708,66000,387130000C,(04)23274275,(04)23288582,2025,06,25,20,30,臺中市,北區,0,1,0,5,1,6,50,4,1,1,4,4,6,6,4,4,10,5,5,2,15,3,10,1,1,C03,7,9,3,19,2,12,,15,15,1,12,4,120.688891,24.160194,2
9709,66000,387130000C,(04)23274275,(04)23288582,2025,06,25,20,31,臺中市,東區,0,0,0,7,,,50,,,,,,,,,,,,,,,,,,,B03,,,1,,2,,,18,18,1,12,4,120.696462,24.149734,3
9710,66000,387130000C,(04)23274275,(04)23288582,2025,06,25,20,44,臺中市,西區,0,1,0,5,2,6,50,4,1,1,4,4,6,6,1,1,10,5,5,2,16,3,10,1,1,C03,7,5,1,10,2,12,,11,11,1,5,4,120.670484,24.152219,2
9711,66000,387130000C,(04)23274275,(04)23288582,2025,06,25,20,44,臺中市,西屯區,0,0,0,7,,,70,,,,,,,,,,,,,,14,,,,,B12,,,1,,1,,,82,82,1,13,4,120.603004,24.182835,3
9712,66000,387130000C,(04)23274275,(04)23288582,2025,06,25,20,46,臺中市,豐原區,0,1,0,7,1,6,50,13,9,1,5,4,6,6,4,4,5,5,5,1,28,2,9,2,1,C03,7,9,1,10,2,11,,84,84,1,13,4,120.720799,24.244936,2
9713,66000,387130000C,(04)23274275,(04)23288582,2025,06,25,20,50,臺中市,后里區,0,0,0,7,,,50,,,,,,,,,,,,,,12,,,,,B03,,,1,,2,,,84,84,1,12,4,120.717811,24.309572,3
9714,66000,387130000C,(04)23274275,(04)23288582,2025,06,25,20,52,臺中市,太平區,0,1,0,7,3,6,50,13,7,1,4,4,6,6,4,4,9,5,4,2,18,2,9,1,4,C03,7,9,1,10,2,12,,84,84,1,12,4,120.700259,24.151792,2
9715,66000,387130000C,(04)23274275,(04)23288582,2025,06,25,20,52,臺中市,東勢區,1,0,0,6,3,6,50,11,9,1,5,4,6,6,4,4,9,5,5,1,2,3,10,5,4,B12,7,9,1,8,2,1,,83,83,1,12,4,120.842998,24.168067,1
9716,66000,387130000C,(04)23274275,(04)23288582,2025,06,25,20,55,臺中市,西屯區,0,0,0,7,,,50,,,,,,,,,,,,,,12,,,,,C03,,,1,,2,,,8,8,1,12,2,120.657671,24.196699,3
9717,66000,387130000C,(04)23274275,(04)23288582,2025,06,25,20,56,臺中市,西屯區,0,1,0,7,1,6,50,3,1,1,5,4,6,6,4,4,10,5,5,2,12,3,10,5,1,C03,7,7,1,10,1,11,,42,42,1,13,4,120.64024,24.176523,2
9718,66000,387130000C,(04)23274275,(04)23288582,2025,06,25,21,0,臺中市,南屯區,0,0,0,7,,,50,,,,,,,,,,,,,,13,,,,,B12,,,1,,1,,,59,59,1,6,4,120.622831,24.146414,3
9719,66000,387130000C,(04)23274275,(04)23288582,2025,06,25,21,0,臺中市,神岡區,0,2,0,6,1,6,50,4,2,1,5,4,6,6,3,1,5,5,5,1,17,3,10,3,1,B03,7,2,1,8,2,7,,49,49,1,12,4,120.68059,24.267008,2
9720,66000,387130000C,(04)23274275,(04)23288582,2025,06,25,21,12,臺中市,南屯區,0,1,0,7,1,6,50,3,2,1,5,4,6,6,4,4,9,5,5,2,17,3,10,2,1,C03,7,9,1,10,2,11,,7,7,1,13,4,120.644679,24.134887,2
9721,66000,387130000C,(04)23274275,(04)23288582,2025,06,25,21,12,臺中市,西屯區,0,1,0,7,1,6,50,4,2,1,5,4,6,6,4,4,5,5,5,2,17,3,10,1,1,C03,7,11,1,10,2,14,,46,46,1,12,4,120.654598,24.16591,2
9722,66000,387130000C,(04)23274275,(04)23288582,2025,06,25,21,21,臺中市,沙鹿區,0,0,0,7,,,60,,,,,,,,,,,,,,13,,,,,B03,,,1,,1,,,56,56,1,6,4,120.570052,24.237022,3
9723,66000,387130000C,(04)23274275,(04)23288582,2025,06,25,21,25,臺中市,北屯區,0,2,0,7,1,6,50,4,9,1,5,4,6,6,4,4,10,5,5,2,13,3,10,2,1,C03,7,9,1,10,2,11,,7,7,1,12,4,120.692623,24.178273,2
9724,66000,387130000C,(04)23274275,(04)23288582,2025,06,25,21,29,臺中市,西區,0,0,0,7,,,50,,,,,,,,,,,,,,17,,,,,C03,,,1,,10,,,87,87,1,13,4,120.655783,24.149384,3
9725,66000,387130000C,(04)23274275,(04)23288582,2025,06,25,21,34,臺中市,西屯區,0,0,0,7,,,50,,,,,,,,,,,,,,17,,,,,B03,,,1,,1,,,25,25,1,13,4,120.657127,24.200899,3
9726,66000,387130000C,(04)23274275,(04)23288582,2025,06,25,21,40,臺中市,南區,0,1,0,7,1,6,50,4,1,1,5,4,6,6,1,1,10,5,5,2,18,2,9,1,1,C03,7,9,1,11,2,12,,84,84,1,12,4,120.667553,24.128048,2
9727,66000,387130000C,(04)23274275,(04)23288582,2025,06,25,21,45,臺中市,潭子區,0,1,0,6,3,6,60,3,2,1,5,4,6,6,4,4,1,4,4,1,17,3,10,3,1,B03,7,7,1,8,2,2,,40,40,1,13,4,120.705178,24.212232,2
9728,66000,387130000C,(04)23274275,(04)23288582,2025,06,25,21,47,臺中市,北屯區,0,0,0,7,,,50,,,,,,,,,,,,,,12,,,,,B03,,,1,8,1,,,40,40,1,6,4,120.6866,24.191858,3
9729,66000,387130000C,(04)23274275,(04)23288582,2025,06,25,21,50,臺中市,龍井區,0,0,0,7,,,30,,,,,,,,,,,,,,,,,,,B03,,,1,,2,,,49,49,1,12,4,120.591833,24.181723,4
9730,66000,387130000C,(04)23274275,(04)23288582,2025,06,25,21,57,臺中市,太平區,0,0,0,5,1,6,50,,,,,,,,,,,,,,,,,,,B03,,,1,,2,4,,41,41,1,12,4,120.718001,24.142226,3
9731,66000,387130000C,(04)23274275,(04)23288582,2025,06,25,22,3,臺中市,北屯區,0,1,0,7,1,6,50,13,9,1,5,4,6,6,4,4,1,4,5,2,23,2,9,2,1,C03,7,9,3,19,2,11,,59,59,1,12,4,120.721988,24.183167,2
9732,66000,387130000C,(04)23274275,(04)23288582,2025,06,25,22,3,臺中市,豐原區,0,1,0,7,1,6,50,13,9,1,5,4,6,6,1,1,5,4,5,1,17,2,9,2,1,C03,7,4,1,10,2,14,,59,59,1,12,4,120.720033,24.261878,2
9733,66000,387130000C,(04)23274275,(04)23288582,2025,06,25,22,6,臺中市,西屯區,0,0,0,7,,,50,,,,,,,,,,,,,,13,,,,,B02,,,1,,1,,,59,59,1,13,1,120.627206,24.181303,3
9734,66000,387130000C,(04)23274275,(04)23288582,2025,06,25,22,13,臺中市,烏日區,0,1,0,7,1,6,30,4,1,1,5,4,6,6,4,4,10,5,5,1,16,2,9,1,1,C03,7,9,1,10,2,11,14,15,15,1,5,4,120.641586,24.102814,2
9735,66000,387130000C,(04)23274275,(04)23288582,2025,06,25,22,27,臺中市,北區,0,1,0,7,1,6,40,13,9,1,5,4,6,6,4,4,1,4,4,2,17,2,9,1,1,C03,7,9,3,19,2,11,,84,84,1,12,4,120.679062,24.151863,2
9736,66000,387130000C,(04)23274275,(04)23288582,2025,06,25,23,10,臺中市,西屯區,0,0,0,7,,,30,,,,,,,,,,,,,,9,,,,,B02,,,1,8,9,,,85,85,1,12,4,120.64726,24.175108,3
9737,66000,387130000C,(04)23274275,(04)23288582,2025,06,25,23,13,臺中市,西區,0,1,0,7,1,6,50,4,1,1,5,4,6,6,1,1,10,5,5,1,17,2,9,5,4,C03,7,9,1,10,2,11,,84,84,1,12,4,120.661687,24.146708,2
9738,66000,387130000C,(04)23274275,(04)23288582,2025,06,25,23,14,臺中市,東區,0,0,0,7,,,50,,,,,,,,,,,,,,,,,,,B03,,,1,,2,,,7,7,1,13,4,120.693248,24.13329,3
9739,66000,387130000C,(04)23274275,(04)23288582,2025,06,25,23,20,臺中市,大里區,0,0,0,7,,,50,,,,,,,,,,,,,,12,,,,,B03,,,1,,1,,,84,84,1,8,4,120.695145,24.100357,3
9740,66000,387130000C,(04)23274275,(04)23288582,2025,06,25,23,41,臺中市,西屯區,0,0,0,7,,,50,,,,,,,,,,,,,,13,,,,,C03,,,1,,1,,,59,59,1,13,4,120.627094,24.181222,3
9741,66000,387130000C,(04)23274275,(04)23288582,2025,06,26,1,13,臺中市,北屯區,0,1,0,7,1,6,50,13,9,1,5,4,6,6,4,4,1,4,5,2,17,2,9,2,1,C03,7,9,1,10,2,12,,82,82,1,12,4,120.685442,24.174162,2
9742,66000,387130000C,(04)23274275,(04)23288582,2025,06,26,1,20,臺中市,大肚區,0,0,0,6,,,30,,,,,,,,,,,,,,9,,,,,B03,,,1,,2,,,84,84,1,6,4,120.576032,24.171912,3
9743,66000,387130000C,(04)23274275,(04)23288582,2025,06,26,2,21,臺中市,清水區,0,0,0,7,,,50,,,,,,,,,,,,,,,,,,,B03,,,1,,2,,,84,84,1,12,4,120.551042,24.269079,3
9744,66000,387130000C,(04)23274275,(04)23288582,2025,06,26,3,23,臺中市,西屯區,0,0,0,7,,,0,,,,,,,,,,,,,,14,,,,,B03,,,1,,2,,,49,49,1,13,4,120.64393,24.171323,3
9745,66000,387130000C,(04)23274275,(04)23288582,2025,06,26,3,53,臺中市,烏日區,0,0,0,7,,,,,,,,,,,,,,,,,,,,,,,,,,,,,,41,41,1,,,120.587167,24.132502,3
9746,66000,387130000C,(04)23274275,(04)23288582,2025,06,26,5,0,臺中市,大雅區,0,0,0,7,,,50,,,,,,,,,,,,,,,,,,,B03,,,3,,2,,,49,49,1,13,4,120.648173,24.222045,3
9747,66000,387130000C,(04)23274275,(04)23288582,2025,06,26,5,35,臺中市,西屯區,0,1,0,7,1,6,50,3,1,1,5,4,6,6,4,4,10,5,5,2,16,3,10,3,1,B03,7,11,1,8,2,7,,45,45,1,12,4,120.635681,24.172906,2
9748,66000,387130000C,(04)23274275,(04)23288582,2025,06,26,5,36,臺中市,北區,0,1,0,7,2,6,50,4,1,1,5,4,6,6,1,1,3,4,4,2,15,2,9,1,1,C03,7,9,1,10,2,12,14,21,21,1,13,4,120.67817,24.151537,2
9749,66000,387130000C,(04)23274275,(04)23288582,2025,06,26,6,0,臺中市,清水區,0,0,0,7,,,50,,,,,,,,,,,,,,,,,,,B03,,,1,,1,,,49,49,1,12,4,120.54047,24.289166,3
9750,66000,387130000C,(04)23274275,(04)23288582,2025,06,26,6,20,臺中市,大里區,0,2,0,7,2,6,50,5,1,1,5,4,6,6,1,1,10,5,5,2,15,2,9,5,4,C03,7,9,1,10,2,12,,84,84,1,12,4,120.698643,24.079686,2
9751,66000,387130000C,(04)23274275,(04)23288582,2025,06,26,6,27,臺中市,霧峰區,0,0,0,7,,,30,,,,,,,,,,,,,,,,,,,B03,,,1,,2,,,84,84,1,13,4,120.672288,24.053762,3
9752,66000,387130000C,(04)23274275,(04)23288582,2025,06,26,6,34,臺中市,大里區,0,0,0,7,,,30,,,,,,,,,,,,,,12,,,,,B03,,,1,,2,,,8,8,1,6,4,120.698302,24.090706,3
9753,66000,387130000C,(04)23274275,(04)23288582,2025,06,26,6,38,臺中市,西屯區,0,0,0,7,,,50,,,,,,,,,,,,,,12,,,,,B03,,,1,,1,,,8,8,1,13,4,120.632103,24.170355,3
9754,66000,387130000C,(04)23274275,(04)23288582,2025,06,26,6,43,臺中市,西屯區,0,0,0,7,,,50,,,,,,,,,,,,,,17,,,,,B01,,,1,,1,,,51,51,1,12,4,120.650366,24.176174,3
9755,66000,387130000C,(04)23274275,(04)23288582,2025,06,26,6,46,臺中市,霧峰區,0,1,0,7,2,6,30,13,9,1,5,4,6,6,4,4,10,5,5,1,26,2,9,5,4,C03,7,15,5,19,8,11,,84,84,1,12,4,120.668036,24.039713,2
9756,66000,387130000C,(04)23274275,(04)23288582,2025,06,26,6,54,臺中市,西區,0,1,0,7,2,6,50,3,2,1,5,4,6,6,4,4,5,5,5,2,18,2,9,2,1,C03,7,9,1,10,2,15,,87,87,1,13,4,120.670885,24.152181,2
9757,66000,387130000C,(04)23274275,(04)23288582,2025,06,26,6,58,臺中市,太平區,0,0,0,7,,,50,,,,,,,,,,,,,,15,,,,,C03,,,1,,2,,,21,21,1,12,4,120.714632,24.141417,3
9758,66000,387130000C,(04)23274275,(04)23288582,2025,06,26,7,0,臺中市,沙鹿區,0,0,0,6,,,40,,,,,,,,,,,,,,12,,,,,B03,,,1,,2,,,51,51,1,12,4,120.567962,24.202857,3
9759,66000,387130000C,(04)23274275,(04)23288582,2025,06,26,7,2,臺中市,南區,0,0,0,7,,,30,,,,,,,,,,,,,,15,,,,,B03,,,1,,2,,,15,15,1,12,4,120.658698,24.123785,3
9760,66000,387130000C,(04)23274275,(04)23288582,2025,06,26,7,2,臺中市,大里區,0,1,0,7,3,6,50,3,1,1,5,4,6,6,4,4,5,4,4,1,18,2,9,5,4,C03,7,9,1,10,2,12,,84,84,1,13,4,120.679289,24.099067,2
9761,66000,387130000C,(04)23274275,(04)23288582,2025,06,26,7,2,臺中市,太平區,0,0,0,7,,,50,,,,,,,,,,,,,,,,,,,B03,,,1,,1,,,49,49,1,12,4,120.711752,24.153619,3
9762,66000,387130000C,(04)23274275,(04)23288582,2025,06,26,7,15,臺中市,西屯區,0,2,0,7,2,6,40,4,9,1,5,4,6,6,4,4,1,4,5,2,18,2,9,1,4,C03,7,5,1,10,2,12,,94,94,1,12,4,120.649796,24.162755,2
9763,66000,387130000C,(04)23274275,(04)23288582,2025,06,26,7,18,臺中市,石岡區,0,0,0,7,,,50,,,,,,,,,,,,,,13,,,,,B03,,,1,,1,,,7,7,1,13,4,120.779627,24.275427,3
9764,66000,387130000C,(04)23274275,(04)23288582,2025,06,26,7,19,臺中市,清水區,0,2,0,7,3,6,50,3,19,1,5,4,6,6,3,1,5,5,5,2,3,2,9,2,1,C03,7,9,3,19,11,11,,10,10,1,12,4,120.561506,24.271319,2
9765,66000,387130000C,(04)23274275,(04)23288582,2025,06,26,7,20,臺中市,西區,0,1,0,7,2,6,50,4,1,1,5,4,6,6,1,1,1,4,5,2,12,3,10,3,1,B03,7,5,1,8,2,2,,84,84,1,12,4,120.657261,24.139286,2
9766,66000,387130000C,(04)23274275,(04)23288582,2025,06,26,7,24,臺中市,大甲區,0,0,0,7,,,50,,,,,,,,,,,,,,,,,,,B03,,,1,,2,,,8,8,1,6,4,120.628319,24.355667,3
9767,66000,387130000C,(04)23274275,(04)23288582,2025,06,26,7,25,臺中市,龍井區,0,0,0,7,,,40,,,,,,,,,,,,,,17,,,,,B03,,,1,,1,,,8,8,1,6,4,120.590994,24.191259,3
9768,66000,387130000C,(04)23274275,(04)23288582,2025,06,26,7,26,臺中市,和平區,0,0,0,7,3,,50,,,,,,,,,,,,,,14,,,,,B03,,,1,,2,7,,49,49,1,12,4,121.253978,24.254085,3
9769,66000,387130000C,(04)23274275,(04)23288582,2025,06,26,7,27,臺中市,北區,0,0,0,7,,,50,,,,,,,,,,,,,,13,,,,,C03,,,1,,1,,,7,7,1,13,4,120.671383,24.171796,3
9770,66000,387130000C,(04)23274275,(04)23288582,2025,06,26,7,27,臺中市,東區,0,1,0,7,2,6,50,4,1,1,5,4,6,6,2,1,1,2,5,2,13,3,10,3,1,B03,7,9,1,8,2,1,,84,84,1,13,4,120.706125,24.130037,2
9771,66000,387130000C,(04)23274275,(04)23288582,2025,06,26,7,29,臺中市,北區,0,1,0,7,2,6,50,3,1,1,5,4,6,6,4,4,10,5,5,2,17,3,10,5,4,B03,7,14,1,8,1,2,,76,76,1,13,4,120.672677,24.169344,2
9772,66000,387130000C,(04)23274275,(04)23288582,2025,06,26,7,30,臺中市,豐原區,0,1,0,7,1,6,30,3,2,1,5,4,6,6,4,4,10,5,5,2,17,2,9,1,1,C03,7,9,1,10,2,11,,7,7,1,6,4,120.699017,24.251108,2
9773,66000,387130000C,(04)23274275,(04)23288582,2025,06,26,7,31,臺中市,大里區,0,0,0,7,,,60,,,,,,,,,,,,,,,,,,,B03,,,1,,9,,,40,40,1,12,4,120.68489,24.103107,3
9774,66000,387130000C,(04)23274275,(04)23288582,2025,06,26,7,31,臺中市,烏日區,0,0,0,7,,,40,,,,,,,,,,,,,,12,,,,,C02,,,1,,1,,,40,40,1,13,4,120.583337,24.116002,3
9775,66000,387130000C,(04)23274275,(04)23288582,2025,06,26,7,32,臺中市,北屯區,0,0,0,7,,,50,,,,,,,,,,,,,,14,,,,,C03,,,1,,9,,,49,49,1,12,4,120.706811,24.168676,3
9776,66000,387130000C,(04)23274275,(04)23288582,2025,06,26,7,32,臺中市,神岡區,0,0,0,7,,,50,,,,,,,,,,,,,,2,,,,,B03,,,1,,1,,,84,84,1,12,4,120.669946,24.277372,3
9777,66000,387130000C,(04)23274275,(04)23288582,2025,06,26,7,35,臺中市,西區,0,0,0,7,,,50,,,,,,,,,,,,,,,,,,,B12,,,1,,1,,,8,8,1,12,4,120.663263,24.163328,3
9778,66000,387130000C,(04)23274275,(04)23288582,2025,06,26,7,35,臺中市,外埔區,0,1,0,7,3,6,50,3,9,1,1,4,6,6,4,4,5,5,5,1,13,2,9,1,1,C03,7,9,1,10,2,11,,59,59,1,6,4,120.620656,24.334908,2
9779,66000,387130000C,(04)23274275,(04)23288582,2025,06,26,7,36,臺中市,中區,0,1,0,7,2,6,50,3,2,1,5,4,6,6,4,4,10,4,5,2,18,2,9,2,1,C03,7,9,1,10,2,15,,84,84,1,13,4,120.681715,24.145935,2
9780,66000,387130000C,(04)23274275,(04)23288582,2025,06,26,7,38,臺中市,太平區,0,0,0,7,,,50,,,,,,,,,,,,,,17,,,,,B03,,,1,,2,,,84,84,1,12,4,120.715782,24.160172,3
9781,66000,387130000C,(04)23274275,(04)23288582,2025,06,26,7,40,臺中市,大雅區,0,1,0,7,1,6,50,5,1,1,5,4,6,6,1,1,1,5,5,1,17,2,9,1,1,C03,7,6,3,19,2,14,,39,39,1,13,4,120.667625,24.215691,2
9782,66000,387130000C,(04)23274275,(04)23288582,2025,06,26,7,40,臺中市,北屯區,0,0,0,7,,,40,,,,,,,,,,,,,,17,,,,,B03,,,1,,1,,,51,51,1,13,4,120.701704,24.172699,3
9783,66000,387130000C,(04)23274275,(04)23288582,2025,06,26,7,43,臺中市,南屯區,0,0,0,7,,,50,,,,,,,,,,,,,,,,,,,B03,,,1,,2,,,14,14,1,12,4,120.612167,24.135709,3
9784,66000,387130000C,(04)23274275,(04)23288582,2025,06,26,7,45,臺中市,北區,0,0,0,7,2,6,50,13,9,1,5,4,6,6,4,4,5,5,5,2,17,3,10,3,1,B03,7,13,1,8,2,4,,76,76,1,13,4,120.684516,24.150256,3