﻿序號,縣市別代碼,機關代碼,市話,傳真,年,月,日,時,分,縣市,區,死亡數量,受傷數量,2-30,天候,道路照明設備,道路類別,道路速限,道路型態,事故位置,路面鋪裝,路面狀態,路面缺陷,障礙物,視距,號誌種類,號誌動作,分向設施,快車道或一般車道間,快慢車道間,路面邊線,事故類型及型態,受傷程度,主要傷處,保護裝備,行動電話或功能裝置,當事者區分_類別,車輛用途,當事者行動狀態,駕照狀態,駕照種類,飲酒情形,車輛撞擊部位最初,車輛撞擊部位其他,肇事因素個別,肇事因素主要,肇事逃逸,職業,共享經濟或外送平台,GPS座標X,GPS座標Y,事故類別
9785,66000,387130000C,(04)23274275,(04)23288582,2025,06,26,7,45,臺中市,龍井區,0,0,0,7,,,50,,,,,,,,,,,,,,,,,,,B12,,,1,,2,,,7,7,1,13,4,120.547837,24.200681,3
9786,66000,387130000C,(04)23274275,(04)23288582,2025,06,26,7,47,臺中市,西屯區,0,1,0,7,2,6,50,3,1,1,5,4,6,6,4,4,10,5,5,2,16,3,10,5,4,B03,7,6,1,8,2,4,,14,14,1,13,4,120.631049,24.164877,2
9787,66000,387130000C,(04)23274275,(04)23288582,2025,06,26,7,50,臺中市,豐原區,0,0,0,7,,,50,,,,,,,,,,,,,,13,,,,,A12,,,1,,6,,,59,59,1,13,4,120.750601,24.26939,3
9788,66000,387130000C,(04)23274275,(04)23288582,2025,06,26,7,53,臺中市,東區,0,0,0,7,,,50,,,,,,,,,,,,,,14,,,,,A41,,,1,,1,,,49,49,1,13,4,120.706257,24.130128,3
9789,66000,387130000C,(04)23274275,(04)23288582,2025,06,26,7,53,臺中市,西屯區,0,2,0,7,2,6,50,4,1,1,5,4,6,6,1,1,10,5,5,2,16,2,9,3,1,B03,7,5,1,8,2,2,,11,11,1,12,4,120.607156,24.160166,2
9790,66000,387130000C,(04)23274275,(04)23288582,2025,06,26,7,53,臺中市,龍井區,0,0,0,7,,,70,,,,,,,,,,,,,,,,,,,A12,,,1,,2,,,75,75,1,6,4,120.54019,24.210471,3
9791,66000,387130000C,(04)23274275,(04)23288582,2025,06,26,7,54,臺中市,西屯區,0,0,0,7,,,60,,,,,,,,,,,,,,,,,,,B12,,,1,,1,,,7,7,1,12,4,120.617954,24.181738,3
9792,66000,387130000C,(04)23274275,(04)23288582,2025,06,26,7,55,臺中市,大雅區,0,0,0,7,,,50,,,,,,,,,,,,,,,,,,,B03,,,1,,2,,,39,39,1,12,4,120.644062,24.206883,3
9793,66000,387130000C,(04)23274275,(04)23288582,2025,06,26,7,55,臺中市,大肚區,0,1,0,7,3,6,30,13,9,1,5,4,6,6,4,4,10,5,5,2,2,3,10,2,1,C03,7,9,1,10,2,11,,83,83,1,6,4,120.540967,24.151913,2
9794,66000,387130000C,(04)23274275,(04)23288582,2025,06,26,7,55,臺中市,沙鹿區,0,1,0,7,3,6,50,5,1,1,5,4,6,6,1,1,10,5,5,2,17,3,10,3,1,B03,7,1,1,8,2,3,,51,51,1,6,4,120.566335,24.251136,2
9795,66000,387130000C,(04)23274275,(04)23288582,2025,06,26,7,57,臺中市,神岡區,0,1,0,7,2,6,30,3,1,1,5,4,6,6,1,1,10,5,5,1,16,3,10,5,4,B03,7,5,1,8,2,6,,11,11,1,13,4,120.667761,24.27367,2
9796,66000,387130000C,(04)23274275,(04)23288582,2025,06,26,7,58,臺中市,北屯區,0,2,0,7,2,6,50,13,9,1,5,4,6,6,4,4,9,4,5,2,17,3,10,1,1,C03,7,4,1,10,2,14,,1,1,1,12,4,120.699037,24.160651,2
9797,66000,387130000C,(04)23274275,(04)23288582,2025,06,26,7,58,臺中市,西屯區,0,1,0,7,2,6,30,3,9,1,5,4,6,6,4,4,10,5,5,2,13,3,10,2,1,C03,7,9,1,10,2,11,12,7,7,1,12,4,120.640201,24.181287,2
9798,66000,387130000C,(04)23274275,(04)23288582,2025,06,26,7,59,臺中市,北屯區,0,0,0,7,,,30,,,,,,,,,,,,,,14,,,,,B03,,,1,,1,,,49,49,1,13,4,120.70175,24.166508,3
9799,66000,387130000C,(04)23274275,(04)23288582,2025,06,26,8,1,臺中市,西屯區,0,0,0,7,,,50,,,,,,,,,,,,,,13,,,,,C03,,,1,,1,,,59,59,1,12,4,120.636528,24.170784,3
9800,66000,387130000C,(04)23274275,(04)23288582,2025,06,26,8,1,臺中市,大里區,0,0,0,7,,,50,,,,,,,,,,,,,,16,,,,,B03,,,1,,2,,,40,40,1,13,4,120.686751,24.095063,3
9801,66000,387130000C,(04)23274275,(04)23288582,2025,06,26,8,5,臺中市,沙鹿區,0,0,0,7,,,50,,,,,,,,,,,,,,13,,,,,C03,,,1,,2,,,84,84,1,12,4,120.570661,24.235928,3
9802,66000,387130000C,(04)23274275,(04)23288582,2025,06,26,8,10,臺中市,北屯區,0,1,0,7,2,6,50,3,2,1,5,4,6,6,4,4,4,5,5,2,17,2,9,1,1,F03,7,6,7,21,2,12,,14,14,1,12,4,120.69302,24.176371,2
9803,66000,387130000C,(04)23274275,(04)23288582,2025,06,26,8,12,臺中市,梧棲區,0,0,0,7,,,50,,,,,,,,,,,,,,17,,,,,B03,,,1,,1,,,50,50,1,6,4,120.541882,24.254151,3
9804,66000,387130000C,(04)23274275,(04)23288582,2025,06,26,8,16,臺中市,大甲區,0,2,0,7,2,6,40,5,9,2,5,4,6,6,1,1,6,4,5,1,12,2,9,1,1,C03,7,8,1,9,2,11,,8,8,1,12,4,120.622533,24.356817,2
9805,66000,387130000C,(04)23274275,(04)23288582,2025,06,26,8,17,臺中市,北區,0,0,0,7,,,,,,,,,,,,,,,,,17,,,,,,,,,,,,,119,119,1,,,120.666257,24.165274,3
9806,66000,387130000C,(04)23274275,(04)23288582,2025,06,26,8,20,臺中市,清水區,0,1,0,7,3,6,50,4,1,1,5,4,6,6,1,1,1,4,5,1,16,2,7,2,1,C03,7,9,1,10,2,14,,84,84,1,12,4,120.551797,24.280685,2
9807,66000,387130000C,(04)23274275,(04)23288582,2025,06,26,8,21,臺中市,北區,0,2,0,7,2,6,50,4,1,1,5,4,6,6,4,4,1,5,5,2,15,2,9,2,1,C03,7,9,1,10,2,11,,12,12,1,12,4,120.696929,24.155306,2
9808,66000,387130000C,(04)23274275,(04)23288582,2025,06,26,8,21,臺中市,南區,0,3,0,7,2,6,50,4,1,1,5,4,6,6,4,4,10,5,5,2,15,2,9,2,1,C03,7,9,1,10,2,11,,15,15,1,12,4,120.662585,24.121916,2
9809,66000,387130000C,(04)23274275,(04)23288582,2025,06,26,8,21,臺中市,北屯區,0,1,0,7,2,6,50,13,9,1,5,4,6,6,4,4,5,5,5,2,12,3,10,3,1,B03,7,4,1,8,2,2,,85,85,1,12,4,120.720401,24.160996,2
9810,66000,387130000C,(04)23274275,(04)23288582,2025,06,26,8,21,臺中市,豐原區,0,0,0,7,,,50,,,,,,,,,,,,,,14,,,,,C03,,,1,,9,,,84,84,1,12,4,120.709491,24.253103,3
9811,66000,387130000C,(04)23274275,(04)23288582,2025,06,26,8,22,臺中市,南屯區,0,1,0,7,3,6,50,13,9,1,5,4,6,6,4,4,3,4,5,2,12,2,9,1,1,C03,7,9,1,10,2,12,,7,7,1,12,4,120.641054,24.141249,2
9812,66000,387130000C,(04)23274275,(04)23288582,2025,06,26,8,27,臺中市,西屯區,0,0,0,7,,,50,,,,,,,,,,,,,,11,,,,,B03,,,1,,9,,,20,20,1,13,4,120.607853,24.189031,3
9813,66000,387130000C,(04)23274275,(04)23288582,2025,06,26,8,27,臺中市,大里區,0,2,0,7,3,6,50,5,2,1,5,4,6,6,1,1,3,4,4,1,16,2,9,5,4,C03,7,6,1,10,2,11,,84,84,1,13,4,120.680298,24.094767,2
9814,66000,387130000C,(04)23274275,(04)23288582,2025,06,26,8,28,臺中市,南屯區,0,0,0,7,,,50,,,,,,,,,,,,,,13,,,,,B03,,,1,,1,,,59,59,1,12,4,120.626316,24.148685,3
9815,66000,387130000C,(04)23274275,(04)23288582,2025,06,26,8,29,臺中市,北屯區,0,0,0,7,,,50,,,,,,,,,,,,,,13,,,,,B02,,,1,,1,,,84,84,1,13,4,120.676898,24.18593,3
9816,66000,387130000C,(04)23274275,(04)23288582,2025,06,26,8,30,臺中市,北屯區,0,0,0,7,,,50,,,,,,,,,,,,,,9,,,,,C03,,,1,,9,,,84,84,1,6,4,120.662056,24.18845,3
9817,66000,387130000C,(04)23274275,(04)23288582,2025,06,26,8,32,臺中市,潭子區,0,0,0,7,,,40,,,,,,,,,,,,,,,,,,,C03,,,1,,2,,,76,76,1,13,4,120.723541,24.195171,3
9818,66000,387130000C,(04)23274275,(04)23288582,2025,06,26,8,35,臺中市,潭子區,0,1,0,7,3,6,40,13,8,1,5,4,6,6,4,4,1,4,4,1,17,3,10,2,1,C03,7,9,1,10,9,11,,85,85,1,13,4,120.69488,24.21592,2
9819,66000,387130000C,(04)23274275,(04)23288582,2025,06,26,8,35,臺中市,潭子區,0,0,0,7,,,60,,,,,,,,,,,,,,13,,,,,B03,,,1,,2,,,84,84,1,12,4,120.702633,24.196934,3
9820,66000,387130000C,(04)23274275,(04)23288582,2025,06,26,8,36,臺中市,太平區,0,0,0,7,,,50,,,,,,,,,,,,,,30,,,,,,,,,,,,,114,114,1,,,120.719776,24.157911,3
9821,66000,387130000C,(04)23274275,(04)23288582,2025,06,26,8,38,臺中市,太平區,0,0,0,7,,,40,,,,,,,,,,,,,,,,,,,B03,,,1,,2,,,54,54,1,12,4,120.714347,24.148266,3
9822,66000,387130000C,(04)23274275,(04)23288582,2025,06,26,8,40,臺中市,南區,0,0,0,7,,,50,,,,,,,,,,,,,,17,,,,,C03,,,1,,2,,,7,7,1,12,4,120.658559,24.113223,3
9823,66000,387130000C,(04)23274275,(04)23288582,2025,06,26,8,40,臺中市,清水區,0,1,0,7,2,6,40,13,9,1,5,4,6,6,4,4,10,5,5,1,13,2,8,1,1,C03,7,9,1,10,2,11,,7,7,1,12,4,120.572531,24.269505,2
9824,66000,387130000C,(04)23274275,(04)23288582,2025,06,26,8,40,臺中市,豐原區,0,1,0,7,1,6,50,13,9,1,5,4,6,6,4,4,5,4,5,1,17,3,10,1,1,C03,7,6,1,10,2,11,,39,39,1,6,4,120.740336,24.25585,2
9825,66000,387130000C,(04)23274275,(04)23288582,2025,06,26,8,42,臺中市,大里區,0,1,0,7,2,6,40,13,7,1,5,4,6,6,4,4,5,5,4,2,17,3,10,3,1,B12,7,11,1,8,2,7,,39,39,1,12,4,120.680695,24.096038,2
9826,66000,387130000C,(04)23274275,(04)23288582,2025,06,26,8,43,臺中市,西屯區,0,0,0,7,,,30,,,,,,,,,,,,,,17,,,,,B12,,,1,,1,,,43,43,1,12,4,120.645592,24.180316,3
9827,66000,387130000C,(04)23274275,(04)23288582,2025,06,26,8,46,臺中市,東區,0,1,0,7,3,6,50,4,1,1,5,4,6,6,1,1,10,5,5,2,15,3,10,5,4,B12,7,15,1,8,2,4,,84,84,1,12,4,120.702129,24.127457,2
9828,66000,387130000C,(04)23274275,(04)23288582,2025,06,26,8,48,臺中市,北區,0,0,0,7,,,30,,,,,,,,,,,,,,16,,,,,C03,,,1,,2,,,12,12,1,12,4,120.681374,24.163198,3
9829,66000,387130000C,(04)23274275,(04)23288582,2025,06,26,8,48,臺中市,霧峰區,0,2,0,6,2,6,30,4,1,1,5,4,6,6,4,4,10,5,5,2,15,2,9,2,1,C03,7,9,1,10,2,11,,15,15,1,13,4,120.713128,24.078266,2
9830,66000,387130000C,(04)23274275,(04)23288582,2025,06,26,8,51,臺中市,北區,0,1,0,7,2,6,50,13,9,1,5,4,6,6,4,4,5,4,5,2,17,2,9,1,1,C03,7,9,1,10,2,11,,59,59,1,13,4,120.680766,24.158422,2
9831,66000,387130000C,(04)23274275,(04)23288582,2025,06,26,8,52,臺中市,西屯區,0,2,0,7,2,6,50,4,1,1,5,4,6,6,4,4,10,5,5,2,15,2,9,5,4,C03,7,9,1,10,1,12,,15,15,1,13,4,120.647772,24.155638,2
9832,66000,387130000C,(04)23274275,(04)23288582,2025,06,26,8,54,臺中市,北屯區,0,0,0,7,,,50,,,,,,,,,,,,,,12,,,,,C03,,,1,,1,,,8,8,1,13,4,120.702129,24.186506,3
9833,66000,387130000C,(04)23274275,(04)23288582,2025,06,26,8,56,臺中市,西區,0,0,0,7,,,50,,,,,,,,,,,,,,10,,,,,B03,,,1,,1,,,39,39,1,12,4,120.669057,24.148251,3
9834,66000,387130000C,(04)23274275,(04)23288582,2025,06,26,8,58,臺中市,北區,0,2,0,7,2,6,50,4,2,1,5,4,6,6,2,1,10,5,5,2,12,2,9,2,1,C03,7,9,1,10,2,11,,7,7,1,13,4,120.683477,24.153747,2
9835,66000,387130000C,(04)23274275,(04)23288582,2025,06,26,9,0,臺中市,南區,0,0,0,7,,,30,,,,,,,,,,,,,,,,,,,,,,,,,,,119,119,1,,,120.669725,24.122946,3
9836,66000,387130000C,(04)23274275,(04)23288582,2025,06,26,9,0,臺中市,霧峰區,0,0,0,7,,,50,,,,,,,,,,,,,,,,,,,B03,,,1,,11,,,8,8,1,12,4,120.700244,24.064709,3
9837,66000,387130000C,(04)23274275,(04)23288582,2025,06,26,9,4,臺中市,西屯區,0,0,0,7,,,30,,,,,,,,,,,,,,,,,,,,,,,,,,,119,119,1,,,120.645468,24.181022,3
9838,66000,387130000C,(04)23274275,(04)23288582,2025,06,26,9,8,臺中市,潭子區,0,0,0,7,,3,80,,,,,,,,,,,,,,,,,,,B03,,,1,,9,,,85,85,1,13,4,120.72267,24.191534,3
9839,66000,387130000C,(04)23274275,(04)23288582,2025,06,26,9,10,臺中市,南區,0,0,0,7,,,50,,,,,,,,,,,,,,17,,,,,,,,,,,,,119,119,1,,,120.663303,24.120569,3
9840,66000,387130000C,(04)23274275,(04)23288582,2025,06,26,9,11,臺中市,龍井區,0,1,0,7,2,6,50,3,1,1,5,4,6,6,1,1,10,5,5,2,17,2,9,5,4,C04,7,6,5,19,2,11,,11,11,1,12,4,120.550729,24.211185,2
9841,66000,387130000C,(04)23274275,(04)23288582,2025,06,26,9,16,臺中市,西屯區,0,1,0,7,2,6,60,4,2,1,5,4,6,6,2,1,5,2,4,2,12,3,10,3,1,B03,7,9,1,8,2,5,,84,84,1,12,4,120.637473,24.178891,2
9842,66000,387130000C,(04)23274275,(04)23288582,2025,06,26,9,16,臺中市,后里區,0,0,0,7,2,6,50,3,2,1,5,4,6,6,1,1,5,4,4,1,17,,,,,C02,,,1,,2,,,77,77,1,6,4,120.693877,24.313566,3
9843,66000,387130000C,(04)23274275,(04)23288582,2025,06,26,9,24,臺中市,烏日區,0,0,0,7,,,50,,,,,,,,,,,,,,12,,,,,C03,,,1,,1,,,8,8,1,13,4,120.625856,24.110162,3
9844,66000,387130000C,(04)23274275,(04)23288582,2025,06,26,9,28,臺中市,東區,0,0,0,7,,,50,,,,,,,,,,,,,,12,,,,,B03,,,1,,2,,,84,84,1,13,4,120.689952,24.14537,3
9845,66000,387130000C,(04)23274275,(04)23288582,2025,06,26,9,29,臺中市,西屯區,0,1,0,6,2,6,50,3,9,1,5,4,6,6,4,4,1,5,5,2,13,3,10,2,1,C03,7,9,1,10,1,11,,7,7,1,12,4,120.649939,24.163302,2
9846,66000,387130000C,(04)23274275,(04)23288582,2025,06,26,9,35,臺中市,北屯區,0,0,0,7,,,50,,,,,,,,,,,,,,14,,,,,B03,,,1,,1,,,49,49,1,13,4,120.6621,24.189559,3
9847,66000,387130000C,(04)23274275,(04)23288582,2025,06,26,9,41,臺中市,太平區,0,0,0,7,,,30,,,,,,,,,,,,,,,,,,,G03,,,1,,2,,,84,84,1,12,4,120.714822,24.134188,3
9848,66000,387130000C,(04)23274275,(04)23288582,2025,06,26,9,42,臺中市,南屯區,0,0,0,7,,,50,,,,,,,,,,,,,,,,,,,B03,,,1,,1,,,8,8,1,12,4,120.610345,24.135461,3
9849,66000,387130000C,(04)23274275,(04)23288582,2025,06,26,9,44,臺中市,北區,0,2,0,7,2,6,50,4,1,1,5,4,6,6,1,1,5,5,5,2,17,2,9,2,1,C03,7,5,1,10,2,12,,47,47,1,6,4,120.678273,24.171302,2
9850,66000,387130000C,(04)23274275,(04)23288582,2025,06,26,9,45,臺中市,北屯區,0,1,0,7,2,6,30,4,1,1,5,4,6,6,4,4,10,5,5,2,15,3,10,3,1,B01,7,9,1,4,1,5,,15,15,1,12,4,120.698926,24.166857,2
9851,66000,387130000C,(04)23274275,(04)23288582,2025,06,26,9,46,臺中市,北屯區,0,1,0,7,2,6,50,3,1,1,5,4,6,6,4,4,4,3,4,2,12,3,10,3,1,B12,7,14,1,8,2,3,,76,76,1,13,4,120.683623,24.19353,2
9852,66000,387130000C,(04)23274275,(04)23288582,2025,06,26,9,49,臺中市,北屯區,0,0,0,7,,,50,,,,,,,,,,,,,,12,,,,,B03,,,1,,1,,,8,8,1,12,4,120.718739,24.162011,3
9853,66000,387130000C,(04)23274275,(04)23288582,2025,06,26,9,53,臺中市,西屯區,0,1,0,7,2,6,50,5,1,1,5,4,6,6,2,1,10,5,5,2,12,3,10,1,1,C03,7,6,1,10,2,16,,11,11,1,12,4,120.635172,24.179435,2
9854,66000,387130000C,(04)23274275,(04)23288582,2025,06,26,9,55,臺中市,南屯區,0,0,0,7,3,6,50,13,9,1,5,4,6,6,4,4,5,4,5,2,12,,,,,B03,,,1,,1,,,59,59,1,12,4,120.640517,24.135041,3
9855,66000,387130000C,(04)23274275,(04)23288582,2025,06,26,9,56,臺中市,大里區,0,0,0,7,,,50,,,,,,,,,,,,,,17,,,,,B03,,,1,,2,,,50,50,1,6,4,120.700184,24.108749,3
9856,66000,387130000C,(04)23274275,(04)23288582,2025,06,26,10,0,臺中市,北屯區,0,1,0,7,1,6,50,3,2,1,5,4,6,6,4,4,5,4,4,2,12,2,9,1,1,C03,7,9,1,10,2,11,,84,84,1,13,4,120.696861,24.175169,2
9857,66000,387130000C,(04)23274275,(04)23288582,2025,06,26,10,8,臺中市,大雅區,0,1,0,7,1,6,50,3,8,1,5,4,6,6,4,4,5,5,4,1,17,3,10,3,1,B03,7,5,1,8,2,5,,14,14,1,13,4,120.642042,24.219676,2
9858,66000,387130000C,(04)23274275,(04)23288582,2025,06,26,10,10,臺中市,北屯區,0,1,0,7,2,6,50,13,9,1,5,4,6,6,4,4,3,3,5,2,16,3,10,3,1,B02,7,1,1,8,2,8,1,51,51,1,13,4,120.681232,24.177241,2
9859,66000,387130000C,(04)23274275,(04)23288582,2025,06,26,10,10,臺中市,北屯區,0,0,0,7,,,50,,,,,,,,,,,,,,13,,,,,B12,,,1,,1,,,84,84,1,6,4,120.690395,24.171704,3
9860,66000,387130000C,(04)23274275,(04)23288582,2025,06,26,10,10,臺中市,西屯區,0,1,0,7,2,6,40,13,8,1,5,4,6,6,4,4,1,5,3,2,18,2,9,6,1,F01,7,9,7,21,2,12,,82,82,1,12,4,120.60497,24.183156,2
9861,66000,387130000C,(04)23274275,(04)23288582,2025,06,26,10,12,臺中市,梧棲區,0,0,0,7,,,30,,,,,,,,,,,,,,16,,,,,B03,,,1,,1,,,59,59,1,6,4,120.520534,24.23191,3
9862,66000,387130000C,(04)23274275,(04)23288582,2025,06,26,10,20,臺中市,北屯區,0,0,0,7,,,50,,,,,,,,,,,,,,14,,,,,B12,,,1,,2,,,49,49,1,12,4,120.723034,24.169086,3
9863,66000,387130000C,(04)23274275,(04)23288582,2025,06,26,10,26,臺中市,潭子區,0,3,0,7,2,6,60,3,1,1,5,4,6,6,1,1,10,5,5,2,16,2,9,2,1,C03,7,5,1,10,2,12,,84,84,1,12,4,120.70392,24.202416,2
9864,66000,387130000C,(04)23274275,(04)23288582,2025,06,26,10,26,臺中市,大里區,0,1,0,7,3,6,50,3,2,1,5,4,6,6,4,4,10,5,5,1,18,2,9,5,4,C03,7,9,1,10,2,11,,84,84,1,13,4,120.678498,24.089696,2
9865,66000,387130000C,(04)23274275,(04)23288582,2025,06,26,10,31,臺中市,西區,0,1,0,7,2,6,50,4,2,1,5,4,6,6,1,1,1,4,4,2,12,3,10,3,1,B03,7,5,1,8,2,2,,85,85,1,12,4,120.671881,24.146509,2
9866,66000,387130000C,(04)23274275,(04)23288582,2025,06,26,10,33,臺中市,烏日區,0,0,0,7,,,50,,,,,,,,,,,,,,14,,,,,B03,,,1,,9,,,85,85,1,13,4,120.607227,24.106029,3
9867,66000,387130000C,(04)23274275,(04)23288582,2025,06,26,10,34,臺中市,清水區,0,1,0,7,3,6,50,18,24,1,5,4,6,6,2,1,1,4,4,2,16,2,9,2,1,C03,7,6,1,10,2,14,,84,84,1,12,4,120.573689,24.265367,2
9868,66000,387130000C,(04)23274275,(04)23288582,2025,06,26,10,39,臺中市,大里區,0,1,0,7,2,6,50,13,9,1,5,4,6,6,4,4,5,4,5,1,18,2,9,1,1,C03,7,9,1,10,2,12,,54,54,1,12,4,120.684608,24.115398,2
9869,66000,387130000C,(04)23274275,(04)23288582,2025,06,26,10,40,臺中市,南屯區,0,0,0,7,,,60,,,,,,,,,,,,,,13,,,,,B03,,,1,,1,,,58,58,1,12,4,120.624784,24.1324,3
9870,66000,387130000C,(04)23274275,(04)23288582,2025,06,26,10,48,臺中市,西屯區,0,1,0,7,2,6,50,3,1,1,5,4,6,6,4,4,10,5,5,2,16,3,10,5,4,B03,7,6,1,8,2,7,,14,14,1,13,4,120.620735,24.174673,2
9871,66000,387130000C,(04)23274275,(04)23288582,2025,06,26,10,50,臺中市,西區,0,1,0,7,2,6,50,4,1,1,5,4,6,6,4,4,9,4,5,2,15,3,10,3,1,B03,7,9,1,8,2,1,,12,12,1,12,4,120.668424,24.149443,2
9872,66000,387130000C,(04)23274275,(04)23288582,2025,06,26,10,50,臺中市,南屯區,0,1,0,7,2,6,50,13,9,1,5,4,6,6,4,4,5,5,5,2,27,2,9,1,1,C03,7,9,1,10,2,11,,59,59,1,12,4,120.639529,24.139071,2
9873,66000,387130000C,(04)23274275,(04)23288582,2025,06,26,10,50,臺中市,北屯區,0,0,0,7,,,50,,,,,,,,,,,,,,17,,,,,C03,,,1,,9,,,86,86,1,12,4,120.687666,24.177113,3
9874,66000,387130000C,(04)23274275,(04)23288582,2025,06,26,10,50,臺中市,北屯區,0,0,0,7,,,50,,,,,,,,,,,,,,13,,,,,B03,,,1,,1,,,84,84,1,13,4,120.661964,24.189084,3
9875,66000,387130000C,(04)23274275,(04)23288582,2025,06,26,10,50,臺中市,清水區,0,0,0,7,3,7,70,4,1,1,5,4,6,6,1,1,1,,1,1,17,,,,,A31,,,1,,2,,,8,8,1,12,4,120.540499,24.289562,3
9876,66000,387130000C,(04)23274275,(04)23288582,2025,06,26,10,52,臺中市,西屯區,0,0,0,7,,,50,,,,,,,,,,,,,,17,,,,,B03,,,1,,1,,,45,45,1,12,4,120.651625,24.167768,3
9877,66000,387130000C,(04)23274275,(04)23288582,2025,06,26,10,55,臺中市,西區,0,1,0,7,2,6,50,13,7,1,5,4,6,6,4,4,1,4,4,2,13,2,9,1,1,C03,7,9,1,10,2,11,,59,59,1,6,4,120.657064,24.137043,2
9878,66000,387130000C,(04)23274275,(04)23288582,2025,06,26,10,57,臺中市,太平區,0,1,0,7,2,6,50,13,9,1,5,4,6,6,2,1,5,2,5,2,13,2,8,2,1,C03,7,9,1,10,2,11,,7,7,1,12,4,120.709832,24.134961,2
9879,66000,387130000C,(04)23274275,(04)23288582,2025,06,26,10,58,臺中市,烏日區,0,0,0,7,,,70,,,,,,,,,,,,,,17,,,,,B12,,,1,,2,,,50,50,1,6,4,120.598972,24.111441,3
9880,66000,387130000C,(04)23274275,(04)23288582,2025,06,26,11,5,臺中市,豐原區,0,0,0,7,,,40,,,,,,,,,,,,,,14,,,,,B03,,,1,,2,,,49,49,1,13,4,120.706012,24.243607,3
9881,66000,387130000C,(04)23274275,(04)23288582,2025,06,26,11,6,臺中市,北屯區,0,1,0,7,2,6,50,13,9,1,5,4,6,6,4,4,10,4,5,2,17,2,9,3,1,B03,7,4,1,8,2,5,,1,1,1,12,4,120.731942,24.159707,2
9882,66000,387130000C,(04)23274275,(04)23288582,2025,06,26,11,10,臺中市,太平區,0,0,0,7,,,30,,,,,,,,,,,,,,14,,,,,B12,,,1,,11,,,51,51,1,13,4,120.721499,24.120743,3
9883,66000,387130000C,(04)23274275,(04)23288582,2025,06,26,11,12,臺中市,西屯區,0,0,0,7,,,50,,,,,,,,,,,,,,17,,,,,B03,,,1,,1,,,59,59,1,13,4,120.632516,24.182843,3
9884,66000,387130000C,(04)23274275,(04)23288582,2025,06,26,11,13,臺中市,南屯區,0,0,0,7,3,6,50,13,9,1,5,4,6,6,4,4,10,5,5,2,12,,,,,B03,,,1,,9,,,50,50,2,12,4,120.650523,24.151667,3
9885,66000,387130000C,(04)23274275,(04)23288582,2025,06,26,11,17,臺中市,豐原區,0,0,0,7,,,50,,,,,,,,,,,,,,12,,,,,B03,,,1,,2,,,8,8,1,12,4,120.722436,24.238236,3
9886,66000,387130000C,(04)23274275,(04)23288582,2025,06,26,11,20,臺中市,北區,0,1,0,7,2,6,50,4,9,1,5,4,6,6,1,1,5,5,5,2,17,3,10,5,4,B03,7,9,1,8,2,5,,7,7,1,13,4,120.689226,24.160079,2
9887,66000,387130000C,(04)23274275,(04)23288582,2025,06,26,11,22,臺中市,西區,0,1,0,7,2,6,50,3,1,1,5,4,6,6,4,4,10,5,5,2,16,2,9,1,1,C03,7,9,1,10,2,12,,1,1,1,6,4,120.664302,24.144325,2
9888,66000,387130000C,(04)23274275,(04)23288582,2025,06,26,11,23,臺中市,北屯區,0,0,0,7,,,50,,,,,,,,,,,,,,12,,,,,B03,,,1,,2,,,40,40,1,12,4,120.66065,24.191436,3
9889,66000,387130000C,(04)23274275,(04)23288582,2025,06,26,11,24,臺中市,梧棲區,0,1,0,7,3,6,50,13,9,1,5,4,6,6,4,4,5,5,5,1,2,2,7,6,5,H01,8,16,7,21,10,16,,99,99,1,6,5,120.53723,24.245184,2
9890,66000,387130000C,(04)23274275,(04)23288582,2025,06,26,11,28,臺中市,北區,0,1,0,7,2,6,50,4,2,1,5,4,6,6,2,1,10,2,5,2,17,2,9,1,1,C03,7,6,1,10,2,14,,48,48,1,13,4,120.678964,24.171314,2
9891,66000,387130000C,(04)23274275,(04)23288582,2025,06,26,11,28,臺中市,大里區,0,0,0,7,,,50,,,,,,,,,,,,,,14,,,,,B03,,,1,,2,,,49,49,1,6,4,120.692107,24.11106,3
9892,66000,387130000C,(04)23274275,(04)23288582,2025,06,26,11,30,臺中市,沙鹿區,0,0,0,7,,,50,,,,,,,,,,,,,,17,,,,,B03,,,1,,2,,,50,50,1,12,4,120.565332,24.235667,3
9893,66000,387130000C,(04)23274275,(04)23288582,2025,06,26,11,32,臺中市,大雅區,0,1,0,7,1,6,0,11,9,1,5,4,6,6,4,4,5,5,5,1,17,3,10,3,1,B12,7,11,1,8,1,16,,39,39,1,13,4,120.635866,24.215471,2
9894,66000,387130000C,(04)23274275,(04)23288582,2025,06,26,11,38,臺中市,大肚區,0,0,0,7,,,40,,,,,,,,,,,,,,14,,,,,B11,,,,,2,,,49,49,1,6,4,120.566929,24.122639,3
9895,66000,387130000C,(04)23274275,(04)23288582,2025,06,26,11,48,臺中市,北區,0,0,0,7,,,30,,,,,,,,,,,,,,17,,,,,B03,,,1,,2,,,8,8,1,13,4,120.673509,24.157619,3