﻿序號,縣市別代碼,機關代碼,市話,傳真,年,月,日,時,分,縣市,區,死亡數量,受傷數量,2-30,天候,道路照明設備,道路類別,道路速限,道路型態,事故位置,路面鋪裝,路面狀態,路面缺陷,障礙物,視距,號誌種類,號誌動作,分向設施,快車道或一般車道間,快慢車道間,路面邊線,事故類型及型態,受傷程度,主要傷處,保護裝備,行動電話或功能裝置,當事者區分_類別,車輛用途,當事者行動狀態,駕照狀態,駕照種類,飲酒情形,車輛撞擊部位最初,車輛撞擊部位其他,肇事因素個別,肇事因素主要,肇事逃逸,職業,共享經濟或外送平台,GPS座標X,GPS座標Y,事故類別
9896,66000,387130000C,(04)23274275,(04)23288582,2025,06,26,11,53,臺中市,北區,0,2,0,7,2,6,30,4,1,1,5,4,6,6,4,4,10,5,5,2,16,2,9,5,4,C03,7,6,1,10,2,11,,14,14,1,13,4,120.683313,24.160318,2
9897,66000,387130000C,(04)23274275,(04)23288582,2025,06,26,11,53,臺中市,北屯區,0,0,0,7,,,30,,,,,,,,,,,,,,17,,,,,B12,,,5,,1,,,76,76,1,13,4,120.760881,24.160127,3
9898,66000,387130000C,(04)23274275,(04)23288582,2025,06,26,11,55,臺中市,西區,0,1,0,7,1,6,50,4,1,1,5,4,6,6,1,1,10,5,5,2,13,2,9,5,4,C03,7,9,1,10,2,11,,7,7,1,12,4,120.665275,24.147278,2
9899,66000,387130000C,(04)23274275,(04)23288582,2025,06,26,11,55,臺中市,北屯區,0,0,0,7,,,50,,,,,,,,,,,,,,13,,,,,B03,,,1,,9,,,7,7,1,12,4,120.676136,24.200773,3
9900,66000,387130000C,(04)23274275,(04)23288582,2025,06,26,11,57,臺中市,霧峰區,0,1,0,7,3,6,40,13,8,1,5,4,6,6,4,4,3,4,4,1,17,2,9,4,1,F01,7,9,7,21,2,14,,4,4,1,12,4,120.696526,24.069711,2
9901,66000,387130000C,(04)23274275,(04)23288582,2025,06,26,11,57,臺中市,后里區,0,0,0,7,3,6,40,13,14,1,5,4,6,6,4,4,5,4,4,1,14,3,10,3,1,B03,7,2,1,8,1,3,,49,49,1,6,4,120.719275,24.309442,3
9902,66000,387130000C,(04)23274275,(04)23288582,2025,06,26,12,0,臺中市,南屯區,0,0,0,7,,,50,,,,,,,,,,,,,,17,,,,,B03,,,1,,1,,,45,45,1,12,4,120.609822,24.139856,3
9903,66000,387130000C,(04)23274275,(04)23288582,2025,06,26,12,0,臺中市,北屯區,0,0,0,7,,,50,,,,,,,,,,,,,,17,,,,,B03,,,1,,2,,,59,59,1,12,4,120.681983,24.179811,3
9904,66000,387130000C,(04)23274275,(04)23288582,2025,06,26,12,4,臺中市,大里區,0,1,0,7,2,6,50,4,1,1,5,4,6,6,4,4,10,5,5,2,15,2,9,2,1,C03,7,9,3,19,2,11,,15,15,1,13,4,120.715268,24.095871,2
9905,66000,387130000C,(04)23274275,(04)23288582,2025,06,26,12,8,臺中市,沙鹿區,0,1,0,7,2,6,50,13,9,1,5,4,6,6,4,4,4,4,5,2,11,2,9,2,1,C03,7,9,1,10,2,14,,34,34,1,12,4,120.558817,24.23877,2
9906,66000,387130000C,(04)23274275,(04)23288582,2025,06,26,12,10,臺中市,豐原區,0,0,0,7,,,50,,,,,,,,,,,,,,14,,,,,B03,,,1,,2,,,49,49,1,12,4,120.732772,24.252138,3
9907,66000,387130000C,(04)23274275,(04)23288582,2025,06,26,12,12,臺中市,大里區,0,0,0,7,,,50,,,,,,,,,,,,,,13,,,,,C03,,,3,,2,,,7,7,1,13,4,120.686155,24.115283,3
9908,66000,387130000C,(04)23274275,(04)23288582,2025,06,26,12,20,臺中市,南屯區,0,1,0,7,2,6,50,3,1,1,5,4,6,6,4,4,10,5,5,2,17,3,10,3,1,B03,7,5,1,8,2,8,,14,14,1,12,4,120.645174,24.140608,2
9909,66000,387130000C,(04)23274275,(04)23288582,2025,06,26,12,20,臺中市,北屯區,0,1,0,7,2,6,50,4,2,1,5,4,6,6,2,1,1,1,4,2,16,3,10,3,1,B03,7,5,1,8,1,5,,11,11,1,12,4,120.678356,24.184126,2
9910,66000,387130000C,(04)23274275,(04)23288582,2025,06,26,12,22,臺中市,龍井區,0,1,0,7,2,6,50,3,1,1,5,4,6,6,4,4,10,5,5,2,17,3,10,5,4,B03,7,5,1,8,2,6,,14,14,1,12,4,120.545856,24.190804,2
9911,66000,387130000C,(04)23274275,(04)23288582,2025,06,26,12,29,臺中市,潭子區,0,2,0,7,2,6,30,4,1,1,5,4,6,6,4,4,10,5,5,2,15,2,9,2,1,C03,7,9,1,10,2,11,,20,20,1,13,4,120.701731,24.213483,2
9912,66000,387130000C,(04)23274275,(04)23288582,2025,06,26,12,30,臺中市,后里區,0,0,0,7,2,6,40,13,9,1,5,4,6,6,4,4,10,5,5,2,14,,,,,B12,,,1,,2,,,49,49,1,6,4,120.752352,24.324896,3
9913,66000,387130000C,(04)23274275,(04)23288582,2025,06,26,12,30,臺中市,豐原區,0,1,0,7,1,6,50,3,2,1,5,4,6,6,1,1,5,4,4,1,17,3,10,3,1,B01,7,9,1,8,2,2,,84,84,1,6,4,120.720135,24.263075,2
9914,66000,387130000C,(04)23274275,(04)23288582,2025,06,26,12,32,臺中市,西屯區,0,1,0,7,2,6,50,3,1,1,5,4,6,6,1,1,10,5,5,2,12,2,8,2,1,C03,7,6,1,10,2,14,,48,48,1,12,4,120.655678,24.172447,2
9915,66000,387130000C,(04)23274275,(04)23288582,2025,06,26,12,34,臺中市,梧棲區,0,1,0,7,3,6,40,13,9,1,5,4,6,6,4,4,10,5,5,1,21,2,9,1,1,C03,7,9,3,19,2,11,,59,59,1,6,4,120.551228,24.242083,2
9916,66000,387130000C,(04)23274275,(04)23288582,2025,06,26,12,35,臺中市,神岡區,0,0,0,7,,,50,,,,,,,,,,,,,,17,,,,,B12,,,1,,2,,,59,59,1,13,4,120.686149,24.244939,3
9917,66000,387130000C,(04)23274275,(04)23288582,2025,06,26,12,37,臺中市,中區,0,0,0,7,,,50,,,,,,,,,,,,,,17,,,,,B03,,,1,,2,,,11,11,1,12,4,120.683807,24.138724,3
9918,66000,387130000C,(04)23274275,(04)23288582,2025,06,26,12,39,臺中市,西屯區,0,2,0,7,2,6,50,3,1,1,5,4,6,6,4,4,10,5,4,2,13,2,9,2,4,C03,7,9,1,10,2,11,,59,59,1,13,4,120.613569,24.192302,2
9919,66000,387130000C,(04)23274275,(04)23288582,2025,06,26,12,43,臺中市,大里區,0,1,0,7,2,6,50,3,1,1,5,4,6,6,4,4,10,5,5,1,16,2,9,1,1,C03,7,15,1,10,2,12,,84,84,1,12,4,120.68047,24.109063,2
9920,66000,387130000C,(04)23274275,(04)23288582,2025,06,26,12,44,臺中市,清水區,0,0,0,7,,,50,,,,,,,,,,,,,,,,,,,B03,,,1,,2,,,62,62,1,12,4,120.636117,24.276913,3
9921,66000,387130000C,(04)23274275,(04)23288582,2025,06,26,12,45,臺中市,南屯區,0,0,0,7,3,6,60,13,7,1,5,4,6,6,4,4,1,4,1,2,13,3,10,3,1,G03,7,9,1,1,5,8,,88,88,1,12,4,120.623482,24.145852,3
9922,66000,387130000C,(04)23274275,(04)23288582,2025,06,26,12,45,臺中市,沙鹿區,0,1,0,7,2,6,50,5,1,1,5,4,6,6,4,4,4,5,5,2,16,3,10,3,1,B03,7,5,1,8,2,6,,65,65,1,12,4,120.580021,24.21448,2
9923,66000,387130000C,(04)23274275,(04)23288582,2025,06,26,12,48,臺中市,北區,0,1,0,7,2,6,50,13,9,1,5,4,6,6,4,4,9,5,5,2,17,3,10,5,4,B03,7,1,1,8,2,8,,51,51,1,13,4,120.692347,24.158376,2
9924,66000,387130000C,(04)23274275,(04)23288582,2025,06,26,12,49,臺中市,南屯區,0,1,0,7,3,6,50,4,1,1,5,4,6,6,4,4,10,5,5,2,21,2,9,2,1,C03,7,9,1,10,2,11,,58,58,1,12,4,120.621274,24.134561,2
9925,66000,387130000C,(04)23274275,(04)23288582,2025,06,26,12,50,臺中市,神岡區,0,1,0,7,2,6,50,4,1,1,5,4,6,6,1,1,10,5,5,2,16,3,10,5,4,C03,7,6,1,10,2,14,,20,20,1,12,4,120.657015,24.264366,2
9926,66000,387130000C,(04)23274275,(04)23288582,2025,06,26,12,57,臺中市,北屯區,0,0,0,7,,,50,,,,,,,,,,,,,,13,,,,,B12,,,1,,2,,,7,7,1,13,4,120.72296,24.161932,3
9927,66000,387130000C,(04)23274275,(04)23288582,2025,06,26,13,1,臺中市,龍井區,0,1,0,7,2,6,50,13,8,1,5,4,6,6,4,4,1,4,4,2,17,2,9,5,4,C03,7,9,3,19,2,12,,84,84,1,12,4,120.55025,24.209878,2
9928,66000,387130000C,(04)23274275,(04)23288582,2025,06,26,13,10,臺中市,南屯區,0,1,0,7,3,6,40,13,8,1,5,4,6,6,4,4,5,5,4,2,17,2,9,2,4,C03,7,9,1,10,2,11,,59,59,1,6,4,120.614727,24.144257,2
9929,66000,387130000C,(04)23274275,(04)23288582,2025,06,26,13,12,臺中市,北屯區,0,0,0,7,,,50,,,,,,,,,,,,,,17,,,,,A05,,,1,,2,,,8,8,1,12,4,120.685743,24.194025,3
9930,66000,387130000C,(04)23274275,(04)23288582,2025,06,26,13,16,臺中市,東區,0,1,0,7,2,6,50,4,1,1,5,4,6,6,4,4,10,5,5,2,16,3,10,3,1,B03,7,11,1,8,2,4,,45,45,1,12,4,120.703441,24.14107,2
9931,66000,387130000C,(04)23274275,(04)23288582,2025,06,26,13,22,臺中市,豐原區,0,0,0,7,,,50,,,,,,,,,,,,,,14,,,,,B03,,,1,,2,,,49,49,1,12,4,120.719501,24.253341,3
9932,66000,387130000C,(04)23274275,(04)23288582,2025,06,26,13,26,臺中市,大里區,0,0,0,7,,,50,,,,,,,,,,,,,,15,,,,,C03,,,1,,2,,,87,87,1,13,4,120.678943,24.109358,3
9933,66000,387130000C,(04)23274275,(04)23288582,2025,06,26,13,27,臺中市,太平區,0,0,0,7,2,6,30,,,,,,,,,,,,,,,,,,,B03,,,1,,2,6,,49,49,1,12,4,120.713077,24.152568,3
9934,66000,387130000C,(04)23274275,(04)23288582,2025,06,26,13,27,臺中市,太平區,0,1,0,7,3,6,30,4,1,1,5,4,6,6,4,4,10,5,5,2,15,2,9,1,1,C03,7,9,1,10,2,11,,12,12,1,5,4,120.725642,24.142267,2
9935,66000,387130000C,(04)23274275,(04)23288582,2025,06,26,13,28,臺中市,烏日區,0,0,0,7,,,50,,,,,,,,,,,,,,13,,,,,C03,,,1,,2,,,59,59,1,13,4,120.64747,24.071716,3
9936,66000,387130000C,(04)23274275,(04)23288582,2025,06,26,13,36,臺中市,霧峰區,0,0,0,7,,,50,,,,,,,,,,,,,,,,,,,B03,,,1,,2,,,1,1,1,12,4,120.696257,24.054034,3
9937,66000,387130000C,(04)23274275,(04)23288582,2025,06,26,13,40,臺中市,大雅區,0,0,0,7,,,50,,,,,,,,,,,,,,,,,,,A41,,,1,,1,,,8,8,1,13,4,120.645167,24.235924,3
9938,66000,387130000C,(04)23274275,(04)23288582,2025,06,26,13,41,臺中市,大甲區,0,0,0,7,,,50,,,,,,,,,,,,,,,,,,,B03,,,1,,2,,,49,49,1,6,4,120.650134,24.392339,3
9939,66000,387130000C,(04)23274275,(04)23288582,2025,06,26,13,45,臺中市,新社區,0,1,0,7,3,6,30,13,9,1,5,4,6,6,4,4,10,5,5,2,9,3,10,5,4,B03,7,9,1,8,2,2,,83,83,1,13,4,120.803133,24.209048,2
9940,66000,387130000C,(04)23274275,(04)23288582,2025,06,26,13,46,臺中市,烏日區,0,2,0,7,2,6,50,4,1,1,5,4,6,6,1,1,10,5,5,2,12,2,9,2,1,C03,7,11,1,10,2,14,,45,45,1,6,4,120.607185,24.122647,2
9941,66000,387130000C,(04)23274275,(04)23288582,2025,06,26,13,52,臺中市,太平區,0,1,0,7,2,6,50,4,2,1,5,4,6,6,2,1,10,5,5,2,17,2,9,6,1,F01,7,15,7,21,1,14,,42,42,1,2,4,120.711093,24.151385,2
9942,66000,387130000C,(04)23274275,(04)23288582,2025,06,26,13,53,臺中市,東區,0,0,0,7,,,50,,,,,,,,,,,,,,13,,,,,C03,,,1,,2,,,84,84,1,12,4,120.699913,24.142778,3
9943,66000,387130000C,(04)23274275,(04)23288582,2025,06,26,13,54,臺中市,北屯區,0,2,0,7,3,6,50,4,1,1,5,4,6,6,4,4,10,5,5,2,15,2,9,3,1,B03,7,9,1,8,2,2,,15,15,1,6,4,120.701708,24.185841,2
9944,66000,387130000C,(04)23274275,(04)23288582,2025,06,26,13,56,臺中市,中區,0,2,0,7,2,6,30,4,1,1,5,4,6,6,4,4,10,5,5,2,15,2,8,1,1,C03,7,9,1,10,2,14,,12,12,1,12,4,120.677634,24.146076,2
9945,66000,387130000C,(04)23274275,(04)23288582,2025,06,26,13,56,臺中市,大安區,0,1,0,7,3,6,50,5,9,1,5,4,6,6,2,1,5,4,5,1,17,3,10,3,1,B12,7,5,1,8,2,6,,84,84,1,12,4,120.591425,24.377509,2
9946,66000,387130000C,(04)23274275,(04)23288582,2025,06,26,14,0,臺中市,西區,0,0,0,7,,,30,,,,,,,,,,,,,,,,,,,B03,,,1,,1,,,50,50,1,6,4,120.661219,24.150354,3
9947,66000,387130000C,(04)23274275,(04)23288582,2025,06,26,14,4,臺中市,南屯區,0,0,0,7,3,6,50,13,9,1,5,4,6,6,1,1,5,2,4,2,13,,,,,B03,,,1,,1,,,7,7,1,12,4,120.634165,24.144423,3
9948,66000,387130000C,(04)23274275,(04)23288582,2025,06,26,14,12,臺中市,龍井區,0,0,0,7,2,6,50,3,2,1,5,4,6,6,4,4,5,2,5,1,12,3,10,3,1,B03,7,9,1,8,1,2,,84,84,1,6,4,120.591124,24.181148,3
9949,66000,387130000C,(04)23274275,(04)23288582,2025,06,26,14,26,臺中市,西區,0,1,0,7,1,6,50,3,1,1,4,3,6,6,4,4,10,5,5,2,17,3,10,5,4,B03,7,6,1,8,2,1,,84,84,1,12,4,120.655127,24.152009,2
9950,66000,387130000C,(04)23274275,(04)23288582,2025,06,26,14,30,臺中市,沙鹿區,0,0,0,7,,,30,,,,,,,,,,,,,,17,,,,,A12,,,1,,2,,,84,84,1,11,4,120.566027,24.213137,3
9951,66000,387130000C,(04)23274275,(04)23288582,2025,06,26,14,33,臺中市,北區,0,0,0,7,,,50,,,,,,,,,,,,,,17,,,,,B03,,,1,,1,,,40,40,1,12,4,120.678165,24.151884,3
9952,66000,387130000C,(04)23274275,(04)23288582,2025,06,26,14,36,臺中市,西屯區,0,0,0,7,,,50,,,,,,,,,,,,,,17,,,,,B11,,,1,,1,,,84,84,1,13,4,120.65049,24.158113,3
9953,66000,387130000C,(04)23274275,(04)23288582,2025,06,26,14,36,臺中市,太平區,0,0,0,7,2,6,30,,,,,,,,,,,,,,,,,,,B12,,,1,,2,7,,49,49,1,12,4,120.705028,24.121388,3
9954,66000,387130000C,(04)23274275,(04)23288582,2025,06,26,14,41,臺中市,西屯區,0,2,0,7,2,6,60,3,1,1,5,4,6,6,4,4,1,4,5,2,16,3,10,3,1,B03,7,5,1,8,2,5,,47,47,1,12,4,120.627014,24.177413,2
9955,66000,387130000C,(04)23274275,(04)23288582,2025,06,26,14,46,臺中市,龍井區,0,0,0,7,,,50,,,,,,,,,,,,,,,,,,,C03,,,1,,2,,,13,13,1,13,4,120.513507,24.198452,3
9956,66000,387130000C,(04)23274275,(04)23288582,2025,06,26,14,49,臺中市,西區,0,1,0,7,2,6,50,4,2,1,5,4,6,6,1,1,9,4,4,2,13,2,8,1,1,C03,7,9,1,10,2,11,,84,84,1,12,4,120.673792,24.134974,2
9957,66000,387130000C,(04)23274275,(04)23288582,2025,06,26,14,52,臺中市,北區,0,0,0,7,,,30,,,,,,,,,,,,,,17,,,,,B01,,,1,,2,,,84,84,1,12,4,120.673447,24.172383,4
9958,66000,387130000C,(04)23274275,(04)23288582,2025,06,26,14,53,臺中市,霧峰區,0,1,0,7,3,6,50,4,1,1,5,4,6,6,4,4,10,5,5,2,15,3,10,3,1,B03,7,9,5,19,2,5,,15,15,1,12,4,120.697647,24.063365,2
9959,66000,387130000C,(04)23274275,(04)23288582,2025,06,26,14,54,臺中市,太平區,0,1,0,7,3,6,50,4,1,1,5,4,6,6,1,1,10,5,5,2,16,3,10,3,1,B03,7,5,1,8,2,5,,85,85,1,12,4,120.700571,24.147974,2
9960,66000,387130000C,(04)23274275,(04)23288582,2025,06,26,14,58,臺中市,西屯區,0,0,0,7,,,30,,,,,,,,,,,,,,17,,,,,B03,,,1,,1,,,7,7,1,12,4,120.602476,24.194486,3
9961,66000,387130000C,(04)23274275,(04)23288582,2025,06,26,14,58,臺中市,太平區,0,1,0,7,2,6,80,13,9,1,5,4,6,6,4,4,1,4,5,1,13,3,10,3,1,B03,7,9,3,19,2,1,,7,7,1,12,4,120.708045,24.128517,2
9962,66000,387130000C,(04)23274275,(04)23288582,2025,06,26,15,11,臺中市,南屯區,0,1,0,7,2,6,50,13,9,1,5,4,6,6,4,4,5,5,5,2,17,2,9,2,1,C03,7,9,1,10,2,12,,59,59,1,12,4,120.653119,24.131899,2
9963,66000,387130000C,(04)23274275,(04)23288582,2025,06,26,15,12,臺中市,潭子區,0,0,0,7,,,50,,,,,,,,,,,,,,,,,,,B03,,,1,,2,,,7,7,1,12,4,120.706695,24.200216,3
9964,66000,387130000C,(04)23274275,(04)23288582,2025,06,26,15,15,臺中市,沙鹿區,0,0,0,7,,,50,,,,,,,,,,,,,,13,,,,,B03,,,1,,1,,,7,7,1,12,4,120.600346,24.255637,3
9965,66000,387130000C,(04)23274275,(04)23288582,2025,06,26,15,17,臺中市,大雅區,0,2,0,7,2,6,30,13,9,1,5,4,6,6,4,4,10,5,5,2,17,2,9,1,1,C03,7,9,1,10,2,12,,7,7,1,12,4,120.662622,24.220054,2
9966,66000,387130000C,(04)23274275,(04)23288582,2025,06,26,15,18,臺中市,西區,0,0,0,7,2,6,40,3,1,1,5,4,6,6,1,1,5,4,4,2,13,,,,,C03,,,1,,1,,,84,84,1,13,4,120.661743,24.16016,3
9967,66000,387130000C,(04)23274275,(04)23288582,2025,06,26,15,20,臺中市,西屯區,0,2,0,7,2,6,50,4,1,1,5,4,6,6,4,4,10,5,5,2,15,2,9,2,1,C03,7,11,1,10,2,14,,46,46,1,13,4,120.646543,24.171315,2
9968,66000,387130000C,(04)23274275,(04)23288582,2025,06,26,15,21,臺中市,太平區,0,0,0,7,2,3,80,,,,,,,,,,,,,,,,,,,B03,,,1,,2,4,,40,40,1,12,4,120.716194,24.154022,3
9969,66000,387130000C,(04)23274275,(04)23288582,2025,06,26,15,22,臺中市,北屯區,0,0,0,7,,,80,,,,,,,,,,,,,,,,,,,B12,,,1,,1,,,7,7,1,13,4,120.71921,24.16267,3
9970,66000,387130000C,(04)23274275,(04)23288582,2025,06,26,15,26,臺中市,烏日區,0,0,0,7,,,50,,,,,,,,,,,,,,12,,,,,B03,,,1,,1,,,51,51,1,13,4,120.598251,24.109998,3
9971,66000,387130000C,(04)23274275,(04)23288582,2025,06,26,15,32,臺中市,北區,0,0,0,7,,,50,,,,,,,,,,,,,,13,,,,,B03,,,1,,2,,,59,59,1,12,4,120.675052,24.163227,3
9972,66000,387130000C,(04)23274275,(04)23288582,2025,06,26,15,32,臺中市,北區,0,1,0,7,2,6,50,13,9,1,5,4,6,6,4,4,5,5,5,2,17,3,10,3,1,B03,7,11,1,8,2,8,,45,45,1,13,4,120.683353,24.155078,2
9973,66000,387130000C,(04)23274275,(04)23288582,2025,06,26,15,33,臺中市,潭子區,0,0,0,7,,,60,,,,,,,,,,,,,,,,,,,C03,,,1,,11,,,84,84,1,13,4,120.702532,24.194503,3
9974,66000,387130000C,(04)23274275,(04)23288582,2025,06,26,15,35,臺中市,北區,0,3,0,7,2,6,50,4,1,1,5,4,6,6,4,4,10,5,5,2,15,2,9,5,4,C03,7,9,1,10,2,12,,13,13,1,12,4,120.692421,24.155877,2
9975,66000,387130000C,(04)23274275,(04)23288582,2025,06,26,15,49,臺中市,豐原區,0,1,0,7,2,6,50,4,2,1,5,4,6,6,4,4,1,5,5,1,12,2,9,2,1,C03,7,4,3,19,2,11,,8,8,1,13,4,120.722132,24.272771,2
9976,66000,387130000C,(04)23274275,(04)23288582,2025,06,26,15,51,臺中市,龍井區,0,1,0,7,2,6,30,3,1,1,5,4,6,6,4,4,10,5,5,2,15,3,10,2,1,C03,7,1,1,10,2,11,,51,51,1,6,4,120.590947,24.182256,2
9977,66000,387130000C,(04)23274275,(04)23288582,2025,06,26,15,54,臺中市,西區,0,1,0,7,2,6,40,13,8,1,5,4,6,6,4,4,1,4,4,2,13,2,9,1,1,C03,7,9,1,10,2,11,,7,7,1,12,4,120.657362,24.145036,2
9978,66000,387130000C,(04)23274275,(04)23288582,2025,06,26,15,56,臺中市,大甲區,0,0,0,7,,,40,,,,,,,,,,,,,,,,,,,B03,,,1,,2,,,8,8,1,12,4,120.621457,24.352838,3
9979,66000,387130000C,(04)23274275,(04)23288582,2025,06,26,16,0,臺中市,南屯區,0,0,0,7,,,50,,,,,,,,,,,,,,13,,,,,C03,,,1,,1,,,7,7,1,6,4,120.637105,24.15131,3
9980,66000,387130000C,(04)23274275,(04)23288582,2025,06,26,16,2,臺中市,南區,0,0,0,7,,,50,,,,,,,,,,,,,,,,,,,C03,,,1,,2,,,7,7,1,6,4,120.657359,24.13186,3
9981,66000,387130000C,(04)23274275,(04)23288582,2025,06,26,16,8,臺中市,西區,0,0,0,7,,,50,,,,,,,,,,,,,,,,,,,B03,,,1,,1,,,7,7,1,6,4,120.666679,24.141245,3
9982,66000,387130000C,(04)23274275,(04)23288582,2025,06,26,16,10,臺中市,南屯區,0,0,0,7,,,50,,,,,,,,,,,,,,14,,,,,B02,,,1,,2,,,49,49,1,12,4,120.633527,24.159451,3
9983,66000,387130000C,(04)23274275,(04)23288582,2025,06,26,16,11,臺中市,西屯區,0,1,0,7,3,6,50,4,1,1,5,4,6,6,2,1,10,5,5,2,17,3,10,1,1,C03,7,6,1,10,2,16,,23,23,1,13,4,120.640514,24.18727,2
9984,66000,387130000C,(04)23274275,(04)23288582,2025,06,26,16,15,臺中市,烏日區,0,0,0,7,,,30,,,,,,,,,,,,,,1,,,,,B03,,,1,,1,,,14,14,1,12,4,120.638093,24.107787,3
9985,66000,387130000C,(04)23274275,(04)23288582,2025,06,26,16,17,臺中市,梧棲區,0,1,0,7,2,6,40,4,1,1,5,4,6,6,1,1,10,5,5,2,12,2,8,1,1,C03,7,1,1,10,2,14,,87,87,1,12,4,120.551977,24.243969,2
9986,66000,387130000C,(04)23274275,(04)23288582,2025,06,26,16,18,臺中市,太平區,0,1,0,7,3,6,40,11,9,1,5,4,6,6,4,4,4,5,5,2,18,2,9,1,1,C03,7,6,1,10,2,14,,5,5,1,6,4,120.817919,24.086483,2
9987,66000,387130000C,(04)23274275,(04)23288582,2025,06,26,16,23,臺中市,霧峰區,0,1,0,7,2,6,30,4,1,1,5,4,6,6,4,4,10,5,5,2,17,3,10,5,4,B01,7,9,1,4,2,2,,84,84,1,13,4,120.695895,24.058257,2
9988,66000,387130000C,(04)23274275,(04)23288582,2025,06,26,16,28,臺中市,潭子區,0,0,0,7,,,30,,,,,,,,,,,,,,,,,,,C03,,,1,,2,,,8,8,1,13,4,120.707599,24.208247,3
9989,66000,387130000C,(04)23274275,(04)23288582,2025,06,26,16,28,臺中市,西區,0,0,0,7,,,50,,,,,,,,,,,,,,,,,,,B03,,,1,,1,,,84,84,1,12,4,120.662762,24.140002,3
9990,66000,387130000C,(04)23274275,(04)23288582,2025,06,26,16,29,臺中市,大里區,0,0,0,7,3,6,50,13,9,1,5,4,6,6,1,1,5,5,5,2,13,,,,,B03,,,2,,2,,,84,84,1,12,4,120.695147,24.11098,3
9991,66000,387130000C,(04)23274275,(04)23288582,2025,06,26,16,32,臺中市,南屯區,0,0,0,7,3,6,50,13,8,1,5,4,6,6,1,1,3,4,2,2,12,,,,,C03,,,1,,1,,,7,7,1,12,4,120.631432,24.125448,3
9992,66000,387130000C,(04)23274275,(04)23288582,2025,06,26,16,32,臺中市,神岡區,0,0,0,7,,,50,,,,,,,,,,,,,,16,,,,,B03,,,1,,2,,,47,47,1,12,4,120.641363,24.286852,3
9993,66000,387130000C,(04)23274275,(04)23288582,2025,06,26,16,33,臺中市,西區,0,0,0,7,,,50,,,,,,,,,,,,,,13,,,,,B03,,,1,,2,,,84,84,1,12,4,120.653637,24.153468,3
9994,66000,387130000C,(04)23274275,(04)23288582,2025,06,26,16,34,臺中市,北屯區,0,0,0,7,,,50,,,,,,,,,,,,,,,,,,,B03,,,1,,1,,,59,59,1,13,4,120.700078,24.177343,3
9995,66000,387130000C,(04)23274275,(04)23288582,2025,06,26,16,37,臺中市,梧棲區,0,1,0,7,3,6,40,4,1,1,5,4,6,6,1,1,10,5,5,2,13,3,10,3,1,B03,7,6,1,8,2,7,,48,48,1,6,4,120.55206,24.244,2
9996,66000,387130000C,(04)23274275,(04)23288582,2025,06,26,16,39,臺中市,外埔區,0,1,0,7,2,6,50,3,1,1,5,4,6,6,4,4,10,5,5,2,8,3,10,3,1,B03,7,6,1,8,9,1,,59,59,1,12,4,120.638662,24.34162,2
9997,66000,387130000C,(04)23274275,(04)23288582,2025,06,26,16,39,臺中市,豐原區,0,0,0,7,,,50,,,,,,,,,,,,,,17,,,,,C03,,,1,,1,,,49,49,1,13,4,120.729875,24.250378,3
9998,66000,387130000C,(04)23274275,(04)23288582,2025,06,26,16,40,臺中市,豐原區,0,0,0,7,,,50,,,,,,,,,,,,,,17,,,,,C04,,,1,,2,,,84,84,1,6,4,120.722501,24.253527,3
9999,66000,387130000C,(04)23274275,(04)23288582,2025,06,26,16,43,臺中市,潭子區,0,0,0,7,,,60,,,,,,,,,,,,,,,,,,,B03,,,1,,2,,,84,84,1,12,4,120.705778,24.218716,3
10000,66000,387130000C,(04)23274275,(04)23288582,2025,06,26,16,44,臺中市,西屯區,0,0,0,7,,,50,,,,,,,,,,,,,,12,,,,,C03,,,1,,2,,,8,8,1,13,4,120.635172,24.179435,3
10001,66000,387130000C,(04)23274275,(04)23288582,2025,06,26,16,45,臺中市,大雅區,0,0,0,7,,,30,,,,,,,,,,,,,,,,,,,B12,,,1,,1,,,85,85,1,13,4,120.650439,24.238535,3
10002,66000,387130000C,(04)23274275,(04)23288582,2025,06,26,16,47,臺中市,烏日區,0,1,0,7,2,6,40,13,8,1,5,4,6,6,4,4,1,4,1,1,17,3,10,3,1,B03,7,7,1,8,2,6,,40,40,1,6,4,120.587956,24.113399,2
10003,66000,387130000C,(04)23274275,(04)23288582,2025,06,26,16,50,臺中市,南屯區,0,0,0,7,,,50,,,,,,,,,,,,,,,,,,,C03,,,1,,2,,,7,7,1,6,4,120.622251,24.145092,3
10004,66000,387130000C,(04)23274275,(04)23288582,2025,06,26,16,51,臺中市,北區,0,0,0,7,,,50,,,,,,,,,,,,,,13,,,,,B03,,,1,,2,,,59,59,1,12,4,120.67414,24.163592,3
10005,66000,387130000C,(04)23274275,(04)23288582,2025,06,26,16,54,臺中市,龍井區,0,1,0,7,2,6,40,4,1,1,5,4,6,6,2,1,3,5,5,2,16,2,8,2,1,C03,7,9,1,10,2,11,,84,84,1,6,4,120.576945,24.17704,2
10006,66000,387130000C,(04)23274275,(04)23288582,2025,06,26,16,55,臺中市,北區,0,0,0,7,,,50,,,,,,,,,,,,,,17,,,,,C03,,,6,,2,,,45,45,1,13,4,120.680464,24.160282,4