﻿序號,縣市別代碼,機關代碼,市話,傳真,年,月,日,時,分,縣市,區,死亡數量,受傷數量,2-30,天候,道路照明設備,道路類別,道路速限,道路型態,事故位置,路面鋪裝,路面狀態,路面缺陷,障礙物,視距,號誌種類,號誌動作,分向設施,快車道或一般車道間,快慢車道間,路面邊線,事故類型及型態,受傷程度,主要傷處,保護裝備,行動電話或功能裝置,當事者區分_類別,車輛用途,當事者行動狀態,駕照狀態,駕照種類,飲酒情形,車輛撞擊部位最初,車輛撞擊部位其他,肇事因素個別,肇事因素主要,肇事逃逸,職業,共享經濟或外送平台,GPS座標X,GPS座標Y,事故類別
10226,66000,387130000C,(04)23274275,(04)23288582,2025,06,27,8,2,臺中市,大里區,0,0,0,7,,,30,,,,,,,,,,,,,,13,,,,,B03,,,1,,2,,,7,7,1,6,4,120.678673,24.116453,3
10227,66000,387130000C,(04)23274275,(04)23288582,2025,06,27,8,3,臺中市,北屯區,0,1,0,7,2,6,30,11,9,1,5,4,6,6,4,4,10,5,5,1,17,3,10,1,1,C03,7,9,1,10,2,14,,41,41,1,13,4,120.764444,24.169416,2
10228,66000,387130000C,(04)23274275,(04)23288582,2025,06,27,8,3,臺中市,北屯區,0,1,0,7,1,6,50,4,2,1,5,4,6,6,1,1,3,4,5,2,12,3,10,3,1,B12,7,5,1,8,2,2,,65,65,1,13,4,120.6736,24.200718,2
10229,66000,387130000C,(04)23274275,(04)23288582,2025,06,27,8,3,臺中市,西屯區,0,1,0,7,2,6,50,3,2,1,5,4,6,6,1,1,10,5,5,2,17,3,10,1,1,C03,7,8,1,10,2,16,,42,42,1,12,4,120.649002,24.173157,2
10230,66000,387130000C,(04)23274275,(04)23288582,2025,06,27,8,5,臺中市,太平區,0,0,0,7,,,50,,,,,,,,,,,,,,,,,,,B03,,,1,,2,,,84,84,1,12,4,120.719892,24.148703,3
10231,66000,387130000C,(04)23274275,(04)23288582,2025,06,27,8,5,臺中市,沙鹿區,0,0,0,7,,,50,,,,,,,,,,,,,,16,,,,,B03,,,1,,2,,,11,11,1,12,4,120.569145,24.255886,3
10232,66000,387130000C,(04)23274275,(04)23288582,2025,06,27,8,6,臺中市,龍井區,0,1,0,7,3,6,40,4,1,1,5,4,6,6,3,1,10,5,5,2,17,3,10,3,1,B03,7,9,1,3,2,5,,24,24,1,12,4,120.505176,24.20133,2
10233,66000,387130000C,(04)23274275,(04)23288582,2025,06,27,8,7,臺中市,北區,0,1,0,7,3,6,50,11,9,1,5,4,6,6,4,4,1,4,5,2,18,2,7,2,1,C03,7,9,1,10,2,11,,59,59,1,12,4,120.691373,24.159403,2
10234,66000,387130000C,(04)23274275,(04)23288582,2025,06,27,8,7,臺中市,北區,0,1,0,7,2,6,50,4,9,1,5,4,6,6,1,1,5,5,5,2,2,3,10,5,4,B03,7,9,1,8,2,2,,8,8,1,13,4,120.68199,24.159448,2
10235,66000,387130000C,(04)23274275,(04)23288582,2025,06,27,8,8,臺中市,南區,0,0,0,7,,,50,,,,,,,,,,,,,,17,,,,,C03,,,1,,1,,,7,7,1,13,4,120.673806,24.129508,3
10236,66000,387130000C,(04)23274275,(04)23288582,2025,06,27,8,9,臺中市,沙鹿區,0,0,0,7,,,50,,,,,,,,,,,,,,,,,,,B03,,,1,,1,,,45,45,1,13,4,120.575425,24.223042,3
10237,66000,387130000C,(04)23274275,(04)23288582,2025,06,27,8,11,臺中市,梧棲區,0,0,0,7,,,50,,,,,,,,,,,,,,14,,,,,B12,,,1,,1,,,49,49,1,6,4,120.531465,24.255211,3
10238,66000,387130000C,(04)23274275,(04)23288582,2025,06,27,8,13,臺中市,南區,0,1,0,7,2,6,50,4,2,1,5,4,6,6,1,1,10,5,5,2,17,2,9,2,1,C03,7,15,1,10,2,14,,37,37,1,13,4,120.665939,24.127004,2
10239,66000,387130000C,(04)23274275,(04)23288582,2025,06,27,8,14,臺中市,龍井區,0,1,0,7,2,6,50,13,9,1,5,4,6,6,4,4,9,4,5,1,13,2,8,1,2,C03,7,9,1,10,2,11,,62,62,1,6,4,120.582862,24.178501,2
10240,66000,387130000C,(04)23274275,(04)23288582,2025,06,27,8,15,臺中市,大雅區,0,0,0,7,,,30,,,,,,,,,,,,,,,,,,,C03,,,1,,9,,,8,8,1,13,4,120.673351,24.212079,3
10241,66000,387130000C,(04)23274275,(04)23288582,2025,06,27,8,15,臺中市,南屯區,0,1,0,7,2,6,50,13,9,1,5,4,6,6,4,4,1,4,5,2,18,2,8,2,1,C03,7,9,1,10,2,12,,59,59,1,12,4,120.618689,24.145309,2
10242,66000,387130000C,(04)23274275,(04)23288582,2025,06,27,8,16,臺中市,霧峰區,0,0,0,7,,,30,,,,,,,,,,,,,,17,,,,,B03,,,1,,2,,,59,59,1,13,4,120.671866,24.076571,3
10243,66000,387130000C,(04)23274275,(04)23288582,2025,06,27,8,20,臺中市,西屯區,0,0,0,7,,,50,,,,,,,,,,,,,,12,,,,,A05,,,1,,9,,,8,8,1,13,4,120.644262,24.165661,3
10244,66000,387130000C,(04)23274275,(04)23288582,2025,06,27,8,21,臺中市,西屯區,0,0,0,7,,,60,,,,,,,,,,,,,,13,,,,,B03,,,1,,1,,,7,7,1,12,4,120.640852,24.167748,3
10245,66000,387130000C,(04)23274275,(04)23288582,2025,06,27,8,23,臺中市,龍井區,0,1,0,7,3,6,40,13,8,1,3,1,6,6,3,1,1,4,3,1,18,2,9,2,1,C03,7,9,1,10,2,14,,6,6,1,6,4,120.509249,24.200586,2
10246,66000,387130000C,(04)23274275,(04)23288582,2025,06,27,8,23,臺中市,大甲區,0,2,0,7,2,6,60,13,9,1,5,4,6,6,4,4,6,5,5,1,12,2,9,1,1,C03,7,7,2,19,2,12,,40,40,1,12,4,120.639954,24.34646,2
10247,66000,387130000C,(04)23274275,(04)23288582,2025,06,27,8,24,臺中市,西區,0,0,0,7,,,50,,,,,,,,,,,,,,13,,,,,B03,,,1,,1,,,84,84,1,12,4,120.674773,24.149115,3
10248,66000,387130000C,(04)23274275,(04)23288582,2025,06,27,8,25,臺中市,太平區,0,1,0,7,2,6,50,4,1,1,5,4,6,6,4,4,10,5,5,2,17,3,10,1,1,C03,7,6,1,10,2,14,,14,14,1,12,4,120.720835,24.114197,2
10249,66000,387130000C,(04)23274275,(04)23288582,2025,06,27,8,25,臺中市,梧棲區,0,1,0,7,3,6,70,3,1,1,5,4,6,6,4,4,10,5,5,2,16,3,10,3,1,B03,7,1,1,8,2,3,,51,51,1,6,4,120.514349,24.229286,2
10250,66000,387130000C,(04)23274275,(04)23288582,2025,06,27,8,28,臺中市,石岡區,0,1,0,7,2,6,50,3,1,1,5,4,6,6,4,4,10,5,5,2,12,3,10,3,1,B03,7,5,1,8,2,2,,14,14,1,12,4,120.765428,24.277708,2
10251,66000,387130000C,(04)23274275,(04)23288582,2025,06,27,8,30,臺中市,豐原區,0,0,0,7,,,30,,,,,,,,,,,,,,17,,,,,B03,,,1,,2,,,51,51,1,6,4,120.708321,24.253414,3
10252,66000,387130000C,(04)23274275,(04)23288582,2025,06,27,8,40,臺中市,中區,0,1,0,7,3,6,50,4,2,1,5,4,6,6,1,1,5,4,5,2,12,3,10,3,1,B03,7,7,1,8,2,6,,85,85,1,6,4,120.677572,24.144109,2
10253,66000,387130000C,(04)23274275,(04)23288582,2025,06,27,8,40,臺中市,西屯區,0,1,0,7,2,6,50,4,1,1,5,4,6,6,1,1,10,5,5,2,16,3,10,5,4,B12,7,5,1,10,2,2,,84,84,1,13,4,120.656466,24.190194,2
10254,66000,387130000C,(04)23274275,(04)23288582,2025,06,27,8,45,臺中市,霧峰區,0,0,0,7,,,80,,,,,,,,,,,,,,13,,,,,B03,,,1,,1,,,56,56,1,13,4,120.682755,24.077708,3
10255,66000,387130000C,(04)23274275,(04)23288582,2025,06,27,8,49,臺中市,大安區,0,2,0,7,3,6,50,13,9,1,5,4,6,6,4,4,10,5,5,1,17,2,9,1,1,C03,7,1,1,10,2,13,,51,51,1,6,4,120.601528,24.381929,2
10256,66000,387130000C,(04)23274275,(04)23288582,2025,06,27,8,50,臺中市,北屯區,0,1,0,7,2,6,50,3,1,1,5,4,6,6,1,1,10,5,5,2,17,3,10,1,1,C03,7,6,1,10,2,13,,84,84,1,12,4,120.689877,24.164982,2
10257,66000,387130000C,(04)23274275,(04)23288582,2025,06,27,8,51,臺中市,西區,0,2,0,7,2,6,50,4,2,1,5,4,6,6,4,4,10,4,5,2,17,2,9,2,1,C03,7,1,1,10,2,13,,51,51,1,13,4,120.672553,24.145722,2
10258,66000,387130000C,(04)23274275,(04)23288582,2025,06,27,8,51,臺中市,太平區,0,1,0,7,2,6,50,3,1,1,5,4,6,6,1,1,10,5,5,1,17,2,9,1,1,C03,7,9,3,19,2,12,,21,21,1,13,4,120.715866,24.127385,2
10259,66000,387130000C,(04)23274275,(04)23288582,2025,06,27,8,52,臺中市,南屯區,0,1,0,7,2,6,50,13,9,1,5,4,6,6,4,4,5,4,5,2,18,2,9,2,1,C03,7,9,1,10,2,12,,84,84,1,12,4,120.609247,24.138716,2
10260,66000,387130000C,(04)23274275,(04)23288582,2025,06,27,8,52,臺中市,龍井區,0,0,0,7,,,30,,,,,,,,,,,,,,25,,,,,B03,,,1,,2,,,8,8,1,6,4,120.575825,24.175964,3
10261,66000,387130000C,(04)23274275,(04)23288582,2025,06,27,9,3,臺中市,北屯區,0,0,0,7,,,50,,,,,,,,,,,,,,12,,,,,B12,,,1,,1,,,51,51,1,12,4,120.675459,24.173841,3
10262,66000,387130000C,(04)23274275,(04)23288582,2025,06,27,9,5,臺中市,西區,0,0,0,7,,,50,,,,,,,,,,,,,,17,,,,,B03,,,1,,1,,,87,87,1,12,4,120.671174,24.145422,3
10263,66000,387130000C,(04)23274275,(04)23288582,2025,06,27,9,5,臺中市,南屯區,0,0,0,7,3,6,40,13,8,1,5,4,6,6,4,4,5,5,4,2,12,,,,,B03,,,1,,9,,,51,51,1,12,4,120.638617,24.148634,3
10264,66000,387130000C,(04)23274275,(04)23288582,2025,06,27,9,7,臺中市,后里區,0,1,0,7,3,6,40,4,1,1,5,4,6,6,4,4,5,4,4,1,15,2,9,1,1,C03,7,9,1,14,2,14,,13,13,1,6,4,120.7183,24.309523,2
10265,66000,387130000C,(04)23274275,(04)23288582,2025,06,27,9,8,臺中市,北屯區,0,1,0,7,2,6,50,13,9,1,5,4,6,6,4,4,1,4,5,2,17,3,10,3,1,B03,7,7,1,8,1,5,,40,40,1,13,4,120.690762,24.182313,2
10266,66000,387130000C,(04)23274275,(04)23288582,2025,06,27,9,10,臺中市,南區,0,1,0,7,3,6,40,13,9,1,5,4,6,6,4,4,1,4,4,2,13,2,9,5,4,C03,7,9,1,10,2,11,,84,84,1,12,4,120.664325,24.125691,2
10267,66000,387130000C,(04)23274275,(04)23288582,2025,06,27,9,16,臺中市,潭子區,0,0,0,7,,,30,,,,,,,,,,,,,,,,,,,B12,,,1,,9,,,8,8,1,13,4,120.729864,24.215802,3
10268,66000,387130000C,(04)23274275,(04)23288582,2025,06,27,9,16,臺中市,北屯區,0,1,0,7,2,6,50,4,1,1,5,4,6,6,2,1,3,3,4,2,16,3,10,3,1,B03,7,5,1,8,2,5,,47,47,1,13,4,120.661918,24.189487,2
10269,66000,387130000C,(04)23274275,(04)23288582,2025,06,27,9,19,臺中市,西屯區,0,0,0,7,,,50,,,,,,,,,,,,,,14,,,,,B12,,,1,,1,,,49,49,1,12,4,120.613769,24.174777,3
10270,66000,387130000C,(04)23274275,(04)23288582,2025,06,27,9,22,臺中市,西屯區,0,0,0,7,,,50,,,,,,,,,,,,,,13,,,,,B03,,,1,,1,,,40,40,1,13,4,120.614062,24.184759,3
10271,66000,387130000C,(04)23274275,(04)23288582,2025,06,27,9,23,臺中市,大里區,0,3,0,7,3,6,40,3,2,1,5,4,6,6,3,1,5,5,5,1,13,2,9,1,1,C03,7,9,1,10,2,11,,7,7,1,13,4,120.71293,24.109913,2
10272,66000,387130000C,(04)23274275,(04)23288582,2025,06,27,9,26,臺中市,大肚區,0,0,0,7,,,30,,,,,,,,,,,,,,,,,,,A12,,,1,,2,,,49,49,1,6,4,120.550735,24.136597,3
10273,66000,387130000C,(04)23274275,(04)23288582,2025,06,27,9,27,臺中市,東區,0,0,0,7,,,50,,,,,,,,,,,,,,13,,,,,B11,,,1,,2,,,84,84,1,13,4,120.706199,24.148438,3
10274,66000,387130000C,(04)23274275,(04)23288582,2025,06,27,9,30,臺中市,沙鹿區,0,1,0,7,3,6,50,4,1,1,5,4,6,6,4,4,10,5,5,2,17,4,11,5,1,C03,7,6,1,10,2,15,,85,85,1,12,4,120.563979,24.248044,2
10275,66000,387130000C,(04)23274275,(04)23288582,2025,06,27,9,35,臺中市,南屯區,0,0,0,7,,,50,,,,,,,,,,,,,,17,,,,,C03,,,1,,1,,,1,1,1,12,4,120.612512,24.138469,3
10276,66000,387130000C,(04)23274275,(04)23288582,2025,06,27,9,35,臺中市,西屯區,0,0,0,7,,,40,,,,,,,,,,,,,,13,,,,,B03,,,1,,2,,,7,7,1,12,4,120.607656,24.157797,3
10277,66000,387130000C,(04)23274275,(04)23288582,2025,06,27,9,42,臺中市,西屯區,0,0,0,7,,,50,,,,,,,,,,,,,,14,,,,,B03,,,1,,2,,,7,7,1,12,4,120.664714,24.176536,4
10278,66000,387130000C,(04)23274275,(04)23288582,2025,06,27,9,46,臺中市,東勢區,0,0,0,7,,,50,,,,,,,,,,,,,,,,,,,B03,,,1,,1,,,84,84,1,12,4,120.828976,24.255748,3
10279,66000,387130000C,(04)23274275,(04)23288582,2025,06,27,9,48,臺中市,東區,0,0,0,7,,,50,,,,,,,,,,,,,,13,,,,,C03,,,1,,1,,,7,7,1,13,4,120.700443,24.125227,3
10280,66000,387130000C,(04)23274275,(04)23288582,2025,06,27,9,50,臺中市,大雅區,0,0,0,7,,,30,,,,,,,,,,,,,,,,,,,B03,,,1,,1,,,49,49,1,13,4,120.669546,24.23033,3
10281,66000,387130000C,(04)23274275,(04)23288582,2025,06,27,9,50,臺中市,北屯區,0,1,0,7,2,6,50,4,1,1,5,4,6,6,1,3,10,5,5,2,15,3,10,3,1,B03,7,9,1,8,2,1,,13,13,1,12,4,120.665138,24.183921,2
10282,66000,387130000C,(04)23274275,(04)23288582,2025,06,27,9,54,臺中市,北屯區,0,2,0,7,2,6,50,4,2,1,5,4,6,6,2,1,5,5,4,2,13,2,8,2,1,C03,7,9,1,10,2,11,,7,7,1,12,4,120.670916,24.177475,2
10283,66000,387130000C,(04)23274275,(04)23288582,2025,06,27,9,55,臺中市,南區,0,1,0,7,2,6,50,13,9,1,5,4,6,6,4,4,5,4,5,2,18,2,9,2,1,C03,7,9,1,10,1,12,,85,85,1,13,4,120.666775,24.119603,2
10284,66000,387130000C,(04)23274275,(04)23288582,2025,06,27,9,55,臺中市,太平區,0,1,0,7,2,6,30,4,1,1,5,4,6,6,4,4,10,5,5,2,15,2,9,2,1,C03,7,9,1,10,2,12,,15,15,1,13,4,120.723863,24.129847,2
10285,66000,387130000C,(04)23274275,(04)23288582,2025,06,27,10,0,臺中市,烏日區,0,0,0,7,,,30,,,,,,,,,,,,,,9,,,,,C03,,,1,,1,,,87,87,1,6,4,120.640747,24.103891,3
10286,66000,387130000C,(04)23274275,(04)23288582,2025,06,27,10,1,臺中市,大里區,0,0,0,7,,,50,,,,,,,,,,,,,,,,,,,B03,,,1,,2,,,20,20,1,12,4,120.67452,24.091476,3
10287,66000,387130000C,(04)23274275,(04)23288582,2025,06,27,10,5,臺中市,沙鹿區,0,0,0,7,,,50,,,,,,,,,,,,,,14,,,,,B12,,,1,,1,,,49,49,1,12,4,120.563353,24.252332,3
10288,66000,387130000C,(04)23274275,(04)23288582,2025,06,27,10,8,臺中市,龍井區,0,1,0,7,3,6,50,4,1,1,5,4,6,6,4,4,10,5,5,2,17,3,10,3,1,B03,7,6,1,8,2,5,,20,20,1,6,4,120.5287,24.188116,2
10289,66000,387130000C,(04)23274275,(04)23288582,2025,06,27,10,10,臺中市,西屯區,0,2,0,7,3,6,50,4,1,1,5,4,6,6,1,1,10,5,5,2,17,3,10,5,4,C03,7,5,1,10,2,16,,47,47,1,13,4,120.656657,24.187046,2
10290,66000,387130000C,(04)23274275,(04)23288582,2025,06,27,10,13,臺中市,中區,0,0,0,7,,,50,,,,,,,,,,,,,,16,,,,,C03,,,3,,1,,,51,51,1,12,4,120.680994,24.14383,3
10291,66000,387130000C,(04)23274275,(04)23288582,2025,06,27,10,13,臺中市,北屯區,0,0,0,7,,,50,,,,,,,,,,,,,,13,,,,,A12,,,1,,1,,,82,82,1,12,4,120.664255,24.185545,3
10292,66000,387130000C,(04)23274275,(04)23288582,2025,06,27,10,14,臺中市,北屯區,0,1,0,7,2,6,50,13,9,1,5,4,6,6,4,4,5,4,5,2,13,3,10,1,1,C03,7,9,1,10,2,11,,84,84,1,13,4,120.723775,24.176142,2
10293,66000,387130000C,(04)23274275,(04)23288582,2025,06,27,10,16,臺中市,北屯區,0,1,0,7,2,6,50,4,1,1,5,4,6,6,2,1,10,5,5,2,12,2,9,2,1,C03,7,9,1,10,2,12,,85,85,1,12,4,120.670869,24.177418,2
10294,66000,387130000C,(04)23274275,(04)23288582,2025,06,27,10,20,臺中市,北屯區,0,1,0,7,2,6,50,13,9,1,5,4,6,6,4,4,1,4,5,2,12,3,10,3,1,B03,7,7,1,8,2,6,,40,40,1,12,4,120.716055,24.182306,2
10295,66000,387130000C,(04)23274275,(04)23288582,2025,06,27,10,21,臺中市,神岡區,0,0,0,7,,,30,,,,,,,,,,,,,,14,,,,,A12,,,1,,2,,,49,49,1,12,4,120.707428,24.259111,3
10296,66000,387130000C,(04)23274275,(04)23288582,2025,06,27,10,23,臺中市,大甲區,0,0,0,7,,,40,,,,,,,,,,,,,,,,,,,B03,,,1,,2,,,84,84,1,12,4,120.65443,24.39678,3
10297,66000,387130000C,(04)23274275,(04)23288582,2025,06,27,10,24,臺中市,南屯區,0,0,0,7,,,50,,,,,,,,,,,,,,,,,,,B12,,,1,,1,,,49,49,1,13,4,120.645052,24.148037,3
10298,66000,387130000C,(04)23274275,(04)23288582,2025,06,27,10,25,臺中市,西區,0,1,0,7,2,6,50,13,7,1,5,4,6,6,4,4,9,4,4,2,12,3,10,3,1,B03,7,11,1,8,2,4,,45,45,1,12,4,120.673927,24.134416,2
10299,66000,387130000C,(04)23274275,(04)23288582,2025,06,27,10,28,臺中市,大甲區,0,0,0,7,,,50,,,,,,,,,,,,,,,,,,,B03,,,1,,2,,,84,84,1,6,4,120.633944,24.40031,3
10300,66000,387130000C,(04)23274275,(04)23288582,2025,06,27,10,29,臺中市,豐原區,0,4,0,7,2,6,40,4,4,1,5,4,6,6,1,1,5,5,4,2,12,2,9,5,4,C03,7,11,1,10,2,15,,45,45,1,13,4,120.720822,24.258807,2
10301,66000,387130000C,(04)23274275,(04)23288582,2025,06,27,10,30,臺中市,大甲區,0,0,0,7,3,6,40,12,9,1,5,4,6,6,1,1,4,1,5,2,2,3,10,5,4,B13,7,14,1,8,1,1,,84,84,1,6,4,120.6272,24.340344,3
10302,66000,387130000C,(04)23274275,(04)23288582,2025,06,27,10,35,臺中市,南區,0,1,0,7,2,6,50,4,1,1,5,4,6,6,2,1,3,4,5,2,30,2,9,1,1,C03,7,9,1,10,1,11,,85,85,1,13,4,120.684235,24.122342,2
10303,66000,387130000C,(04)23274275,(04)23288582,2025,06,27,10,39,臺中市,西屯區,0,1,0,7,1,6,50,4,1,1,5,4,6,6,1,1,10,5,5,1,16,2,9,2,1,C03,7,6,1,10,2,12,,11,11,1,12,4,120.650871,24.166529,2
10304,66000,387130000C,(04)23274275,(04)23288582,2025,06,27,10,43,臺中市,北屯區,0,0,0,7,,,50,,,,,,,,,,,,,,17,,,,,B03,,,1,,2,,,58,58,1,12,4,120.701372,24.186083,3
10305,66000,387130000C,(04)23274275,(04)23288582,2025,06,27,10,45,臺中市,東勢區,0,0,0,7,,,40,,,,,,,,,,,,,,,,,,,B12,,,1,,9,,,84,84,1,12,4,120.827377,24.257418,3
10306,66000,387130000C,(04)23274275,(04)23288582,2025,06,27,10,47,臺中市,豐原區,0,0,0,7,,,50,,,,,,,,,,,,,,30,,,,,C03,,,1,,2,,,50,50,1,12,4,120.727264,24.239204,3
10307,66000,387130000C,(04)23274275,(04)23288582,2025,06,27,10,48,臺中市,北區,0,2,0,7,3,6,50,5,1,1,5,4,6,6,2,1,10,5,5,2,17,2,7,5,4,C03,7,15,1,10,2,12,,59,59,1,13,4,120.687956,24.15399,2
10308,66000,387130000C,(04)23274275,(04)23288582,2025,06,27,10,50,臺中市,東勢區,0,0,0,7,,,50,,,,,,,,,,,,,,,,,,,B12,,,1,,2,,,49,49,1,12,4,120.83052,24.256017,3
10309,66000,387130000C,(04)23274275,(04)23288582,2025,06,27,10,54,臺中市,烏日區,0,0,0,7,,,40,,,,,,,,,,,,,,12,,,,,C03,,,1,,1,,,36,36,1,13,4,120.618708,24.102622,3
10310,66000,387130000C,(04)23274275,(04)23288582,2025,06,27,10,55,臺中市,北區,0,0,0,7,,,50,,,,,,,,,,,,,,17,,,,,A02,,,1,,2,,,59,59,1,6,4,120.674507,24.162862,3
10311,66000,387130000C,(04)23274275,(04)23288582,2025,06,27,10,59,臺中市,梧棲區,0,0,0,7,,,70,,,,,,,,,,,,,,17,,,,,B03,,,1,,1,,,85,85,1,6,4,120.556701,24.24265,3
10312,66000,387130000C,(04)23274275,(04)23288582,2025,06,27,11,0,臺中市,大里區,0,2,0,7,2,6,30,4,1,1,5,4,6,6,1,1,1,4,4,1,15,2,9,1,1,C03,7,9,1,10,2,11,12,21,21,1,6,4,120.67174,24.108033,2
10313,66000,387130000C,(04)23274275,(04)23288582,2025,06,27,11,1,臺中市,后里區,0,0,0,7,2,6,60,3,7,1,5,4,6,6,1,1,1,4,4,1,13,3,10,3,1,B03,7,14,1,8,1,1,,7,7,1,6,4,120.722808,24.284421,3
10314,66000,387130000C,(04)23274275,(04)23288582,2025,06,27,11,2,臺中市,西屯區,0,0,0,7,,,60,,,,,,,,,,,,,,16,,,,,B12,,,1,,1,,,38,38,1,12,4,120.649453,24.162566,3
10315,66000,387130000C,(04)23274275,(04)23288582,2025,06,27,11,5,臺中市,南屯區,0,0,0,7,,,50,,,,,,,,,,,,,,,,,,,B03,,,1,,1,,,59,59,1,12,4,120.636722,24.135639,3
10316,66000,387130000C,(04)23274275,(04)23288582,2025,06,27,11,8,臺中市,太平區,0,1,0,7,3,6,50,13,7,1,5,4,6,6,4,4,5,5,4,1,12,2,9,2,1,C03,7,8,1,10,2,11,,40,40,1,12,4,120.71415,24.145458,2
10317,66000,387130000C,(04)23274275,(04)23288582,2025,06,27,11,10,臺中市,西屯區,0,0,0,7,,,30,,,,,,,,,,,,,,17,,,,,B03,,,1,,2,,,56,56,1,13,4,120.646403,24.199801,3
10318,66000,387130000C,(04)23274275,(04)23288582,2025,06,27,11,15,臺中市,南屯區,0,1,0,7,3,6,50,13,7,1,5,4,6,6,4,4,9,5,4,2,17,3,10,3,1,B12,7,6,1,8,2,4,,20,20,1,12,4,120.605869,24.13832,2
10319,66000,387130000C,(04)23274275,(04)23288582,2025,06,27,11,15,臺中市,西屯區,0,0,0,7,,,40,,,,,,,,,,,,,,17,,,,,B02,,,1,,2,,,59,59,1,13,4,120.619697,24.180751,3
10320,66000,387130000C,(04)23274275,(04)23288582,2025,06,27,11,19,臺中市,北屯區,0,1,0,7,1,6,50,13,9,1,5,4,6,6,4,4,3,4,5,2,13,3,10,1,1,C03,7,9,1,10,2,11,,84,84,1,13,4,120.6867,24.200188,2
10321,66000,387130000C,(04)23274275,(04)23288582,2025,06,27,11,26,臺中市,后里區,0,0,0,7,2,6,60,11,7,1,5,4,6,6,1,1,1,4,2,1,17,3,10,3,1,A12,7,9,1,7,1,16,,84,84,1,12,4,120.680871,24.314913,3
10322,66000,387130000C,(04)23274275,(04)23288582,2025,06,27,11,27,臺中市,西區,0,1,0,7,2,6,50,4,1,1,5,4,6,6,1,1,10,5,5,2,7,2,9,6,5,H01,8,16,7,21,10,17,,98,98,1,13,5,120.674686,24.14886,2
10323,66000,387130000C,(04)23274275,(04)23288582,2025,06,27,11,28,臺中市,北區,0,2,0,7,3,6,50,4,24,1,5,4,6,6,2,1,10,5,5,2,17,2,8,5,4,C03,7,6,1,10,2,14,,48,48,1,13,4,120.694442,24.156786,2
10324,66000,387130000C,(04)23274275,(04)23288582,2025,06,27,11,29,臺中市,大雅區,0,0,0,7,,,50,,,,,,,,,,,,,,,,,,,B03,,,1,,1,,,7,7,1,13,4,120.648355,24.221185,3
10325,66000,387130000C,(04)23274275,(04)23288582,2025,06,27,11,30,臺中市,北屯區,0,0,0,7,,,50,,,,,,,,,,,,,,,,,,,B12,,,1,,1,,,50,50,1,12,4,120.716627,24.171406,3
10326,66000,387130000C,(04)23274275,(04)23288582,2025,06,27,11,30,臺中市,大肚區,0,0,0,7,,,30,,,,,,,,,,,,,,,,,,,B03,,,1,,1,,,50,50,1,6,4,120.570534,24.124563,3
10327,66000,387130000C,(04)23274275,(04)23288582,2025,06,27,11,31,臺中市,后里區,0,1,0,7,2,6,50,12,8,1,5,4,6,6,4,4,4,4,4,2,18,2,9,1,1,C03,7,9,1,10,2,11,,59,59,1,6,4,120.700568,24.309763,2
10328,66000,387130000C,(04)23274275,(04)23288582,2025,06,27,11,33,臺中市,西屯區,0,0,0,7,,,50,,,,,,,,,,,,,,12,,,,,C03,,,1,,9,,,8,8,1,13,4,120.642789,24.172404,3
10329,66000,387130000C,(04)23274275,(04)23288582,2025,06,27,11,33,臺中市,梧棲區,0,1,0,7,3,6,50,13,7,1,5,4,6,6,4,4,5,4,4,2,16,2,9,1,1,C03,7,1,1,10,2,14,,51,51,1,6,4,120.530506,24.255359,2
10330,66000,387130000C,(04)23274275,(04)23288582,2025,06,27,11,34,臺中市,北屯區,0,0,0,7,,,50,,,,,,,,,,,,,,13,,,,,B02,,,1,,1,,,59,59,1,13,4,120.686056,24.181797,3
10331,66000,387130000C,(04)23274275,(04)23288582,2025,06,27,11,35,臺中市,南區,0,0,0,7,,,50,,,,,,,,,,,,,,13,,,,,B01,,,1,,2,,,84,84,1,13,4,120.669894,24.126073,3
10332,66000,387130000C,(04)23274275,(04)23288582,2025,06,27,11,42,臺中市,潭子區,0,1,0,7,3,6,60,3,2,1,5,4,6,6,4,4,1,4,4,1,17,2,9,2,1,C03,7,9,1,10,2,12,,85,85,1,13,4,120.702637,24.189625,2
10333,66000,387130000C,(04)23274275,(04)23288582,2025,06,27,11,43,臺中市,霧峰區,0,1,0,7,2,6,50,4,1,1,5,4,6,6,1,1,10,5,5,2,16,2,9,2,1,C03,7,6,1,10,2,13,,48,48,1,13,4,120.6869,24.054069,2
10334,66000,387130000C,(04)23274275,(04)23288582,2025,06,27,11,44,臺中市,南屯區,0,1,0,7,3,6,50,4,1,1,5,4,6,6,1,1,10,5,5,2,17,2,9,2,1,C03,7,9,1,10,2,11,,7,7,1,12,4,120.648736,24.150805,2
10335,66000,387130000C,(04)23274275,(04)23288582,2025,06,27,11,46,臺中市,大里區,0,0,0,7,,,50,,,,,,,,,,,,,,13,,,,,C03,,,1,,2,,,7,7,1,12,4,120.699392,24.089223,3