﻿序號,縣市別代碼,機關代碼,市話,傳真,年,月,日,時,分,縣市,區,死亡數量,受傷數量,2-30,天候,道路照明設備,道路類別,道路速限,道路型態,事故位置,路面鋪裝,路面狀態,路面缺陷,障礙物,視距,號誌種類,號誌動作,分向設施,快車道或一般車道間,快慢車道間,路面邊線,事故類型及型態,受傷程度,主要傷處,保護裝備,行動電話或功能裝置,當事者區分_類別,車輛用途,當事者行動狀態,駕照狀態,駕照種類,飲酒情形,車輛撞擊部位最初,車輛撞擊部位其他,肇事因素個別,肇事因素主要,肇事逃逸,職業,共享經濟或外送平台,GPS座標X,GPS座標Y,事故類別
10336,66000,387130000C,(04)23274275,(04)23288582,2025,06,27,11,53,臺中市,北屯區,0,0,0,7,,,50,,,,,,,,,,,,,,,,,,,C03,,,1,,1,,,15,15,1,12,4,120.694103,24.178739,3
10337,66000,387130000C,(04)23274275,(04)23288582,2025,06,27,11,56,臺中市,北屯區,0,0,0,7,,,80,,,,,,,,,,,,,,13,,,,,B03,,,1,,2,,,7,7,1,12,4,120.722283,24.189823,3
10338,66000,387130000C,(04)23274275,(04)23288582,2025,06,27,11,56,臺中市,豐原區,0,2,0,7,3,6,40,13,7,1,5,4,6,6,4,4,1,4,4,1,13,2,9,1,4,C03,7,9,1,10,2,11,,7,7,1,12,4,120.711261,24.239654,2
10339,66000,387130000C,(04)23274275,(04)23288582,2025,06,27,11,57,臺中市,大雅區,0,0,0,7,,,50,,,,,,,,,,,,,,,,,,,B03,,,1,,1,,,84,84,1,13,4,120.647236,24.213442,3
10340,66000,387130000C,(04)23274275,(04)23288582,2025,06,27,11,57,臺中市,西屯區,0,0,0,7,,,50,,,,,,,,,,,,,,14,,,,,B12,,,1,,9,,,49,49,1,12,4,120.661927,24.165957,3
10341,66000,387130000C,(04)23274275,(04)23288582,2025,06,27,12,5,臺中市,南屯區,0,0,0,7,,,50,,,,,,,,,,,,,,,,,,,B03,,,5,,9,,,84,84,1,12,4,120.608963,24.138714,3
10342,66000,387130000C,(04)23274275,(04)23288582,2025,06,27,12,6,臺中市,南屯區,0,1,0,7,2,6,50,11,9,1,5,1,6,6,4,4,1,4,1,2,18,2,7,2,1,C03,7,15,1,10,2,14,,84,84,1,12,4,120.619897,24.12259,2
10343,66000,387130000C,(04)23274275,(04)23288582,2025,06,27,12,12,臺中市,中區,0,1,0,7,2,6,50,4,1,1,5,4,6,6,1,1,10,5,5,2,16,2,9,1,1,C03,7,6,1,10,2,14,,20,20,1,12,4,120.680609,24.141468,2
10344,66000,387130000C,(04)23274275,(04)23288582,2025,06,27,12,15,臺中市,大雅區,0,0,0,7,,,30,,,,,,,,,,,,,,,,,,,A12,,,1,,1,,,49,49,1,12,4,120.642165,24.21742,3
10345,66000,387130000C,(04)23274275,(04)23288582,2025,06,27,12,22,臺中市,西區,0,0,0,7,,,50,,,,,,,,,,,,,,,,,,,B03,,,1,,1,,,14,14,1,6,4,120.6575,24.157638,3
10346,66000,387130000C,(04)23274275,(04)23288582,2025,06,27,12,22,臺中市,南區,0,0,0,7,,,50,,,,,,,,,,,,,,12,,,,,B03,,,1,,2,,,40,40,1,13,4,120.657882,24.11706,3
10347,66000,387130000C,(04)23274275,(04)23288582,2025,06,27,12,25,臺中市,西屯區,0,0,0,7,,,60,,,,,,,,,,,,,,,,,,,B03,,,1,,1,,,7,7,1,12,4,120.615369,24.183119,3
10348,66000,387130000C,(04)23274275,(04)23288582,2025,06,27,12,28,臺中市,太平區,0,0,0,7,,,50,,,,,,,,,,,,,,17,,,,,C03,,,1,,2,,,84,84,1,12,4,120.720889,24.119262,3
10349,66000,387130000C,(04)23274275,(04)23288582,2025,06,27,12,31,臺中市,大雅區,0,1,0,7,2,6,50,3,2,1,5,4,6,6,1,1,10,4,5,1,17,2,9,1,1,C03,7,9,1,10,2,11,,7,7,1,12,4,120.615235,24.220095,2
10350,66000,387130000C,(04)23274275,(04)23288582,2025,06,27,12,36,臺中市,潭子區,0,1,0,7,3,6,50,4,1,1,5,4,6,6,4,4,5,5,5,1,17,3,10,3,1,B03,7,11,1,8,2,4,,11,11,1,13,4,120.708344,24.215632,2
10351,66000,387130000C,(04)23274275,(04)23288582,2025,06,27,12,36,臺中市,北區,0,1,0,7,2,6,50,4,1,1,5,4,6,6,1,1,10,5,5,2,17,2,8,5,4,C03,7,15,1,10,2,11,,4,4,1,13,4,120.666844,24.155234,2
10352,66000,387130000C,(04)23274275,(04)23288582,2025,06,27,12,36,臺中市,西屯區,0,1,0,7,2,6,40,4,1,1,5,4,6,6,1,1,10,5,5,2,15,3,10,1,4,C03,7,9,1,10,2,11,12,85,85,1,12,4,120.641479,24.182273,2
10353,66000,387130000C,(04)23274275,(04)23288582,2025,06,27,12,38,臺中市,北屯區,0,0,0,7,,,50,,,,,,,,,,,,,,13,,,,,C03,,,1,,1,,,7,7,1,12,4,120.722505,24.175971,3
10354,66000,387130000C,(04)23274275,(04)23288582,2025,06,27,12,40,臺中市,烏日區,0,0,0,7,,,30,,,,,,,,,,,,,,1,,,,,B03,,,1,,1,,,8,8,1,6,4,120.592391,24.109728,3
10355,66000,387130000C,(04)23274275,(04)23288582,2025,06,27,12,43,臺中市,南區,0,0,0,7,,,50,,,,,,,,,,,,,,12,,,,,B03,,,1,,1,,,84,84,1,12,4,120.650355,24.111275,3
10356,66000,387130000C,(04)23274275,(04)23288582,2025,06,27,12,48,臺中市,南屯區,0,1,0,7,3,6,50,3,1,1,5,4,6,6,4,4,10,5,5,2,16,3,10,2,1,C03,7,6,1,10,2,14,,13,13,1,12,4,120.637599,24.130977,2
10357,66000,387130000C,(04)23274275,(04)23288582,2025,06,27,12,49,臺中市,東區,0,1,0,7,2,6,30,4,1,1,5,4,6,6,4,4,10,5,5,2,15,2,9,2,1,C03,7,9,1,10,2,11,,12,12,1,13,4,120.697764,24.135166,2
10358,66000,387130000C,(04)23274275,(04)23288582,2025,06,27,12,50,臺中市,大雅區,0,0,0,7,,,50,,,,,,,,,,,,,,,,,,,C03,,,1,,2,,,7,7,1,13,4,120.649962,24.220776,3
10359,66000,387130000C,(04)23274275,(04)23288582,2025,06,27,12,54,臺中市,北區,0,0,0,7,,,50,,,,,,,,,,,,,,17,,,,,B03,,,1,,2,,,40,40,1,13,4,120.684742,24.143697,3
10360,66000,387130000C,(04)23274275,(04)23288582,2025,06,27,12,58,臺中市,大雅區,0,1,0,6,3,6,50,4,2,1,5,4,6,6,1,1,5,2,5,1,17,3,10,3,1,B03,7,5,1,8,2,5,,84,84,1,12,4,120.655101,24.235011,2
10361,66000,387130000C,(04)23274275,(04)23288582,2025,06,27,12,58,臺中市,西屯區,0,1,0,7,2,6,50,3,1,1,5,4,6,6,4,4,10,5,5,2,17,2,9,5,4,C03,7,7,1,10,2,12,,40,40,1,13,4,120.637453,24.178286,2
10362,66000,387130000C,(04)23274275,(04)23288582,2025,06,27,13,0,臺中市,大里區,0,0,0,6,,,50,,,,,,,,,,,,,,17,,,,,B03,,,1,,2,,,84,84,1,13,4,120.665602,24.094704,3
10363,66000,387130000C,(04)23274275,(04)23288582,2025,06,27,13,3,臺中市,太平區,0,1,0,7,3,6,50,4,4,1,5,4,6,6,2,1,5,4,5,2,18,2,9,1,1,C03,7,9,1,10,2,12,,5,5,1,12,4,120.700888,24.148063,2
10364,66000,387130000C,(04)23274275,(04)23288582,2025,06,27,13,5,臺中市,大里區,0,0,0,7,,,50,,,,,,,,,,,,,,17,,,,,B03,,,1,,2,,,39,39,1,13,4,120.689147,24.078037,3
10365,66000,387130000C,(04)23274275,(04)23288582,2025,06,27,13,20,臺中市,霧峰區,0,0,0,7,,,50,,,,,,,,,,,,,,16,,,,,B03,,,1,,2,,,4,4,1,12,4,120.7406,24.035983,3
10366,66000,387130000C,(04)23274275,(04)23288582,2025,06,27,13,21,臺中市,南屯區,0,2,0,7,3,6,50,13,9,1,5,4,6,6,4,4,9,4,5,2,16,2,8,2,4,C03,7,5,1,10,2,12,,20,20,1,6,4,120.650817,24.136547,2
10367,66000,387130000C,(04)23274275,(04)23288582,2025,06,27,13,25,臺中市,大里區,0,0,0,7,,,50,,,,,,,,,,,,,,17,,,,,B03,,,1,,2,,,50,50,1,6,4,120.689624,24.106855,3
10368,66000,387130000C,(04)23274275,(04)23288582,2025,06,27,13,29,臺中市,梧棲區,0,1,0,7,3,6,50,13,7,1,5,4,6,6,4,4,9,5,4,2,16,3,10,3,1,B03,7,6,1,8,2,4,,20,20,1,6,4,120.545031,24.245211,2
10369,66000,387130000C,(04)23274275,(04)23288582,2025,06,27,13,29,臺中市,豐原區,0,2,0,7,2,6,50,4,1,1,5,4,6,6,1,1,10,5,5,2,13,2,9,2,1,C03,7,9,1,10,2,11,,84,84,1,13,4,120.744535,24.264695,2
10370,66000,387130000C,(04)23274275,(04)23288582,2025,06,27,13,34,臺中市,南屯區,0,0,0,7,3,6,50,13,9,1,5,4,6,6,4,4,5,4,5,2,12,,,,,B03,,,1,,1,,,84,84,1,12,4,120.646932,24.134528,3
10371,66000,387130000C,(04)23274275,(04)23288582,2025,06,27,13,37,臺中市,北屯區,0,0,0,7,,,30,,,,,,,,,,,,,,13,,,,,B12,,,7,,10,,,50,50,1,13,5,120.677838,24.181513,3
10372,66000,387130000C,(04)23274275,(04)23288582,2025,06,27,13,37,臺中市,北屯區,0,0,0,7,,,50,,,,,,,,,,,,,,17,,,,,A12,,,1,,1,,,78,78,1,12,4,120.685677,24.171428,3
10373,66000,387130000C,(04)23274275,(04)23288582,2025,06,27,13,40,臺中市,西屯區,0,0,0,7,,,50,,,,,,,,,,,,,,12,,,,,B03,,,1,,1,,,8,8,1,12,4,120.643306,24.171805,4
10374,66000,387130000C,(04)23274275,(04)23288582,2025,06,27,13,41,臺中市,大雅區,0,0,0,7,1,6,50,18,24,1,5,4,6,6,4,4,8,5,5,2,25,3,10,3,1,B03,7,1,1,8,1,1,,82,82,1,12,4,120.632311,24.241885,3
10375,66000,387130000C,(04)23274275,(04)23288582,2025,06,27,13,44,臺中市,大里區,0,1,0,6,3,6,50,11,9,1,5,4,6,6,4,4,10,5,5,1,18,2,9,1,1,C03,7,15,1,10,2,14,,84,84,1,13,4,120.69658,24.116893,2
10376,66000,387130000C,(04)23274275,(04)23288582,2025,06,27,13,45,臺中市,太平區,0,2,0,6,2,6,50,3,1,1,5,4,6,6,4,4,5,4,5,2,16,2,8,2,1,C03,7,11,1,10,2,11,,32,32,1,13,4,120.713392,24.141149,2
10377,66000,387130000C,(04)23274275,(04)23288582,2025,06,27,13,45,臺中市,太平區,0,0,0,7,,,50,,,,,,,,,,,,,,,,,,,B12,,,1,,2,,,84,84,1,12,4,120.721357,24.101532,3
10378,66000,387130000C,(04)23274275,(04)23288582,2025,06,27,13,54,臺中市,梧棲區,0,0,0,7,,3,90,,,,,,,,,,,,,,16,,,,,A31,,,1,,1,,,20,20,1,6,4,120.528974,24.232599,3
10379,66000,387130000C,(04)23274275,(04)23288582,2025,06,27,13,54,臺中市,豐原區,0,2,0,7,2,6,60,3,1,1,5,4,6,6,3,1,1,4,4,1,13,2,9,1,1,C03,7,9,1,10,2,11,,84,84,1,12,4,120.712641,24.241762,2
10380,66000,387130000C,(04)23274275,(04)23288582,2025,06,27,13,55,臺中市,太平區,0,0,0,7,,,40,,,,,,,,,,,,,,,,,,,C03,,,1,,2,,,8,8,1,12,4,120.704277,24.111263,3
10381,66000,387130000C,(04)23274275,(04)23288582,2025,06,27,14,6,臺中市,南屯區,0,0,0,7,,,50,,,,,,,,,,,,,,12,,,,,B03,,,1,,1,,,84,84,1,12,4,120.637131,24.146996,3
10382,66000,387130000C,(04)23274275,(04)23288582,2025,06,27,14,11,臺中市,太平區,0,0,0,7,,,50,,,,,,,,,,,,,,,,,,,C03,,,1,,2,,,11,11,1,12,4,120.716034,24.124562,4
10383,66000,387130000C,(04)23274275,(04)23288582,2025,06,27,14,14,臺中市,北屯區,0,1,0,7,2,6,40,13,7,1,5,4,6,6,4,4,1,4,4,2,12,3,10,3,1,B01,7,1,1,8,2,4,,51,51,1,12,4,120.668054,24.179251,2
10384,66000,387130000C,(04)23274275,(04)23288582,2025,06,27,14,16,臺中市,北屯區,0,0,0,7,,,50,,,,,,,,,,,,,,,,,,,B03,,,1,,2,,,38,38,1,12,4,120.721341,24.18012,3
10385,66000,387130000C,(04)23274275,(04)23288582,2025,06,27,14,21,臺中市,西區,0,1,0,7,2,6,50,13,9,1,5,4,6,6,4,4,9,4,5,2,12,3,10,3,1,B03,7,9,1,8,2,2,,84,84,1,12,4,120.670168,24.134942,2
10386,66000,387130000C,(04)23274275,(04)23288582,2025,06,27,14,22,臺中市,西區,0,1,0,7,3,6,50,4,1,1,5,4,6,6,1,1,10,5,5,2,13,3,10,1,1,C03,7,9,1,10,2,11,,7,7,1,6,2,120.657257,24.150851,2
10387,66000,387130000C,(04)23274275,(04)23288582,2025,06,27,14,27,臺中市,南區,0,0,0,7,,,50,,,,,,,,,,,,,,13,,,,,B03,,,1,,1,,,7,7,1,13,4,120.650835,24.121075,3
10388,66000,387130000C,(04)23274275,(04)23288582,2025,06,27,14,29,臺中市,清水區,0,1,0,6,3,6,70,4,1,1,5,4,6,6,2,1,1,4,4,1,12,2,9,1,1,C03,7,15,1,10,2,14,,42,42,1,12,4,120.603289,24.311431,2
10389,66000,387130000C,(04)23274275,(04)23288582,2025,06,27,14,34,臺中市,南區,0,2,0,7,2,6,50,13,7,1,5,4,6,6,4,4,9,5,4,2,17,2,9,2,1,C03,7,11,1,10,2,14,,46,46,1,13,4,120.66404,24.113608,2
10390,66000,387130000C,(04)23274275,(04)23288582,2025,06,27,14,37,臺中市,西屯區,0,0,0,7,,,40,,,,,,,,,,,,,,14,,,,,B03,,,1,,1,,,49,49,1,13,4,120.658048,24.176005,3
10391,66000,387130000C,(04)23274275,(04)23288582,2025,06,27,14,39,臺中市,豐原區,0,0,0,6,,,50,,,,,,,,,,,,,,10,,,,,F02,,,7,,2,,,23,23,1,13,4,120.736404,24.251135,3
10392,66000,387130000C,(04)23274275,(04)23288582,2025,06,27,14,43,臺中市,大甲區,0,0,0,7,,,50,,,,,,,,,,,,,,,,,,,B03,,,1,,1,,,45,45,1,12,4,120.623215,24.341421,3
10393,66000,387130000C,(04)23274275,(04)23288582,2025,06,27,14,47,臺中市,東區,0,0,0,7,,,,,,,,,,,,,,,,,,,,,,,,,,,,,,86,86,1,,,120.687816,24.135131,3
10394,66000,387130000C,(04)23274275,(04)23288582,2025,06,27,14,47,臺中市,北屯區,0,1,0,7,1,6,50,3,2,1,5,4,6,6,4,4,5,4,4,2,13,3,10,1,1,C03,7,9,1,10,2,11,,7,7,1,13,4,120.671098,24.179106,2
10395,66000,387130000C,(04)23274275,(04)23288582,2025,06,27,14,50,臺中市,北區,0,0,0,7,,,50,,,,,,,,,,,,,,17,,,,,B03,,,1,,1,,,11,11,1,13,4,120.67817,24.151537,3
10396,66000,387130000C,(04)23274275,(04)23288582,2025,06,27,14,51,臺中市,西屯區,0,2,0,5,2,6,50,4,1,1,4,4,6,6,1,1,9,5,4,2,13,3,10,3,1,B03,7,5,1,8,2,3,,47,47,1,12,4,120.610145,24.187037,2
10397,66000,387130000C,(04)23274275,(04)23288582,2025,06,27,14,53,臺中市,西屯區,0,0,0,5,,,50,,,,,,,,,,,,,,13,,,,,B03,,,1,,1,,,84,84,1,12,4,120.616075,24.188886,3
10398,66000,387130000C,(04)23274275,(04)23288582,2025,06,27,14,53,臺中市,大里區,0,1,0,5,2,6,50,4,1,1,4,4,6,6,1,1,10,5,5,1,18,2,9,1,1,C03,7,9,1,10,2,14,,84,84,1,13,4,120.708812,24.086731,2
10399,66000,387130000C,(04)23274275,(04)23288582,2025,06,27,14,55,臺中市,中區,0,0,0,7,,,50,,,,,,,,,,,,,,9,,,,,B03,,,1,,2,,,7,7,1,12,4,120.683043,24.143184,3
10400,66000,387130000C,(04)23274275,(04)23288582,2025,06,27,14,55,臺中市,西區,0,0,0,5,,,50,,,,,,,,,,,,,,17,,,,,C03,,,1,,2,,,50,50,1,12,4,120.658452,24.150853,3
10401,66000,387130000C,(04)23274275,(04)23288582,2025,06,27,14,55,臺中市,北區,0,1,0,5,3,6,50,4,1,1,4,4,6,6,1,1,10,5,5,2,18,2,9,1,1,C03,7,9,1,10,1,14,,59,59,1,12,4,120.664157,24.162367,2
10402,66000,387130000C,(04)23274275,(04)23288582,2025,06,27,15,2,臺中市,大里區,0,1,0,7,2,6,50,4,1,1,5,4,6,6,1,1,10,5,5,2,15,3,10,3,1,B03,7,9,1,8,2,5,,21,21,1,12,4,120.679644,24.115003,2
10403,66000,387130000C,(04)23274275,(04)23288582,2025,06,27,15,8,臺中市,南區,0,0,0,5,,,50,,,,,,,,,,,,,,12,,,,,B03,,,1,,2,,,40,40,1,6,4,120.670047,24.126452,3
10404,66000,387130000C,(04)23274275,(04)23288582,2025,06,27,15,9,臺中市,南屯區,0,1,0,5,2,6,60,4,1,1,4,4,6,6,1,1,7,4,5,2,16,3,10,3,1,B03,7,5,1,8,2,2,,11,11,1,12,4,120.611003,24.145837,2
10405,66000,387130000C,(04)23274275,(04)23288582,2025,06,27,15,10,臺中市,南屯區,0,0,0,7,,,50,,,,,,,,,,,,,,17,,,,,B03,,,1,,2,,,8,8,1,12,4,120.648725,24.150469,3
10406,66000,387130000C,(04)23274275,(04)23288582,2025,06,27,15,11,臺中市,烏日區,0,0,0,7,2,6,60,13,7,1,5,4,6,6,4,4,1,4,4,1,12,3,10,3,1,B03,7,15,1,8,1,2,,40,40,1,6,4,120.612269,24.107369,3
10407,66000,387130000C,(04)23274275,(04)23288582,2025,06,27,15,12,臺中市,東勢區,0,1,0,7,2,6,40,3,1,1,5,4,6,6,1,1,1,4,4,1,17,2,9,1,1,C03,7,9,1,10,2,11,,43,43,1,12,4,120.829413,24.249226,2
10408,66000,387130000C,(04)23274275,(04)23288582,2025,06,27,15,14,臺中市,西屯區,0,0,0,5,,,40,,,,,,,,,,,,,,17,,,,,B12,,,1,,2,,,78,78,1,12,4,120.66661,24.170499,3
10409,66000,387130000C,(04)23274275,(04)23288582,2025,06,27,15,16,臺中市,南屯區,0,1,0,5,3,6,50,13,9,1,4,4,6,6,4,4,1,4,5,2,12,2,8,5,4,C03,7,9,1,10,2,14,,43,43,1,6,4,120.650581,24.139747,2
10410,66000,387130000C,(04)23274275,(04)23288582,2025,06,27,15,17,臺中市,南屯區,0,0,0,5,3,6,50,13,9,1,5,4,6,6,4,4,1,2,5,2,13,,,,,B03,,,1,,1,,,7,7,1,12,4,120.623925,24.149351,3
10411,66000,387130000C,(04)23274275,(04)23288582,2025,06,27,15,18,臺中市,西屯區,0,1,0,5,2,6,50,3,1,1,3,4,6,6,3,1,10,5,5,2,18,2,9,2,1,C03,7,9,1,10,2,11,,59,59,1,13,4,120.639224,24.17258,2
10412,66000,387130000C,(04)23274275,(04)23288582,2025,06,27,15,18,臺中市,大里區,0,0,0,7,2,6,30,4,1,1,5,4,6,6,4,4,10,5,5,2,15,,,,,B12,,,1,,2,,,15,15,1,13,4,120.666466,24.093872,3
10413,66000,387130000C,(04)23274275,(04)23288582,2025,06,27,15,19,臺中市,烏日區,0,1,0,6,2,6,50,4,1,1,5,4,6,6,1,1,10,5,5,2,3,3,10,5,4,B03,7,6,1,8,6,1,,10,10,1,12,4,120.644177,24.085881,2
10414,66000,387130000C,(04)23274275,(04)23288582,2025,06,27,15,21,臺中市,北區,0,0,0,5,,,50,,,,,,,,,,,,,,17,,,,,B03,,,1,,1,,,84,84,1,12,4,120.677545,24.16343,3
10415,66000,387130000C,(04)23274275,(04)23288582,2025,06,27,15,22,臺中市,潭子區,0,0,0,5,,,30,,,,,,,,,,,,,,,,,,,B03,,,1,,9,,,41,41,1,13,4,120.710761,24.202987,3
10416,66000,387130000C,(04)23274275,(04)23288582,2025,06,27,15,31,臺中市,新社區,0,0,0,5,,,30,,,,,,,,,,,,,,,,,,,B03,,,1,,2,,,15,15,1,12,4,120.820127,24.206158,3
10417,66000,387130000C,(04)23274275,(04)23288582,2025,06,27,15,31,臺中市,豐原區,0,0,0,7,,,50,,,,,,,,,,,,,,13,,,,,B03,,,1,,2,,,7,7,1,12,4,120.708678,24.250506,3
10418,66000,387130000C,(04)23274275,(04)23288582,2025,06,27,15,32,臺中市,梧棲區,0,1,0,7,3,6,50,3,1,1,5,4,6,6,4,4,1,4,1,1,16,3,10,3,1,B03,7,5,1,8,2,2,,47,47,1,6,4,120.542901,24.256679,2
10419,66000,387130000C,(04)23274275,(04)23288582,2025,06,27,15,34,臺中市,西屯區,0,0,0,5,,,50,,,,,,,,,,,,,,16,,,,,B03,,,1,,2,,,11,11,1,13,4,120.644035,24.166572,3
10420,66000,387130000C,(04)23274275,(04)23288582,2025,06,27,15,37,臺中市,西屯區,0,0,0,7,,,40,,,,,,,,,,,,,,13,,,,,B03,,,1,,1,,,7,7,1,12,4,120.6446,24.1658,3
10421,66000,387130000C,(04)23274275,(04)23288582,2025,06,27,15,38,臺中市,豐原區,0,2,0,6,2,6,50,13,9,1,4,4,6,6,4,4,9,5,5,2,17,2,9,4,1,F02,7,1,7,21,2,11,,51,51,1,13,4,120.73196,24.250386,2
10422,66000,387130000C,(04)23274275,(04)23288582,2025,06,27,15,40,臺中市,大雅區,0,0,0,5,,,50,,,,,,,,,,,,,,15,,,,,C03,,,1,,1,,,48,48,1,12,4,120.65079,24.218266,3
10423,66000,387130000C,(04)23274275,(04)23288582,2025,06,27,15,42,臺中市,北屯區,0,0,0,7,,,50,,,,,,,,,,,,,,,,,,,B03,,,1,,1,,,84,84,1,13,4,120.711954,24.181832,3
10424,66000,387130000C,(04)23274275,(04)23288582,2025,06,27,15,43,臺中市,烏日區,0,0,0,7,2,6,30,13,9,2,5,4,6,6,4,4,1,4,5,2,12,3,10,3,1,B01,7,7,1,4,1,6,,85,85,1,6,4,120.616445,24.112735,3
10425,66000,387130000C,(04)23274275,(04)23288582,2025,06,27,15,44,臺中市,北屯區,0,0,0,5,,,50,,,,,,,,,,,,,,14,,,,,B12,,,1,,1,,,49,49,1,6,4,120.722518,24.175556,3
10426,66000,387130000C,(04)23274275,(04)23288582,2025,06,27,15,44,臺中市,太平區,0,0,0,5,,,80,,,,,,,,,,,,,,,,,,,B03,,,1,,2,,,40,40,1,12,4,120.717155,24.155955,3
10427,66000,387130000C,(04)23274275,(04)23288582,2025,06,27,15,45,臺中市,大雅區,0,0,0,7,,,30,,,,,,,,,,,,,,,,,,,B03,,,1,,1,,,8,8,1,13,4,120.658071,24.228535,3
10428,66000,387130000C,(04)23274275,(04)23288582,2025,06,27,15,47,臺中市,西屯區,0,0,0,5,,,40,,,,,,,,,,,,,,12,,,,,C03,,,1,9,1,,,8,8,1,13,4,120.651826,24.176092,4
10429,66000,387130000C,(04)23274275,(04)23288582,2025,06,27,15,49,臺中市,南屯區,0,0,0,5,,,60,,,,,,,,,,,,,,17,,,,,C03,,,1,,1,,,8,8,1,5,4,120.625912,24.113045,3
10430,66000,387130000C,(04)23274275,(04)23288582,2025,06,27,15,49,臺中市,大里區,0,0,0,5,,,50,,,,,,,,,,,,,,,,,,,B03,,,1,,2,,,14,14,1,12,4,120.685093,24.113394,3
10431,66000,387130000C,(04)23274275,(04)23288582,2025,06,27,15,54,臺中市,北區,0,0,0,7,,,50,,,,,,,,,,,,,,17,,,,,B01,,,1,,1,,,84,84,1,12,4,120.675543,24.170137,3
10432,66000,387130000C,(04)23274275,(04)23288582,2025,06,27,15,55,臺中市,西屯區,0,1,0,7,2,6,30,4,1,1,4,4,6,6,4,4,10,5,5,2,15,2,1,3,1,B03,7,1,1,8,2,4,,51,51,1,12,4,120.620614,24.184046,2
10433,66000,387130000C,(04)23274275,(04)23288582,2025,06,27,15,55,臺中市,太平區,0,0,0,7,,,50,,,,,,,,,,,,,,17,,,,,B03,,,1,,9,,,85,85,1,12,4,120.713392,24.12551,3
10434,66000,387130000C,(04)23274275,(04)23288582,2025,06,27,15,56,臺中市,南屯區,0,0,0,5,,,50,,,,,,,,,,,,,,13,,,,,B03,,,1,,9,,,7,7,1,6,4,120.612045,24.150661,3
10435,66000,387130000C,(04)23274275,(04)23288582,2025,06,27,15,56,臺中市,太平區,0,2,0,7,2,6,50,13,9,1,5,4,6,6,1,1,5,4,5,1,13,2,9,1,1,C03,7,9,1,10,2,11,,84,84,1,12,4,120.718665,24.127441,2
10436,66000,387130000C,(04)23274275,(04)23288582,2025,06,27,15,56,臺中市,梧棲區,0,2,0,7,3,6,50,3,1,1,5,4,6,6,4,4,10,5,5,2,16,2,9,1,1,F02,7,6,7,21,2,14,,20,20,1,6,4,120.540117,24.25394,2
10437,66000,387130000C,(04)23274275,(04)23288582,2025,06,27,15,57,臺中市,大雅區,0,1,0,5,1,6,40,11,9,1,4,4,6,6,4,4,10,5,5,2,11,2,9,1,1,C03,7,9,1,10,2,14,,84,84,1,13,4,120.63572,24.220346,2
10438,66000,387130000C,(04)23274275,(04)23288582,2025,06,27,15,59,臺中市,豐原區,0,1,0,5,2,6,40,13,9,1,4,4,6,6,1,1,5,4,5,1,18,2,9,2,1,C03,7,9,1,10,2,12,,84,84,1,13,4,120.724427,24.229043,2
10439,66000,387130000C,(04)23274275,(04)23288582,2025,06,27,16,2,臺中市,南屯區,0,1,0,5,3,6,50,4,1,1,4,4,6,6,1,1,3,4,4,2,16,3,10,3,1,B03,7,6,1,8,2,5,,11,11,1,12,4,120.647789,24.150775,2
10440,66000,387130000C,(04)23274275,(04)23288582,2025,06,27,16,3,臺中市,大肚區,0,0,0,6,2,6,30,4,1,1,5,4,6,6,4,4,10,5,5,2,15,3,10,2,1,C03,7,9,1,10,2,11,,6,6,1,6,4,120.578748,24.173836,3
10441,66000,387130000C,(04)23274275,(04)23288582,2025,06,27,16,5,臺中市,西區,0,1,0,5,3,6,40,13,8,1,4,4,6,6,4,4,3,4,4,2,13,2,9,1,1,C03,7,9,1,10,1,11,,84,84,1,12,4,120.671444,24.145722,2
10442,66000,387130000C,(04)23274275,(04)23288582,2025,06,27,16,5,臺中市,神岡區,0,1,0,5,1,6,1,13,9,1,4,4,6,6,4,4,1,4,5,2,17,3,10,5,4,B03,7,1,1,8,2,16,,51,51,1,12,4,120.704676,24.277108,2
10443,66000,387130000C,(04)23274275,(04)23288582,2025,06,27,16,8,臺中市,西區,0,1,0,5,2,6,50,3,1,1,4,4,6,5,1,1,1,4,4,2,15,3,10,3,1,B03,7,11,1,8,2,8,,11,11,1,12,4,120.658502,24.155427,2
10444,66000,387130000C,(04)23274275,(04)23288582,2025,06,27,16,10,臺中市,南屯區,0,0,0,5,,,50,,,,,,,,,,,,,,13,,,,,B03,,,1,,1,,,56,56,1,12,4,120.617304,24.145428,3
10445,66000,387130000C,(04)23274275,(04)23288582,2025,06,27,16,12,臺中市,西屯區,0,1,0,5,2,6,50,13,9,1,4,4,6,6,4,4,1,4,5,2,17,3,10,3,4,B03,7,8,1,8,2,3,,84,84,1,12,4,120.646668,24.158273,2
10446,66000,387130000C,(04)23274275,(04)23288582,2025,06,27,16,12,臺中市,霧峰區,0,0,0,5,,,50,,,,,,,,,,,,,,,,,,,B03,,,1,,1,,,84,84,1,6,4,120.695527,24.065817,3