﻿序號,縣市別代碼,機關代碼,市話,傳真,年,月,日,時,分,縣市,區,死亡數量,受傷數量,2-30,天候,道路照明設備,道路類別,道路速限,道路型態,事故位置,路面鋪裝,路面狀態,路面缺陷,障礙物,視距,號誌種類,號誌動作,分向設施,快車道或一般車道間,快慢車道間,路面邊線,事故類型及型態,受傷程度,主要傷處,保護裝備,行動電話或功能裝置,當事者區分_類別,車輛用途,當事者行動狀態,駕照狀態,駕照種類,飲酒情形,車輛撞擊部位最初,車輛撞擊部位其他,肇事因素個別,肇事因素主要,肇事逃逸,職業,共享經濟或外送平台,GPS座標X,GPS座標Y,事故類別
10667,66000,387130000C,(04)23274275,(04)23288582,2025,06,28,7,10,臺中市,北區,0,0,0,7,,,50,,,,,,,,,,,,,,17,,,,,B03,,,6,,1,,,85,85,1,13,4,120.686632,24.146456,4
10668,66000,387130000C,(04)23274275,(04)23288582,2025,06,28,7,17,臺中市,大里區,0,1,0,7,3,6,40,13,9,1,5,4,6,6,4,4,9,5,5,2,16,2,9,6,1,F01,7,9,7,21,1,11,,84,84,1,13,4,120.712564,24.08374,2
10669,66000,387130000C,(04)23274275,(04)23288582,2025,06,28,7,21,臺中市,北屯區,0,0,0,7,,,50,,,,,,,,,,,,,,,,,,,B03,,,1,,1,,,58,58,1,6,4,120.719478,24.18209,3
10670,66000,387130000C,(04)23274275,(04)23288582,2025,06,28,7,24,臺中市,大里區,0,1,0,7,3,6,30,13,9,1,5,4,6,6,4,4,10,5,5,2,16,3,10,1,1,C03,7,6,3,19,2,14,,84,84,1,13,4,120.685012,24.110779,2
10671,66000,387130000C,(04)23274275,(04)23288582,2025,06,28,7,27,臺中市,霧峰區,0,1,0,7,2,6,50,13,7,1,5,4,6,6,1,1,5,5,4,2,13,2,8,1,1,C03,7,9,1,10,2,11,,7,7,1,13,4,120.698553,24.059415,2
10672,66000,387130000C,(04)23274275,(04)23288582,2025,06,28,7,28,臺中市,外埔區,0,0,0,7,2,6,50,13,8,1,5,4,6,6,4,4,,4,4,1,17,,,,,B03,,,1,,2,,,50,50,1,6,4,120.654683,24.330534,3
10673,66000,387130000C,(04)23274275,(04)23288582,2025,06,28,7,41,臺中市,西區,0,2,0,7,2,6,50,4,1,1,5,4,6,6,1,1,10,5,5,2,16,2,9,1,1,C03,7,5,1,10,2,12,,11,11,1,13,4,120.668607,24.139759,2
10674,66000,387130000C,(04)23274275,(04)23288582,2025,06,28,7,41,臺中市,清水區,0,2,0,7,3,6,30,13,9,1,5,4,6,6,4,4,10,5,5,2,17,2,9,2,1,C03,7,1,1,10,2,13,,51,51,1,12,4,120.61428,24.29674,2
10675,66000,387130000C,(04)23274275,(04)23288582,2025,06,28,7,46,臺中市,北區,0,1,0,7,3,6,50,3,24,1,5,4,6,6,4,4,10,5,5,2,17,2,9,5,4,C03,7,6,1,10,2,12,,6,6,1,13,4,120.679376,24.153833,2
10676,66000,387130000C,(04)23274275,(04)23288582,2025,06,28,7,47,臺中市,西屯區,0,1,0,7,2,6,50,4,1,1,5,4,6,6,4,4,10,5,5,2,13,2,9,1,1,C03,7,9,1,10,2,11,,7,7,1,13,4,120.648515,24.169071,2
10677,66000,387130000C,(04)23274275,(04)23288582,2025,06,28,7,51,臺中市,潭子區,0,0,0,7,3,6,50,3,2,1,5,4,6,6,1,1,5,5,5,1,13,3,10,3,1,B03,7,1,1,8,6,1,,84,84,1,13,4,120.709416,24.202159,3
10678,66000,387130000C,(04)23274275,(04)23288582,2025,06,28,7,53,臺中市,北區,0,0,0,7,,,30,,,,,,,,,,,,,,17,,,,,C03,,,6,,1,,,85,85,1,13,4,120.667693,24.156729,4
10679,66000,387130000C,(04)23274275,(04)23288582,2025,06,28,7,55,臺中市,西區,0,1,0,7,3,6,50,4,1,1,5,4,6,6,4,4,10,5,5,2,15,2,9,2,1,C03,7,9,1,10,1,12,,12,12,1,12,4,120.658836,24.149021,2
10680,66000,387130000C,(04)23274275,(04)23288582,2025,06,28,8,3,臺中市,北屯區,0,2,0,7,2,6,50,4,1,1,5,4,6,6,4,4,5,5,5,2,12,2,9,2,1,C03,7,9,1,10,2,14,,84,84,1,12,4,120.716723,24.168066,2
10681,66000,387130000C,(04)23274275,(04)23288582,2025,06,28,8,5,臺中市,大雅區,0,0,0,7,,,50,,,,,,,,,,,,,,,,,,,B03,,,1,,2,,,84,84,1,13,4,120.638258,24.246598,3
10682,66000,387130000C,(04)23274275,(04)23288582,2025,06,28,8,6,臺中市,豐原區,0,1,0,7,2,6,50,4,1,1,5,4,6,6,1,1,1,4,5,1,16,3,10,3,1,B03,7,6,1,8,2,4,,25,25,1,12,4,120.721573,24.243559,2
10683,66000,387130000C,(04)23274275,(04)23288582,2025,06,28,8,11,臺中市,東區,0,1,0,7,2,6,30,13,9,1,5,4,6,6,4,4,10,5,5,2,11,2,9,1,1,F01,7,9,7,21,2,11,12,8,8,1,12,4,120.695954,24.124785,2
10684,66000,387130000C,(04)23274275,(04)23288582,2025,06,28,8,11,臺中市,沙鹿區,0,1,0,7,2,6,30,3,1,1,5,4,6,6,4,4,10,5,5,2,16,2,9,2,1,C03,7,6,1,10,2,12,,14,14,1,6,4,120.557087,24.233238,2
10685,66000,387130000C,(04)23274275,(04)23288582,2025,06,28,8,16,臺中市,西區,0,0,0,7,,,60,,,,,,,,,,,,,,,,,,,B03,,,1,,1,,,84,84,1,6,4,120.667027,24.152972,3
10686,66000,387130000C,(04)23274275,(04)23288582,2025,06,28,8,18,臺中市,西區,0,0,0,7,,,50,,,,,,,,,,,,,,14,,,,,B03,,,1,,1,,,49,49,1,12,4,120.672838,24.148436,3
10687,66000,387130000C,(04)23274275,(04)23288582,2025,06,28,8,20,臺中市,清水區,0,2,0,7,3,6,30,4,1,1,5,4,6,6,4,4,5,5,5,1,15,2,9,1,1,C03,7,9,1,10,2,11,,13,13,1,12,4,120.56686,24.266868,2
10688,66000,387130000C,(04)23274275,(04)23288582,2025,06,28,8,26,臺中市,大雅區,0,2,0,6,3,6,50,4,2,1,5,4,6,6,4,4,5,2,5,1,17,2,9,1,1,C03,7,9,1,10,2,12,,15,15,1,12,4,120.64722,24.225821,2
10689,66000,387130000C,(04)23274275,(04)23288582,2025,06,28,8,26,臺中市,龍井區,0,1,0,7,2,6,30,4,1,1,5,4,6,6,4,4,10,5,5,2,15,2,9,1,1,C03,7,9,3,19,2,11,,15,15,1,6,4,120.588943,24.179329,2
10690,66000,387130000C,(04)23274275,(04)23288582,2025,06,28,8,33,臺中市,北屯區,0,0,0,7,,,40,,,,,,,,,,,,,,17,,,,,A12,,,1,,9,,,8,8,1,12,4,120.720955,24.162352,3
10691,66000,387130000C,(04)23274275,(04)23288582,2025,06,28,8,35,臺中市,潭子區,0,1,0,7,2,6,50,4,2,1,5,4,6,6,3,1,5,5,4,2,18,2,7,1,1,C03,7,9,1,10,2,14,,84,84,1,13,4,120.701254,24.208414,2
10692,66000,387130000C,(04)23274275,(04)23288582,2025,06,28,8,39,臺中市,烏日區,0,0,0,7,,,40,,,,,,,,,,,,,,14,,,,,B12,,,1,,2,,,49,49,1,13,4,120.621522,24.105327,3
10693,66000,387130000C,(04)23274275,(04)23288582,2025,06,28,8,40,臺中市,北區,0,0,0,7,,,30,,,,,,,,,,,,,,17,,,,,C03,,,1,,2,,,4,4,1,13,4,120.698856,24.160414,3
10694,66000,387130000C,(04)23274275,(04)23288582,2025,06,28,8,40,臺中市,西屯區,0,0,0,7,,,60,,,,,,,,,,,,,,,,,,,B03,,,1,,1,,,47,47,1,12,4,120.633749,24.161646,3
10695,66000,387130000C,(04)23274275,(04)23288582,2025,06,28,8,44,臺中市,西屯區,0,0,0,7,,,40,,,,,,,,,,,,,,12,,,,,B03,,,1,,1,,,40,40,1,12,4,120.643232,24.156276,3
10696,66000,387130000C,(04)23274275,(04)23288582,2025,06,28,8,45,臺中市,太平區,0,1,0,7,2,6,30,11,9,1,5,4,6,6,4,4,10,5,5,2,19,2,9,1,1,F03,7,9,7,21,2,11,,59,59,1,6,4,120.732279,24.111709,2
10697,66000,387130000C,(04)23274275,(04)23288582,2025,06,28,8,45,臺中市,沙鹿區,0,0,0,7,,,50,,,,,,,,,,,,,,17,,,,,B03,,,1,,2,,,8,8,1,6,4,120.560591,24.237643,3
10698,66000,387130000C,(04)23274275,(04)23288582,2025,06,28,8,50,臺中市,大里區,0,1,0,7,2,6,50,4,1,1,5,4,6,6,1,1,9,4,5,2,12,3,10,3,1,B03,7,6,1,8,2,4,,11,11,1,12,4,120.681349,24.10986,2
10699,66000,387130000C,(04)23274275,(04)23288582,2025,06,28,8,51,臺中市,東區,0,1,0,7,3,6,50,4,1,1,5,4,6,6,1,1,10,5,5,2,12,3,10,5,4,C03,7,15,3,19,2,13,,84,84,1,12,4,120.694457,24.147985,2
10700,66000,387130000C,(04)23274275,(04)23288582,2025,06,28,8,51,臺中市,霧峰區,0,1,0,7,2,6,80,13,9,1,5,4,6,6,4,4,2,4,5,1,13,2,8,3,1,B03,7,9,5,19,2,1,,8,8,1,13,4,120.689871,24.064078,2
10701,66000,387130000C,(04)23274275,(04)23288582,2025,06,28,8,54,臺中市,沙鹿區,0,0,0,7,,,50,,,,,,,,,,,,,,,,,,,B03,,,1,,1,,,32,32,1,13,4,120.562065,24.245958,3
10702,66000,387130000C,(04)23274275,(04)23288582,2025,06,28,9,0,臺中市,北屯區,0,2,0,7,2,6,50,4,1,1,5,4,6,6,1,1,10,5,5,2,16,3,10,3,1,B03,7,6,1,8,2,5,,11,11,1,13,4,120.678733,24.176728,2
10703,66000,387130000C,(04)23274275,(04)23288582,2025,06,28,9,0,臺中市,龍井區,0,0,0,7,,,50,,,,,,,,,,,,,,11,,,,,B03,,,1,,2,,,8,8,1,6,4,120.576659,24.175309,3
10704,66000,387130000C,(04)23274275,(04)23288582,2025,06,28,9,5,臺中市,南屯區,0,3,0,7,2,6,50,13,7,1,5,4,6,6,4,4,9,5,4,2,16,2,9,2,1,C03,7,6,1,10,2,12,,65,65,1,12,4,120.635627,24.149121,2
10705,66000,387130000C,(04)23274275,(04)23288582,2025,06,28,9,12,臺中市,后里區,0,1,0,7,3,6,50,13,9,1,5,4,6,6,4,4,5,5,5,1,17,2,9,1,1,C03,7,9,1,10,2,11,,55,55,1,6,4,120.718956,24.312271,2
10706,66000,387130000C,(04)23274275,(04)23288582,2025,06,28,9,13,臺中市,沙鹿區,0,1,0,7,2,6,50,13,9,1,5,4,6,6,4,4,5,5,5,1,13,2,9,2,1,C03,7,9,1,10,2,11,,59,59,1,13,4,120.566602,24.235831,2
10707,66000,387130000C,(04)23274275,(04)23288582,2025,06,28,9,14,臺中市,北區,0,1,0,7,2,6,50,13,9,1,5,4,6,6,4,4,10,5,5,2,17,2,8,2,1,C03,7,9,1,10,2,13,,59,59,1,6,4,120.686051,24.159162,2
10708,66000,387130000C,(04)23274275,(04)23288582,2025,06,28,9,16,臺中市,西屯區,0,0,0,7,,,50,,,,,,,,,,,,,,13,,,,,B03,,,1,,1,,,59,59,1,13,4,120.666298,24.169792,3
10709,66000,387130000C,(04)23274275,(04)23288582,2025,06,28,9,17,臺中市,北區,0,0,0,7,3,9,50,4,2,1,5,4,6,6,2,1,10,5,5,2,17,,,,,C03,,,1,,2,,,7,7,1,13,4,120.682806,24.153156,3
10710,66000,387130000C,(04)23274275,(04)23288582,2025,06,28,9,18,臺中市,西區,0,0,0,7,,,50,,,,,,,,,,,,,,,,,,,B03,,,1,,11,,,84,84,1,12,4,120.667889,24.152592,3
10711,66000,387130000C,(04)23274275,(04)23288582,2025,06,28,9,18,臺中市,北區,0,0,0,7,,,40,,,,,,,,,,,,,,17,,,,,B03,,,6,,2,,,85,85,1,13,4,120.677495,24.153185,4
10712,66000,387130000C,(04)23274275,(04)23288582,2025,06,28,9,18,臺中市,南屯區,0,1,0,7,2,6,50,4,1,1,5,4,6,6,1,1,10,5,5,2,17,2,9,2,1,F03,7,8,7,21,2,14,,42,42,1,12,4,120.616617,24.153625,2
10713,66000,387130000C,(04)23274275,(04)23288582,2025,06,28,9,20,臺中市,北屯區,0,1,0,7,2,6,50,3,1,1,5,4,6,6,4,4,10,5,4,2,16,3,10,3,1,B03,7,5,1,8,2,2,,85,85,1,12,4,120.715468,24.182283,2
10714,66000,387130000C,(04)23274275,(04)23288582,2025,06,28,9,20,臺中市,烏日區,0,0,0,7,,,70,,,,,,,,,,,,,,13,,,,,B03,,,3,,1,,,58,58,1,12,4,120.606987,24.108494,3
10715,66000,387130000C,(04)23274275,(04)23288582,2025,06,28,9,24,臺中市,北屯區,0,0,0,7,,,50,,,,,,,,,,,,,,,,,,,B03,,,1,,1,,,50,50,1,6,4,120.66882,24.184929,3
10716,66000,387130000C,(04)23274275,(04)23288582,2025,06,28,9,26,臺中市,北屯區,0,0,0,7,,,50,,,,,,,,,,,,,,17,,,,,A12,,,1,,2,,,54,54,1,12,4,120.700789,24.178703,3
10717,66000,387130000C,(04)23274275,(04)23288582,2025,06,28,9,33,臺中市,太平區,0,0,0,7,2,6,30,13,9,1,5,4,6,6,4,4,10,5,5,2,14,3,10,3,1,B03,7,2,1,8,2,3,,49,49,1,6,4,120.736008,24.146949,3
10718,66000,387130000C,(04)23274275,(04)23288582,2025,06,28,9,36,臺中市,西屯區,0,1,0,7,2,6,30,11,9,1,5,4,6,6,4,4,10,5,5,2,18,2,9,5,4,C03,7,6,1,10,2,12,,59,59,1,13,4,120.62899,24.172378,2
10719,66000,387130000C,(04)23274275,(04)23288582,2025,06,28,9,40,臺中市,霧峰區,0,1,0,7,3,6,60,3,9,1,5,4,6,6,4,4,3,4,4,1,16,2,9,1,1,C03,7,9,1,10,2,11,,84,84,1,13,4,120.693518,24.048343,2
10720,66000,387130000C,(04)23274275,(04)23288582,2025,06,28,9,42,臺中市,大里區,0,1,0,7,3,6,50,3,2,1,5,4,6,6,2,1,1,4,4,1,13,2,1,3,1,B03,7,9,1,8,2,5,,7,7,1,13,4,120.677623,24.103491,2
10721,66000,387130000C,(04)23274275,(04)23288582,2025,06,28,9,44,臺中市,西區,0,0,0,7,,,40,,,,,,,,,,,,,,,,,,,B12,,,1,,1,,,49,49,2,13,4,120.654834,24.15187,3
10722,66000,387130000C,(04)23274275,(04)23288582,2025,06,28,9,56,臺中市,后里區,0,2,0,7,2,6,50,5,20,1,5,4,6,6,2,1,1,2,5,1,3,2,9,6,5,H01,8,18,7,21,10,17,,96,96,1,4,5,120.68024,24.311109,2
10723,66000,387130000C,(04)23274275,(04)23288582,2025,06,28,9,59,臺中市,南屯區,0,0,0,7,,,50,,,,,,,,,,,,,,,,,,,C03,,,1,,9,,,87,87,1,13,4,120.631064,24.15647,3
10724,66000,387130000C,(04)23274275,(04)23288582,2025,06,28,10,7,臺中市,北屯區,0,0,0,7,,,50,,,,,,,,,,,,,,,,,,,B02,,,1,,2,,,58,58,1,12,4,120.681296,24.171723,3
10725,66000,387130000C,(04)23274275,(04)23288582,2025,06,28,10,9,臺中市,西屯區,0,1,0,7,2,6,50,4,9,1,5,4,6,6,4,4,9,5,5,2,12,3,10,3,1,B12,7,11,1,8,2,8,,45,45,1,12,4,120.604957,24.187601,2
10726,66000,387130000C,(04)23274275,(04)23288582,2025,06,28,10,9,臺中市,霧峰區,0,1,0,6,2,6,30,11,9,1,5,4,6,6,4,4,10,5,5,1,18,2,7,2,1,C03,7,9,1,10,2,14,,84,84,1,13,4,120.740348,24.064059,2
10727,66000,387130000C,(04)23274275,(04)23288582,2025,06,28,10,10,臺中市,龍井區,0,0,0,7,,,60,,,,,,,,,,,,,,12,,,,,B03,,,1,,11,,,8,8,1,6,4,120.582658,24.187671,3
10728,66000,387130000C,(04)23274275,(04)23288582,2025,06,28,10,13,臺中市,西屯區,0,0,0,7,,,50,,,,,,,,,,,,,,12,,,,,B03,,,1,,1,,,8,8,1,12,4,120.658153,24.16338,3
10729,66000,387130000C,(04)23274275,(04)23288582,2025,06,28,10,15,臺中市,潭子區,0,0,0,7,,,60,,,,,,,,,,,,,,,,,,,C03,,,1,,2,,,35,35,1,13,4,120.702513,24.194427,3
10730,66000,387130000C,(04)23274275,(04)23288582,2025,06,28,10,16,臺中市,東勢區,0,1,0,7,3,6,50,5,1,1,5,4,6,6,4,4,10,5,5,2,15,2,8,5,4,C03,7,9,1,10,2,11,,12,12,1,12,4,120.829573,24.251686,2
10731,66000,387130000C,(04)23274275,(04)23288582,2025,06,28,10,17,臺中市,龍井區,0,3,0,7,3,6,30,4,1,1,5,4,6,6,4,4,10,5,5,1,17,2,9,2,1,C03,7,9,1,10,2,14,,12,12,1,12,4,120.524099,24.193006,2
10732,66000,387130000C,(04)23274275,(04)23288582,2025,06,28,10,19,臺中市,東區,0,2,0,7,2,6,50,13,9,1,5,4,6,6,4,4,5,5,5,2,13,2,9,1,1,C03,7,9,1,10,2,11,,7,7,1,12,4,120.701108,24.127306,2
10733,66000,387130000C,(04)23274275,(04)23288582,2025,06,28,10,20,臺中市,太平區,0,1,0,7,1,6,50,3,1,1,5,4,6,6,3,1,5,5,5,1,17,2,9,1,1,C03,7,4,1,10,2,11,,1,1,1,13,4,120.734102,24.143884,2
10734,66000,387130000C,(04)23274275,(04)23288582,2025,06,28,10,20,臺中市,東勢區,0,0,0,7,,,60,,,,,,,,,,,,,,12,,,,,B03,,,1,,2,,,8,8,1,12,4,120.838339,24.215618,3
10735,66000,387130000C,(04)23274275,(04)23288582,2025,06,28,10,25,臺中市,北屯區,0,1,0,7,2,6,50,4,1,1,5,4,6,6,2,1,10,5,5,2,15,2,7,3,1,B03,7,9,1,8,2,2,,21,21,1,13,4,120.687672,24.18554,2
10736,66000,387130000C,(04)23274275,(04)23288582,2025,06,28,10,27,臺中市,后里區,0,2,0,7,3,6,40,4,1,1,5,4,3,6,4,4,10,5,5,2,15,2,9,1,1,C03,7,9,1,10,2,11,,15,15,1,6,4,120.715846,24.30854,2
10737,66000,387130000C,(04)23274275,(04)23288582,2025,06,28,10,31,臺中市,西屯區,0,1,0,7,2,6,50,4,1,1,5,4,6,6,4,4,10,5,5,2,16,3,10,3,1,B03,7,6,1,8,2,5,,14,14,1,13,4,120.590022,24.177042,2
10738,66000,387130000C,(04)23274275,(04)23288582,2025,06,28,10,33,臺中市,西區,0,1,0,7,3,6,50,4,1,1,5,4,6,6,4,4,10,5,5,2,15,2,7,4,1,F02,7,9,7,21,2,11,,15,15,1,12,4,120.65514,24.143817,2
10739,66000,387130000C,(04)23274275,(04)23288582,2025,06,28,10,33,臺中市,南屯區,0,2,0,7,3,6,50,3,1,1,5,4,6,6,1,1,5,5,5,2,15,2,9,1,1,C03,7,9,1,10,2,12,,21,21,1,12,4,120.653211,24.130653,2
10740,66000,387130000C,(04)23274275,(04)23288582,2025,06,28,10,34,臺中市,大雅區,0,0,0,7,,,30,,,,,,,,,,,,,,,,,,,B03,,,1,,2,,,87,87,1,12,4,120.67171,24.241067,3
10741,66000,387130000C,(04)23274275,(04)23288582,2025,06,28,10,40,臺中市,清水區,0,0,0,7,,,60,,,,,,,,,,,,,,,,,,,B03,,,1,,2,,,7,7,1,12,4,120.552364,24.293977,3
10742,66000,387130000C,(04)23274275,(04)23288582,2025,06,28,10,44,臺中市,霧峰區,0,0,0,7,,,80,,,,,,,,,,,,,,,,,,,B03,,,1,,1,,,84,84,1,13,4,120.692189,24.06731,3
10743,66000,387130000C,(04)23274275,(04)23288582,2025,06,28,10,47,臺中市,大雅區,0,1,0,7,2,6,30,4,1,1,5,4,6,6,4,4,10,5,5,2,15,2,7,2,1,C03,7,9,1,10,2,11,,12,12,1,13,4,120.644938,24.227685,2
10744,66000,387130000C,(04)23274275,(04)23288582,2025,06,28,10,50,臺中市,北區,0,0,0,7,3,6,50,13,9,1,5,4,6,6,4,4,5,5,5,2,17,,,,,B03,,,1,,1,,,49,49,1,13,4,120.675906,24.170372,3
10745,66000,387130000C,(04)23274275,(04)23288582,2025,06,28,10,51,臺中市,西屯區,0,0,0,7,,,50,,,,,,,,,,,,,,,,,,,B03,,,1,,1,,,59,59,1,12,4,120.615892,24.189095,3
10746,66000,387130000C,(04)23274275,(04)23288582,2025,06,28,10,53,臺中市,北屯區,0,0,0,7,,,50,,,,,,,,,,,,,,,,,,,B03,,,1,,1,,,51,51,1,12,4,120.673518,24.187038,3
10747,66000,387130000C,(04)23274275,(04)23288582,2025,06,28,10,53,臺中市,西屯區,0,0,0,7,,,80,,,,,,,,,,,,,,13,,,,,B12,,,1,,1,,,7,7,1,12,4,120.626515,24.158477,3
10748,66000,387130000C,(04)23274275,(04)23288582,2025,06,28,10,55,臺中市,沙鹿區,0,1,0,7,2,6,30,3,1,1,5,4,6,6,4,4,10,5,5,2,17,3,10,1,1,C03,7,6,1,10,2,11,,14,14,1,13,4,120.567735,24.216982,2
10749,66000,387130000C,(04)23274275,(04)23288582,2025,06,28,10,56,臺中市,沙鹿區,0,1,0,7,2,6,50,11,9,1,5,4,6,6,4,4,5,5,5,2,17,3,10,3,1,B03,7,3,1,8,1,2,,50,50,1,6,4,120.573191,24.229682,2
10750,66000,387130000C,(04)23274275,(04)23288582,2025,06,28,10,59,臺中市,西區,0,1,0,7,2,6,50,4,1,1,5,4,6,6,4,4,10,5,5,2,15,2,9,1,1,C03,7,9,1,10,2,11,,15,15,1,13,4,120.663873,24.148798,2
10751,66000,387130000C,(04)23274275,(04)23288582,2025,06,28,11,0,臺中市,西屯區,0,0,0,7,,,50,,,,,,,,,,,,,,13,,,,,C02,,,1,,1,,,7,7,1,13,4,120.634598,24.17618,3
10752,66000,387130000C,(04)23274275,(04)23288582,2025,06,28,11,0,臺中市,烏日區,0,2,0,7,2,6,40,4,1,1,5,4,6,6,1,1,10,5,5,2,17,2,9,5,4,C03,7,9,1,10,2,11,,7,7,1,6,4,120.647298,24.078879,2
10753,66000,387130000C,(04)23274275,(04)23288582,2025,06,28,11,1,臺中市,沙鹿區,0,0,0,7,,,50,,,,,,,,,,,,,,2,,,,,C03,,,1,,1,,,7,7,1,6,4,120.563753,24.23275,3
10754,66000,387130000C,(04)23274275,(04)23288582,2025,06,28,11,2,臺中市,北區,0,0,0,7,,,50,,,,,,,,,,,,,,14,,,,,B03,,,1,,1,,,49,49,1,13,4,120.681033,24.153789,3
10755,66000,387130000C,(04)23274275,(04)23288582,2025,06,28,11,2,臺中市,沙鹿區,0,0,0,7,,,40,,,,,,,,,,,,,,,,,,,A04,,,1,,1,,,40,40,1,13,4,120.563007,24.233533,3
10756,66000,387130000C,(04)23274275,(04)23288582,2025,06,28,11,3,臺中市,大里區,0,1,0,7,2,6,50,3,2,1,5,4,6,6,1,1,9,4,4,1,12,3,10,3,1,B03,7,5,1,8,2,2,,27,27,1,12,4,120.664441,24.083269,2
10757,66000,387130000C,(04)23274275,(04)23288582,2025,06,28,11,4,臺中市,東區,0,0,0,7,,,50,,,,,,,,,,,,,,17,,,,,B03,,,1,,1,,,45,45,1,13,4,120.685981,24.138902,3
10758,66000,387130000C,(04)23274275,(04)23288582,2025,06,28,11,5,臺中市,北區,0,2,0,7,2,6,50,5,4,1,5,4,6,6,1,1,5,5,5,2,13,2,9,5,4,C03,7,15,1,10,2,11,,7,7,1,13,4,120.681094,24.156073,2
10759,66000,387130000C,(04)23274275,(04)23288582,2025,06,28,11,5,臺中市,豐原區,0,1,0,7,2,6,50,13,9,1,5,4,6,6,4,4,5,5,5,2,12,2,9,1,1,F03,7,9,7,21,2,14,,54,54,1,12,4,120.714258,24.251375,2
10760,66000,387130000C,(04)23274275,(04)23288582,2025,06,28,11,5,臺中市,豐原區,0,0,0,7,,,60,,,,,,,,,,,,,,12,,,,,C03,,,1,,1,,,48,48,1,13,4,120.703123,24.249458,3
10761,66000,387130000C,(04)23274275,(04)23288582,2025,06,28,11,16,臺中市,東區,0,1,0,7,2,6,50,4,1,1,5,4,6,6,4,4,3,4,5,2,17,3,10,1,1,C03,7,5,1,10,2,12,,47,47,1,12,4,120.690433,24.130819,2
10762,66000,387130000C,(04)23274275,(04)23288582,2025,06,28,11,16,臺中市,太平區,0,0,0,7,,,40,,,,,,,,,,,,,,14,,,,,B03,,,1,,1,,,49,49,1,12,4,120.718891,24.154397,3
10763,66000,387130000C,(04)23274275,(04)23288582,2025,06,28,11,17,臺中市,北區,0,1,0,7,3,6,50,3,2,1,5,4,6,6,2,1,10,5,5,2,17,3,10,5,4,B03,7,5,1,8,2,2,,47,47,1,13,4,120.689134,24.153572,2
10764,66000,387130000C,(04)23274275,(04)23288582,2025,06,28,11,22,臺中市,西屯區,0,0,0,7,,,40,,,,,,,,,,,,,,14,,,,,B03,,,1,,2,,,49,49,1,12,4,120.651364,24.171284,3
10765,66000,387130000C,(04)23274275,(04)23288582,2025,06,28,11,23,臺中市,東勢區,0,0,0,7,,,50,,,,,,,,,,,,,,,,,,,B03,,,1,,2,,,84,84,1,12,4,120.83112,24.251547,3
10766,66000,387130000C,(04)23274275,(04)23288582,2025,06,28,11,24,臺中市,北區,0,2,0,7,2,6,50,4,1,1,5,4,6,6,4,4,10,5,5,2,15,2,1,5,4,B03,7,9,1,8,1,5,,13,13,1,13,4,120.693388,24.155708,2
10767,66000,387130000C,(04)23274275,(04)23288582,2025,06,28,11,25,臺中市,北屯區,0,0,0,7,,,50,,,,,,,,,,,,,,17,,,,,B03,,,1,,10,,,76,76,1,12,4,120.707394,24.186818,3
10768,66000,387130000C,(04)23274275,(04)23288582,2025,06,28,11,26,臺中市,北屯區,0,1,0,7,2,6,40,13,8,1,5,4,6,6,4,4,1,5,1,2,18,2,9,2,1,C03,7,9,1,10,2,12,,82,82,1,12,4,120.7217,24.185983,2
10769,66000,387130000C,(04)23274275,(04)23288582,2025,06,28,11,28,臺中市,豐原區,0,1,0,7,3,6,50,4,1,1,5,4,6,6,2,1,5,5,5,2,3,3,10,5,4,B03,7,6,1,8,2,1,,10,10,1,12,4,120.727822,24.251422,2
10770,66000,387130000C,(04)23274275,(04)23288582,2025,06,28,11,33,臺中市,北區,0,0,0,7,,,50,,,,,,,,,,,,,,17,,,,,B11,,,1,,1,,,84,84,1,13,4,120.673365,24.166004,3
10771,66000,387130000C,(04)23274275,(04)23288582,2025,06,28,11,33,臺中市,大里區,0,1,0,7,3,6,50,4,1,1,5,4,6,6,2,1,5,5,4,1,16,3,10,1,1,C03,7,6,1,10,2,11,,11,11,1,13,4,120.686072,24.110603,2
10772,66000,387130000C,(04)23274275,(04)23288582,2025,06,28,11,34,臺中市,西區,0,0,0,7,,,50,,,,,,,,,,,,,,,,,,,B03,,,1,,1,,,51,51,1,6,4,120.681805,24.136123,3
10773,66000,387130000C,(04)23274275,(04)23288582,2025,06,28,11,34,臺中市,霧峰區,0,1,0,7,2,6,30,3,2,1,5,4,6,6,4,4,10,5,5,2,17,2,9,2,1,C03,7,9,1,10,2,11,,84,84,1,13,4,120.699266,24.064649,2
10774,66000,387130000C,(04)23274275,(04)23288582,2025,06,28,11,34,臺中市,龍井區,0,0,0,7,,,30,,,,,,,,,,,,,,13,,,,,C03,,,1,,1,,,7,7,1,6,4,120.578431,24.181818,3
10775,66000,387130000C,(04)23274275,(04)23288582,2025,06,28,11,35,臺中市,神岡區,0,1,0,7,3,6,50,13,9,1,5,4,6,6,4,4,9,5,5,2,16,3,10,3,1,B12,7,1,1,8,2,8,,51,51,1,13,4,120.69429,24.231415,2
10776,66000,387130000C,(04)23274275,(04)23288582,2025,06,28,11,35,臺中市,豐原區,0,0,0,7,,,30,,,,,,,,,,,,,,17,,,,,C03,,,1,,2,,,14,14,1,13,4,120.720949,24.25084,3