﻿序號,縣市別代碼,機關代碼,市話,傳真,年,月,日,時,分,縣市,區,死亡數量,受傷數量,2-30,天候,道路照明設備,道路類別,道路速限,道路型態,事故位置,路面鋪裝,路面狀態,路面缺陷,障礙物,視距,號誌種類,號誌動作,分向設施,快車道或一般車道間,快慢車道間,路面邊線,事故類型及型態,受傷程度,主要傷處,保護裝備,行動電話或功能裝置,當事者區分_類別,車輛用途,當事者行動狀態,駕照狀態,駕照種類,飲酒情形,車輛撞擊部位最初,車輛撞擊部位其他,肇事因素個別,肇事因素主要,肇事逃逸,職業,共享經濟或外送平台,GPS座標X,GPS座標Y,事故類別
10998,66000,387130000C,(04)23274275,(04)23288582,2025,06,28,21,7,臺中市,太平區,0,0,0,7,,,50,,,,,,,,,,,,,,,,,,,B01,,,1,,2,,,8,8,1,6,4,120.721002,24.113852,3
10999,66000,387130000C,(04)23274275,(04)23288582,2025,06,28,21,14,臺中市,東區,0,0,0,7,,,30,,,,,,,,,,,,,,30,,,,,B03,,,1,,9,,,87,87,1,6,4,120.694207,24.124809,3
11000,66000,387130000C,(04)23274275,(04)23288582,2025,06,28,21,14,臺中市,東區,0,0,0,7,,,50,,,,,,,,,,,,,,,,,,,B03,,,1,,1,,,45,45,1,13,4,120.698938,24.129016,3
11001,66000,387130000C,(04)23274275,(04)23288582,2025,06,28,21,16,臺中市,北區,0,0,0,7,1,6,50,13,9,1,5,4,6,6,4,4,3,2,5,2,17,,,,,B03,,,1,,1,,,40,40,1,12,4,120.68575,24.143308,3
11002,66000,387130000C,(04)23274275,(04)23288582,2025,06,28,21,19,臺中市,太平區,0,0,0,7,,,40,,,,,,,,,,,,,,13,,,,,B03,,,1,,2,,,58,58,1,6,4,120.709081,24.134164,3
11003,66000,387130000C,(04)23274275,(04)23288582,2025,06,28,21,30,臺中市,外埔區,0,0,0,7,,,50,,,,,,,,,,,,,,25,,,,,B02,,,1,,2,,,59,59,1,12,4,120.671193,24.337512,3
11004,66000,387130000C,(04)23274275,(04)23288582,2025,06,28,21,36,臺中市,北屯區,0,0,0,7,,,50,,,,,,,,,,,,,,16,,,,,C03,,,1,,1,,,36,36,1,6,2,120.719208,24.175849,3
11005,66000,387130000C,(04)23274275,(04)23288582,2025,06,28,21,45,臺中市,北區,0,1,0,7,1,6,50,13,9,1,5,4,6,6,4,4,1,5,5,2,9,3,10,2,1,C03,7,9,1,10,2,12,,84,84,1,13,4,120.699156,24.157593,2
11006,66000,387130000C,(04)23274275,(04)23288582,2025,06,28,21,45,臺中市,南屯區,0,0,0,7,,,50,,,,,,,,,,,,,,,,,,,B03,,,1,,1,,,59,59,1,6,4,120.631992,24.135296,3
11007,66000,387130000C,(04)23274275,(04)23288582,2025,06,28,21,46,臺中市,豐原區,0,1,0,7,1,6,50,3,1,1,5,4,6,6,4,4,5,5,5,1,16,3,10,3,1,B03,7,6,1,8,2,7,,12,12,1,6,4,120.713259,24.261651,2
11008,66000,387130000C,(04)23274275,(04)23288582,2025,06,28,22,1,臺中市,北屯區,0,1,0,7,1,6,50,3,2,1,5,4,6,6,4,4,5,4,5,2,20,2,9,1,1,C03,7,9,1,10,2,11,,84,84,1,13,4,120.769677,24.170672,2
11009,66000,387130000C,(04)23274275,(04)23288582,2025,06,28,22,10,臺中市,大肚區,0,0,0,7,1,6,50,13,9,1,5,4,6,6,4,4,9,5,5,2,14,3,10,3,1,B03,7,2,5,21,6,3,,49,49,1,12,4,120.580385,24.174821,3
11010,66000,387130000C,(04)23274275,(04)23288582,2025,06,28,22,15,臺中市,太平區,0,0,0,7,,,50,,,,,,,,,,,,,,,,,,,C03,,,1,,1,,,84,84,1,12,4,120.714784,24.117513,3
11011,66000,387130000C,(04)23274275,(04)23288582,2025,06,28,22,18,臺中市,西屯區,0,0,0,7,,,50,,,,,,,,,,,,,,12,,,,,B03,,,1,,1,,,84,84,1,12,4,120.644175,24.163319,3
11012,66000,387130000C,(04)23274275,(04)23288582,2025,06,28,22,20,臺中市,西屯區,0,1,0,7,2,6,40,4,1,1,5,4,6,6,2,1,10,5,5,2,16,3,10,2,1,C03,7,5,1,10,2,12,,47,47,1,12,4,120.649796,24.162755,2
11013,66000,387130000C,(04)23274275,(04)23288582,2025,06,28,22,25,臺中市,清水區,0,1,0,7,1,6,50,13,9,1,5,4,6,6,4,4,8,4,4,2,18,2,9,1,1,C03,7,9,1,10,2,11,,87,87,1,12,4,120.576684,24.268039,2
11014,66000,387130000C,(04)23274275,(04)23288582,2025,06,28,22,28,臺中市,西屯區,0,0,0,7,,,70,,,,,,,,,,,,,,14,,,,,B03,,,1,,1,,,82,82,1,13,4,120.620041,24.180799,3
11015,66000,387130000C,(04)23274275,(04)23288582,2025,06,28,22,32,臺中市,豐原區,0,0,0,7,,,30,,,,,,,,,,,,,,,,,,,B03,,,1,,2,,,51,51,1,13,4,120.719688,24.250261,3
11016,66000,387130000C,(04)23274275,(04)23288582,2025,06,28,22,39,臺中市,西屯區,0,1,0,7,1,6,50,3,1,1,5,4,6,6,1,1,10,5,5,2,16,2,9,5,1,C03,7,9,1,10,2,12,,7,7,1,12,4,120.654038,24.167953,2
11017,66000,387130000C,(04)23274275,(04)23288582,2025,06,28,22,40,臺中市,西屯區,0,1,0,7,1,6,60,4,1,1,5,4,6,6,1,1,10,5,5,2,16,3,10,3,1,B03,7,5,1,8,2,6,,38,38,1,12,4,120.641018,24.167806,2
11018,66000,387130000C,(04)23274275,(04)23288582,2025,06,28,22,50,臺中市,北區,0,0,0,7,,,50,,,,,,,,,,,,,,,,,,,B03,,,1,,2,,,59,59,1,13,4,120.679379,24.151889,3
11019,66000,387130000C,(04)23274275,(04)23288582,2025,06,28,22,50,臺中市,西屯區,0,0,0,7,,,50,,,,,,,,,,,,,,12,,,,,C03,,,1,,2,,,8,8,1,12,4,120.654038,24.167953,4
11020,66000,387130000C,(04)23274275,(04)23288582,2025,06,28,22,51,臺中市,東區,0,0,0,7,,,50,,,,,,,,,,,,,,17,,,,,B03,,,1,,9,,,4,4,1,12,4,120.692961,24.149271,3
11021,66000,387130000C,(04)23274275,(04)23288582,2025,06,28,22,51,臺中市,西屯區,0,0,0,7,,,50,,,,,,,,,,,,,,13,,,,,B03,,,1,,1,,,59,59,1,12,4,120.667226,24.173689,3
11022,66000,387130000C,(04)23274275,(04)23288582,2025,06,28,23,8,臺中市,西屯區,0,0,0,7,1,6,50,13,9,1,5,4,6,6,4,4,1,4,4,2,13,,,,,B02,,,1,3,1,,,7,7,1,12,4,120.6393,24.168895,3
11023,66000,387130000C,(04)23274275,(04)23288582,2025,06,28,23,25,臺中市,潭子區,0,0,0,7,1,6,50,3,2,1,5,4,6,6,1,1,10,5,5,2,13,,,,,C03,,,3,,9,,,84,84,1,12,4,120.710477,24.200195,3
11024,66000,387130000C,(04)23274275,(04)23288582,2025,06,28,23,25,臺中市,太平區,0,0,0,7,,,30,,,,,,,,,,,,,,,,,,,B03,,,1,,1,,,49,49,1,6,4,120.713319,24.137036,3
11025,66000,387130000C,(04)23274275,(04)23288582,2025,06,28,23,26,臺中市,東區,0,1,0,7,1,6,50,4,1,1,5,4,6,6,1,1,10,5,5,2,16,3,10,3,1,B12,7,6,1,8,2,1,,11,11,1,6,4,120.699691,24.144676,2
11026,66000,387130000C,(04)23274275,(04)23288582,2025,06,28,23,36,臺中市,大里區,0,0,0,7,,,40,,,,,,,,,,,,,,,,,,,B03,,,1,,2,,,49,49,1,6,4,120.705875,24.093568,3
11027,66000,387130000C,(04)23274275,(04)23288582,2025,06,28,23,41,臺中市,北區,0,3,0,7,1,6,50,4,1,1,5,4,6,6,1,1,5,5,5,2,17,2,9,5,1,C02,7,6,1,10,2,12,,34,34,1,13,4,120.674033,24.164836,2
11028,66000,387130000C,(04)23274275,(04)23288582,2025,06,28,23,55,臺中市,神岡區,0,0,0,7,,,50,,,,,,,,,,,,,,15,,,,,B03,,,1,,2,,,24,24,1,12,4,120.684683,24.249666,3
11029,66000,387130000C,(04)23274275,(04)23288582,2025,06,28,23,58,臺中市,西屯區,0,1,0,7,1,6,50,3,1,1,5,4,6,6,1,1,5,4,5,2,16,3,10,2,1,C03,7,6,1,10,2,12,,11,11,1,12,4,120.644927,24.182309,2
11030,66000,387130000C,(04)23274275,(04)23288582,2025,06,29,0,15,臺中市,太平區,0,0,0,7,,,30,,,,,,,,,,,,,,14,,,,,B03,,,1,,2,,,49,49,1,6,4,120.730014,24.15478,3
11031,66000,387130000C,(04)23274275,(04)23288582,2025,06,29,0,25,臺中市,大雅區,0,2,0,7,1,6,50,4,1,1,5,4,6,6,4,4,10,5,5,2,17,2,8,2,1,C03,7,6,1,10,2,14,,14,14,1,12,4,120.655328,24.237384,2
11032,66000,387130000C,(04)23274275,(04)23288582,2025,06,29,0,35,臺中市,南屯區,0,1,0,7,1,6,50,4,1,1,5,4,6,6,3,1,10,5,5,2,15,3,10,3,1,B01,7,9,1,4,2,8,,12,12,1,6,4,120.648335,24.13335,2
11033,66000,387130000C,(04)23274275,(04)23288582,2025,06,29,1,0,臺中市,西區,0,0,0,7,,,30,,,,,,,,,,,,,,,,,,,B03,,,1,,2,,,84,84,1,13,4,120.662378,24.150556,3
11034,66000,387130000C,(04)23274275,(04)23288582,2025,06,29,1,0,臺中市,龍井區,0,0,0,7,,,50,,,,,,,,,,,,,,13,,,,,B03,,,1,,1,,,7,7,1,12,4,120.569172,24.189073,3
11035,66000,387130000C,(04)23274275,(04)23288582,2025,06,29,1,0,臺中市,沙鹿區,0,0,0,7,,,50,,,,,,,,,,,,,,,,,,,,,,,,,,,119,119,1,,,120.566293,24.197953,3
11036,66000,387130000C,(04)23274275,(04)23288582,2025,06,29,1,10,臺中市,烏日區,0,2,0,7,1,6,30,4,1,1,5,4,6,6,1,1,10,5,5,2,17,3,10,3,1,B12,7,6,1,8,2,1,,23,23,1,6,4,120.631953,24.045293,2
11037,66000,387130000C,(04)23274275,(04)23288582,2025,06,29,1,14,臺中市,沙鹿區,0,0,0,7,,,30,,,,,,,,,,,,,,17,,,,,B03,,,1,,9,,,82,82,1,12,4,120.574247,24.237208,3
11038,66000,387130000C,(04)23274275,(04)23288582,2025,06,29,1,15,臺中市,西屯區,0,1,0,7,1,6,50,13,9,1,5,4,6,6,4,4,5,5,5,2,16,2,7,2,1,C03,7,9,1,10,2,14,,7,7,1,12,4,120.643843,24.166838,2
11039,66000,387130000C,(04)23274275,(04)23288582,2025,06,29,1,40,臺中市,后里區,0,2,0,7,1,6,50,4,1,1,5,4,6,6,1,1,10,5,5,2,13,2,1,4,1,B03,7,9,1,8,6,5,,21,21,2,12,4,120.67995,24.315998,2
11040,66000,387130000C,(04)23274275,(04)23288582,2025,06,29,2,5,臺中市,沙鹿區,0,0,0,7,,,30,,,,,,,,,,,,,,,,,,,,,,,,,,,119,119,1,,,120.565925,24.229288,3
11041,66000,387130000C,(04)23274275,(04)23288582,2025,06,29,2,8,臺中市,大甲區,0,1,0,7,1,6,30,4,1,1,5,4,6,6,4,4,10,5,5,2,16,2,9,1,1,F03,7,5,7,21,6,14,,14,14,1,6,4,120.644905,24.406845,2
11042,66000,387130000C,(04)23274275,(04)23288582,2025,06,29,2,54,臺中市,北區,0,1,0,7,1,6,50,4,19,1,5,4,6,6,1,1,1,4,5,2,9,3,10,3,1,B03,7,6,1,8,2,8,,10,10,1,12,4,120.672107,24.165149,2
11043,66000,387130000C,(04)23274275,(04)23288582,2025,06,29,3,7,臺中市,沙鹿區,0,0,0,7,,,60,,,,,,,,,,,,,,,,,,,A41,,,1,,1,,,82,82,1,12,4,120.556586,24.212497,3
11044,66000,387130000C,(04)23274275,(04)23288582,2025,06,29,3,9,臺中市,沙鹿區,0,0,0,7,,,30,,,,,,,,,,,,,,,,,,,C03,,,2,,3,,,65,65,1,12,4,120.568101,24.238845,3
11045,66000,387130000C,(04)23274275,(04)23288582,2025,06,29,3,13,臺中市,南屯區,0,1,0,7,1,3,80,13,7,1,5,4,6,6,4,4,10,3,5,1,20,2,9,5,4,B03,7,9,1,8,2,4,2,55,55,1,13,4,120.621154,24.133617,2
11046,66000,387130000C,(04)23274275,(04)23288582,2025,06,29,3,36,臺中市,中區,0,0,0,7,,,50,,,,,,,,,,,,,,,,,,,B03,,,1,,1,,,84,84,1,12,4,120.682821,24.14361,3
11047,66000,387130000C,(04)23274275,(04)23288582,2025,06,29,3,40,臺中市,南屯區,0,0,0,7,,,50,,,,,,,,,,,,,,,,,,,B12,,,1,,1,,,68,68,1,6,4,120.623241,24.137107,3
11048,66000,387130000C,(04)23274275,(04)23288582,2025,06,29,3,42,臺中市,中區,0,0,0,7,,,50,,,,,,,,,,,,,,,,,,,B03,,,1,,1,,,24,24,1,13,4,120.675795,24.142883,3
11049,66000,387130000C,(04)23274275,(04)23288582,2025,06,29,4,12,臺中市,霧峰區,0,0,0,7,,,60,,,,,,,,,,,,,,,,,,,B03,,,1,,2,,,20,20,1,6,4,120.69539,24.061044,3
11050,66000,387130000C,(04)23274275,(04)23288582,2025,06,29,4,40,臺中市,沙鹿區,0,0,0,7,,,50,,,,,,,,,,,,,,,,,,,B12,,,3,,2,,,55,55,1,12,4,120.554572,24.219174,3
11051,66000,387130000C,(04)23274275,(04)23288582,2025,06,29,5,3,臺中市,北屯區,0,1,0,7,1,6,50,4,2,1,5,4,6,6,2,1,1,2,5,2,13,2,9,3,1,B03,7,9,1,8,2,5,,84,84,1,12,4,120.685433,24.170743,2
11052,66000,387130000C,(04)23274275,(04)23288582,2025,06,29,5,20,臺中市,北區,0,0,0,7,,,50,,,,,,,,,,,,,,,,,,,B12,,,1,,1,,,51,51,1,13,4,120.677946,24.152468,3
11053,66000,387130000C,(04)23274275,(04)23288582,2025,06,29,5,36,臺中市,北區,0,1,0,7,2,6,30,4,1,1,5,4,6,6,4,4,5,5,5,2,15,3,10,3,1,B12,7,9,1,8,2,5,,12,12,1,12,4,120.679275,24.152817,2
11054,66000,387130000C,(04)23274275,(04)23288582,2025,06,29,5,41,臺中市,烏日區,0,1,0,7,2,6,30,13,9,1,5,4,6,6,4,4,10,5,5,2,12,3,10,3,1,B03,7,9,1,8,2,7,,85,85,1,6,4,120.638111,24.049445,2
11055,66000,387130000C,(04)23274275,(04)23288582,2025,06,29,6,33,臺中市,東區,0,1,0,7,2,6,0,4,20,1,5,4,6,6,1,1,10,5,5,2,3,2,9,6,5,H01,8,16,7,21,10,17,,95,95,1,13,5,120.694401,24.141303,2
11056,66000,387130000C,(04)23274275,(04)23288582,2025,06,29,6,35,臺中市,大肚區,0,0,0,7,,,50,,,,,,,,,,,,,,,,,,,A12,,,1,,1,,,82,82,1,6,4,120.577422,24.119103,3
11057,66000,387130000C,(04)23274275,(04)23288582,2025,06,29,6,47,臺中市,沙鹿區,0,0,0,7,,,40,,,,,,,,,,,,,,16,,,,,C03,,,1,,2,,,48,48,1,6,4,120.58327,24.249986,3
11058,66000,387130000C,(04)23274275,(04)23288582,2025,06,29,7,1,臺中市,北區,0,1,0,7,2,6,50,4,1,1,5,4,6,6,4,4,5,5,5,2,17,2,9,5,1,C03,7,9,3,19,2,12,,15,15,1,13,4,120.678817,24.158193,2
11059,66000,387130000C,(04)23274275,(04)23288582,2025,06,29,7,7,臺中市,龍井區,0,1,0,7,1,6,70,5,1,1,5,4,6,6,1,1,10,5,5,2,15,3,10,1,1,C03,7,9,1,10,2,11,,21,21,1,6,4,120.536512,24.19479,2
11060,66000,387130000C,(04)23274275,(04)23288582,2025,06,29,7,8,臺中市,北屯區,0,2,0,7,2,6,50,4,1,1,5,4,6,6,1,1,10,5,5,2,17,2,9,1,1,C03,7,5,1,10,2,12,,11,11,1,12,4,120.696669,24.164922,2
11061,66000,387130000C,(04)23274275,(04)23288582,2025,06,29,7,24,臺中市,北區,0,1,0,7,2,6,50,4,1,1,5,4,6,6,1,1,10,5,5,2,17,3,10,5,4,B03,7,13,1,8,2,4,,76,76,1,13,4,120.692546,24.155935,2
11062,66000,387130000C,(04)23274275,(04)23288582,2025,06,29,7,30,臺中市,清水區,0,2,0,7,3,6,30,11,9,1,5,4,6,6,4,4,10,4,5,1,2,2,8,6,1,F01,7,9,7,21,11,12,,59,59,1,12,4,120.593703,24.288717,2
11063,66000,387130000C,(04)23274275,(04)23288582,2025,06,29,7,37,臺中市,大雅區,0,2,0,7,3,6,50,13,9,1,5,4,6,6,4,4,8,4,4,1,12,2,9,1,1,C03,7,1,1,10,2,14,,51,51,1,13,4,120.656185,24.23937,2
11064,66000,387130000C,(04)23274275,(04)23288582,2025,06,29,7,40,臺中市,大甲區,0,2,0,7,3,6,50,3,1,1,5,4,6,6,1,1,3,4,5,1,15,2,9,2,1,C03,7,9,1,10,2,11,,21,21,1,6,4,120.614971,24.33387,2
11065,66000,387130000C,(04)23274275,(04)23288582,2025,06,29,7,50,臺中市,中區,0,0,0,7,,,50,,,,,,,,,,,,,,,,,,,B03,,,1,,1,,,8,8,1,6,4,120.681796,24.144577,3
11066,66000,387130000C,(04)23274275,(04)23288582,2025,06,29,7,57,臺中市,北區,0,2,0,7,3,6,50,4,1,1,5,4,6,6,1,1,10,5,5,2,17,2,9,5,4,C03,7,6,3,19,2,14,,48,48,1,13,4,120.697389,24.160785,2
11067,66000,387130000C,(04)23274275,(04)23288582,2025,06,29,8,0,臺中市,西屯區,0,0,0,7,,,30,,,,,,,,,,,,,,11,,,,,C03,,,,,,,,8,8,1,13,4,120.630695,24.183762,3
11068,66000,387130000C,(04)23274275,(04)23288582,2025,06,29,8,4,臺中市,中區,0,1,0,7,2,6,50,4,4,1,5,4,6,6,1,1,1,2,5,2,13,3,10,3,1,A04,7,9,1,2,2,5,,7,7,1,13,4,120.685595,24.141634,2
11069,66000,387130000C,(04)23274275,(04)23288582,2025,06,29,8,19,臺中市,北屯區,0,0,0,7,,,50,,,,,,,,,,,,,,11,,,,,B03,,,1,,1,,,82,82,1,12,4,120.754856,24.175217,3
11070,66000,387130000C,(04)23274275,(04)23288582,2025,06,29,8,23,臺中市,西屯區,0,1,0,7,2,6,50,4,1,1,5,4,6,6,2,1,10,5,5,2,16,3,10,3,1,B03,7,5,1,8,2,5,,47,47,1,13,4,120.623132,24.176,2
11071,66000,387130000C,(04)23274275,(04)23288582,2025,06,29,8,25,臺中市,西屯區,0,2,0,7,1,6,50,3,1,1,5,4,6,6,1,1,10,5,5,1,16,2,9,2,1,C03,7,9,5,19,2,14,,21,21,1,12,4,120.650691,24.175853,2
11072,66000,387130000C,(04)23274275,(04)23288582,2025,06,29,8,28,臺中市,南區,0,0,0,7,,,50,,,,,,,,,,,,,,,,,,,B03,,,1,,1,,,7,7,1,12,4,120.67769,24.126496,3
11073,66000,387130000C,(04)23274275,(04)23288582,2025,06,29,8,29,臺中市,大雅區,0,1,0,7,3,6,50,13,9,1,5,4,6,6,4,4,5,2,5,1,17,3,10,3,1,B03,7,9,1,8,2,2,,39,39,1,12,4,120.651519,24.227987,2
11074,66000,387130000C,(04)23274275,(04)23288582,2025,06,29,8,29,臺中市,西區,0,0,0,7,,,50,,,,,,,,,,,,,,,,,,,B03,,,1,,1,,,84,84,1,13,4,120.661566,24.143197,3
11075,66000,387130000C,(04)23274275,(04)23288582,2025,06,29,8,36,臺中市,西屯區,0,1,0,7,2,6,40,4,1,1,5,4,6,6,1,1,5,4,4,2,15,2,7,1,4,C03,7,9,3,19,2,11,14,21,21,1,12,4,120.62545,24.183458,2
11076,66000,387130000C,(04)23274275,(04)23288582,2025,06,29,8,37,臺中市,太平區,0,2,0,7,2,6,50,4,1,1,5,4,6,6,1,1,10,5,5,2,17,2,9,1,1,C03,7,9,1,10,2,11,,7,7,1,12,4,120.708357,24.128435,2
11077,66000,387130000C,(04)23274275,(04)23288582,2025,06,29,8,40,臺中市,太平區,0,1,0,7,3,6,50,4,1,1,5,4,6,6,1,1,5,5,5,2,16,3,10,3,1,B03,7,5,1,8,9,6,,11,11,2,12,4,120.730847,24.112122,2
11078,66000,387130000C,(04)23274275,(04)23288582,2025,06,29,8,57,臺中市,新社區,0,0,0,7,,,30,,,,,,,,,,,,,,,,,,,B03,,,1,,1,,,41,41,1,12,4,120.820126,24.206773,3
11079,66000,387130000C,(04)23274275,(04)23288582,2025,06,29,9,2,臺中市,豐原區,0,1,0,7,2,6,50,4,1,1,5,4,6,6,3,1,5,5,5,1,15,3,10,1,1,C03,7,9,1,10,2,14,,24,24,1,12,4,120.741866,24.258894,2
11080,66000,387130000C,(04)23274275,(04)23288582,2025,06,29,9,6,臺中市,東區,0,1,0,7,2,6,50,4,1,1,5,4,6,6,2,1,10,5,5,2,15,3,10,3,1,B03,7,9,1,8,2,5,,21,21,1,12,4,120.697586,24.144696,2
11081,66000,387130000C,(04)23274275,(04)23288582,2025,06,29,9,8,臺中市,后里區,0,1,0,7,2,6,50,4,1,1,5,4,6,6,1,1,1,4,4,1,16,3,10,3,1,B03,7,6,1,8,1,6,,11,11,1,12,4,120.721938,24.307965,2
11082,66000,387130000C,(04)23274275,(04)23288582,2025,06,29,9,9,臺中市,豐原區,0,1,0,7,2,6,50,4,1,1,5,4,6,6,2,1,5,5,4,2,16,3,10,1,1,C03,7,6,1,10,2,14,,48,48,1,12,4,120.720793,24.251754,2
11083,66000,387130000C,(04)23274275,(04)23288582,2025,06,29,9,11,臺中市,北屯區,0,0,0,7,,,50,,,,,,,,,,,,,,14,,,,,B03,,,1,,9,,,49,49,1,12,4,120.720368,24.175798,3
11084,66000,387130000C,(04)23274275,(04)23288582,2025,06,29,9,24,臺中市,神岡區,0,0,0,7,1,6,50,13,14,1,5,4,6,6,4,4,5,5,5,1,30,,,,,B03,,,1,,10,,,87,87,1,12,4,120.649433,24.282655,3
11085,66000,387130000C,(04)23274275,(04)23288582,2025,06,29,9,30,臺中市,北區,0,1,0,7,2,6,50,4,19,1,5,4,6,6,1,1,5,4,5,2,2,3,10,5,1,B03,7,6,1,7,2,1,,10,10,1,13,4,120.672284,24.170095,2
11086,66000,387130000C,(04)23274275,(04)23288582,2025,06,29,9,30,臺中市,西屯區,0,0,0,7,,,50,,,,,,,,,,,,,,,,,,,B03,,,3,,1,,,84,84,1,12,4,120.617693,24.187958,3
11087,66000,387130000C,(04)23274275,(04)23288582,2025,06,29,9,42,臺中市,大里區,0,0,0,7,,,50,,,,,,,,,,,,,,,,,,,B03,,,1,,2,,,7,7,1,12,4,120.674422,24.114231,3
11088,66000,387130000C,(04)23274275,(04)23288582,2025,06,29,9,50,臺中市,清水區,0,0,0,7,,,40,,,,,,,,,,,,,,,,,,,B03,,,1,,2,,,49,49,1,12,4,120.540365,24.289011,3
11089,66000,387130000C,(04)23274275,(04)23288582,2025,06,29,9,53,臺中市,北屯區,0,0,0,7,,,50,,,,,,,,,,,,,,,,,,,B03,,,1,,1,,,1,1,1,12,4,120.713368,24.180012,3
11090,66000,387130000C,(04)23274275,(04)23288582,2025,06,29,10,1,臺中市,中區,0,1,0,7,3,6,50,4,1,1,5,4,6,6,1,1,10,5,5,2,12,2,9,1,1,C03,7,9,1,10,2,14,,8,8,1,12,4,120.679482,24.142468,2
11091,66000,387130000C,(04)23274275,(04)23288582,2025,06,29,10,20,臺中市,東區,0,0,0,7,,,50,,,,,,,,,,,,,,11,,,,,C03,,,1,,1,,,11,11,1,13,4,120.692936,24.129648,4
11092,66000,387130000C,(04)23274275,(04)23288582,2025,06,29,10,21,臺中市,西屯區,0,0,0,7,,,40,,,,,,,,,,,,,,17,,,,,B03,,,1,,1,,,51,51,1,13,4,120.666824,24.178054,3
11093,66000,387130000C,(04)23274275,(04)23288582,2025,06,29,10,22,臺中市,烏日區,0,0,0,7,,,50,,,,,,,,,,,,,,23,,,,,B03,,,1,,2,,,56,56,1,6,4,120.612815,24.115453,3
11094,66000,387130000C,(04)23274275,(04)23288582,2025,06,29,10,28,臺中市,大里區,0,0,0,7,,,80,,,,,,,,,,,,,,,,,,,B03,,,1,,1,,,7,7,1,13,4,120.690704,24.098029,3
11095,66000,387130000C,(04)23274275,(04)23288582,2025,06,29,10,29,臺中市,大里區,0,0,0,7,,,50,,,,,,,,,,,,,,12,,,,,B03,,,1,,2,,,8,8,1,12,4,120.69549,24.096789,3
11096,66000,387130000C,(04)23274275,(04)23288582,2025,06,29,10,43,臺中市,北區,0,1,0,7,2,6,50,4,1,1,5,4,6,6,1,1,10,5,5,2,18,2,9,5,4,F01,7,15,7,21,2,12,,84,84,1,13,4,120.686406,24.146534,2
11097,66000,387130000C,(04)23274275,(04)23288582,2025,06,29,10,43,臺中市,豐原區,0,1,0,7,2,6,30,3,1,1,5,4,6,6,4,4,10,5,5,2,10,2,7,1,1,C03,7,9,1,10,2,11,,84,84,1,12,4,120.713979,24.240182,2
11098,66000,387130000C,(04)23274275,(04)23288582,2025,06,29,10,44,臺中市,西屯區,0,0,0,7,,,50,,,,,,,,,,,,,,13,,,,,C03,,,1,,2,,,7,7,1,13,4,120.651201,24.166899,3
11099,66000,387130000C,(04)23274275,(04)23288582,2025,06,29,10,45,臺中市,大雅區,0,0,0,7,,,0,,,,,,,,,,,,,,12,,,,,B03,,,1,,1,,,7,7,1,13,4,120.649678,24.227039,3
11100,66000,387130000C,(04)23274275,(04)23288582,2025,06,29,10,45,臺中市,北屯區,0,0,0,7,,,50,,,,,,,,,,,,,,17,,,,,B03,,,1,,2,,,45,45,1,12,4,120.684289,24.191156,3
11101,66000,387130000C,(04)23274275,(04)23288582,2025,06,29,10,48,臺中市,西屯區,0,0,0,7,,,40,,,,,,,,,,,,,,13,,,,,C03,,,1,,1,,,8,8,1,12,4,120.644526,24.164305,3
11102,66000,387130000C,(04)23274275,(04)23288582,2025,06,29,10,48,臺中市,烏日區,0,1,0,7,2,6,50,3,2,1,5,4,6,6,1,1,5,5,4,2,17,2,8,5,4,C03,7,9,1,10,2,12,,84,84,1,12,4,120.606843,24.125269,2
11103,66000,387130000C,(04)23274275,(04)23288582,2025,06,29,11,2,臺中市,北屯區,0,0,0,7,,,50,,,,,,,,,,,,,,,,,,,B03,,,1,,1,,,84,84,1,6,4,120.702008,24.182189,3
11104,66000,387130000C,(04)23274275,(04)23288582,2025,06,29,11,5,臺中市,太平區,0,0,0,7,,,50,,,,,,,,,,,,,,14,,,,,B03,,,1,,2,,,49,49,1,12,4,120.731886,24.14076,3
11105,66000,387130000C,(04)23274275,(04)23288582,2025,06,29,11,6,臺中市,潭子區,0,0,0,7,,,50,,,,,,,,,,,,,,,,,,,B03,,,1,,2,,,14,14,1,12,4,120.700041,24.208885,3
11106,66000,387130000C,(04)23274275,(04)23288582,2025,06,29,11,6,臺中市,大肚區,0,0,0,7,,,40,,,,,,,,,,,,,,17,,,,,B03,,,1,,2,,,50,50,1,12,4,120.545813,24.151927,3
11107,66000,387130000C,(04)23274275,(04)23288582,2025,06,29,11,17,臺中市,西屯區,0,2,0,7,2,6,40,4,1,1,5,4,6,6,2,1,1,4,1,2,16,2,7,5,4,B03,7,6,1,8,2,1,,25,25,1,13,4,120.627073,24.159661,2
11108,66000,387130000C,(04)23274275,(04)23288582,2025,06,29,11,18,臺中市,清水區,0,0,0,7,,,30,,,,,,,,,,,,,,,,,,,B03,,,1,,11,,,49,49,1,12,4,120.560951,24.318496,3