﻿序號,縣市別代碼,機關代碼,市話,傳真,年,月,日,時,分,縣市,區,死亡數量,受傷數量,2-30,天候,道路照明設備,道路類別,道路速限,道路型態,事故位置,路面鋪裝,路面狀態,路面缺陷,障礙物,視距,號誌種類,號誌動作,分向設施,快車道或一般車道間,快慢車道間,路面邊線,事故類型及型態,受傷程度,主要傷處,保護裝備,行動電話或功能裝置,當事者區分_類別,車輛用途,當事者行動狀態,駕照狀態,駕照種類,飲酒情形,車輛撞擊部位最初,車輛撞擊部位其他,肇事因素個別,肇事因素主要,肇事逃逸,職業,共享經濟或外送平台,GPS座標X,GPS座標Y,事故類別
11109,66000,387130000C,(04)23274275,(04)23288582,2025,06,29,11,19,臺中市,霧峰區,0,0,0,7,,,50,,,,,,,,,,,,,,13,,,,,B12,,,1,,2,,,84,84,1,12,4,120.66232,24.061774,3
11110,66000,387130000C,(04)23274275,(04)23288582,2025,06,29,11,20,臺中市,南屯區,0,0,0,7,,,50,,,,,,,,,,,,,,12,,,,,B03,,,1,,2,,,8,8,1,12,4,120.647992,24.131137,3
11111,66000,387130000C,(04)23274275,(04)23288582,2025,06,29,11,21,臺中市,西區,0,1,0,7,2,6,50,4,1,1,5,4,6,6,1,1,10,5,5,2,17,3,10,5,4,B03,7,9,1,8,2,1,,84,84,1,13,4,120.668562,24.139784,2
11112,66000,387130000C,(04)23274275,(04)23288582,2025,06,29,11,23,臺中市,西屯區,0,1,0,7,2,6,50,3,1,1,5,4,6,6,4,4,10,5,5,2,17,2,9,1,1,C03,7,1,1,10,2,12,,51,51,1,13,4,120.607785,24.193389,2
11113,66000,387130000C,(04)23274275,(04)23288582,2025,06,29,11,48,臺中市,西區,0,0,0,7,,,50,,,,,,,,,,,,,,,,,,,B12,,,1,8,1,,,84,84,1,13,4,120.657246,24.147142,3
11114,66000,387130000C,(04)23274275,(04)23288582,2025,06,29,11,51,臺中市,北屯區,0,0,0,7,,,50,,,,,,,,,,,,,,17,,,,,B03,,,1,,1,,,84,84,1,12,4,120.691265,24.16964,3
11115,66000,387130000C,(04)23274275,(04)23288582,2025,06,29,11,52,臺中市,大里區,0,1,0,7,3,6,50,3,2,1,5,4,6,6,4,4,5,4,5,1,13,2,9,1,1,C03,7,9,1,10,2,11,,7,7,1,13,4,120.690123,24.111049,2
11116,66000,387130000C,(04)23274275,(04)23288582,2025,06,29,12,0,臺中市,南屯區,0,0,0,7,,,60,,,,,,,,,,,,,,17,,,,,B03,,,1,,1,,,59,59,1,12,4,120.650532,24.136623,3
11117,66000,387130000C,(04)23274275,(04)23288582,2025,06,29,12,3,臺中市,烏日區,0,0,0,7,,,30,,,,,,,,,,,,,,17,,,,,C03,,,1,,1,,,8,8,1,6,4,120.641337,24.103702,3
11118,66000,387130000C,(04)23274275,(04)23288582,2025,06,29,12,12,臺中市,西屯區,0,3,0,7,2,6,40,3,1,1,5,4,6,6,1,1,10,5,5,2,16,2,9,1,4,C03,7,6,1,10,2,12,14,11,11,1,12,4,120.663974,24.166313,2
11119,66000,387130000C,(04)23274275,(04)23288582,2025,06,29,12,20,臺中市,北區,0,0,0,7,3,6,50,13,24,1,5,4,6,6,4,1,10,5,5,2,17,,,,,C03,,,1,,2,,,49,49,1,13,4,120.678512,24.159034,3
11120,66000,387130000C,(04)23274275,(04)23288582,2025,06,29,12,25,臺中市,北區,0,0,0,7,,,50,,,,,,,,,,,,,,17,,,,,B03,,,1,,1,,,2,2,1,13,4,120.6768,24.151114,3
11121,66000,387130000C,(04)23274275,(04)23288582,2025,06,29,12,25,臺中市,北區,0,0,0,7,,,50,,,,,,,,,,,,,,17,,,,,C03,,,1,,1,,,7,7,1,13,4,120.682316,24.161771,3
11122,66000,387130000C,(04)23274275,(04)23288582,2025,06,29,12,27,臺中市,東區,0,2,0,7,1,6,50,4,1,1,5,4,6,6,4,4,9,4,5,2,15,2,9,1,1,C03,7,9,1,10,2,14,12,20,20,1,12,4,120.689456,24.132076,2
11123,66000,387130000C,(04)23274275,(04)23288582,2025,06,29,12,28,臺中市,北區,0,2,0,7,2,6,50,4,2,1,5,4,6,6,4,4,10,5,5,2,17,2,9,2,1,C03,7,9,1,10,2,11,,15,15,1,13,4,120.673655,24.158459,2
11124,66000,387130000C,(04)23274275,(04)23288582,2025,06,29,12,29,臺中市,北屯區,0,0,0,7,,,50,,,,,,,,,,,,,,,,,,,C03,,,1,,2,,,15,15,1,13,4,120.74827,24.195165,3
11125,66000,387130000C,(04)23274275,(04)23288582,2025,06,29,12,30,臺中市,大雅區,0,2,0,7,3,6,50,5,2,1,5,4,6,6,4,4,10,5,5,2,30,2,8,2,1,C03,7,9,1,10,2,11,,7,7,1,12,4,120.655915,24.227244,2
11126,66000,387130000C,(04)23274275,(04)23288582,2025,06,29,12,30,臺中市,北屯區,0,0,0,7,,,50,,,,,,,,,,,,,,17,,,,,B12,,,1,,11,,,8,8,1,12,4,120.741142,24.178469,3
11127,66000,387130000C,(04)23274275,(04)23288582,2025,06,29,12,35,臺中市,潭子區,0,1,0,7,2,6,40,3,7,1,5,4,6,6,4,4,5,5,4,2,17,2,9,1,1,C03,7,9,5,10,9,12,,84,84,1,13,4,120.698977,24.19209,2
11128,66000,387130000C,(04)23274275,(04)23288582,2025,06,29,12,38,臺中市,烏日區,0,0,0,7,,,30,,,,,,,,,,,,,,,,,,,B03,,,1,,1,,,49,49,1,12,4,120.638831,24.10402,3
11129,66000,387130000C,(04)23274275,(04)23288582,2025,06,29,12,40,臺中市,西區,0,2,0,7,3,6,50,4,1,1,5,4,6,6,1,1,10,5,5,2,17,2,9,2,1,C03,7,1,1,9,2,14,,51,51,1,12,4,120.661534,24.14898,2
11130,66000,387130000C,(04)23274275,(04)23288582,2025,06,29,12,41,臺中市,北屯區,0,0,0,7,,,50,,,,,,,,,,,,,,,,,,,B03,,,1,,1,,,7,7,1,12,4,120.737371,24.178446,3
11131,66000,387130000C,(04)23274275,(04)23288582,2025,06,29,12,45,臺中市,西屯區,0,0,0,7,,,50,,,,,,,,,,,,,,,,,,,B03,,,1,,1,,,7,7,1,12,4,120.661693,24.163579,3
11132,66000,387130000C,(04)23274275,(04)23288582,2025,06,29,12,50,臺中市,西區,0,0,0,7,,,50,,,,,,,,,,,,,,,,,,,B03,,,1,,2,,,50,50,1,13,4,120.666488,24.144247,3
11133,66000,387130000C,(04)23274275,(04)23288582,2025,06,29,12,57,臺中市,北區,0,1,0,7,2,6,30,3,1,1,5,4,6,6,4,4,10,5,5,2,17,2,9,5,1,C03,7,5,1,10,2,11,,14,14,1,13,4,120.685832,24.162222,2
11134,66000,387130000C,(04)23274275,(04)23288582,2025,06,29,12,57,臺中市,北區,0,0,0,7,,,50,,,,,,,,,,,,,,17,,,,,B03,,,6,,2,,,85,85,1,13,4,120.684782,24.152218,4
11135,66000,387130000C,(04)23274275,(04)23288582,2025,06,29,13,3,臺中市,南區,0,0,0,7,,,50,,,,,,,,,,,,,,12,,,,,C03,,,1,,1,,,40,40,1,12,4,120.666394,24.122771,3
11136,66000,387130000C,(04)23274275,(04)23288582,2025,06,29,13,7,臺中市,西屯區,0,0,0,7,,,30,,,,,,,,,,,,,,16,,,,,B03,,,1,,1,,,11,11,1,13,4,120.634803,24.194058,3
11137,66000,387130000C,(04)23274275,(04)23288582,2025,06,29,13,9,臺中市,南屯區,0,1,0,7,1,6,50,4,2,1,5,4,6,6,4,4,5,4,5,2,17,2,9,5,4,C03,7,9,1,10,2,16,,87,87,1,13,4,120.6446,24.137815,2
11138,66000,387130000C,(04)23274275,(04)23288582,2025,06,29,13,10,臺中市,大雅區,0,0,0,7,,,30,,,,,,,,,,,,,,,,,,,C03,,,1,,2,,,7,7,1,13,4,120.636908,24.222287,3
11139,66000,387130000C,(04)23274275,(04)23288582,2025,06,29,13,14,臺中市,北屯區,0,0,0,7,,,50,,,,,,,,,,,,,,17,,,,,B03,,,1,,1,,,11,11,1,12,4,120.704454,24.164862,3
11140,66000,387130000C,(04)23274275,(04)23288582,2025,06,29,13,14,臺中市,豐原區,0,1,0,7,2,6,50,3,1,1,5,4,6,6,1,1,10,5,5,2,16,3,10,3,1,B03,7,5,1,8,2,5,,65,65,1,13,4,120.712877,24.241794,2
11141,66000,387130000C,(04)23274275,(04)23288582,2025,06,29,13,21,臺中市,西屯區,0,0,0,7,,,50,,,,,,,,,,,,,,12,,,,,B03,,,1,,1,,,20,20,1,12,4,120.652646,24.176464,3
11142,66000,387130000C,(04)23274275,(04)23288582,2025,06,29,13,22,臺中市,豐原區,0,0,0,7,,,50,,,,,,,,,,,,,,17,,,,,B03,,,1,,11,,,84,84,1,12,4,120.724319,24.252077,3
11143,66000,387130000C,(04)23274275,(04)23288582,2025,06,29,13,27,臺中市,清水區,0,0,0,7,,,30,,,,,,,,,,,,,,,,,,,B03,,,1,,2,,,50,50,1,12,4,120.601331,24.30416,3
11144,66000,387130000C,(04)23274275,(04)23288582,2025,06,29,13,28,臺中市,西屯區,0,0,0,7,,,,,,,,,,,,,,,,,17,,,,,,,,,,,,,86,86,1,,,120.650733,24.170377,3
11145,66000,387130000C,(04)23274275,(04)23288582,2025,06,29,13,31,臺中市,南屯區,0,0,0,7,,,50,,,,,,,,,,,,,,12,,,,,B03,,,1,,1,,,8,8,1,12,4,120.649287,24.136961,3
11146,66000,387130000C,(04)23274275,(04)23288582,2025,06,29,13,37,臺中市,西區,0,1,0,7,2,6,50,4,1,1,5,4,6,6,1,1,10,5,5,2,17,3,10,3,1,B03,7,5,1,8,2,5,,20,20,1,12,4,120.671362,24.139844,2
11147,66000,387130000C,(04)23274275,(04)23288582,2025,06,29,13,37,臺中市,大肚區,0,3,0,7,2,6,50,4,2,1,5,4,6,6,4,4,10,4,5,1,16,2,9,1,1,C03,7,6,1,10,2,14,,14,14,1,6,4,120.580861,24.17298,2
11148,66000,387130000C,(04)23274275,(04)23288582,2025,06,29,13,41,臺中市,豐原區,0,2,0,7,3,6,50,5,1,1,5,4,6,6,1,1,5,5,4,1,16,2,9,1,4,C03,7,6,1,10,2,12,,11,11,1,13,4,120.715394,24.248234,2
11149,66000,387130000C,(04)23274275,(04)23288582,2025,06,29,13,44,臺中市,霧峰區,0,0,0,7,,,50,,,,,,,,,,,,,,17,,,,,B03,,,1,,2,,,82,82,1,12,4,120.704651,24.042634,3
11150,66000,387130000C,(04)23274275,(04)23288582,2025,06,29,13,50,臺中市,大甲區,0,0,0,7,,,90,,,,,,,,,,,,,,,,,,,B03,,,1,,1,,,87,87,1,6,4,120.584432,24.356979,3
11151,66000,387130000C,(04)23274275,(04)23288582,2025,06,29,13,56,臺中市,北屯區,0,1,0,7,2,6,40,13,8,1,5,4,6,6,4,4,5,5,4,2,17,2,9,6,1,F01,7,9,7,21,2,11,,59,59,1,4,1,120.687835,24.184524,2
11152,66000,387130000C,(04)23274275,(04)23288582,2025,06,29,13,58,臺中市,豐原區,0,0,0,7,,,40,,,,,,,,,,,,,,8,3,10,5,4,B03,7,1,1,8,2,5,5,51,51,1,13,4,120.725991,24.245687,3
11153,66000,387130000C,(04)23274275,(04)23288582,2025,06,29,14,0,臺中市,南屯區,0,1,0,7,3,6,50,13,9,1,5,4,6,6,4,4,5,4,5,2,16,3,10,5,4,B03,7,7,1,8,2,5,,40,40,1,6,4,120.633116,24.145935,2
11154,66000,387130000C,(04)23274275,(04)23288582,2025,06,29,14,5,臺中市,南屯區,0,0,0,7,,,50,,,,,,,,,,,,,,,,,,,B03,,,1,,2,,,8,8,1,13,4,120.648584,24.151494,3
11155,66000,387130000C,(04)23274275,(04)23288582,2025,06,29,14,6,臺中市,北區,0,2,0,7,3,6,50,4,2,1,5,4,6,6,4,4,10,5,5,2,17,2,8,5,4,C03,7,9,1,10,2,11,,7,7,1,13,4,120.679797,24.148099,2
11156,66000,387130000C,(04)23274275,(04)23288582,2025,06,29,14,17,臺中市,西屯區,0,2,0,7,2,6,50,4,1,1,5,4,6,6,1,1,3,4,4,2,16,2,9,1,4,C03,7,9,1,10,2,14,,21,21,1,12,4,120.634595,24.176292,2
11157,66000,387130000C,(04)23274275,(04)23288582,2025,06,29,14,24,臺中市,東區,0,1,0,7,3,6,50,13,9,1,5,4,6,6,4,4,5,5,5,2,13,2,9,5,4,C03,7,9,1,10,2,11,,7,7,1,12,4,120.701325,24.142426,2
11158,66000,387130000C,(04)23274275,(04)23288582,2025,06,29,14,43,臺中市,沙鹿區,0,0,0,7,,,40,,,,,,,,,,,,,,14,,,,,B03,,,1,,2,,,49,49,1,12,4,120.567353,24.2033,3
11159,66000,387130000C,(04)23274275,(04)23288582,2025,06,29,14,44,臺中市,大里區,0,2,0,7,2,6,50,4,2,1,5,4,6,6,1,1,9,4,5,1,12,3,10,3,1,B03,7,5,1,8,2,2,,47,47,1,12,4,120.679676,24.109392,2
11160,66000,387130000C,(04)23274275,(04)23288582,2025,06,29,14,46,臺中市,南屯區,0,0,0,7,,,40,,,,,,,,,,,,,,13,,,,,B03,,,1,,1,,,84,84,1,12,4,120.642652,24.14193,3
11161,66000,387130000C,(04)23274275,(04)23288582,2025,06,29,14,49,臺中市,北區,0,1,0,7,2,6,50,13,9,1,5,4,6,6,4,4,5,5,5,2,12,3,10,3,1,B03,7,9,1,8,2,6,,8,8,1,13,4,120.680675,24.160292,2
11162,66000,387130000C,(04)23274275,(04)23288582,2025,06,29,14,50,臺中市,北屯區,0,0,0,7,,,50,,,,,,,,,,,,,,,,,,,C03,,,1,,1,,,8,8,1,12,4,120.69339,24.163115,3
11163,66000,387130000C,(04)23274275,(04)23288582,2025,06,29,14,54,臺中市,南區,0,1,0,7,1,6,50,4,1,1,5,4,6,6,1,1,9,4,5,2,12,3,10,3,1,B03,7,9,1,8,2,1,,7,7,1,12,4,120.648654,24.119707,2
11164,66000,387130000C,(04)23274275,(04)23288582,2025,06,29,14,55,臺中市,西屯區,0,0,0,7,,,50,,,,,,,,,,,,,,13,,,,,B03,,,1,,1,,,7,7,1,12,4,120.633271,24.170148,3
11165,66000,387130000C,(04)23274275,(04)23288582,2025,06,29,14,59,臺中市,大肚區,0,4,0,7,3,6,50,13,9,1,5,4,6,6,3,1,1,4,4,1,13,3,10,3,1,A11,7,9,1,7,2,1,,84,84,1,6,4,120.568894,24.122617,2
11166,66000,387130000C,(04)23274275,(04)23288582,2025,06,29,15,0,臺中市,西屯區,0,1,0,7,2,6,50,13,8,1,5,4,6,6,4,4,1,4,4,2,12,3,10,5,4,B03,7,5,1,8,2,2,,47,47,1,13,4,120.614242,24.184433,2
11167,66000,387130000C,(04)23274275,(04)23288582,2025,06,29,15,6,臺中市,北區,0,2,0,7,3,6,50,5,9,1,5,4,6,6,4,4,5,4,5,2,13,3,10,1,1,C03,7,9,1,10,2,11,,7,7,1,12,4,120.680984,24.162464,2
11168,66000,387130000C,(04)23274275,(04)23288582,2025,06,29,15,6,臺中市,大里區,0,0,0,6,,,50,,,,,,,,,,,,,,17,,,,,B03,,,1,,2,,,7,7,1,13,4,120.685933,24.074626,3
11169,66000,387130000C,(04)23274275,(04)23288582,2025,06,29,15,6,臺中市,大里區,0,0,0,7,,,50,,,,,,,,,,,,,,17,,,,,B03,,,1,,2,,,7,7,1,13,4,120.68596,24.074586,3
11170,66000,387130000C,(04)23274275,(04)23288582,2025,06,29,15,7,臺中市,南屯區,0,0,0,7,,,60,,,,,,,,,,,,,,14,,,,,B03,,,1,,1,,,49,49,1,12,4,120.650367,24.153761,3
11171,66000,387130000C,(04)23274275,(04)23288582,2025,06,29,15,9,臺中市,北區,0,2,0,7,2,6,30,3,2,1,5,4,6,6,3,1,10,5,5,2,13,2,9,2,1,C03,7,9,1,10,2,11,,7,7,1,13,4,120.667769,24.156998,2
11172,66000,387130000C,(04)23274275,(04)23288582,2025,06,29,15,9,臺中市,后里區,0,0,0,7,2,6,50,3,1,1,5,4,6,6,4,4,5,5,5,1,11,3,10,3,1,B03,7,9,1,8,2,4,,85,85,1,12,4,120.710129,24.299779,3
11173,66000,387130000C,(04)23274275,(04)23288582,2025,06,29,15,10,臺中市,大里區,0,1,0,7,3,6,50,4,1,1,5,4,6,6,1,1,10,5,5,2,16,3,10,3,1,B03,7,5,1,8,2,2,,26,26,1,12,4,120.687725,24.094825,2
11174,66000,387130000C,(04)23274275,(04)23288582,2025,06,29,15,11,臺中市,大雅區,0,0,0,7,,,60,,,,,,,,,,,,,,,,,,,B03,,,1,,1,,,8,8,1,12,4,120.646357,24.222846,3
11175,66000,387130000C,(04)23274275,(04)23288582,2025,06,29,15,14,臺中市,大里區,0,0,0,7,,,50,,,,,,,,,,,,,,17,,,,,B02,,,1,,2,,,58,58,1,13,4,120.69685,24.085517,3
11176,66000,387130000C,(04)23274275,(04)23288582,2025,06,29,15,15,臺中市,北屯區,0,1,0,7,2,6,50,13,9,1,5,4,6,6,4,4,5,4,5,2,13,3,10,3,1,B03,7,9,1,8,2,1,,84,84,1,6,4,120.735769,24.177877,2
11177,66000,387130000C,(04)23274275,(04)23288582,2025,06,29,15,24,臺中市,大肚區,0,1,0,7,2,6,50,3,1,1,5,4,6,6,4,4,5,5,5,2,16,3,10,2,1,C03,7,9,1,10,2,12,,6,6,1,6,4,120.571701,24.160909,2
11178,66000,387130000C,(04)23274275,(04)23288582,2025,06,29,15,27,臺中市,南屯區,0,2,0,7,3,6,50,3,1,1,5,4,6,6,4,4,10,5,5,2,16,3,10,5,4,B02,7,5,1,8,2,5,,47,47,1,6,4,120.655139,24.141841,2
11179,66000,387130000C,(04)23274275,(04)23288582,2025,06,29,15,30,臺中市,大雅區,0,1,0,7,3,6,30,4,1,1,5,4,6,6,4,4,4,5,5,1,17,3,10,5,4,C03,7,9,1,10,2,11,,6,6,1,13,4,120.633525,24.241681,2
11180,66000,387130000C,(04)23274275,(04)23288582,2025,06,29,15,30,臺中市,南區,0,1,0,7,1,6,50,13,9,1,5,4,6,6,4,4,5,5,5,2,13,2,9,1,1,C03,7,9,1,10,2,11,,84,84,1,12,4,120.653463,24.122717,2
11181,66000,387130000C,(04)23274275,(04)23288582,2025,06,29,15,30,臺中市,南區,0,0,0,7,,,50,,,,,,,,,,,,,,2,,,,,B02,,,1,,2,,,7,7,1,13,4,120.670246,24.112277,3
11182,66000,387130000C,(04)23274275,(04)23288582,2025,06,29,15,30,臺中市,西屯區,0,0,0,7,,,50,,,,,,,,,,,,,,13,,,,,B03,,,1,,1,,,84,84,1,12,4,120.634073,24.169994,3
11183,66000,387130000C,(04)23274275,(04)23288582,2025,06,29,15,33,臺中市,北屯區,0,1,0,7,1,6,50,3,2,1,5,4,6,6,4,4,3,4,5,2,18,2,7,1,1,C03,7,9,1,10,1,12,,84,84,1,13,4,120.692794,24.162343,2
11184,66000,387130000C,(04)23274275,(04)23288582,2025,06,29,15,36,臺中市,龍井區,0,0,0,7,2,6,30,13,9,1,5,4,6,6,4,4,10,5,5,2,14,3,10,3,1,B01,7,2,1,8,2,3,,49,49,1,6,4,120.576893,24.183018,3
11185,66000,387130000C,(04)23274275,(04)23288582,2025,06,29,15,37,臺中市,西屯區,0,0,0,7,,,40,,,,,,,,,,,,,,13,,,,,C03,,,1,,1,,,59,59,1,12,4,120.638332,24.16985,3
11186,66000,387130000C,(04)23274275,(04)23288582,2025,06,29,15,41,臺中市,豐原區,0,1,0,7,2,6,60,13,8,1,5,4,6,6,4,4,1,4,4,2,17,3,10,5,4,B03,7,7,5,19,2,3,,40,40,1,13,4,120.717777,24.263981,2
11187,66000,387130000C,(04)23274275,(04)23288582,2025,06,29,15,42,臺中市,豐原區,0,1,0,7,2,6,30,3,1,1,5,4,6,6,4,4,10,5,5,2,17,2,4,3,1,B03,7,9,1,8,2,4,,41,41,1,12,4,120.709185,24.243703,2
11188,66000,387130000C,(04)23274275,(04)23288582,2025,06,29,15,43,臺中市,豐原區,0,0,0,7,,,40,,,,,,,,,,,,,,17,3,10,5,4,B02,7,3,1,8,2,1,1,50,50,1,12,4,120.727773,24.249898,3
11189,66000,387130000C,(04)23274275,(04)23288582,2025,06,29,15,44,臺中市,北屯區,0,0,0,7,,,50,,,,,,,,,,,,,,9,,,,,B03,,,1,8,1,,,7,7,1,12,4,120.699182,24.176391,3
11190,66000,387130000C,(04)23274275,(04)23288582,2025,06,29,15,52,臺中市,南屯區,0,0,0,7,,,40,,,,,,,,,,,,,,14,,,,,B03,,,1,,1,,,49,49,1,12,4,120.640489,24.130598,3
11191,66000,387130000C,(04)23274275,(04)23288582,2025,06,29,15,54,臺中市,太平區,0,0,0,7,,,30,,,,,,,,,,,,,,17,,,,,B03,,,1,,2,,,51,51,1,13,4,120.710233,24.129084,3
11192,66000,387130000C,(04)23274275,(04)23288582,2025,06,29,15,59,臺中市,龍井區,0,0,0,7,2,6,60,13,7,1,5,4,6,6,2,1,3,2,3,2,13,3,10,3,1,B03,7,12,1,8,2,3,,87,87,1,6,4,120.582414,24.187897,3
11193,66000,387130000C,(04)23274275,(04)23288582,2025,06,29,15,59,臺中市,大甲區,0,0,0,7,,,50,,,,,,,,,,,,,,,,,,,B03,,,1,,1,,,59,59,1,9,4,120.62761,24.350426,3
11194,66000,387130000C,(04)23274275,(04)23288582,2025,06,29,16,7,臺中市,太平區,0,0,0,6,,,40,,,,,,,,,,,,,,,,,,,B03,,,1,,1,,,50,50,1,13,4,120.702272,24.147966,3
11195,66000,387130000C,(04)23274275,(04)23288582,2025,06,29,16,10,臺中市,烏日區,0,1,0,7,2,6,30,4,1,1,5,4,6,6,4,4,10,5,5,2,15,3,10,3,1,A41,7,9,1,1,2,2,,15,15,1,6,4,120.648704,24.064988,2
11196,66000,387130000C,(04)23274275,(04)23288582,2025,06,29,16,12,臺中市,潭子區,0,0,0,7,,,50,,,,,,,,,,,,,,9,,,,,B03,,,1,,2,,,51,51,1,12,4,120.708151,24.21077,3
11197,66000,387130000C,(04)23274275,(04)23288582,2025,06,29,16,12,臺中市,石岡區,0,2,0,5,2,6,40,3,1,1,4,4,6,6,4,4,1,4,4,1,3,2,9,6,5,H01,8,16,7,21,10,17,,95,95,1,12,5,120.810128,24.264238,2
11198,66000,387130000C,(04)23274275,(04)23288582,2025,06,29,16,16,臺中市,太平區,0,1,0,6,2,6,30,4,2,1,5,4,6,6,4,4,10,5,5,2,18,2,9,6,1,F01,7,9,7,21,1,15,,84,84,1,12,4,120.717897,24.125203,2
11199,66000,387130000C,(04)23274275,(04)23288582,2025,06,29,16,20,臺中市,神岡區,0,0,0,7,,,50,,,,,,,,,,,,,,2,,,,,C03,,,1,,1,,,59,59,1,12,4,120.664419,24.258259,3
11200,66000,387130000C,(04)23274275,(04)23288582,2025,06,29,16,21,臺中市,南屯區,0,1,0,7,2,6,60,13,12,1,5,2,6,6,2,1,4,1,4,2,18,2,9,1,1,C03,7,9,1,10,2,12,,84,84,1,12,4,120.628928,24.145016,2
11201,66000,387130000C,(04)23274275,(04)23288582,2025,06,29,16,22,臺中市,大甲區,0,1,0,7,3,6,50,4,2,1,5,4,6,6,1,1,5,5,5,1,13,2,8,1,1,C03,7,9,1,10,2,11,,58,58,1,6,4,120.620362,24.344831,2
11202,66000,387130000C,(04)23274275,(04)23288582,2025,06,29,16,27,臺中市,北區,0,0,0,7,,,50,,,,,,,,,,,,,,,,,,,C03,,,1,,1,,,7,7,1,12,4,120.670523,24.159148,3
11203,66000,387130000C,(04)23274275,(04)23288582,2025,06,29,16,29,臺中市,西屯區,0,0,0,7,,,60,,,,,,,,,,,,,,13,,,,,B03,,,1,,1,,,7,7,1,12,4,120.647973,24.163593,3
11204,66000,387130000C,(04)23274275,(04)23288582,2025,06,29,16,30,臺中市,南屯區,0,2,0,7,3,6,50,4,1,1,5,4,6,6,2,1,10,5,5,2,28,,,,,,,,,,,,,118,118,1,,,120.646623,24.144937,2
11205,66000,387130000C,(04)23274275,(04)23288582,2025,06,29,16,30,臺中市,龍井區,0,1,0,7,3,9,50,4,1,1,5,4,6,6,4,4,8,1,5,1,17,3,10,1,1,C03,7,5,1,10,2,12,12,12,12,1,6,4,120.530659,24.179299,2
11206,66000,387130000C,(04)23274275,(04)23288582,2025,06,29,16,31,臺中市,外埔區,0,0,0,7,2,6,60,13,2,1,5,4,6,6,1,1,1,4,4,2,13,3,10,3,1,B03,7,9,1,8,2,1,,8,8,1,12,4,120.644302,24.335929,3
11207,66000,387130000C,(04)23274275,(04)23288582,2025,06,29,16,41,臺中市,烏日區,0,0,0,7,,,40,,,,,,,,,,,,,,,,,,,B03,,,5,,1,,,84,84,1,13,4,120.617744,24.118229,3
11208,66000,387130000C,(04)23274275,(04)23288582,2025,06,29,16,45,臺中市,豐原區,0,2,0,7,2,6,50,13,9,1,5,4,6,6,4,4,10,5,5,2,12,2,8,1,1,C03,7,1,3,19,2,14,,51,51,1,12,4,120.704702,24.25221,2
11209,66000,387130000C,(04)23274275,(04)23288582,2025,06,29,16,51,臺中市,中區,0,1,0,7,1,6,50,4,4,1,5,4,6,6,2,1,5,5,5,2,13,2,9,1,1,C03,7,9,1,10,2,11,,84,84,1,6,4,120.679497,24.142426,2
11210,66000,387130000C,(04)23274275,(04)23288582,2025,06,29,16,52,臺中市,西屯區,0,0,0,7,,,40,,,,,,,,,,,,,,16,,,,,C03,,,1,,1,,,48,48,1,12,4,120.637283,24.173182,3
11211,66000,387130000C,(04)23274275,(04)23288582,2025,06,29,16,55,臺中市,東區,0,0,0,7,,,50,,,,,,,,,,,,,,,,,,,C03,,,1,,1,,,49,49,1,6,4,120.687713,24.137065,3
11212,66000,387130000C,(04)23274275,(04)23288582,2025,06,29,16,55,臺中市,梧棲區,0,1,0,7,2,6,60,4,1,1,5,4,6,6,1,1,10,5,5,2,16,3,10,3,1,B03,7,5,1,6,2,6,,47,47,1,12,4,120.524722,24.223374,2
11213,66000,387130000C,(04)23274275,(04)23288582,2025,06,29,17,0,臺中市,大安區,0,1,0,7,2,6,50,3,2,1,5,4,6,6,4,4,5,5,5,2,16,3,10,3,1,B03,7,5,1,8,2,8,,47,47,1,6,4,120.586084,24.373426,2
11214,66000,387130000C,(04)23274275,(04)23288582,2025,06,29,17,0,臺中市,豐原區,0,1,0,5,2,6,50,13,7,1,4,4,6,6,4,4,9,4,4,2,17,3,10,3,1,B03,7,11,1,8,2,7,,45,45,1,13,4,120.706066,24.251187,2
11215,66000,387130000C,(04)23274275,(04)23288582,2025,06,29,17,2,臺中市,沙鹿區,0,1,0,7,2,6,50,3,2,1,5,4,6,6,1,1,1,2,4,2,13,2,9,1,1,C03,7,9,1,10,2,11,,7,7,1,12,4,120.551581,24.229863,2
11216,66000,387130000C,(04)23274275,(04)23288582,2025,06,29,17,5,臺中市,潭子區,0,2,0,5,2,6,50,5,4,1,4,4,6,6,1,1,1,4,4,1,13,2,9,2,1,C03,7,9,1,10,2,11,,84,84,1,12,2,120.686649,24.215959,2
11217,66000,387130000C,(04)23274275,(04)23288582,2025,06,29,17,5,臺中市,南屯區,0,0,0,5,,,50,,,,,,,,,,,,,,15,,,,,C03,,,1,,2,,,12,12,1,12,2,120.64877,24.143783,3
11218,66000,387130000C,(04)23274275,(04)23288582,2025,06,29,17,5,臺中市,西屯區,0,2,0,7,2,6,50,3,1,1,5,4,6,6,4,4,9,4,4,2,16,2,9,2,1,C03,7,6,1,10,2,14,,48,48,1,12,4,120.593534,24.180452,2
11219,66000,387130000C,(04)23274275,(04)23288582,2025,06,29,17,9,臺中市,北區,0,1,0,7,2,6,50,5,2,1,5,4,6,6,2,1,10,5,5,2,12,2,9,2,1,C03,7,9,1,10,2,14,,7,7,1,13,4,120.676561,24.163373,2