﻿序號,縣市別代碼,機關代碼,市話,傳真,年,月,日,時,分,縣市,區,死亡數量,受傷數量,2-30,天候,道路照明設備,道路類別,道路速限,道路型態,事故位置,路面鋪裝,路面狀態,路面缺陷,障礙物,視距,號誌種類,號誌動作,分向設施,快車道或一般車道間,快慢車道間,路面邊線,事故類型及型態,受傷程度,主要傷處,保護裝備,行動電話或功能裝置,當事者區分_類別,車輛用途,當事者行動狀態,駕照狀態,駕照種類,飲酒情形,車輛撞擊部位最初,車輛撞擊部位其他,肇事因素個別,肇事因素主要,肇事逃逸,職業,共享經濟或外送平台,GPS座標X,GPS座標Y,事故類別
11220,66000,387130000C,(04)23274275,(04)23288582,2025,06,29,17,10,臺中市,西屯區,0,0,0,5,2,6,50,4,1,1,4,4,6,6,1,1,9,5,5,2,13,,,,,C03,,,5,,1,,,7,7,1,13,4,120.638827,24.180171,3
11221,66000,387130000C,(04)23274275,(04)23288582,2025,06,29,17,11,臺中市,大里區,0,2,0,6,2,6,50,3,1,1,4,4,6,6,4,4,5,5,4,2,16,2,9,1,1,C03,7,11,1,10,2,12,,46,46,1,13,4,120.677835,24.094368,2
11222,66000,387130000C,(04)23274275,(04)23288582,2025,06,29,17,13,臺中市,西屯區,0,0,0,7,,,60,,,,,,,,,,,,,,13,,,,,B03,,,1,,1,,,57,57,1,12,4,120.653841,24.160499,3
11223,66000,387130000C,(04)23274275,(04)23288582,2025,06,29,17,20,臺中市,中區,0,1,0,7,2,6,50,4,1,1,5,4,6,6,4,4,10,5,5,2,17,3,10,3,1,B03,7,9,1,8,1,5,,12,12,1,12,4,120.676768,24.146191,2
11224,66000,387130000C,(04)23274275,(04)23288582,2025,06,29,17,20,臺中市,霧峰區,0,0,0,7,,,50,,,,,,,,,,,,,,16,,,,,C03,,,1,,2,,,11,11,1,13,4,120.664626,24.059961,4
11225,66000,387130000C,(04)23274275,(04)23288582,2025,06,29,17,21,臺中市,西區,0,1,0,5,2,6,50,13,9,1,4,4,6,6,4,4,5,5,5,2,17,3,10,3,1,B03,7,13,1,8,2,4,,76,76,1,12,4,120.67031,24.139925,2
11226,66000,387130000C,(04)23274275,(04)23288582,2025,06,29,17,24,臺中市,北區,0,1,0,6,2,6,40,13,7,1,5,4,6,6,4,4,9,5,4,2,3,3,10,6,5,H01,8,16,7,21,10,17,,95,95,1,13,5,120.682792,24.14838,2
11227,66000,387130000C,(04)23274275,(04)23288582,2025,06,29,17,24,臺中市,霧峰區,0,0,0,5,,,50,,,,,,,,,,,,,,12,,,,,B03,,,1,,2,,,8,8,1,13,4,120.696759,24.055029,3
11228,66000,387130000C,(04)23274275,(04)23288582,2025,06,29,17,25,臺中市,北屯區,0,0,0,5,,,50,,,,,,,,,,,,,,9,,,,,B03,,,1,,2,,,45,45,1,6,4,120.684266,24.188272,3
11229,66000,387130000C,(04)23274275,(04)23288582,2025,06,29,17,26,臺中市,北屯區,0,1,0,5,2,6,40,4,1,1,4,4,6,6,1,3,10,5,5,2,17,2,9,1,1,C03,7,12,1,10,2,12,,6,6,1,6,4,120.66849,24.196688,2
11230,66000,387130000C,(04)23274275,(04)23288582,2025,06,29,17,31,臺中市,北屯區,0,0,0,7,,,50,,,,,,,,,,,,,,,,,,,C03,,,,,,,,45,45,1,13,5,120.709211,24.186125,3
11231,66000,387130000C,(04)23274275,(04)23288582,2025,06,29,17,36,臺中市,太平區,0,1,0,5,2,6,50,3,1,1,4,4,6,6,1,1,10,5,5,2,16,2,8,2,1,C03,7,9,1,10,2,11,,21,21,1,13,4,120.733713,24.156941,2
11232,66000,387130000C,(04)23274275,(04)23288582,2025,06,29,17,36,臺中市,豐原區,0,0,0,7,2,6,50,13,9,1,5,4,6,6,4,4,1,2,5,1,13,3,10,3,1,B03,7,14,1,8,2,1,,59,59,1,12,4,120.748903,24.268813,3
11233,66000,387130000C,(04)23274275,(04)23288582,2025,06,29,17,38,臺中市,北區,0,0,0,5,,,50,,,,,,,,,,,,,,13,,,,,B03,,,1,,1,,,59,59,1,13,4,120.685222,24.161264,3
11234,66000,387130000C,(04)23274275,(04)23288582,2025,06,29,17,43,臺中市,大雅區,0,0,0,7,,,0,,,,,,,,,,,,,,,,,,,C03,,,1,,2,,,84,84,1,12,4,120.647167,24.221035,3
11235,66000,387130000C,(04)23274275,(04)23288582,2025,06,29,17,46,臺中市,大里區,0,0,0,5,3,6,50,3,8,1,4,4,6,6,1,1,1,4,4,1,13,,,,,C03,,,1,,2,,,84,84,1,12,4,120.67992,24.104263,3
11236,66000,387130000C,(04)23274275,(04)23288582,2025,06,29,17,50,臺中市,東區,0,0,0,5,1,6,50,13,9,1,4,4,6,6,4,4,9,4,5,2,17,3,10,1,1,C03,7,9,1,10,1,12,,84,84,1,12,4,120.689984,24.135751,3
11237,66000,387130000C,(04)23274275,(04)23288582,2025,06,29,17,52,臺中市,西屯區,0,1,0,5,2,6,40,13,7,1,4,4,6,6,4,4,5,5,4,2,16,3,10,3,1,B03,7,1,1,8,2,7,,51,51,1,12,4,120.663001,24.165646,2
11238,66000,387130000C,(04)23274275,(04)23288582,2025,06,29,17,56,臺中市,南屯區,0,1,0,5,3,6,50,13,9,1,4,4,6,6,4,4,5,4,5,2,17,3,10,5,4,B03,7,1,1,8,2,16,,51,51,1,6,4,120.643826,24.146854,2
11239,66000,387130000C,(04)23274275,(04)23288582,2025,06,29,18,1,臺中市,后里區,0,1,0,5,2,6,40,13,14,1,4,4,6,6,4,4,9,4,4,1,2,3,10,3,1,B03,7,14,1,8,2,5,,77,77,1,12,4,120.720525,24.309083,2
11240,66000,387130000C,(04)23274275,(04)23288582,2025,06,29,18,6,臺中市,北屯區,0,0,0,5,,,50,,,,,,,,,,,,,,13,,,,,B03,,,1,8,1,,,58,58,1,12,4,120.685829,24.189268,3
11241,66000,387130000C,(04)23274275,(04)23288582,2025,06,29,18,8,臺中市,北屯區,0,0,0,5,,,50,,,,,,,,,,,,,,16,,,,,B03,,,1,8,1,,,23,23,1,12,4,120.733316,24.161155,3
11242,66000,387130000C,(04)23274275,(04)23288582,2025,06,29,18,9,臺中市,沙鹿區,0,1,0,5,2,6,50,3,1,1,4,4,6,6,4,4,5,5,5,2,17,3,10,3,1,B12,7,6,3,19,2,5,,14,14,1,13,4,120.598887,24.259686,2
11243,66000,387130000C,(04)23274275,(04)23288582,2025,06,29,18,15,臺中市,東勢區,0,0,0,5,,,50,,,,,,,,,,,,,,19,,,,,B03,,,1,,2,,,83,83,1,13,4,120.85755,24.160756,3
11244,66000,387130000C,(04)23274275,(04)23288582,2025,06,29,18,25,臺中市,西屯區,0,1,0,5,2,6,40,4,1,1,4,4,6,6,1,1,10,5,5,2,18,2,9,5,1,C03,7,9,1,10,2,14,,7,7,1,12,4,120.641018,24.167806,2
11245,66000,387130000C,(04)23274275,(04)23288582,2025,06,29,18,25,臺中市,龍井區,0,2,0,5,2,6,50,11,9,1,4,4,6,6,4,4,10,5,5,2,10,2,9,2,1,C03,7,9,1,10,2,11,,59,59,1,12,4,120.54833,24.202106,2
11246,66000,387130000C,(04)23274275,(04)23288582,2025,06,29,18,39,臺中市,西區,0,1,0,7,2,6,50,4,1,1,4,4,6,6,4,4,10,5,5,2,17,3,10,3,1,B03,7,5,1,8,2,2,,11,11,1,12,4,120.658819,24.141258,2
11247,66000,387130000C,(04)23274275,(04)23288582,2025,06,29,18,45,臺中市,大甲區,0,0,0,7,,,50,,,,,,,,,,,,,,,,,,,B03,,,1,,2,,,49,49,1,6,4,120.624541,24.429428,3
11248,66000,387130000C,(04)23274275,(04)23288582,2025,06,29,18,48,臺中市,清水區,0,0,0,5,,,50,,,,,,,,,,,,,,,,,,,B03,,,1,,2,,,49,49,1,12,4,120.54889,24.272263,3
11249,66000,387130000C,(04)23274275,(04)23288582,2025,06,29,18,50,臺中市,南屯區,0,1,0,5,1,6,50,4,1,1,4,4,6,6,2,1,1,2,4,2,11,3,10,5,4,B03,7,6,1,8,2,6,,11,11,1,13,4,120.640731,24.146859,2
11250,66000,387130000C,(04)23274275,(04)23288582,2025,06,29,18,52,臺中市,龍井區,0,0,0,5,2,6,30,13,9,1,4,4,6,6,4,4,10,5,5,2,12,3,10,3,1,B03,7,9,1,8,2,1,,84,84,1,13,4,120.575133,24.180227,3
11251,66000,387130000C,(04)23274275,(04)23288582,2025,06,29,18,54,臺中市,西區,0,1,0,5,1,6,50,4,2,1,4,4,6,6,1,1,4,4,5,2,17,2,9,1,1,C03,7,9,1,10,2,16,,85,85,1,12,4,120.664027,24.151383,2
11252,66000,387130000C,(04)23274275,(04)23288582,2025,06,29,18,56,臺中市,北屯區,0,9,0,5,1,3,80,13,9,1,4,4,6,6,4,4,1,4,5,1,17,2,9,3,1,B03,7,9,1,7,2,1,,84,84,1,6,4,120.720757,24.169744,2
11253,66000,387130000C,(04)23274275,(04)23288582,2025,06,29,19,3,臺中市,大雅區,0,0,0,5,,,50,,,,,,,,,,,,,,,,,,,B03,,,1,,2,,,51,51,1,13,4,120.648621,24.226692,3
11254,66000,387130000C,(04)23274275,(04)23288582,2025,06,29,19,5,臺中市,西屯區,0,1,0,5,1,6,40,13,8,1,4,4,6,6,1,1,1,5,1,2,17,3,10,3,1,B03,7,8,1,8,2,16,,40,40,1,12,4,120.64148,24.167827,2
11255,66000,387130000C,(04)23274275,(04)23288582,2025,06,29,19,5,臺中市,豐原區,0,0,0,5,,,30,,,,,,,,,,,,,,,,,,,B03,,,1,,2,,,49,49,1,13,4,120.732074,24.249502,3
11256,66000,387130000C,(04)23274275,(04)23288582,2025,06,29,19,6,臺中市,北區,0,1,0,5,1,6,50,4,1,1,4,4,6,6,4,4,5,5,5,2,17,2,8,1,1,C03,7,9,1,10,2,16,,20,20,1,12,4,120.673658,24.158461,2
11257,66000,387130000C,(04)23274275,(04)23288582,2025,06,29,19,10,臺中市,西區,0,1,0,5,2,6,50,13,9,1,4,4,6,6,4,4,9,5,5,2,18,2,9,1,1,C03,7,9,1,10,2,11,,84,84,1,13,4,120.683635,24.139473,2
11258,66000,387130000C,(04)23274275,(04)23288582,2025,06,29,19,10,臺中市,西屯區,0,1,0,5,1,6,5,4,19,1,4,4,6,6,2,1,1,4,1,2,3,2,9,6,5,H01,8,16,7,21,10,17,,96,96,1,13,5,120.636528,24.170784,2
11259,66000,387130000C,(04)23274275,(04)23288582,2025,06,29,19,11,臺中市,南區,0,1,0,5,1,6,50,13,9,1,4,4,6,6,4,4,5,5,5,2,18,2,9,2,1,C03,7,9,1,10,2,16,,84,84,1,13,4,120.656884,24.124761,2
11260,66000,387130000C,(04)23274275,(04)23288582,2025,06,29,19,23,臺中市,北屯區,0,1,0,5,1,6,50,13,7,1,4,4,6,6,4,4,3,4,4,2,13,2,9,1,1,C03,7,9,1,11,2,11,,84,84,1,13,4,120.661816,24.18985,2
11261,66000,387130000C,(04)23274275,(04)23288582,2025,06,29,19,27,臺中市,大雅區,0,2,0,5,3,6,40,13,8,1,4,4,6,5,4,4,1,3,4,1,17,2,8,2,1,C03,7,9,1,10,2,14,,84,84,1,12,4,120.632545,24.238494,2
11262,66000,387130000C,(04)23274275,(04)23288582,2025,06,29,19,28,臺中市,東區,0,0,0,7,,,50,,,,,,,,,,,,,,,,,,,B03,,,1,,9,,,49,49,2,6,4,120.703721,24.139896,3
11263,66000,387130000C,(04)23274275,(04)23288582,2025,06,29,19,30,臺中市,南屯區,0,0,0,5,,,50,,,,,,,,,,,,,,17,,,,,B03,,,1,,1,,,8,8,1,12,4,120.635711,24.143383,3
11264,66000,387130000C,(04)23274275,(04)23288582,2025,06,29,19,32,臺中市,大里區,0,1,0,5,1,6,50,3,2,1,4,4,6,6,1,1,5,5,4,2,18,2,9,1,1,C03,7,9,1,10,2,12,,84,84,1,13,4,120.67716,24.099085,2
11265,66000,387130000C,(04)23274275,(04)23288582,2025,06,29,19,35,臺中市,大雅區,0,0,0,5,,,60,,,,,,,,,,,,,,,,,,,B03,,,1,,1,,,8,8,1,13,4,120.650665,24.210131,3
11266,66000,387130000C,(04)23274275,(04)23288582,2025,06,29,19,36,臺中市,沙鹿區,0,1,0,5,1,6,40,3,2,1,4,4,6,6,1,1,1,4,1,1,9,2,9,2,1,C03,7,9,1,10,2,14,,82,82,1,12,4,120.581737,24.209136,2
11267,66000,387130000C,(04)23274275,(04)23288582,2025,06,29,19,42,臺中市,豐原區,0,0,0,6,,,30,,,,,,,,,,,,,,16,,,,,B03,,,1,,2,,,12,12,1,13,4,120.707976,24.239559,3
11268,66000,387130000C,(04)23274275,(04)23288582,2025,06,29,19,50,臺中市,東區,0,0,0,5,1,6,50,4,1,1,4,4,6,6,1,1,10,5,5,2,17,3,10,3,1,B03,7,15,1,8,1,5,,40,40,1,12,4,120.687127,24.136224,3
11269,66000,387130000C,(04)23274275,(04)23288582,2025,06,29,19,57,臺中市,西區,0,1,0,7,1,6,50,4,1,1,4,4,6,6,1,1,10,5,5,2,17,3,10,3,1,B03,7,5,1,8,2,16,,47,47,1,12,4,120.657257,24.150851,2
11270,66000,387130000C,(04)23274275,(04)23288582,2025,06,29,19,59,臺中市,潭子區,0,0,0,6,,,0,,,,,,,,,,,,,,14,,,,,C03,,,6,,1,,,49,49,1,13,4,120.674431,24.20392,3
11271,66000,387130000C,(04)23274275,(04)23288582,2025,06,29,20,1,臺中市,龍井區,0,1,0,5,1,6,50,4,2,1,4,4,6,6,4,4,5,5,5,2,16,3,10,3,1,B03,7,6,1,8,2,8,,8,8,1,6,4,120.586085,24.181667,2
11272,66000,387130000C,(04)23274275,(04)23288582,2025,06,29,20,5,臺中市,太平區,0,0,0,7,,,50,,,,,,,,,,,,,,13,,,,,C03,,,1,,2,,,58,58,1,6,4,120.707487,24.12876,3
11273,66000,387130000C,(04)23274275,(04)23288582,2025,06,29,20,13,臺中市,烏日區,0,0,0,7,,,30,,,,,,,,,,,,,,17,,,,,B03,,,1,,2,,,7,7,1,6,4,120.632566,24.09713,3
11274,66000,387130000C,(04)23274275,(04)23288582,2025,06,29,20,15,臺中市,西區,0,1,0,6,2,6,50,13,7,1,5,4,6,6,1,1,5,5,4,2,17,2,9,1,1,C03,7,9,1,10,2,11,,7,7,1,13,4,120.663429,24.156909,2
11275,66000,387130000C,(04)23274275,(04)23288582,2025,06,29,20,15,臺中市,西屯區,0,1,0,5,2,6,40,3,2,1,4,4,6,6,4,4,5,2,4,2,18,2,9,5,4,C03,7,9,1,10,2,14,,59,59,1,12,4,120.649439,24.175094,2
11276,66000,387130000C,(04)23274275,(04)23288582,2025,06,29,20,18,臺中市,南屯區,0,1,0,6,1,6,50,4,1,1,5,4,6,6,1,1,10,5,5,2,17,3,10,2,4,C03,7,11,1,10,9,16,,39,39,1,6,2,120.626874,24.116341,2
11277,66000,387130000C,(04)23274275,(04)23288582,2025,06,29,20,19,臺中市,神岡區,0,0,0,7,,,30,,,,,,,,,,,,,,16,,,,,B03,,,1,,2,,,14,14,1,12,4,120.703809,24.266129,3
11278,66000,387130000C,(04)23274275,(04)23288582,2025,06,29,20,20,臺中市,梧棲區,0,0,0,7,,,50,,,,,,,,,,,,,,16,,,,,B12,,,1,,1,,,41,41,1,12,4,120.532148,24.260492,3
11279,66000,387130000C,(04)23274275,(04)23288582,2025,06,29,20,27,臺中市,烏日區,0,1,0,7,1,6,50,4,1,1,4,4,6,6,2,1,10,5,5,2,17,2,9,2,1,C03,7,9,1,10,2,16,,84,84,1,6,4,120.616655,24.113803,2
11280,66000,387130000C,(04)23274275,(04)23288582,2025,06,29,20,35,臺中市,北屯區,0,0,0,7,,,30,,,,,,,,,,,,,,12,,,,,B03,,,1,,1,,,8,8,1,6,4,120.66398,24.198774,3
11281,66000,387130000C,(04)23274275,(04)23288582,2025,06,29,20,36,臺中市,東區,0,0,0,7,,3,80,,,,,,,,,,,,,,13,,,,,B03,,,1,,1,,,59,59,1,6,4,120.708019,24.133257,3
11282,66000,387130000C,(04)23274275,(04)23288582,2025,06,29,20,38,臺中市,西屯區,0,0,0,7,,,50,,,,,,,,,,,,,,13,,,,,B03,,,1,,1,,,7,7,1,12,4,120.651201,24.166899,3
11283,66000,387130000C,(04)23274275,(04)23288582,2025,06,29,20,45,臺中市,西屯區,0,0,0,7,,,60,,,,,,,,,,,,,,12,,,,,B03,,,1,,1,,,40,40,1,13,4,120.654459,24.160451,3
11284,66000,387130000C,(04)23274275,(04)23288582,2025,06,29,20,50,臺中市,西屯區,0,2,0,7,1,6,50,4,1,1,5,4,6,6,1,1,10,5,5,2,15,2,7,3,1,B03,7,9,1,8,2,1,,21,21,1,12,4,120.622518,24.18151,2
11285,66000,387130000C,(04)23274275,(04)23288582,2025,06,29,20,52,臺中市,西區,0,1,0,7,2,6,40,13,8,1,5,4,6,6,4,4,5,5,4,2,13,2,9,1,1,C03,7,9,1,10,2,11,,7,7,1,13,4,120.661518,24.135623,2
11286,66000,387130000C,(04)23274275,(04)23288582,2025,06,29,20,56,臺中市,太平區,0,0,0,7,,,50,,,,,,,,,,,,,,14,,,,,B03,,,1,,1,,,49,49,1,6,4,120.715326,24.114901,3
11287,66000,387130000C,(04)23274275,(04)23288582,2025,06,29,21,2,臺中市,南區,0,0,0,7,,,50,,,,,,,,,,,,,,,,,,,C03,,,1,,1,,,7,7,1,6,4,120.657822,24.116171,3
11288,66000,387130000C,(04)23274275,(04)23288582,2025,06,29,21,14,臺中市,霧峰區,0,0,0,7,,,50,,,,,,,,,,,,,,17,,,,,B03,,,1,,2,,,84,84,1,13,4,120.699276,24.068459,3
11289,66000,387130000C,(04)23274275,(04)23288582,2025,06,29,21,27,臺中市,西區,0,1,0,7,1,6,50,4,1,1,5,4,6,6,1,1,10,5,5,2,16,3,10,3,1,B03,7,5,1,8,2,2,,85,85,1,6,4,120.655131,24.15079,2
11290,66000,387130000C,(04)23274275,(04)23288582,2025,06,29,21,40,臺中市,烏日區,0,2,0,7,1,6,50,3,1,1,5,4,6,6,4,4,10,5,5,2,18,2,9,1,1,C03,7,9,1,10,2,11,14,84,84,1,6,4,120.625283,24.108302,2
11291,66000,387130000C,(04)23274275,(04)23288582,2025,06,29,21,46,臺中市,大甲區,0,0,0,7,,,50,,,,,,,,,,,,,,14,,,,,B03,,,1,,2,,,49,49,1,12,4,120.624573,24.345098,3
11292,66000,387130000C,(04)23274275,(04)23288582,2025,06,29,21,48,臺中市,北區,0,0,0,7,,,30,,,,,,,,,,,,,,17,,,,,B03,,,1,,2,,,59,59,1,12,4,120.677099,24.159569,3
11293,66000,387130000C,(04)23274275,(04)23288582,2025,06,29,21,49,臺中市,北區,0,0,0,7,1,6,50,13,8,1,5,4,6,6,4,4,1,4,4,2,13,3,10,3,1,B03,7,9,5,19,7,5,,53,53,1,13,4,120.684797,24.16143,3
11294,66000,387130000C,(04)23274275,(04)23288582,2025,06,29,22,6,臺中市,南屯區,0,1,0,7,1,6,50,4,1,1,5,4,6,6,1,1,10,5,5,2,16,3,10,3,1,B03,7,6,3,19,2,2,,11,11,1,12,4,120.653003,24.14497,2
11295,66000,387130000C,(04)23274275,(04)23288582,2025,06,29,22,11,臺中市,太平區,0,1,0,7,1,6,50,5,1,1,5,4,6,6,1,1,10,5,5,2,17,2,9,5,4,C03,7,6,2,19,2,12,,36,36,1,6,4,120.711097,24.126682,2
11296,66000,387130000C,(04)23274275,(04)23288582,2025,06,29,22,19,臺中市,西屯區,0,0,0,7,,,30,,,,,,,,,,,,,,17,,,,,B03,,,1,,2,,,58,58,1,10,4,120.593463,24.186238,3
11297,66000,387130000C,(04)23274275,(04)23288582,2025,06,29,22,20,臺中市,西屯區,0,0,0,7,,,30,,,,,,,,,,,,,,16,,,,,B03,,,1,,1,,,14,14,1,12,4,120.660537,24.206919,3
11298,66000,387130000C,(04)23274275,(04)23288582,2025,06,29,22,25,臺中市,北區,0,1,0,7,1,6,40,13,7,1,5,4,6,6,4,4,1,4,4,2,17,3,10,3,1,A42,7,1,1,8,2,4,,51,51,1,12,4,120.681307,24.15273,2
11299,66000,387130000C,(04)23274275,(04)23288582,2025,06,29,22,29,臺中市,太平區,0,1,0,7,1,6,40,3,4,1,5,4,6,6,4,4,10,5,5,1,13,3,10,3,1,B03,7,9,1,8,2,1,,39,39,1,6,4,120.727088,24.1566,2
11300,66000,387130000C,(04)23274275,(04)23288582,2025,06,29,22,37,臺中市,西屯區,0,0,0,7,1,6,60,13,7,1,5,4,6,6,4,4,1,4,1,2,12,,,,,B03,,,1,,9,,,40,40,1,13,4,120.649269,24.162663,3
11301,66000,387130000C,(04)23274275,(04)23288582,2025,06,29,22,39,臺中市,豐原區,0,2,0,6,1,6,50,4,1,1,5,4,6,6,1,1,5,5,4,1,13,2,8,1,1,C03,7,9,1,10,2,11,,4,4,1,13,4,120.71431,24.251723,2
11302,66000,387130000C,(04)23274275,(04)23288582,2025,06,29,22,52,臺中市,西區,0,0,0,7,,,50,,,,,,,,,,,,,,,,,,,B03,,,1,,2,,,20,20,1,13,4,120.663775,24.154648,3
11303,66000,387130000C,(04)23274275,(04)23288582,2025,06,29,22,55,臺中市,大里區,0,1,0,6,1,6,50,4,2,1,5,4,6,6,4,4,10,5,5,2,28,2,9,1,1,C03,7,9,1,10,2,11,,84,84,1,12,4,120.693507,24.108084,2
11304,66000,387130000C,(04)23274275,(04)23288582,2025,06,29,23,15,臺中市,北屯區,0,0,0,7,,,30,,,,,,,,,,,,,,17,,,,,B03,,,1,,9,,,84,84,1,12,4,120.69549,24.168614,3
11305,66000,387130000C,(04)23274275,(04)23288582,2025,06,29,23,24,臺中市,龍井區,0,0,0,7,,,50,,,,,,,,,,,,,,12,,,,,C03,,,1,,9,,,7,7,1,6,4,120.590768,24.180988,3
11306,66000,387130000C,(04)23274275,(04)23288582,2025,06,29,23,30,臺中市,大肚區,0,1,0,6,1,9,50,5,1,1,5,4,6,6,1,1,10,5,5,2,18,2,9,1,1,C03,7,9,1,10,2,14,,84,84,1,6,4,120.543617,24.159272,2
11307,66000,387130000C,(04)23274275,(04)23288582,2025,06,29,23,43,臺中市,大里區,0,0,0,7,,,50,,,,,,,,,,,,,,13,,,,,B03,,,1,,2,,,84,84,1,13,4,120.68903,24.10395,3
11308,66000,387130000C,(04)23274275,(04)23288582,2025,06,30,0,7,臺中市,北區,0,0,0,7,1,6,50,13,9,1,5,4,6,6,4,4,10,5,5,2,17,,,,,B01,,,1,,2,,,43,43,1,12,4,120.687357,24.152791,3
11309,66000,387130000C,(04)23274275,(04)23288582,2025,06,30,0,51,臺中市,新社區,0,1,0,7,1,6,50,3,1,1,5,4,6,6,4,4,10,5,5,1,18,2,9,2,1,C03,7,5,3,19,8,12,,84,84,1,6,4,120.795864,24.211958,2
11310,66000,387130000C,(04)23274275,(04)23288582,2025,06,30,0,59,臺中市,潭子區,0,1,0,6,1,6,60,4,7,1,5,4,6,6,2,1,1,2,5,2,13,3,10,3,1,B12,7,1,1,8,2,1,,84,84,1,13,4,120.706031,24.200805,2
11311,66000,387130000C,(04)23274275,(04)23288582,2025,06,30,1,25,臺中市,北區,0,2,0,7,1,6,50,11,9,1,5,4,6,6,4,4,5,4,5,2,18,2,9,1,1,C03,7,9,2,19,2,11,,84,84,1,12,4,120.685375,24.143213,2
11312,66000,387130000C,(04)23274275,(04)23288582,2025,06,30,2,25,臺中市,西屯區,0,2,0,7,1,6,50,3,2,1,5,4,6,6,4,4,1,4,5,2,16,2,7,3,1,B02,7,8,1,4,2,6,,40,40,1,12,4,120.626261,24.178375,2
11313,66000,387130000C,(04)23274275,(04)23288582,2025,06,30,3,27,臺中市,大里區,0,0,0,7,,,40,,,,,,,,,,,,,,14,,,,,B03,,,1,,2,,,49,49,1,13,4,120.673558,24.115997,3
11314,66000,387130000C,(04)23274275,(04)23288582,2025,06,30,4,42,臺中市,北屯區,0,0,0,7,,,40,,,,,,,,,,,,,,17,,,,,B03,,,1,,2,,,8,8,1,6,4,120.663397,24.187213,3
11315,66000,387130000C,(04)23274275,(04)23288582,2025,06,30,4,45,臺中市,后里區,0,0,0,7,1,6,60,13,14,1,5,4,6,6,4,4,5,4,5,1,30,3,10,3,1,B12,7,9,3,19,9,1,,84,84,1,12,4,120.729137,24.329335,3
11316,66000,387130000C,(04)23274275,(04)23288582,2025,06,30,5,30,臺中市,沙鹿區,0,1,0,7,3,6,40,3,2,1,5,4,6,6,1,1,10,5,5,2,19,2,9,1,1,C03,7,6,1,10,2,11,,59,59,1,6,4,120.575544,24.25167,2
11317,66000,387130000C,(04)23274275,(04)23288582,2025,06,30,5,30,臺中市,神岡區,0,0,0,7,,,30,,,,,,,,,,,,,,16,,,,,B03,,,1,,2,,,51,51,1,13,4,120.696235,24.2475,3
11318,66000,387130000C,(04)23274275,(04)23288582,2025,06,30,5,49,臺中市,東區,0,1,0,7,2,6,50,4,1,1,5,4,6,6,1,1,9,4,5,2,17,3,10,3,1,B03,7,5,1,8,2,2,,47,47,1,12,4,120.697296,24.147958,2
11319,66000,387130000C,(04)23274275,(04)23288582,2025,06,30,6,11,臺中市,烏日區,0,1,0,6,2,6,50,3,1,1,5,4,6,6,1,1,10,5,5,2,17,2,9,1,1,C03,7,5,3,19,2,14,,25,25,1,6,4,120.58716,24.112829,2
11320,66000,387130000C,(04)23274275,(04)23288582,2025,06,30,6,45,臺中市,北屯區,0,0,0,7,,,50,,,,,,,,,,,,,,12,,,,,B03,,,1,,1,,,51,51,1,12,4,120.696732,24.168301,3
11321,66000,387130000C,(04)23274275,(04)23288582,2025,06,30,6,50,臺中市,南區,0,1,0,7,2,6,50,4,1,1,5,4,6,6,1,1,10,5,5,2,17,3,10,3,1,B03,7,9,1,8,2,1,,84,84,1,13,4,120.648642,24.119595,2
11322,66000,387130000C,(04)23274275,(04)23288582,2025,06,30,6,50,臺中市,西屯區,0,2,0,7,2,6,0,13,9,1,5,4,6,6,4,4,10,5,5,2,17,2,7,1,1,C03,7,1,1,10,2,11,,51,51,1,12,4,120.607255,24.184741,2
11323,66000,387130000C,(04)23274275,(04)23288582,2025,06,30,6,51,臺中市,西屯區,0,1,0,7,2,6,50,13,9,1,5,4,6,6,4,4,5,4,5,2,13,2,9,5,4,C03,7,9,1,10,1,11,,7,7,1,13,4,120.618443,24.18807,2
11324,66000,387130000C,(04)23274275,(04)23288582,2025,06,30,6,53,臺中市,北屯區,0,0,0,7,,,40,,,,,,,,,,,,,,12,,,,,B03,,,1,,2,,,84,84,1,12,4,120.718288,24.159767,3
11325,66000,387130000C,(04)23274275,(04)23288582,2025,06,30,6,55,臺中市,梧棲區,0,1,0,7,2,6,50,13,9,1,5,4,6,6,4,4,9,4,5,1,16,2,9,1,1,C03,7,1,1,9,2,11,,51,51,1,12,4,120.537166,24.24285,2
11326,66000,387130000C,(04)23274275,(04)23288582,2025,06,30,6,58,臺中市,豐原區,0,1,0,7,2,6,50,3,7,1,5,4,6,6,4,4,5,4,4,2,17,3,10,3,1,B03,7,2,1,8,2,7,,49,49,1,12,4,120.734225,24.251444,2
11327,66000,387130000C,(04)23274275,(04)23288582,2025,06,30,7,1,臺中市,大甲區,0,1,0,7,3,6,50,4,1,1,5,4,6,6,4,4,5,5,5,1,17,2,9,1,1,F01,7,6,7,21,2,14,,48,48,1,6,4,120.629325,24.354035,2