﻿序號,縣市別代碼,機關代碼,市話,傳真,年,月,日,時,分,縣市,區,死亡數量,受傷數量,2-30,天候,道路照明設備,道路類別,道路速限,道路型態,事故位置,路面鋪裝,路面狀態,路面缺陷,障礙物,視距,號誌種類,號誌動作,分向設施,快車道或一般車道間,快慢車道間,路面邊線,事故類型及型態,受傷程度,主要傷處,保護裝備,行動電話或功能裝置,當事者區分_類別,車輛用途,當事者行動狀態,駕照狀態,駕照種類,飲酒情形,車輛撞擊部位最初,車輛撞擊部位其他,肇事因素個別,肇事因素主要,肇事逃逸,職業,共享經濟或外送平台,GPS座標X,GPS座標Y,事故類別
11439,66000,387130000C,(04)23274275,(04)23288582,2025,06,30,9,36,臺中市,南區,0,0,0,7,,,50,,,,,,,,,,,,,,,,,,,B03,,,1,,1,,,7,7,1,6,4,120.650464,24.111035,3
11440,66000,387130000C,(04)23274275,(04)23288582,2025,06,30,9,37,臺中市,龍井區,0,0,0,7,2,6,50,13,9,1,5,4,6,6,4,4,5,5,5,1,14,3,10,3,1,B12,7,2,1,8,2,6,,49,49,1,6,4,120.525132,24.203025,3
11441,66000,387130000C,(04)23274275,(04)23288582,2025,06,30,9,38,臺中市,南屯區,0,0,0,7,,,30,,,,,,,,,,,,,,12,,,,,A12,,,1,,2,,,84,84,1,12,4,120.63745,24.139159,3
11442,66000,387130000C,(04)23274275,(04)23288582,2025,06,30,9,40,臺中市,沙鹿區,0,0,0,7,,,60,,,,,,,,,,,,,,13,,,,,B02,,,1,,2,,,7,7,1,12,4,120.55679,24.212767,3
11443,66000,387130000C,(04)23274275,(04)23288582,2025,06,30,9,43,臺中市,太平區,0,0,0,7,,,30,,,,,,,,,,,,,,14,,,,,B03,,,1,,2,,,49,49,1,12,4,120.713356,24.124597,3
11444,66000,387130000C,(04)23274275,(04)23288582,2025,06,30,9,46,臺中市,潭子區,0,1,0,7,2,6,60,4,1,1,5,4,6,6,2,1,1,4,4,1,13,2,9,1,1,C03,7,9,1,10,2,11,,7,7,1,13,4,120.702297,24.192161,2
11445,66000,387130000C,(04)23274275,(04)23288582,2025,06,30,9,49,臺中市,豐原區,0,0,0,7,,,50,,,,,,,,,,,,,,14,,,,,B12,,,1,,1,,,49,49,1,12,4,120.713629,24.242846,3
11446,66000,387130000C,(04)23274275,(04)23288582,2025,06,30,9,52,臺中市,西區,0,1,0,7,2,6,50,13,8,1,5,4,6,6,4,4,1,5,1,2,17,2,9,2,1,C03,7,12,1,10,2,11,,7,7,1,12,4,120.668034,24.152541,2
11447,66000,387130000C,(04)23274275,(04)23288582,2025,06,30,9,57,臺中市,太平區,0,0,0,7,2,6,50,,,,,,,,,,,,,,,,,,,B03,,,1,,2,7,,49,49,1,12,4,120.717505,24.152771,3
11448,66000,387130000C,(04)23274275,(04)23288582,2025,06,30,10,0,臺中市,南屯區,0,0,0,7,,,50,,,,,,,,,,,,,,13,,,,,B03,,,1,,1,,,7,7,1,12,4,120.638571,24.133663,3
11449,66000,387130000C,(04)23274275,(04)23288582,2025,06,30,10,0,臺中市,烏日區,0,0,0,7,,,50,,,,,,,,,,,,,,14,,,,,C03,,,1,,9,,,49,49,1,6,4,120.634113,24.107251,3
11450,66000,387130000C,(04)23274275,(04)23288582,2025,06,30,10,2,臺中市,西屯區,0,0,0,7,,,80,,,,,,,,,,,,,,,,,,,B03,,,4,,1,,,7,7,1,12,4,120.654522,24.199247,3
11451,66000,387130000C,(04)23274275,(04)23288582,2025,06,30,10,4,臺中市,大里區,0,0,0,7,,,30,,,,,,,,,,,,,,,,,,,B12,,,1,,9,,,84,84,1,12,4,120.690115,24.111836,3
11452,66000,387130000C,(04)23274275,(04)23288582,2025,06,30,10,11,臺中市,大里區,0,0,0,7,,,50,,,,,,,,,,,,,,17,,,,,B12,,,1,,2,,,39,39,1,6,4,120.70376,24.094123,3
11453,66000,387130000C,(04)23274275,(04)23288582,2025,06,30,10,12,臺中市,神岡區,0,1,0,7,2,6,50,5,2,1,5,4,6,6,1,1,3,4,4,2,12,2,9,1,1,C03,7,8,1,10,2,14,,40,40,1,12,4,120.664203,24.272939,2
11454,66000,387130000C,(04)23274275,(04)23288582,2025,06,30,10,13,臺中市,梧棲區,0,1,0,7,2,6,50,4,1,1,5,4,6,6,1,1,10,5,5,2,15,3,10,3,1,A12,7,9,1,5,2,1,,85,85,1,12,4,120.554935,24.254051,2
11455,66000,387130000C,(04)23274275,(04)23288582,2025,06,30,10,14,臺中市,豐原區,0,0,0,7,,,50,,,,,,,,,,,,,,17,,,,,A12,,,1,,2,,,8,8,1,12,4,120.739834,24.257447,3
11456,66000,387130000C,(04)23274275,(04)23288582,2025,06,30,10,24,臺中市,太平區,0,0,0,7,2,6,50,4,9,1,5,4,6,6,4,4,5,5,5,1,17,3,10,3,1,B03,7,9,1,8,1,2,,84,84,1,6,4,120.724996,24.143247,3
11457,66000,387130000C,(04)23274275,(04)23288582,2025,06,30,10,30,臺中市,大雅區,0,0,0,7,,,0,,,,,,,,,,,,,,,,,,,B02,,,1,,2,,,39,39,1,13,4,120.644121,24.206147,3
11458,66000,387130000C,(04)23274275,(04)23288582,2025,06,30,10,39,臺中市,南屯區,0,0,0,7,,,50,,,,,,,,,,,,,,,,,,,B03,,,1,,1,,,84,84,1,13,4,120.640466,24.153691,3
11459,66000,387130000C,(04)23274275,(04)23288582,2025,06,30,10,40,臺中市,北屯區,0,2,0,7,3,6,50,13,9,1,5,4,6,6,4,4,5,4,5,2,13,3,10,2,1,C03,7,9,1,10,2,11,13,7,7,1,12,4,120.67965,24.172812,2
11460,66000,387130000C,(04)23274275,(04)23288582,2025,06,30,10,45,臺中市,西屯區,0,0,0,7,,,50,,,,,,,,,,,,,,,,,,,B12,,,1,,1,,,49,49,1,12,4,120.635525,24.17921,3
11461,66000,387130000C,(04)23274275,(04)23288582,2025,06,30,10,45,臺中市,太平區,0,1,0,7,2,6,50,13,9,1,5,4,6,6,4,4,4,4,5,2,17,3,10,6,1,F01,7,8,7,21,5,16,,40,40,1,12,4,120.712423,24.12575,2
11462,66000,387130000C,(04)23274275,(04)23288582,2025,06,30,10,46,臺中市,大里區,0,0,0,7,,,30,,,,,,,,,,,,,,14,,,,,B12,,,1,,1,,,49,49,1,12,4,120.697347,24.085761,3
11463,66000,387130000C,(04)23274275,(04)23288582,2025,06,30,10,58,臺中市,大肚區,0,1,0,7,2,6,30,4,1,1,5,4,6,6,4,4,10,5,5,2,16,3,10,1,1,C03,7,5,1,10,2,11,,15,15,1,6,4,120.541211,24.14979,2
11464,66000,387130000C,(04)23274275,(04)23288582,2025,06,30,11,0,臺中市,東區,0,1,0,7,2,6,50,4,1,1,5,4,6,6,4,4,10,5,5,2,15,3,10,3,1,B03,7,9,1,8,2,1,,13,13,1,12,4,120.692917,24.128955,2
11465,66000,387130000C,(04)23274275,(04)23288582,2025,06,30,11,0,臺中市,太平區,0,0,0,7,,,50,,,,,,,,,,,,,,17,,,,,C03,,,1,,2,,,84,84,1,12,4,120.721987,24.129316,3
11466,66000,387130000C,(04)23274275,(04)23288582,2025,06,30,11,2,臺中市,西屯區,0,0,0,7,,,50,,,,,,,,,,,,,,,,,,,B03,,,1,,1,,,7,7,1,13,4,120.64975,24.155611,3
11467,66000,387130000C,(04)23274275,(04)23288582,2025,06,30,11,4,臺中市,西屯區,0,0,0,7,,,50,,,,,,,,,,,,,,17,,,,,B12,,,1,,2,,,8,8,1,12,4,120.641473,24.156664,3
11468,66000,387130000C,(04)23274275,(04)23288582,2025,06,30,11,5,臺中市,北區,0,2,0,7,2,6,50,4,1,1,5,4,6,6,1,1,5,5,5,2,16,2,9,1,1,C03,7,9,1,10,2,12,,39,39,1,12,4,120.676326,24.160416,2
11469,66000,387130000C,(04)23274275,(04)23288582,2025,06,30,11,5,臺中市,南屯區,0,0,0,7,,,50,,,,,,,,,,,,,,12,,,,,B03,,,1,,2,,,8,8,1,12,4,120.634853,24.153456,3
11470,66000,387130000C,(04)23274275,(04)23288582,2025,06,30,11,5,臺中市,豐原區,0,0,0,7,,,50,,,,,,,,,,,,,,17,,,,,C04,,,1,,1,,,85,85,1,12,4,120.72338,24.240257,3
11471,66000,387130000C,(04)23274275,(04)23288582,2025,06,30,11,6,臺中市,西屯區,0,2,0,7,2,6,30,4,1,1,5,4,6,6,4,4,10,5,5,2,15,2,9,5,4,C03,7,9,1,10,2,11,,15,15,1,13,4,120.64804,24.175982,2
11472,66000,387130000C,(04)23274275,(04)23288582,2025,06,30,11,8,臺中市,烏日區,0,0,0,7,,,30,,,,,,,,,,,,,,15,,,,,B03,,,1,,1,,,20,20,1,6,4,120.647208,24.058702,3
11473,66000,387130000C,(04)23274275,(04)23288582,2025,06,30,11,9,臺中市,沙鹿區,0,0,0,7,,,50,,,,,,,,,,,,,,,,,,,C03,,,1,,2,,,54,54,1,6,4,120.558754,24.233577,3
11474,66000,387130000C,(04)23274275,(04)23288582,2025,06,30,11,12,臺中市,北區,0,0,0,7,,,40,,,,,,,,,,,,,,17,,,,,B03,,,1,,1,,,49,49,1,13,4,120.67555,24.169337,3
11475,66000,387130000C,(04)23274275,(04)23288582,2025,06,30,11,13,臺中市,北區,0,1,0,7,2,6,50,13,9,1,5,4,6,6,4,4,5,4,5,2,17,2,5,5,4,C03,7,15,1,10,2,13,,84,84,1,13,4,120.682777,24.153888,2
11476,66000,387130000C,(04)23274275,(04)23288582,2025,06,30,11,13,臺中市,北屯區,0,2,0,7,3,6,50,13,7,1,5,4,6,6,4,4,9,5,4,2,13,2,9,2,1,C03,7,9,1,10,2,11,,7,7,1,12,4,120.72898,24.16886,2
11477,66000,387130000C,(04)23274275,(04)23288582,2025,06,30,11,13,臺中市,西屯區,0,1,0,7,1,6,30,4,1,1,5,4,6,6,3,1,10,5,5,1,17,3,10,3,1,B03,7,9,1,8,2,16,,24,24,1,12,4,120.650251,24.169196,2
11478,66000,387130000C,(04)23274275,(04)23288582,2025,06,30,11,14,臺中市,豐原區,0,0,0,7,,,50,,,,,,,,,,,,,,17,,,,,B11,,,1,,2,,,76,76,1,12,4,120.700267,24.245726,3
11479,66000,387130000C,(04)23274275,(04)23288582,2025,06,30,11,23,臺中市,北屯區,0,0,0,7,,,50,,,,,,,,,,,,,,,,,,,B03,,,1,,2,,,40,40,1,12,4,120.679719,24.172964,3
11480,66000,387130000C,(04)23274275,(04)23288582,2025,06,30,11,26,臺中市,霧峰區,0,0,0,7,,,50,,,,,,,,,,,,,,11,,,,,B12,,,1,,2,,,8,8,1,6,4,120.713544,24.075933,3
11481,66000,387130000C,(04)23274275,(04)23288582,2025,06,30,11,27,臺中市,北屯區,0,1,0,7,2,6,50,4,1,1,5,4,6,6,1,1,10,5,5,2,17,3,10,3,1,B12,7,6,1,8,2,6,,11,11,1,12,4,120.692439,24.19282,2
11482,66000,387130000C,(04)23274275,(04)23288582,2025,06,30,11,28,臺中市,南屯區,0,1,0,7,2,6,50,13,9,1,5,4,6,6,4,4,9,4,5,2,17,2,9,4,1,F01,7,9,7,21,2,15,,59,59,1,3,3,120.646613,24.140964,2
11483,66000,387130000C,(04)23274275,(04)23288582,2025,06,30,11,29,臺中市,后里區,0,1,0,7,2,6,50,13,9,1,5,4,6,6,3,1,1,4,4,1,12,3,10,3,1,B03,7,9,1,8,2,2,,7,7,1,12,4,120.724103,24.318153,2
11484,66000,387130000C,(04)23274275,(04)23288582,2025,06,30,11,30,臺中市,西屯區,0,1,0,7,2,6,50,4,2,1,5,4,6,6,1,1,5,5,4,2,12,3,10,1,1,C03,7,9,3,19,2,12,,8,8,1,12,4,120.662661,24.163645,2
11485,66000,387130000C,(04)23274275,(04)23288582,2025,06,30,11,31,臺中市,北屯區,0,0,0,7,,,40,,,,,,,,,,,,,,,,,,,B03,,,1,,1,,,58,58,1,6,4,120.721021,24.174657,3
11486,66000,387130000C,(04)23274275,(04)23288582,2025,06,30,11,37,臺中市,太平區,0,3,0,7,3,6,80,13,9,1,5,4,6,6,4,4,1,3,5,1,13,2,9,3,1,B12,7,9,1,8,2,1,,7,7,1,6,4,120.707821,24.132847,2
11487,66000,387130000C,(04)23274275,(04)23288582,2025,06,30,11,39,臺中市,霧峰區,0,1,0,7,2,6,50,4,1,1,5,4,6,6,1,1,10,5,5,2,16,3,10,5,4,B03,7,5,3,19,2,5,,11,11,1,12,4,120.699157,24.077977,2
11488,66000,387130000C,(04)23274275,(04)23288582,2025,06,30,11,41,臺中市,大雅區,0,0,0,7,,,50,,,,,,,,,,,,,,,,,,,A41,,,1,,1,,,40,40,1,12,4,120.61409,24.215759,3
11489,66000,387130000C,(04)23274275,(04)23288582,2025,06,30,11,42,臺中市,南屯區,0,1,0,7,2,6,50,3,1,1,5,4,6,6,1,1,9,4,5,2,18,2,9,1,1,C03,7,9,1,10,2,14,,82,82,1,12,4,120.643792,24.127905,2
11490,66000,387130000C,(04)23274275,(04)23288582,2025,06,30,11,42,臺中市,豐原區,0,1,0,7,2,6,50,5,1,1,5,4,6,6,1,1,1,4,4,1,17,2,9,1,1,C03,7,6,3,19,11,14,,48,48,1,12,4,120.716753,24.244174,2
11491,66000,387130000C,(04)23274275,(04)23288582,2025,06,30,11,45,臺中市,西屯區,0,0,0,7,,,50,,,,,,,,,,,,,,13,,,,,B11,,,1,,2,,,7,7,1,12,4,120.622072,24.191455,3
11492,66000,387130000C,(04)23274275,(04)23288582,2025,06,30,11,45,臺中市,豐原區,0,0,0,7,,,60,,,,,,,,,,,,,,13,,,,,B03,,,1,,2,,,84,84,1,12,4,120.70352,24.238111,3
11493,66000,387130000C,(04)23274275,(04)23288582,2025,06,30,11,48,臺中市,西區,0,1,0,7,2,6,50,3,1,1,5,4,6,6,1,1,10,5,5,2,15,3,10,3,1,B03,7,9,1,8,2,8,,21,21,1,12,4,120.658977,24.155921,2
11494,66000,387130000C,(04)23274275,(04)23288582,2025,06,30,11,51,臺中市,西屯區,0,1,0,7,2,6,80,13,9,1,5,4,6,6,4,4,10,4,5,2,17,3,10,3,1,B03,7,7,1,8,9,16,,40,40,1,13,4,120.65922,24.200549,2
11495,66000,387130000C,(04)23274275,(04)23288582,2025,06,30,11,52,臺中市,北區,0,2,0,7,3,6,50,3,1,1,5,4,6,6,2,1,10,5,5,2,17,2,9,5,4,C03,7,6,1,10,2,12,,48,48,1,13,4,120.671934,24.163333,2
11496,66000,387130000C,(04)23274275,(04)23288582,2025,06,30,11,53,臺中市,北區,0,0,0,7,,,50,,,,,,,,,,,,,,13,,,,,B03,,,1,,1,,,84,84,1,12,4,120.672539,24.168494,3
11497,66000,387130000C,(04)23274275,(04)23288582,2025,06,30,11,54,臺中市,西屯區,0,0,0,7,,,60,,,,,,,,,,,,,,,,,,,B03,,,1,,1,,,7,7,1,12,4,120.645238,24.162888,3
11498,66000,387130000C,(04)23274275,(04)23288582,2025,06,30,11,55,臺中市,東區,0,0,0,7,,,50,,,,,,,,,,,,,,17,,,,,B03,,,1,,2,,,85,85,1,13,4,120.688577,24.143129,3
11499,66000,387130000C,(04)23274275,(04)23288582,2025,06,30,11,55,臺中市,北屯區,0,1,0,7,3,6,50,3,1,1,5,4,6,6,4,4,5,4,5,2,12,3,10,3,1,B03,7,7,1,8,2,5,,40,40,1,6,4,120.698816,24.165083,2
11500,66000,387130000C,(04)23274275,(04)23288582,2025,06,30,11,56,臺中市,西屯區,0,1,0,7,1,6,50,13,9,1,5,4,6,6,4,4,5,4,5,1,17,3,10,2,1,C03,7,5,1,10,2,16,,84,84,1,12,4,120.655341,24.173665,2
11501,66000,387130000C,(04)23274275,(04)23288582,2025,06,30,11,58,臺中市,北區,0,1,0,7,2,6,50,3,1,1,5,4,6,6,4,4,5,5,5,2,17,3,10,5,1,B02,7,6,1,8,2,1,,12,12,1,13,4,120.689674,24.154878,2
11502,66000,387130000C,(04)23274275,(04)23288582,2025,06,30,11,59,臺中市,西屯區,0,0,0,7,,,50,,,,,,,,,,,,,,13,,,,,B03,,,1,,1,,,82,82,1,13,4,120.635846,24.181696,3
11503,66000,387130000C,(04)23274275,(04)23288582,2025,06,30,12,0,臺中市,西屯區,0,0,0,7,,,50,,,,,,,,,,,,,,,,,,,B03,,,1,,1,,,7,7,1,12,4,120.633777,24.161495,3
11504,66000,387130000C,(04)23274275,(04)23288582,2025,06,30,12,6,臺中市,西區,0,1,0,7,2,6,50,13,9,1,5,4,6,6,4,4,3,2,5,2,13,3,10,3,1,B02,7,9,1,8,1,1,,84,84,1,12,4,120.666468,24.140492,2
11505,66000,387130000C,(04)23274275,(04)23288582,2025,06,30,12,7,臺中市,南區,0,0,0,7,,,50,,,,,,,,,,,,,,,,,,,A12,,,1,,9,,,9,9,1,6,4,120.668832,24.119155,3
11506,66000,387130000C,(04)23274275,(04)23288582,2025,06,30,12,7,臺中市,大里區,0,1,0,7,2,6,50,13,8,1,5,4,6,6,4,4,9,4,4,2,17,2,9,2,1,C03,7,9,1,10,2,16,,85,85,1,12,4,120.690564,24.101016,2
11507,66000,387130000C,(04)23274275,(04)23288582,2025,06,30,12,8,臺中市,太平區,0,0,0,7,2,6,50,13,7,1,5,4,6,6,1,1,5,5,4,1,17,3,10,1,1,C03,7,11,1,10,2,11,,45,45,1,6,4,120.71902,24.155242,3
11508,66000,387130000C,(04)23274275,(04)23288582,2025,06,30,12,9,臺中市,東區,0,1,0,7,1,6,50,4,1,1,5,4,6,6,1,1,9,4,5,2,12,2,9,1,1,C03,7,5,1,10,2,12,,11,11,1,12,4,120.690352,24.126401,2
11509,66000,387130000C,(04)23274275,(04)23288582,2025,06,30,12,10,臺中市,潭子區,0,0,0,7,,,30,,,,,,,,,,,,,,14,,,,,A11,,,1,,2,,,85,85,1,12,4,120.703932,24.18956,3
11510,66000,387130000C,(04)23274275,(04)23288582,2025,06,30,12,10,臺中市,大雅區,0,2,0,7,3,8,50,4,1,1,5,4,6,6,4,4,4,3,5,1,17,2,9,1,4,C03,7,9,1,10,2,11,,7,7,1,12,4,120.655082,24.229775,2
11511,66000,387130000C,(04)23274275,(04)23288582,2025,06,30,12,10,臺中市,西區,0,0,0,7,,,50,,,,,,,,,,,,,,,,,,,B03,,,1,,1,,,40,40,1,13,4,120.666157,24.153332,3
11512,66000,387130000C,(04)23274275,(04)23288582,2025,06,30,12,15,臺中市,西屯區,0,2,0,7,2,6,60,13,7,1,5,4,6,6,4,4,1,2,1,2,13,2,9,3,1,B11,7,9,1,2,2,1,,7,7,1,12,4,120.652127,24.16119,2
11513,66000,387130000C,(04)23274275,(04)23288582,2025,06,30,12,17,臺中市,西區,0,1,0,7,2,6,50,4,1,1,1,4,6,6,1,1,10,5,5,2,13,3,10,3,1,B03,7,9,1,8,2,1,,7,7,1,12,4,120.667066,24.129099,2
11514,66000,387130000C,(04)23274275,(04)23288582,2025,06,30,12,17,臺中市,烏日區,0,1,0,7,3,6,60,13,9,1,5,4,6,6,4,4,1,2,5,1,12,2,8,1,1,C03,7,9,1,10,2,11,,84,84,1,12,4,120.634416,24.106696,2
11515,66000,387130000C,(04)23274275,(04)23288582,2025,06,30,12,25,臺中市,西區,0,1,0,7,2,6,50,3,1,1,5,4,6,6,4,4,1,5,5,2,16,3,10,5,1,B03,7,5,1,8,2,2,,84,84,1,6,4,120.681208,24.135405,2
11516,66000,387130000C,(04)23274275,(04)23288582,2025,06,30,12,26,臺中市,大甲區,0,1,0,7,3,6,70,13,8,1,5,4,6,6,4,4,1,4,4,1,13,2,3,5,4,B03,6,9,1,8,2,1,,7,7,1,6,4,120.65185,24.38357,2
11517,66000,387130000C,(04)23274275,(04)23288582,2025,06,30,12,28,臺中市,大里區,0,0,0,7,,,40,,,,,,,,,,,,,,17,,,,,B03,,,1,,2,,,8,8,1,6,4,120.700143,24.093723,3
11518,66000,387130000C,(04)23274275,(04)23288582,2025,06,30,12,29,臺中市,霧峰區,0,1,0,7,2,6,50,5,1,1,5,4,6,6,4,4,10,5,5,2,13,2,9,5,4,C03,7,9,1,10,2,11,,7,7,1,12,4,120.700526,24.069843,2
11519,66000,387130000C,(04)23274275,(04)23288582,2025,06,30,12,30,臺中市,西屯區,0,0,0,7,,,60,,,,,,,,,,,,,,13,,,,,B03,,,1,,2,,,7,7,1,13,4,120.651295,24.161144,3
11520,66000,387130000C,(04)23274275,(04)23288582,2025,06,30,12,30,臺中市,大甲區,0,2,0,7,3,6,50,4,1,1,5,4,6,6,1,1,4,5,4,1,16,2,9,2,1,C03,7,9,1,10,2,11,,59,59,1,6,4,120.61702,24.34933,2
11521,66000,387130000C,(04)23274275,(04)23288582,2025,06,30,12,31,臺中市,神岡區,0,1,0,7,2,6,30,5,1,1,5,4,6,6,1,1,10,5,5,2,17,3,10,1,1,C03,7,6,1,10,2,14,,48,48,1,12,4,120.665105,24.273735,2
11522,66000,387130000C,(04)23274275,(04)23288582,2025,06,30,12,32,臺中市,南區,0,1,0,7,2,6,50,4,7,1,5,4,6,6,1,1,5,4,4,2,13,2,8,5,4,C03,7,9,1,10,2,11,,84,84,1,13,4,120.662522,24.126824,2
11523,66000,387130000C,(04)23274275,(04)23288582,2025,06,30,12,33,臺中市,大雅區,0,2,0,7,3,6,50,3,1,1,5,4,6,6,4,4,10,5,5,2,17,2,8,2,1,C03,7,6,1,10,2,12,,14,14,1,12,4,120.672905,24.23004,2
11524,66000,387130000C,(04)23274275,(04)23288582,2025,06,30,12,34,臺中市,豐原區,0,0,0,7,,,50,,,,,,,,,,,,,,17,,,,,C03,,,1,,2,,,49,49,1,13,4,120.726533,24.247944,3
11525,66000,387130000C,(04)23274275,(04)23288582,2025,06,30,12,37,臺中市,西屯區,0,1,0,7,2,6,40,3,1,1,5,4,6,6,2,1,3,5,3,2,13,2,7,5,4,C03,7,5,1,8,2,11,,7,7,1,13,4,120.611635,24.184788,2
11526,66000,387130000C,(04)23274275,(04)23288582,2025,06,30,12,43,臺中市,北屯區,0,0,0,7,,,50,,,,,,,,,,,,,,,,,,,B03,,,1,,1,,,84,84,1,12,4,120.698662,24.164694,3
11527,66000,387130000C,(04)23274275,(04)23288582,2025,06,30,12,45,臺中市,南屯區,0,3,0,7,2,6,50,4,1,1,5,4,6,6,1,1,9,4,5,2,11,2,9,1,1,C03,7,6,1,10,2,11,,48,48,1,12,4,120.649945,24.136684,2
11528,66000,387130000C,(04)23274275,(04)23288582,2025,06,30,12,50,臺中市,西屯區,0,0,0,7,,,50,,,,,,,,,,,,,,,,,,,B02,,,1,,9,,,77,77,1,12,4,120.614213,24.185318,3
11529,66000,387130000C,(04)23274275,(04)23288582,2025,06,30,12,51,臺中市,西區,0,1,0,7,2,6,40,4,1,1,5,4,6,6,1,1,10,5,5,2,17,2,9,1,1,C03,7,9,1,10,2,11,,7,7,1,13,4,120.663054,24.163324,2
11530,66000,387130000C,(04)23274275,(04)23288582,2025,06,30,12,51,臺中市,南屯區,0,0,0,7,,,50,,,,,,,,,,,,,,,,,,,A12,,,1,,1,,,84,84,1,13,4,120.646528,24.137824,3
11531,66000,387130000C,(04)23274275,(04)23288582,2025,06,30,12,51,臺中市,龍井區,0,1,0,7,2,6,50,13,9,1,5,4,6,6,4,4,5,5,5,1,30,2,9,1,1,C03,7,9,1,10,2,12,,84,84,1,6,4,120.545204,24.205589,2
11532,66000,387130000C,(04)23274275,(04)23288582,2025,06,30,12,55,臺中市,南屯區,0,0,0,7,,,,,,,,,,,,,,,,,,,,,,,,,,,,,,119,119,1,,,120.640172,24.132719,4
11533,66000,387130000C,(04)23274275,(04)23288582,2025,06,30,13,1,臺中市,西屯區,0,0,0,7,,,50,,,,,,,,,,,,,,,,,,,B03,,,1,,1,,,7,7,1,12,4,120.650297,24.163835,3
11534,66000,387130000C,(04)23274275,(04)23288582,2025,06,30,13,3,臺中市,太平區,0,0,0,7,2,6,50,,,,,,,,,,,,,,,,,,,B03,,,1,,2,2,6,8,8,1,12,4,120.720111,24.118799,3
11535,66000,387130000C,(04)23274275,(04)23288582,2025,06,30,13,5,臺中市,西區,0,1,0,7,2,6,50,4,1,1,5,4,6,6,1,1,10,5,5,2,12,3,10,2,1,C03,7,9,1,10,7,11,,84,84,1,12,4,120.677239,24.140214,2
11536,66000,387130000C,(04)23274275,(04)23288582,2025,06,30,13,5,臺中市,太平區,0,1,0,7,2,6,30,4,9,1,5,4,6,6,1,1,10,5,5,2,16,2,9,1,1,C03,7,6,1,10,2,14,,84,84,1,6,4,120.730452,24.106148,2
11537,66000,387130000C,(04)23274275,(04)23288582,2025,06,30,13,8,臺中市,北屯區,0,0,0,7,,,30,,,,,,,,,,,,,,,,,,,F01,,,7,,1,,,58,58,1,12,1,120.712326,24.173616,3
11538,66000,387130000C,(04)23274275,(04)23288582,2025,06,30,13,14,臺中市,豐原區,0,1,0,7,2,6,30,3,1,1,5,4,6,6,4,4,10,5,5,2,17,3,10,3,1,B03,7,9,1,8,2,2,,20,20,1,12,4,120.735576,24.26476,2
11539,66000,387130000C,(04)23274275,(04)23288582,2025,06,30,13,15,臺中市,南屯區,0,0,0,7,,,50,,,,,,,,,,,,,,,,,,,B03,,,1,,1,,,51,51,1,13,4,120.642206,24.142915,3
11540,66000,387130000C,(04)23274275,(04)23288582,2025,06,30,13,20,臺中市,西屯區,0,0,0,7,,,50,,,,,,,,,,,,,,13,,,,,B03,,,1,,1,,,7,7,1,13,4,120.640725,24.185231,3
11541,66000,387130000C,(04)23274275,(04)23288582,2025,06,30,13,24,臺中市,霧峰區,0,0,0,7,,,50,,,,,,,,,,,,,,13,,,,,B12,,,1,,1,,,7,7,1,6,4,120.69599,24.065272,3
11542,66000,387130000C,(04)23274275,(04)23288582,2025,06,30,13,29,臺中市,南屯區,0,1,0,7,1,6,50,4,2,1,5,4,6,6,2,1,5,2,5,2,12,3,10,5,4,B03,7,7,1,8,2,2,,40,40,1,13,4,120.638358,24.147176,2
11543,66000,387130000C,(04)23274275,(04)23288582,2025,06,30,13,29,臺中市,北屯區,0,1,0,7,2,6,50,4,1,1,5,4,6,6,1,1,4,3,5,2,16,3,10,3,1,B03,7,6,1,8,2,4,10,85,85,1,13,4,120.719611,24.180137,2
11544,66000,387130000C,(04)23274275,(04)23288582,2025,06,30,13,30,臺中市,潭子區,0,0,0,7,,,40,,,,,,,,,,,,,,30,,,,,B12,,,1,,2,,,78,78,1,12,4,120.70581,24.201406,3
11545,66000,387130000C,(04)23274275,(04)23288582,2025,06,30,13,30,臺中市,北屯區,0,0,0,7,3,6,50,4,1,1,5,4,6,6,2,1,10,5,5,2,17,3,10,2,1,C03,7,15,1,10,2,12,,84,84,1,12,4,120.676171,24.194576,3
11546,66000,387130000C,(04)23274275,(04)23288582,2025,06,30,13,36,臺中市,北區,0,0,0,7,,,50,,,,,,,,,,,,,,13,,,,,B03,,,1,,1,,,84,84,1,12,4,120.675927,24.17145,3
11547,66000,387130000C,(04)23274275,(04)23288582,2025,06,30,13,36,臺中市,豐原區,0,1,0,7,2,6,50,4,7,1,5,4,6,6,1,1,5,5,5,2,17,3,10,3,1,B03,7,14,1,8,2,2,,76,76,1,12,4,120.718767,24.251898,2
11548,66000,387130000C,(04)23274275,(04)23288582,2025,06,30,13,44,臺中市,西屯區,0,0,0,7,,,50,,,,,,,,,,,,,,13,,,,,C03,,,1,,1,,,7,7,1,12,4,120.646949,24.169044,3
11549,66000,387130000C,(04)23274275,(04)23288582,2025,06,30,13,45,臺中市,豐原區,0,0,0,7,,,50,,,,,,,,,,,,,,17,,,,,B03,,,1,,2,,,58,58,1,13,4,120.744842,24.254448,3