﻿序號,縣市別代碼,機關代碼,市話,傳真,年,月,日,時,分,縣市,區,死亡數量,受傷數量,2-30,天候,道路照明設備,道路類別,道路速限,道路型態,事故位置,路面鋪裝,路面狀態,路面缺陷,障礙物,視距,號誌種類,號誌動作,分向設施,快車道或一般車道間,快慢車道間,路面邊線,事故類型及型態,受傷程度,主要傷處,保護裝備,行動電話或功能裝置,當事者區分_類別,車輛用途,當事者行動狀態,駕照狀態,駕照種類,飲酒情形,車輛撞擊部位最初,車輛撞擊部位其他,肇事因素個別,肇事因素主要,肇事逃逸,職業,共享經濟或外送平台,GPS座標X,GPS座標Y,事故類別
11550,66000,387130000C,(04)23274275,(04)23288582,2025,06,30,13,47,臺中市,北屯區,0,0,0,7,,,50,,,,,,,,,,,,,,,,,,,B03,,,1,,2,,,59,59,1,12,4,120.709543,24.171043,3
11551,66000,387130000C,(04)23274275,(04)23288582,2025,06,30,13,50,臺中市,北屯區,0,1,0,7,2,6,50,13,8,1,5,4,6,6,4,4,1,4,4,2,12,3,10,2,1,C03,7,9,1,10,2,11,,7,7,1,12,4,120.685138,24.170333,2
11552,66000,387130000C,(04)23274275,(04)23288582,2025,06,30,13,54,臺中市,西屯區,0,1,0,7,2,6,40,13,8,1,5,4,6,6,4,4,1,5,1,2,13,2,9,1,1,C03,7,9,1,10,2,11,,7,7,1,12,4,120.64044,24.158414,2
11553,66000,387130000C,(04)23274275,(04)23288582,2025,06,30,13,55,臺中市,大甲區,0,1,0,7,3,6,50,13,9,1,5,4,6,6,4,4,8,5,5,1,9,2,9,5,4,F03,7,9,7,21,2,12,,84,84,1,4,4,120.638191,24.346618,2
11554,66000,387130000C,(04)23274275,(04)23288582,2025,06,30,14,0,臺中市,北屯區,0,2,0,7,2,6,50,4,1,1,5,4,6,6,1,1,10,5,5,2,17,3,10,1,1,C03,7,5,1,10,2,12,,84,84,1,12,4,120.662007,24.178093,2
11555,66000,387130000C,(04)23274275,(04)23288582,2025,06,30,14,0,臺中市,西屯區,0,0,0,7,,,60,,,,,,,,,,,,,,,,,,,B03,,,1,,1,,,51,51,1,12,4,120.602652,24.183288,3
11556,66000,387130000C,(04)23274275,(04)23288582,2025,06,30,14,1,臺中市,南區,0,0,0,7,,,50,,,,,,,,,,,,,,,,,,,B03,,,1,,2,,,50,50,1,13,4,120.673142,24.130197,3
11557,66000,387130000C,(04)23274275,(04)23288582,2025,06,30,14,4,臺中市,北區,0,0,0,7,,,30,,,,,,,,,,,,,,17,,,,,B12,,,1,,2,,,49,49,1,13,4,120.695361,24.157141,3
11558,66000,387130000C,(04)23274275,(04)23288582,2025,06,30,14,6,臺中市,西屯區,0,1,0,7,2,6,0,13,21,1,5,4,6,6,4,4,10,5,5,2,18,2,9,1,1,C03,7,9,1,10,2,16,,84,84,1,12,4,120.595588,24.182001,2
11559,66000,387130000C,(04)23274275,(04)23288582,2025,06,30,14,6,臺中市,豐原區,0,1,0,7,2,6,50,3,1,1,5,4,6,6,4,4,1,3,4,1,12,3,10,3,1,B03,7,5,1,8,2,2,,14,14,1,12,4,120.737024,24.248581,2
11560,66000,387130000C,(04)23274275,(04)23288582,2025,06,30,14,11,臺中市,北屯區,0,0,0,7,,,50,,,,,,,,,,,,,,17,,,,,B13,,,1,,9,,,8,8,1,12,4,120.712056,24.16822,3
11561,66000,387130000C,(04)23274275,(04)23288582,2025,06,30,14,16,臺中市,西區,0,1,0,7,2,6,50,13,9,1,5,4,6,6,4,4,5,4,5,2,13,2,9,1,1,C03,7,9,1,10,2,11,,84,84,1,6,4,120.651292,24.146749,2
11562,66000,387130000C,(04)23274275,(04)23288582,2025,06,30,14,16,臺中市,西屯區,0,0,0,7,,,40,,,,,,,,,,,,,,17,,,,,B13,,,1,,2,,,58,58,1,13,4,120.64101,24.158108,3
11563,66000,387130000C,(04)23274275,(04)23288582,2025,06,30,14,17,臺中市,大雅區,0,0,0,7,,,30,,,,,,,,,,,,,,,,,,,B13,,,1,,2,,,84,84,1,12,4,120.641833,24.224587,3
11564,66000,387130000C,(04)23274275,(04)23288582,2025,06,30,14,17,臺中市,北屯區,0,0,0,7,,,30,,,,,,,,,,,,,,,,,,,G03,,,1,,1,,,49,49,1,6,4,120.68432,24.193257,3
11565,66000,387130000C,(04)23274275,(04)23288582,2025,06,30,14,19,臺中市,西屯區,0,0,0,7,,,50,,,,,,,,,,,,,,13,,,,,C03,,,1,,1,,,7,7,1,12,4,120.638818,24.182108,3
11566,66000,387130000C,(04)23274275,(04)23288582,2025,06,30,14,20,臺中市,梧棲區,0,0,0,7,,,50,,,,,,,,,,,,,,12,,,,,B03,,,1,,1,,,8,8,1,12,4,120.537401,24.244846,3
11567,66000,387130000C,(04)23274275,(04)23288582,2025,06,30,14,22,臺中市,西屯區,0,1,0,7,2,6,50,4,1,1,5,4,6,6,2,1,10,5,5,2,12,3,10,3,1,B03,7,7,1,8,2,2,,40,40,1,12,4,120.652984,24.165428,2
11568,66000,387130000C,(04)23274275,(04)23288582,2025,06,30,14,27,臺中市,北區,0,0,0,7,,,40,,,,,,,,,,,,,,17,,,,,C03,,,6,,11,,,85,85,1,13,4,120.682654,24.15893,3
11569,66000,387130000C,(04)23274275,(04)23288582,2025,06,30,14,28,臺中市,神岡區,0,0,0,7,,,50,,,,,,,,,,,,,,11,,,,,B12,,,1,,2,,,8,8,1,6,4,120.702806,24.262213,3
11570,66000,387130000C,(04)23274275,(04)23288582,2025,06,30,14,34,臺中市,太平區,0,1,0,7,2,6,50,13,9,1,5,4,6,6,4,4,5,4,5,1,16,2,9,2,1,C03,7,8,1,10,2,14,,39,39,1,12,4,120.713444,24.125917,2
11571,66000,387130000C,(04)23274275,(04)23288582,2025,06,30,14,36,臺中市,西屯區,0,0,0,7,,,50,,,,,,,,,,,,,,,,,,,A12,,,1,,2,,,75,75,1,12,4,120.611283,24.192014,3
11572,66000,387130000C,(04)23274275,(04)23288582,2025,06,30,14,38,臺中市,南屯區,0,2,0,7,2,6,40,3,1,1,5,4,6,6,4,4,8,3,4,1,17,2,9,1,1,C04,7,6,1,11,1,12,,14,14,1,12,4,120.645239,24.153503,2
11573,66000,387130000C,(04)23274275,(04)23288582,2025,06,30,14,42,臺中市,西區,0,0,0,7,,,50,,,,,,,,,,,,,,,,,,,C03,,,1,,2,,,84,84,1,12,4,120.668829,24.146572,3
11574,66000,387130000C,(04)23274275,(04)23288582,2025,06,30,14,45,臺中市,潭子區,0,2,0,7,2,6,60,3,8,1,5,4,6,6,1,1,1,4,4,1,17,2,9,2,1,C03,7,9,1,10,2,11,,7,7,1,13,4,120.686798,24.208978,2
11575,66000,387130000C,(04)23274275,(04)23288582,2025,06,30,14,49,臺中市,北區,0,1,0,7,2,6,50,4,1,1,5,4,6,6,2,1,10,5,5,2,16,3,10,3,1,B02,7,5,1,4,2,5,,47,47,1,12,4,120.68627,24.146335,2
11576,66000,387130000C,(04)23274275,(04)23288582,2025,06,30,14,50,臺中市,東區,0,0,0,7,,,50,,,,,,,,,,,,,,,,,,,A12,,,1,,1,,,49,49,1,6,4,120.697196,24.125489,3
11577,66000,387130000C,(04)23274275,(04)23288582,2025,06,30,14,50,臺中市,北屯區,0,0,0,7,,,40,,,,,,,,,,,,,,,,,,,B03,,,1,,1,,,84,84,1,12,4,120.719584,24.163907,3
11578,66000,387130000C,(04)23274275,(04)23288582,2025,06,30,14,52,臺中市,北屯區,0,0,0,7,,,50,,,,,,,,,,,,,,,,,,,B03,,,1,,2,,,11,11,1,12,4,120.720953,24.169893,3
11579,66000,387130000C,(04)23274275,(04)23288582,2025,06,30,14,54,臺中市,烏日區,0,1,0,7,3,6,50,13,8,1,5,4,6,6,4,4,1,4,4,1,16,3,10,3,1,B03,7,5,1,8,1,3,,20,20,1,6,4,120.616813,24.10543,2
11580,66000,387130000C,(04)23274275,(04)23288582,2025,06,30,14,59,臺中市,北屯區,0,0,0,7,,,50,,,,,,,,,,,,,,14,,,,,B03,,,1,,1,,,49,49,1,12,4,120.706524,24.184997,3
11581,66000,387130000C,(04)23274275,(04)23288582,2025,06,30,15,1,臺中市,南區,0,1,0,7,1,6,50,4,1,1,5,4,6,6,1,1,10,5,5,2,17,2,9,1,1,C03,7,9,1,10,2,11,,21,21,1,12,4,120.655768,24.129467,2
11582,66000,387130000C,(04)23274275,(04)23288582,2025,06,30,15,5,臺中市,西區,0,0,0,7,,,50,,,,,,,,,,,,,,17,,,,,B03,,,1,,1,,,84,84,1,12,4,120.663558,24.156323,3
11583,66000,387130000C,(04)23274275,(04)23288582,2025,06,30,15,8,臺中市,東區,0,2,0,7,3,6,50,4,1,1,5,4,6,6,3,1,10,5,5,2,16,2,8,2,1,F03,7,6,7,21,2,12,,11,11,1,13,4,120.692469,24.14953,2
11584,66000,387130000C,(04)23274275,(04)23288582,2025,06,30,15,10,臺中市,神岡區,0,0,0,7,,,50,,,,,,,,,,,,,,12,,,,,B12,,,1,,2,,,2,2,1,12,4,120.682586,24.24615,3
11585,66000,387130000C,(04)23274275,(04)23288582,2025,06,30,15,13,臺中市,烏日區,0,0,0,7,,,50,,,,,,,,,,,,,,17,,,,,B03,,,1,,1,,,50,50,1,6,4,120.636764,24.10714,3
11586,66000,387130000C,(04)23274275,(04)23288582,2025,06,30,15,17,臺中市,沙鹿區,0,0,0,7,,,50,,,,,,,,,,,,,,,,,,,C03,,,1,,2,,,7,7,1,12,4,120.567557,24.203002,3
11587,66000,387130000C,(04)23274275,(04)23288582,2025,06,30,15,24,臺中市,太平區,0,0,0,7,,,30,,,,,,,,,,,,,,15,,,,,B03,,,1,,2,,,51,51,1,12,4,120.719367,24.124107,3
11588,66000,387130000C,(04)23274275,(04)23288582,2025,06,30,15,26,臺中市,豐原區,0,0,0,7,,,50,,,,,,,,,,,,,,14,,,,,C03,,,1,,2,,,49,49,1,12,4,120.718838,24.250573,3
11589,66000,387130000C,(04)23274275,(04)23288582,2025,06,30,15,29,臺中市,西屯區,0,0,0,7,2,6,50,13,8,1,5,4,6,6,4,4,9,5,4,2,14,,,,,B03,,,1,,1,,,49,49,1,13,4,120.641197,24.176599,3
11590,66000,387130000C,(04)23274275,(04)23288582,2025,06,30,15,30,臺中市,清水區,0,0,0,7,,,50,,,,,,,,,,,,,,,,,,,B03,,,1,,11,,,59,59,1,12,4,120.577798,24.300576,3
11591,66000,387130000C,(04)23274275,(04)23288582,2025,06,30,15,30,臺中市,清水區,0,0,0,7,,,70,,,,,,,,,,,,,,,,,,,A12,,,1,,2,,,58,58,1,12,4,120.603487,24.311231,3
11592,66000,387130000C,(04)23274275,(04)23288582,2025,06,30,15,30,臺中市,大甲區,0,0,0,7,,,70,,,,,,,,,,,,,,,,,,,A11,,,1,,2,,,40,40,1,6,4,120.617474,24.34358,3
11593,66000,387130000C,(04)23274275,(04)23288582,2025,06,30,15,32,臺中市,潭子區,0,2,0,7,2,6,50,13,9,1,5,4,6,6,1,1,5,4,4,1,17,2,9,2,1,C03,7,6,1,10,2,12,,39,39,1,13,4,120.700688,24.211664,2
11594,66000,387130000C,(04)23274275,(04)23288582,2025,06,30,15,32,臺中市,西區,0,1,0,7,2,6,50,4,1,1,5,4,6,6,1,1,10,5,5,2,17,2,9,1,1,C03,7,6,1,10,2,14,,48,48,1,13,4,120.661491,24.147766,2
11595,66000,387130000C,(04)23274275,(04)23288582,2025,06,30,15,33,臺中市,太平區,0,0,0,7,2,3,80,13,9,1,5,4,6,6,4,4,2,3,5,1,9,3,10,3,1,B12,7,8,1,2,2,7,,40,40,1,6,4,120.714272,24.148696,3
11596,66000,387130000C,(04)23274275,(04)23288582,2025,06,30,15,38,臺中市,太平區,0,3,0,7,2,6,50,3,1,1,5,4,6,6,4,4,5,5,4,1,15,2,9,1,1,C03,7,1,1,10,2,12,,51,51,1,12,4,120.71777,24.148119,2
11597,66000,387130000C,(04)23274275,(04)23288582,2025,06,30,15,40,臺中市,西屯區,0,0,0,7,,,30,,,,,,,,,,,,,,17,,,,,,,,,,,,,119,119,1,,,120.640025,24.170455,3
11598,66000,387130000C,(04)23274275,(04)23288582,2025,06,30,15,40,臺中市,大甲區,0,0,0,7,,,50,,,,,,,,,,,,,,,,,,,F03,,,7,,9,,,84,84,1,12,4,120.61694,24.347865,3
11599,66000,387130000C,(04)23274275,(04)23288582,2025,06,30,15,42,臺中市,西屯區,0,1,0,7,2,6,50,3,1,1,5,4,6,6,4,4,10,5,5,2,16,3,10,5,4,C03,7,6,1,10,2,14,,11,11,1,12,4,120.651232,24.171391,2
11600,66000,387130000C,(04)23274275,(04)23288582,2025,06,30,15,43,臺中市,北屯區,0,0,0,7,,,50,,,,,,,,,,,,,,17,,,,,B03,,,1,8,2,,,82,82,1,12,4,120.717388,24.175473,3
11601,66000,387130000C,(04)23274275,(04)23288582,2025,06,30,15,45,臺中市,沙鹿區,0,1,0,7,2,6,50,11,9,1,5,4,6,6,4,4,5,5,5,2,18,2,8,1,1,C03,7,9,1,10,2,12,,59,59,1,6,4,120.572633,24.197645,2
11602,66000,387130000C,(04)23274275,(04)23288582,2025,06,30,15,45,臺中市,豐原區,0,0,0,7,,,50,,,,,,,,,,,,,,17,,,,,B03,,,1,,2,,,84,84,1,13,4,120.725618,24.243198,3
11603,66000,387130000C,(04)23274275,(04)23288582,2025,06,30,15,47,臺中市,大雅區,0,2,0,7,3,6,50,4,1,1,5,4,6,6,1,1,9,4,5,1,16,3,10,3,1,B12,7,6,1,8,2,2,,11,11,1,13,4,120.64523,24.225611,2
11604,66000,387130000C,(04)23274275,(04)23288582,2025,06,30,15,49,臺中市,大里區,0,1,0,7,2,6,50,3,1,1,5,4,6,6,1,1,10,5,5,1,13,3,10,3,1,B01,7,6,1,4,2,8,,7,7,1,12,4,120.689958,24.11157,2
11605,66000,387130000C,(04)23274275,(04)23288582,2025,06,30,15,51,臺中市,東區,0,1,0,7,3,6,50,13,9,1,5,4,6,5,4,4,5,5,5,2,11,3,10,3,1,B03,7,6,1,8,2,5,,48,48,1,13,4,120.686916,24.141741,2
11606,66000,387130000C,(04)23274275,(04)23288582,2025,06,30,15,55,臺中市,太平區,0,0,0,7,,,50,,,,,,,,,,,,,,17,,,,,B02,,,1,,9,,,51,51,1,12,4,120.716574,24.150541,3
11607,66000,387130000C,(04)23274275,(04)23288582,2025,06,30,15,55,臺中市,大甲區,0,0,0,7,,,50,,,,,,,,,,,,,,,,,,,B03,,,1,,1,,,50,50,1,6,4,120.621891,24.344665,3
11608,66000,387130000C,(04)23274275,(04)23288582,2025,06,30,15,57,臺中市,西區,0,0,0,7,,,50,,,,,,,,,,,,,,17,,,,,B03,,,1,,2,,,40,40,1,12,4,120.668002,24.13033,3
11609,66000,387130000C,(04)23274275,(04)23288582,2025,06,30,16,3,臺中市,南屯區,0,1,0,7,2,6,0,13,21,1,5,4,6,6,4,4,10,5,5,2,18,2,9,2,1,C03,7,5,1,10,2,12,,84,84,1,13,4,120.645072,24.129069,2
11610,66000,387130000C,(04)23274275,(04)23288582,2025,06,30,16,11,臺中市,豐原區,0,0,0,7,2,6,50,13,9,1,5,4,6,6,4,4,5,5,5,2,13,3,10,3,1,B02,7,9,1,8,2,1,,7,7,1,12,4,120.727097,24.239346,3
11611,66000,387130000C,(04)23274275,(04)23288582,2025,06,30,16,12,臺中市,北屯區,0,0,0,7,,,80,,,,,,,,,,,,,,13,,,,,B03,,,1,,1,,,7,7,1,13,4,120.675764,24.20095,3
11612,66000,387130000C,(04)23274275,(04)23288582,2025,06,30,16,15,臺中市,龍井區,0,1,0,7,1,6,30,4,1,1,5,4,6,6,4,4,10,5,5,2,15,3,10,3,1,B12,7,9,1,8,2,1,,12,12,1,6,4,120.595224,24.187459,2
11613,66000,387130000C,(04)23274275,(04)23288582,2025,06,30,16,16,臺中市,北區,0,0,0,7,,,40,,,,,,,,,,,,,,17,,,,,B03,,,1,,1,,,85,85,1,13,4,120.692912,24.154483,3
11614,66000,387130000C,(04)23274275,(04)23288582,2025,06,30,16,18,臺中市,東區,0,0,0,7,,,50,,,,,,,,,,,,,,13,,,,,B02,,,1,,2,,,59,59,1,6,1,120.68833,24.136168,3
11615,66000,387130000C,(04)23274275,(04)23288582,2025,06,30,16,24,臺中市,大里區,0,2,0,7,3,6,50,4,1,1,5,4,6,6,4,4,10,5,5,2,15,2,8,1,1,C03,7,1,1,10,9,11,,51,51,1,12,4,120.67937,24.099067,2
11616,66000,387130000C,(04)23274275,(04)23288582,2025,06,30,16,26,臺中市,南區,0,2,0,7,1,6,50,4,1,1,5,4,6,6,2,1,10,5,5,2,17,2,9,5,4,C03,7,6,1,10,9,11,,84,84,2,13,4,120.6549,24.115786,2
11617,66000,387130000C,(04)23274275,(04)23288582,2025,06,30,16,26,臺中市,豐原區,0,1,0,7,2,6,50,4,1,1,5,4,6,6,1,1,10,5,5,2,15,2,9,1,1,F03,7,9,7,21,2,14,,21,21,1,13,4,120.723621,24.24477,2
11618,66000,387130000C,(04)23274275,(04)23288582,2025,06,30,16,27,臺中市,西區,0,1,0,7,2,6,50,3,1,1,5,4,6,6,2,1,10,5,5,2,17,3,10,5,1,B03,7,5,1,8,2,5,,11,11,1,6,4,120.6626,24.140217,2
11619,66000,387130000C,(04)23274275,(04)23288582,2025,06,30,16,27,臺中市,北屯區,0,1,0,7,3,6,50,4,1,1,5,4,6,6,1,1,10,5,5,2,17,3,10,1,1,C03,7,9,1,10,2,11,,7,7,1,12,4,120.671698,24.178317,2
11620,66000,387130000C,(04)23274275,(04)23288582,2025,06,30,16,28,臺中市,烏日區,0,0,0,7,,,50,,,,,,,,,,,,,,,,,,,B03,,,1,,1,,,8,8,1,6,4,120.618694,24.116073,3
11621,66000,387130000C,(04)23274275,(04)23288582,2025,06,30,16,29,臺中市,南區,0,0,0,7,,,50,,,,,,,,,,,,,,,,,,,B03,,,3,,2,,,7,7,1,13,4,120.670239,24.121695,3
11622,66000,387130000C,(04)23274275,(04)23288582,2025,06,30,16,30,臺中市,南區,0,1,0,7,1,6,50,4,1,1,5,4,6,6,1,1,10,5,5,2,17,3,10,3,1,B03,7,5,1,8,2,2,,11,11,1,12,4,120.652502,24.117636,2
11623,66000,387130000C,(04)23274275,(04)23288582,2025,06,30,16,30,臺中市,南屯區,0,1,0,7,1,6,50,3,1,1,5,4,6,6,4,4,1,4,4,2,12,3,10,5,4,B03,7,5,1,8,2,2,,47,47,1,13,4,120.6249,24.140773,2
11624,66000,387130000C,(04)23274275,(04)23288582,2025,06,30,16,31,臺中市,豐原區,0,1,0,7,2,6,50,4,1,1,5,4,6,6,1,1,10,5,5,2,17,2,9,1,1,F03,7,6,7,21,2,11,,59,59,1,13,4,120.723621,24.24477,2
11625,66000,387130000C,(04)23274275,(04)23288582,2025,06,30,16,35,臺中市,西屯區,0,0,0,7,,,50,,,,,,,,,,,,,,16,,,,,C03,,,1,,2,,,84,84,1,12,4,120.645024,24.171887,3
11626,66000,387130000C,(04)23274275,(04)23288582,2025,06,30,16,35,臺中市,清水區,0,0,0,7,,,50,,,,,,,,,,,,,,,,,,,B03,,,1,,1,,,58,58,1,12,4,120.575021,24.264167,3
11627,66000,387130000C,(04)23274275,(04)23288582,2025,06,30,16,36,臺中市,大里區,0,2,0,7,3,6,50,4,1,1,5,4,6,6,1,1,10,5,5,2,15,2,9,1,1,C03,7,9,1,10,2,12,,21,21,1,13,4,120.697947,24.090001,2
11628,66000,387130000C,(04)23274275,(04)23288582,2025,06,30,16,36,臺中市,沙鹿區,0,0,0,7,,,50,,,,,,,,,,,,,,,,,,,B03,,,1,,2,,,20,20,1,12,4,120.562894,24.246871,3
11629,66000,387130000C,(04)23274275,(04)23288582,2025,06,30,16,37,臺中市,西區,0,1,0,7,2,6,50,13,9,1,5,4,6,6,4,4,5,4,5,2,16,3,10,3,1,B01,7,7,1,2,2,6,,40,40,1,12,4,120.661492,24.147732,2
11630,66000,387130000C,(04)23274275,(04)23288582,2025,06,30,16,41,臺中市,北屯區,0,1,0,7,2,6,50,4,2,1,5,4,6,6,2,1,1,2,5,2,13,2,9,1,4,C03,7,4,3,19,2,11,,1,1,1,13,4,120.685229,24.169455,2
11631,66000,387130000C,(04)23274275,(04)23288582,2025,06,30,16,42,臺中市,沙鹿區,0,0,0,7,,,40,,,,,,,,,,,,,,,,,,,A06,,,1,,2,,,8,8,1,12,4,120.560959,24.241779,3
11632,66000,387130000C,(04)23274275,(04)23288582,2025,06,30,16,43,臺中市,南屯區,0,1,0,7,1,6,50,4,2,1,5,4,6,6,2,1,5,4,4,2,12,2,9,5,4,C03,7,9,1,10,2,14,,42,42,1,13,4,120.638185,24.139825,2
11633,66000,387130000C,(04)23274275,(04)23288582,2025,06,30,16,43,臺中市,太平區,0,1,0,7,2,6,50,13,9,1,5,4,6,6,4,4,5,4,5,1,17,2,8,1,1,C03,7,11,1,10,2,11,,39,39,1,6,4,120.731326,24.134532,2
11634,66000,387130000C,(04)23274275,(04)23288582,2025,06,30,16,43,臺中市,沙鹿區,0,1,0,7,2,6,50,13,7,1,5,4,6,6,4,4,4,5,4,2,13,2,8,1,1,C03,7,9,1,10,2,11,,84,84,1,6,4,120.563513,24.235,2
11635,66000,387130000C,(04)23274275,(04)23288582,2025,06,30,16,44,臺中市,西屯區,0,1,0,7,2,6,50,3,1,1,5,4,6,6,4,4,1,5,5,2,17,3,10,1,1,C03,7,9,1,10,2,11,,85,85,1,13,4,120.626496,24.177596,2
11636,66000,387130000C,(04)23274275,(04)23288582,2025,06,30,16,46,臺中市,北屯區,0,0,0,7,,,50,,,,,,,,,,,,,,,,,,,B03,,,1,,1,,,84,84,1,13,4,120.721787,24.183525,3
11637,66000,387130000C,(04)23274275,(04)23288582,2025,06,30,16,46,臺中市,太平區,0,0,0,7,,,80,,,,,,,,,,,,,,13,,,,,B03,,,1,,2,,,59,59,1,12,4,120.714396,24.148802,3
11638,66000,387130000C,(04)23274275,(04)23288582,2025,06,30,16,48,臺中市,龍井區,0,1,0,7,2,6,70,3,1,1,5,4,6,6,4,4,1,4,1,1,12,3,10,3,1,A12,7,7,1,3,2,2,,85,85,1,6,4,120.535152,24.220243,2
11639,66000,387130000C,(04)23274275,(04)23288582,2025,06,30,16,49,臺中市,大雅區,0,0,0,7,,,50,,,,,,,,,,,,,,,,,,,C03,,,1,,2,,,7,7,1,12,4,120.646492,24.222543,3
11640,66000,387130000C,(04)23274275,(04)23288582,2025,06,30,16,49,臺中市,南屯區,0,0,0,7,,,50,,,,,,,,,,,,,,17,,,,,B03,,,1,,10,,,87,87,1,12,4,120.62851,24.149852,3
11641,66000,387130000C,(04)23274275,(04)23288582,2025,06,30,16,50,臺中市,北區,0,0,0,7,,,30,,,,,,,,,,,,,,,,,,,B03,,,1,,2,,,8,8,1,13,4,120.673463,24.172318,3
11642,66000,387130000C,(04)23274275,(04)23288582,2025,06,30,16,50,臺中市,太平區,0,0,0,7,,,50,,,,,,,,,,,,,,12,,,,,B03,,,1,,1,,,40,40,1,12,4,120.734194,24.148335,3
11643,66000,387130000C,(04)23274275,(04)23288582,2025,06,30,16,50,臺中市,太平區,0,1,0,7,2,6,50,13,7,1,5,4,3,6,4,4,9,5,4,2,12,2,8,2,1,C03,7,9,1,10,2,14,,42,42,1,12,4,120.734015,24.148082,2
11644,66000,387130000C,(04)23274275,(04)23288582,2025,06,30,16,54,臺中市,烏日區,0,0,0,7,,,50,,,,,,,,,,,,,,17,,,,,B12,,,1,,9,,,49,49,1,6,4,120.637774,24.107802,3
11645,66000,387130000C,(04)23274275,(04)23288582,2025,06,30,16,55,臺中市,大里區,0,1,0,7,2,6,80,13,7,1,5,4,6,6,4,4,3,4,5,1,17,2,3,3,1,B03,7,9,1,8,2,1,,7,7,1,13,4,120.685774,24.074731,2
11646,66000,387130000C,(04)23274275,(04)23288582,2025,06,30,16,57,臺中市,西屯區,0,1,0,7,1,6,50,4,1,1,5,4,6,6,2,1,10,5,5,2,1,3,10,3,1,B03,7,6,1,8,2,8,,10,10,1,12,4,120.61874,24.187802,2
11647,66000,387130000C,(04)23274275,(04)23288582,2025,06,30,17,1,臺中市,西區,0,0,0,7,,,50,,,,,,,,,,,,,,17,,,,,B03,,,1,,1,,,84,84,1,12,4,120.660218,24.147731,4
11648,66000,387130000C,(04)23274275,(04)23288582,2025,06,30,17,2,臺中市,西屯區,0,1,0,7,1,6,50,4,1,1,5,4,6,6,1,1,1,4,5,1,12,3,10,5,4,B03,7,9,1,8,2,2,,8,8,1,13,4,120.651884,24.166008,2
11649,66000,387130000C,(04)23274275,(04)23288582,2025,06,30,17,4,臺中市,外埔區,0,1,0,7,2,6,30,4,1,1,5,4,6,6,3,1,5,4,5,1,15,3,10,1,1,C03,7,9,1,8,2,13,,24,24,1,12,4,120.671516,24.317563,2
11650,66000,387130000C,(04)23274275,(04)23288582,2025,06,30,17,6,臺中市,豐原區,0,0,0,7,,,50,,,,,,,,,,,,,,17,,,,,B03,,,1,,2,,,45,45,1,12,4,120.708721,24.255086,3
11651,66000,387130000C,(04)23274275,(04)23288582,2025,06,30,17,9,臺中市,北屯區,0,0,0,7,,,50,,,,,,,,,,,,,,13,,,,,B03,,,1,8,2,,,11,11,1,12,4,120.663799,24.199678,3
11652,66000,387130000C,(04)23274275,(04)23288582,2025,06,30,17,10,臺中市,大里區,0,0,0,7,,,50,,,,,,,,,,,,,,,,,,,B12,,,1,,9,,,49,49,1,12,4,120.683553,24.10219,3
11653,66000,387130000C,(04)23274275,(04)23288582,2025,06,30,17,11,臺中市,梧棲區,0,1,0,7,2,6,50,13,9,1,5,4,6,6,4,4,10,5,5,2,16,3,10,3,1,B12,7,5,1,8,2,6,,47,47,1,12,4,120.5482,24.248767,2
11654,66000,387130000C,(04)23274275,(04)23288582,2025,06,30,17,12,臺中市,潭子區,0,1,0,7,2,6,50,11,9,1,5,4,6,5,4,4,9,5,5,1,17,2,9,2,1,C03,7,9,1,10,2,11,,83,83,1,13,4,120.682665,24.213083,2
11655,66000,387130000C,(04)23274275,(04)23288582,2025,06,30,17,13,臺中市,西屯區,0,1,0,7,2,6,30,11,9,1,5,4,6,6,4,4,10,5,5,1,13,3,10,1,1,C03,7,9,1,10,1,11,,58,58,1,12,4,120.633303,24.175085,2
11656,66000,387130000C,(04)23274275,(04)23288582,2025,06,30,17,16,臺中市,大里區,0,1,0,7,3,6,50,4,1,1,5,4,6,6,1,1,5,4,5,1,12,2,9,1,1,C03,7,1,1,10,2,14,,51,51,1,12,4,120.688091,24.102273,2
11657,66000,387130000C,(04)23274275,(04)23288582,2025,06,30,17,17,臺中市,大雅區,0,0,0,7,,,50,,,,,,,,,,,,,,,,,,,B02,,,1,,2,,,84,84,1,13,4,120.613591,24.23199,3
11658,66000,387130000C,(04)23274275,(04)23288582,2025,06,30,17,18,臺中市,清水區,0,1,0,7,3,6,40,3,1,1,5,4,6,6,2,1,1,4,4,1,15,2,9,1,1,C03,7,9,1,10,2,11,,21,21,1,12,4,120.581538,24.282125,2
11659,66000,387130000C,(04)23274275,(04)23288582,2025,06,30,17,19,臺中市,沙鹿區,0,0,0,7,,,70,,,,,,,,,,,,,,,,,,,B03,,,1,,1,,,7,7,1,12,4,120.602235,24.249211,3