﻿序號,縣市別代碼,機關代碼,市話,傳真,年,月,日,時,分,縣市,區,死亡數量,受傷數量,2-30,天候,道路照明設備,道路類別,道路速限,道路型態,事故位置,路面鋪裝,路面狀態,路面缺陷,障礙物,視距,號誌種類,號誌動作,分向設施,快車道或一般車道間,快慢車道間,路面邊線,事故類型及型態,受傷程度,主要傷處,保護裝備,行動電話或功能裝置,當事者區分_類別,車輛用途,當事者行動狀態,駕照狀態,駕照種類,飲酒情形,車輛撞擊部位最初,車輛撞擊部位其他,肇事因素個別,肇事因素主要,肇事逃逸,職業,共享經濟或外送平台,GPS座標X,GPS座標Y,事故類別
11660,66000,387130000C,(04)23274275,(04)23288582,2025,06,30,17,20,臺中市,豐原區,0,0,0,7,2,6,50,13,9,1,5,4,6,6,4,4,1,4,5,2,12,3,10,3,1,B03,7,7,1,8,1,2,,8,8,1,12,4,120.717129,24.236713,3
11661,66000,387130000C,(04)23274275,(04)23288582,2025,06,30,17,21,臺中市,大雅區,0,0,0,7,,,60,,,,,,,,,,,,,,,,,,,B03,,,1,,2,,,51,51,1,12,4,120.646738,24.222107,3
11662,66000,387130000C,(04)23274275,(04)23288582,2025,06,30,17,21,臺中市,西屯區,0,1,0,7,2,6,50,4,1,1,5,4,6,6,2,1,10,5,5,2,16,3,10,5,4,B12,7,5,1,8,2,2,,39,39,1,12,4,120.655075,24.195852,2
11663,66000,387130000C,(04)23274275,(04)23288582,2025,06,30,17,25,臺中市,沙鹿區,0,2,0,7,2,6,50,13,7,1,5,4,6,6,4,4,4,3,4,2,11,2,9,2,1,C03,7,6,1,10,2,12,,39,39,1,12,4,120.580286,24.222093,2
11664,66000,387130000C,(04)23274275,(04)23288582,2025,06,30,17,30,臺中市,大雅區,0,0,0,7,,,30,,,,,,,,,,,,,,,,,,,B03,,,1,,2,,,14,14,1,13,4,120.655007,24.221161,3
11665,66000,387130000C,(04)23274275,(04)23288582,2025,06,30,17,30,臺中市,北屯區,0,1,0,7,3,6,50,4,1,1,5,4,6,6,1,1,10,5,5,1,17,3,10,3,1,B03,7,5,1,8,2,6,,84,84,1,12,4,120.663939,24.200738,2
11666,66000,387130000C,(04)23274275,(04)23288582,2025,06,30,17,31,臺中市,霧峰區,0,1,0,7,2,6,30,4,1,1,5,4,6,6,1,1,10,5,5,2,16,3,10,1,1,C03,7,5,1,10,2,13,,8,8,1,6,4,120.687054,24.053966,2
11667,66000,387130000C,(04)23274275,(04)23288582,2025,06,30,17,31,臺中市,神岡區,0,0,0,7,,,50,,,,,,,,,,,,,,17,,,,,B12,,,1,,2,,,40,40,1,6,4,120.665988,24.274763,3
11668,66000,387130000C,(04)23274275,(04)23288582,2025,06,30,17,34,臺中市,豐原區,0,1,0,7,2,6,50,13,14,1,5,4,6,6,4,4,1,4,5,1,17,2,9,2,1,C03,7,9,1,10,2,12,,54,54,1,13,4,120.713802,24.245281,2
11669,66000,387130000C,(04)23274275,(04)23288582,2025,06,30,17,35,臺中市,潭子區,0,1,0,7,2,6,50,13,9,1,5,4,6,6,4,4,1,4,5,2,13,3,10,3,1,A12,7,9,1,7,2,8,,7,7,1,12,4,120.704142,24.201192,2
11670,66000,387130000C,(04)23274275,(04)23288582,2025,06,30,17,36,臺中市,潭子區,0,2,0,7,2,6,50,4,1,1,5,4,6,6,1,1,5,4,4,1,17,2,9,2,1,C03,7,1,1,10,2,14,,51,51,1,13,4,120.700524,24.211671,2
11671,66000,387130000C,(04)23274275,(04)23288582,2025,06,30,17,38,臺中市,南屯區,0,0,0,7,,,50,,,,,,,,,,,,,,13,,,,,C03,,,3,,2,,,7,7,1,12,4,120.626816,24.116649,3
11672,66000,387130000C,(04)23274275,(04)23288582,2025,06,30,17,38,臺中市,北屯區,0,0,0,7,,,50,,,,,,,,,,,,,,12,,,,,B12,,,1,,1,,,85,85,1,12,4,120.702016,24.182055,3
11673,66000,387130000C,(04)23274275,(04)23288582,2025,06,30,17,38,臺中市,大里區,0,0,0,7,,,50,,,,,,,,,,,,,,,,,,,F02,,,7,,2,,,84,84,1,12,4,120.699112,24.110163,3
11674,66000,387130000C,(04)23274275,(04)23288582,2025,06,30,17,40,臺中市,沙鹿區,0,0,0,7,,,60,,,,,,,,,,,,,,13,,,,,B03,,,1,,2,,,84,84,1,12,4,120.576927,24.225705,3
11675,66000,387130000C,(04)23274275,(04)23288582,2025,06,30,17,40,臺中市,大甲區,0,1,0,7,3,6,60,4,1,1,5,4,6,6,2,1,10,5,5,2,12,3,10,5,4,B03,7,9,1,8,2,2,,85,85,1,6,4,120.617131,24.349249,2
11676,66000,387130000C,(04)23274275,(04)23288582,2025,06,30,17,40,臺中市,神岡區,0,2,0,7,3,6,50,13,9,1,5,4,6,6,4,4,9,5,5,1,3,2,9,1,1,C03,7,9,1,10,2,11,,84,84,1,13,4,120.660781,24.257695,2
11677,66000,387130000C,(04)23274275,(04)23288582,2025,06,30,17,43,臺中市,西屯區,0,0,0,7,,,50,,,,,,,,,,,,,,14,,,,,B03,,,1,,1,,,49,49,1,12,4,120.656482,24.197797,3
11678,66000,387130000C,(04)23274275,(04)23288582,2025,06,30,17,43,臺中市,西屯區,0,0,0,7,,,40,,,,,,,,,,,,,,14,,,,,B03,,,1,,1,,,49,49,1,12,4,120.649385,24.175017,3
11679,66000,387130000C,(04)23274275,(04)23288582,2025,06,30,17,43,臺中市,霧峰區,0,0,0,7,,,40,,,,,,,,,,,,,,,,,,,C03,,,1,,2,,,84,84,1,13,4,120.662997,24.059765,3
11680,66000,387130000C,(04)23274275,(04)23288582,2025,06,30,17,43,臺中市,太平區,0,0,0,7,,,50,,,,,,,,,,,,,,14,,,,,B03,,,1,,2,,,49,49,1,12,4,120.713175,24.16019,3
11681,66000,387130000C,(04)23274275,(04)23288582,2025,06,30,17,45,臺中市,西區,0,0,0,7,,,30,,,,,,,,,,,,,,,,,,,C03,,,1,,1,,,82,82,1,13,4,120.680047,24.137472,3
11682,66000,387130000C,(04)23274275,(04)23288582,2025,06,30,17,46,臺中市,北屯區,0,0,0,7,,,50,,,,,,,,,,,,,,,,,,,B03,,,1,,2,,,49,49,1,13,4,120.688463,24.195954,4
11683,66000,387130000C,(04)23274275,(04)23288582,2025,06,30,17,46,臺中市,西屯區,0,0,0,7,,,50,,,,,,,,,,,,,,14,,,,,B03,,,1,,1,,,78,78,1,13,4,120.615277,24.174008,3
11684,66000,387130000C,(04)23274275,(04)23288582,2025,06,30,17,50,臺中市,大雅區,0,0,0,7,,,50,,,,,,,,,,,,,,,,,,,B03,,,1,,1,,,84,84,1,13,4,120.613987,24.215419,3
11685,66000,387130000C,(04)23274275,(04)23288582,2025,06,30,17,53,臺中市,梧棲區,0,1,0,7,2,6,30,3,1,1,5,4,6,6,4,4,10,5,5,1,16,3,10,3,1,B03,7,6,1,8,2,8,,14,14,1,12,4,120.542614,24.261973,2
11686,66000,387130000C,(04)23274275,(04)23288582,2025,06,30,17,55,臺中市,大里區,0,0,0,7,,,40,,,,,,,,,,,,,,15,,,,,B03,,,1,,2,,,49,49,1,12,4,120.666428,24.101006,3
11687,66000,387130000C,(04)23274275,(04)23288582,2025,06,30,17,58,臺中市,大里區,0,2,0,7,3,6,50,4,1,1,5,4,6,6,1,1,1,4,5,1,13,2,9,1,1,C03,7,9,3,19,2,11,,7,7,1,12,4,120.679607,24.109261,2
11688,66000,387130000C,(04)23274275,(04)23288582,2025,06,30,17,59,臺中市,北屯區,0,1,0,7,2,6,50,13,9,1,5,4,6,6,4,4,1,3,5,2,12,3,10,2,1,C03,7,9,1,10,2,12,,85,85,1,13,4,120.68954,24.171887,2
11689,66000,387130000C,(04)23274275,(04)23288582,2025,06,30,18,0,臺中市,清水區,0,0,0,7,,,60,,,,,,,,,,,,,,,,,,,B03,,,1,,1,,,26,26,1,12,4,120.592432,24.304365,3
11690,66000,387130000C,(04)23274275,(04)23288582,2025,06,30,18,1,臺中市,南屯區,0,0,0,7,,,60,,,,,,,,,,,,,,12,,,,,C03,,,1,,1,,,8,8,1,12,4,120.646256,24.146849,3
11691,66000,387130000C,(04)23274275,(04)23288582,2025,06,30,18,2,臺中市,清水區,0,0,0,7,,,70,,,,,,,,,,,,,,,,,,,B03,,,1,,1,,,7,7,1,12,4,120.575823,24.2786,3
11692,66000,387130000C,(04)23274275,(04)23288582,2025,06,30,18,4,臺中市,西區,0,0,0,7,,,50,,,,,,,,,,,,,,,,,,,B03,,,1,,1,,,7,7,1,13,4,120.673668,24.147719,3
11693,66000,387130000C,(04)23274275,(04)23288582,2025,06,30,18,5,臺中市,烏日區,0,2,0,7,2,6,50,3,1,1,5,4,6,6,4,4,10,5,5,2,16,2,9,2,1,C03,7,4,1,10,2,11,,26,26,1,6,4,120.607215,24.108942,2
11694,66000,387130000C,(04)23274275,(04)23288582,2025,06,30,18,6,臺中市,南屯區,0,0,0,7,,,50,,,,,,,,,,,,,,,,,,,B03,,,1,,1,,,49,49,1,13,4,120.640993,24.150266,3
11695,66000,387130000C,(04)23274275,(04)23288582,2025,06,30,18,6,臺中市,霧峰區,0,1,0,6,2,6,50,3,2,1,5,4,6,6,4,4,10,5,5,1,17,3,10,3,1,B03,7,6,1,8,2,8,,84,84,1,13,4,120.670732,24.077834,2
11696,66000,387130000C,(04)23274275,(04)23288582,2025,06,30,18,8,臺中市,西屯區,0,1,0,7,2,6,30,3,9,1,5,4,6,6,4,4,10,5,5,2,17,3,10,5,4,C03,7,5,1,10,2,11,,59,59,1,12,4,120.640255,24.181275,2
11697,66000,387130000C,(04)23274275,(04)23288582,2025,06,30,18,9,臺中市,龍井區,0,2,0,7,2,6,50,3,2,1,5,4,6,6,4,4,5,5,5,2,3,2,1,6,5,H01,8,16,7,21,10,17,,98,98,1,6,5,120.548498,24.191636,2
11698,66000,387130000C,(04)23274275,(04)23288582,2025,06,30,18,10,臺中市,大里區,0,0,0,6,1,6,40,13,14,1,5,4,6,6,4,4,9,4,4,1,12,,,,,F01,,,7,,1,,,59,59,1,12,1,120.67834,24.109509,3
11699,66000,387130000C,(04)23274275,(04)23288582,2025,06,30,18,18,臺中市,梧棲區,0,0,0,7,,,50,,,,,,,,,,,,,,17,,,,,B12,,,1,,2,,,1,1,1,12,4,120.534073,24.261478,3
11700,66000,387130000C,(04)23274275,(04)23288582,2025,06,30,18,19,臺中市,北屯區,0,0,0,7,,,50,,,,,,,,,,,,,,17,,,,,B03,,,1,,2,,,45,45,1,12,4,120.705814,24.174637,3
11701,66000,387130000C,(04)23274275,(04)23288582,2025,06,30,18,24,臺中市,霧峰區,0,0,0,7,,,50,,,,,,,,,,,,,,,,,,,B03,,,1,,1,,,7,7,1,12,4,120.695052,24.058827,3
11702,66000,387130000C,(04)23274275,(04)23288582,2025,06,30,18,25,臺中市,北區,0,2,0,7,3,6,30,4,1,1,5,4,6,6,4,4,10,5,5,2,17,2,8,1,1,C03,7,9,1,10,2,11,,20,20,1,12,4,120.697471,24.160323,2
11703,66000,387130000C,(04)23274275,(04)23288582,2025,06,30,18,25,臺中市,豐原區,0,2,0,7,2,6,50,3,1,1,5,4,6,6,1,1,10,5,5,2,15,2,8,1,1,C03,7,1,3,19,2,11,,51,51,1,12,4,120.707584,24.246921,2
11704,66000,387130000C,(04)23274275,(04)23288582,2025,06,30,18,26,臺中市,豐原區,0,0,0,7,2,6,50,13,7,1,5,4,6,6,4,4,5,5,4,2,12,3,10,3,1,B03,7,1,1,8,2,4,,51,51,1,12,4,120.70615,24.249672,3
11705,66000,387130000C,(04)23274275,(04)23288582,2025,06,30,18,28,臺中市,大甲區,0,2,0,7,2,6,60,13,9,1,5,4,6,6,4,4,5,4,5,1,10,2,9,3,1,B03,7,9,1,8,2,5,7,4,4,1,6,4,120.642863,24.382107,2
11706,66000,387130000C,(04)23274275,(04)23288582,2025,06,30,18,35,臺中市,南屯區,0,1,0,7,1,6,50,4,9,1,5,4,6,6,2,1,5,4,5,2,12,2,8,5,4,C03,7,9,1,10,2,16,,42,42,1,13,4,120.649727,24.141148,2
11707,66000,387130000C,(04)23274275,(04)23288582,2025,06,30,18,39,臺中市,北區,0,0,0,7,,,50,,,,,,,,,,,,,,17,,,,,B03,,,1,,1,,,94,94,1,13,4,120.688407,24.164916,3
11708,66000,387130000C,(04)23274275,(04)23288582,2025,06,30,18,47,臺中市,西屯區,0,0,0,7,2,6,50,4,2,1,5,4,6,6,2,1,9,4,4,2,12,,,,,A04,,,1,,2,,,84,84,1,13,4,120.635989,24.169183,3
11709,66000,387130000C,(04)23274275,(04)23288582,2025,06,30,18,50,臺中市,南區,0,1,0,7,1,6,50,4,1,1,5,4,6,6,4,4,10,5,5,2,17,3,10,3,1,B03,7,5,1,8,2,2,,11,11,1,12,4,120.66999,24.119723,2
11710,66000,387130000C,(04)23274275,(04)23288582,2025,06,30,18,50,臺中市,東區,0,0,0,7,1,6,50,4,1,1,5,4,6,6,1,1,,4,4,2,13,3,10,3,1,B03,7,9,1,8,1,1,,84,84,1,12,4,120.706049,24.144484,3
11711,66000,387130000C,(04)23274275,(04)23288582,2025,06,30,18,58,臺中市,南屯區,0,0,0,7,,,50,,,,,,,,,,,,,,13,,,,,B03,,,1,,1,,,7,7,1,12,4,120.612254,24.150463,3
11712,66000,387130000C,(04)23274275,(04)23288582,2025,06,30,19,0,臺中市,神岡區,0,0,0,7,,,30,,,,,,,,,,,,,,17,,,,,B03,,,1,,2,,,84,84,1,13,4,120.711567,24.258624,3
11713,66000,387130000C,(04)23274275,(04)23288582,2025,06,30,19,1,臺中市,南區,0,0,0,7,,,50,,,,,,,,,,,,,,,,,,,C03,,,1,,1,,,51,51,1,13,4,120.680764,24.129344,3
11714,66000,387130000C,(04)23274275,(04)23288582,2025,06,30,19,5,臺中市,豐原區,0,0,0,7,,,50,,,,,,,,,,,,,,13,,,,,C03,,,1,,2,,,7,7,1,12,4,120.727731,24.258503,3
11715,66000,387130000C,(04)23274275,(04)23288582,2025,06,30,19,6,臺中市,潭子區,0,2,0,7,1,6,50,4,9,1,5,4,6,6,4,4,5,5,4,1,16,2,9,2,1,C03,7,6,1,10,2,12,,39,39,1,13,4,120.709264,24.210724,2
11716,66000,387130000C,(04)23274275,(04)23288582,2025,06,30,19,10,臺中市,西屯區,0,0,0,7,,,50,,,,,,,,,,,,,,14,,,,,B03,,,1,,1,,,49,49,1,12,4,120.644398,24.16316,3
11717,66000,387130000C,(04)23274275,(04)23288582,2025,06,30,19,11,臺中市,大里區,0,0,0,7,,,50,,,,,,,,,,,,,,,,,,,B03,,,1,,2,,,8,8,1,12,4,120.695528,24.101671,3
11718,66000,387130000C,(04)23274275,(04)23288582,2025,06,30,19,14,臺中市,太平區,0,0,0,7,,,40,,,,,,,,,,,,,,16,,,,,C03,,,1,,2,,,48,48,1,12,4,120.757153,24.118782,3
11719,66000,387130000C,(04)23274275,(04)23288582,2025,06,30,19,17,臺中市,大雅區,0,1,0,7,1,6,30,13,9,1,5,4,6,6,4,4,10,5,5,2,17,3,10,3,1,B03,7,14,1,8,2,4,,77,77,1,12,4,120.623229,24.235093,2
11720,66000,387130000C,(04)23274275,(04)23288582,2025,06,30,19,17,臺中市,南區,0,1,0,7,1,6,50,4,1,1,5,4,6,6,1,1,10,5,5,2,18,2,9,1,1,C03,7,9,1,10,2,12,,6,6,1,6,4,120.659942,24.126305,2
11721,66000,387130000C,(04)23274275,(04)23288582,2025,06,30,19,18,臺中市,大里區,0,0,0,7,,,50,,,,,,,,,,,,,,,,,,,B03,,,1,,2,,,8,8,1,12,4,120.696706,24.111166,3
11722,66000,387130000C,(04)23274275,(04)23288582,2025,06,30,19,27,臺中市,西屯區,0,1,0,7,1,6,50,4,1,1,5,4,6,6,4,4,10,5,5,2,17,3,10,3,4,B03,7,1,1,8,2,4,,51,51,1,12,4,120.604222,24.186603,2
11723,66000,387130000C,(04)23274275,(04)23288582,2025,06,30,19,29,臺中市,豐原區,0,0,0,7,1,6,50,3,1,1,5,4,6,6,4,4,5,5,4,2,13,3,10,1,1,C03,7,14,1,10,1,13,,87,87,1,12,4,120.7253,24.253155,3
11724,66000,387130000C,(04)23274275,(04)23288582,2025,06,30,19,30,臺中市,沙鹿區,0,0,0,7,,,40,,,,,,,,,,,,,,12,,,,,B02,,,1,,1,,,51,51,1,11,4,120.575744,24.2221,3
11725,66000,387130000C,(04)23274275,(04)23288582,2025,06,30,19,40,臺中市,南區,0,0,0,7,,,50,,,,,,,,,,,,,,,,,,,B03,,,1,,1,,,7,7,1,13,4,120.67887,24.131167,3
11726,66000,387130000C,(04)23274275,(04)23288582,2025,06,30,19,43,臺中市,大雅區,0,1,0,7,1,6,30,3,7,1,5,4,6,6,4,4,9,4,5,2,12,3,10,3,1,B03,7,10,1,8,2,4,,13,13,1,13,4,120.650589,24.210626,2
11727,66000,387130000C,(04)23274275,(04)23288582,2025,06,30,19,50,臺中市,太平區,0,1,0,7,1,6,50,13,9,1,5,4,6,6,4,4,5,4,5,2,16,3,10,3,1,B03,7,6,1,8,2,1,,39,39,1,12,4,120.713284,24.149468,2
11728,66000,387130000C,(04)23274275,(04)23288582,2025,06,30,19,52,臺中市,西屯區,0,2,0,7,1,6,40,4,1,1,5,4,6,6,2,1,10,5,5,2,13,2,9,5,4,C03,7,9,1,10,2,11,,7,7,1,13,4,120.629044,24.206074,2
11729,66000,387130000C,(04)23274275,(04)23288582,2025,06,30,19,52,臺中市,太平區,0,0,0,6,,,40,,,,,,,,,,,,,,13,,,,,F03,,,1,,2,,,62,62,1,6,4,120.71482,24.120864,3
11730,66000,387130000C,(04)23274275,(04)23288582,2025,06,30,19,59,臺中市,西區,0,0,0,7,,,50,,,,,,,,,,,,,,,,,,,B03,,,1,,1,,,49,49,1,12,4,120.662885,24.156135,3
11731,66000,387130000C,(04)23274275,(04)23288582,2025,06,30,20,4,臺中市,南屯區,0,0,0,7,,,50,,,,,,,,,,,,,,,,,,,C03,,,1,,1,,,59,59,1,13,4,120.654569,24.135273,3
11732,66000,387130000C,(04)23274275,(04)23288582,2025,06,30,20,18,臺中市,北區,0,1,0,7,1,6,50,4,2,1,5,4,6,6,1,1,5,5,5,2,17,2,9,6,1,F01,7,5,7,21,2,11,,84,84,1,6,4,120.686665,24.160336,2
11733,66000,387130000C,(04)23274275,(04)23288582,2025,06,30,20,18,臺中市,西屯區,0,1,0,7,1,6,50,4,2,1,5,4,6,6,1,1,8,4,4,1,16,3,10,5,4,B03,7,6,1,8,2,2,,11,11,1,13,4,120.648906,24.174864,2
11734,66000,387130000C,(04)23274275,(04)23288582,2025,06,30,20,26,臺中市,西區,0,0,0,7,,,30,,,,,,,,,,,,,,,,,,,B03,,,1,,1,,,49,49,1,12,4,120.66573,24.143456,3
11735,66000,387130000C,(04)23274275,(04)23288582,2025,06,30,20,31,臺中市,北屯區,0,1,0,7,1,6,50,13,9,1,5,4,6,6,4,4,5,4,5,2,13,2,9,1,1,C03,7,9,1,11,2,11,,84,84,1,13,4,120.703733,24.163856,2
11736,66000,387130000C,(04)23274275,(04)23288582,2025,06,30,20,40,臺中市,西區,0,0,0,6,,,50,,,,,,,,,,,,,,,,,,,B03,,,1,,1,,,7,7,1,12,4,120.657453,24.144256,3
11737,66000,387130000C,(04)23274275,(04)23288582,2025,06,30,20,45,臺中市,西區,0,1,0,6,2,6,40,4,1,1,5,4,6,6,1,1,10,5,5,2,17,3,10,3,1,B03,7,5,1,8,2,2,,20,20,1,12,4,120.661491,24.147766,2
11738,66000,387130000C,(04)23274275,(04)23288582,2025,06,30,20,51,臺中市,豐原區,0,1,0,7,1,6,50,4,7,1,5,4,6,6,1,1,5,5,4,2,16,2,9,1,1,C03,7,9,1,10,2,14,,25,25,1,12,4,120.70612,24.250038,2
11739,66000,387130000C,(04)23274275,(04)23288582,2025,06,30,20,55,臺中市,南屯區,0,3,0,7,1,6,50,4,4,1,5,4,6,6,2,1,1,4,4,2,13,2,9,1,1,C03,7,9,1,10,2,11,,7,7,1,13,4,120.630811,24.144949,2
11740,66000,387130000C,(04)23274275,(04)23288582,2025,06,30,20,58,臺中市,北屯區,0,2,0,7,1,6,50,13,7,1,5,4,6,6,4,4,5,3,4,2,3,2,9,6,5,H01,8,16,7,21,10,17,,95,95,1,13,5,120.693989,24.173744,2
11741,66000,387130000C,(04)23274275,(04)23288582,2025,06,30,21,4,臺中市,潭子區,0,2,0,7,1,6,60,3,4,1,5,4,6,6,2,1,1,4,4,2,12,3,10,3,1,B03,7,9,3,19,2,4,,8,8,1,13,4,120.705226,24.209328,2
11742,66000,387130000C,(04)23274275,(04)23288582,2025,06,30,21,4,臺中市,西屯區,0,0,0,7,1,6,30,13,9,1,5,4,6,6,4,4,10,5,5,2,11,,,,,B03,,,1,,2,,,8,8,1,13,4,120.646243,24.184308,3
11743,66000,387130000C,(04)23274275,(04)23288582,2025,06,30,21,14,臺中市,西區,0,1,0,7,1,6,50,13,7,1,5,4,6,6,4,4,1,4,4,2,12,2,9,1,1,C03,7,8,1,10,2,14,,40,40,1,13,4,120.669728,24.144275,2
11744,66000,387130000C,(04)23274275,(04)23288582,2025,06,30,21,17,臺中市,潭子區,0,0,0,7,,,60,,,,,,,,,,,,,,,,,,,B03,,,1,,1,,,2,2,1,13,4,120.705126,24.207113,3
11745,66000,387130000C,(04)23274275,(04)23288582,2025,06,30,21,18,臺中市,神岡區,0,2,0,7,3,6,30,3,1,1,5,4,6,6,4,4,10,5,5,1,16,2,9,1,1,C03,7,9,1,10,2,14,,7,7,1,13,4,120.673263,24.256215,2
11746,66000,387130000C,(04)23274275,(04)23288582,2025,06,30,21,27,臺中市,中區,0,1,0,6,1,6,50,4,2,1,5,4,6,6,1,1,5,4,5,2,13,3,10,1,1,C03,7,9,3,19,4,12,11,84,84,1,6,4,120.681665,24.144691,2
11747,66000,387130000C,(04)23274275,(04)23288582,2025,06,30,21,33,臺中市,南屯區,0,0,0,7,,,50,,,,,,,,,,,,,,,,,,,A11,,,1,,1,,,40,40,1,13,4,120.638705,24.147313,3
11748,66000,387130000C,(04)23274275,(04)23288582,2025,06,30,21,40,臺中市,北屯區,0,0,0,7,,,50,,,,,,,,,,,,,,17,,,,,,,,,,,,,85,85,1,,,120.672648,24.174234,3
11749,66000,387130000C,(04)23274275,(04)23288582,2025,06,30,21,46,臺中市,北區,0,1,0,7,2,6,50,4,1,1,5,4,6,6,2,1,5,4,5,2,12,3,10,1,1,C03,7,9,1,10,2,12,,58,58,1,13,4,120.68616,24.146227,2
11750,66000,387130000C,(04)23274275,(04)23288582,2025,06,30,21,48,臺中市,大里區,0,1,0,7,3,6,50,3,1,1,5,4,6,6,1,1,10,5,5,2,13,2,9,1,1,C03,7,5,1,10,2,11,,7,7,1,13,4,120.692946,24.090637,2
11751,66000,387130000C,(04)23274275,(04)23288582,2025,06,30,21,49,臺中市,大甲區,0,1,0,7,1,6,60,4,1,1,5,4,6,6,1,1,10,5,5,2,28,2,9,2,1,C03,7,9,1,10,2,14,,84,84,1,6,4,120.626028,24.427693,2
11752,66000,387130000C,(04)23274275,(04)23288582,2025,06,30,21,50,臺中市,北屯區,0,1,0,7,1,6,50,3,1,1,5,4,6,6,4,4,10,5,5,2,16,3,10,3,1,B12,7,6,1,8,2,1,,12,12,1,10,4,120.694967,24.178662,2
11753,66000,387130000C,(04)23274275,(04)23288582,2025,06,30,21,54,臺中市,南屯區,0,0,0,7,,,50,,,,,,,,,,,,,,17,,,,,C03,,,3,,2,,,84,84,1,13,4,120.63671,24.148497,3
11754,66000,387130000C,(04)23274275,(04)23288582,2025,06,30,21,57,臺中市,太平區,0,1,0,7,1,6,40,13,12,1,5,4,6,6,4,4,5,2,4,1,17,2,9,1,1,C03,7,9,1,10,2,14,,84,84,1,12,4,120.714472,24.14616,2
11755,66000,387130000C,(04)23274275,(04)23288582,2025,06,30,22,0,臺中市,太平區,0,0,0,7,,,40,,,,,,,,,,,,,,17,,,,,B03,,,5,,1,,,49,49,1,6,4,120.710473,24.159025,3
11756,66000,387130000C,(04)23274275,(04)23288582,2025,06,30,22,5,臺中市,北屯區,0,2,0,7,1,6,40,3,4,1,5,4,6,6,2,1,3,5,5,2,13,3,10,3,1,B03,7,9,1,8,2,1,,84,84,1,12,4,120.719106,24.161963,2
11757,66000,387130000C,(04)23274275,(04)23288582,2025,06,30,22,26,臺中市,太平區,0,0,0,7,,,50,,,,,,,,,,,,,,,,,,,B03,,,1,,2,,,56,56,1,6,4,120.722074,24.112368,3
11758,66000,387130000C,(04)23274275,(04)23288582,2025,06,30,22,28,臺中市,南區,0,0,0,7,,,50,,,,,,,,,,,,,,17,,,,,C03,,,1,,11,,,84,84,2,12,4,120.666745,24.118388,3
11759,66000,387130000C,(04)23274275,(04)23288582,2025,06,30,22,30,臺中市,南區,0,0,0,7,,,50,,,,,,,,,,,,,,30,,,,,B03,,,1,,9,,,87,87,1,6,4,120.654257,24.114112,3
11760,66000,387130000C,(04)23274275,(04)23288582,2025,06,30,22,39,臺中市,大雅區,0,1,0,7,1,6,0,13,14,1,5,4,6,6,4,4,5,5,5,1,17,2,9,2,1,C03,7,15,1,10,2,14,,94,94,1,12,4,120.645869,24.22931,2
11761,66000,387130000C,(04)23274275,(04)23288582,2025,06,30,22,43,臺中市,北區,0,0,0,7,,,50,,,,,,,,,,,,,,17,,,,,B02,,,1,,1,,,8,8,1,13,4,120.684845,24.147013,3
11762,66000,387130000C,(04)23274275,(04)23288582,2025,06,30,22,43,臺中市,豐原區,0,1,0,7,1,6,50,5,1,1,5,4,6,6,4,4,5,5,5,1,12,2,9,1,1,C03,7,9,1,10,2,11,,84,84,1,12,4,120.728676,24.244312,2
11763,66000,387130000C,(04)23274275,(04)23288582,2025,06,30,22,45,臺中市,北屯區,0,1,0,7,1,6,50,13,9,1,5,4,6,6,4,4,1,4,5,2,17,2,8,5,4,C03,7,1,1,10,2,12,,51,51,1,12,4,120.693623,24.164054,2
11764,66000,387130000C,(04)23274275,(04)23288582,2025,06,30,22,53,臺中市,太平區,0,2,0,7,1,6,50,3,2,1,5,4,6,6,1,1,5,2,4,2,13,2,7,1,1,C03,7,9,1,9,2,11,14,7,7,1,12,4,120.733742,24.156736,2
11765,66000,387130000C,(04)23274275,(04)23288582,2025,06,30,22,59,臺中市,北區,0,3,0,7,1,6,50,3,1,1,5,4,6,6,4,4,10,5,5,2,28,2,9,1,1,C03,7,9,1,10,2,11,15,84,84,1,13,4,120.676322,24.161866,2
11766,66000,387130000C,(04)23274275,(04)23288582,2025,06,30,22,59,臺中市,南區,0,0,0,7,,,50,,,,,,,,,,,,,,,,,,,B03,,,1,,1,,,84,84,1,6,4,120.65294,24.11787,3
11767,66000,387130000C,(04)23274275,(04)23288582,2025,06,30,23,15,臺中市,北屯區,0,1,0,7,1,6,30,4,2,1,5,4,6,6,2,1,1,4,5,2,16,3,10,3,1,B03,7,5,1,4,2,8,,2,2,1,12,4,120.673786,24.174055,2
11768,66000,387130000C,(04)23274275,(04)23288582,2025,06,30,23,15,臺中市,西屯區,0,1,0,7,1,6,50,4,19,1,5,4,6,6,1,1,10,5,5,2,1,3,10,3,1,B03,7,5,1,8,2,5,,59,59,1,12,4,120.620195,24.187171,2
11769,66000,387130000C,(04)23274275,(04)23288582,2025,06,30,23,41,臺中市,豐原區,0,1,0,7,1,6,50,13,9,1,5,4,6,6,4,4,9,5,5,1,17,2,9,1,1,C03,7,9,1,10,2,11,,84,84,1,6,4,120.710711,24.25304